{"SQR": {"losses": {"561_cpu": [0.003758563192761416, 0.0030114550820277324, 0.0066850605121568625, 0.0005641454465506367, 0.004156348260750022]}, "coverage": {"561_cpu": [0.01904761904761909, 0.004761904761904745, 0.052380952380952306, 0.004761904761904745, 0.009756097560975618]}, "complexity": {"561_cpu": [15, 12, 11, 15, 9]}, "time_all": {"561_cpu": [94.03719735145569, 76.06059741973877, 75.9764015674591, 77.92291617393494, 74.50436115264893]}, "time_fit": {"561_cpu": [94.03719735145569, 76.06059741973877, 75.9764015674591, 77.92291617393494, 74.50436115264893]}, "sizes": {"561_cpu": []}, "tau": 0.6}, "LightGBM": {"losses": {"561_cpu": [0.023256328375966303, 0.015316067316978056, 0.00842197628537652, 0.010910454788972063, 0.0038006656215544272]}, "coverage": {"561_cpu": [0.13809523809523816, 0.09047619047619049, 0.2571428571428571, 0.2571428571428571, 0.20487804878048788]}, "time_all": {"561_cpu": [0.16460871696472168, 0.11605215072631836, 0.13476157188415527, 0.1363058090209961, 0.1297769546508789]}, "time_fit": {"561_cpu": [0.027280807495117188, 0.026385784149169922, 0.03139758110046387, 0.031755685806274414, 0.029664278030395508]}, "sizes": {"561_cpu": []}, "tau": 0.6}, "DecisionTree": {"losses": {"561_cpu": [0.019456449791691005, 0.008280185336603981, 0.006833313865202662, 0.008217108593232878, 0.0046666533713579155]}, "coverage": {"561_cpu": [0.06666666666666665, 0.01904761904761909, 0.052380952380952306, 0.004761904761904745, 0.08780487804878045]}, "complexity": {"561_cpu": [69, 69, 63, 63, 65]}, "time_all": {"561_cpu": [0.04621291160583496, 0.04506850242614746, 0.04543566703796387, 0.04480099678039551, 0.04649806022644043]}, "time_fit": {"561_cpu": [0.0069391727447509766, 0.006701946258544922, 0.006307363510131836, 0.006228208541870117, 0.006452083587646484]}, "sizes": {"561_cpu": []}, "tau": 0.6}, "LinearQuantile": {"losses": {"561_cpu": [0.015671306576927842, 0.01296776750627323, 0.005221793030875459, 0.007283768640195458, 0.005028255378592598]}, "coverage": {"561_cpu": [0.04285714285714293, 0.004761904761904745, 0.11428571428571432, 0.16190476190476188, 0.034146341463414664]}, "complexity": {"561_cpu": [7, 7, 7, 7, 7]}, "time_all": {"561_cpu": [0.15707921981811523, 0.2571525573730469, 0.12788844108581543, 0.2470569610595703, 0.15428757667541504]}, "time_fit": {"561_cpu": [0.013187408447265625, 0.021798133850097656, 0.010944366455078125, 0.021233797073364258, 0.013164997100830078]}, "sizes": {"561_cpu": []}, "tau": 0.6}}
