{"SQR": {"losses": {"657_fri_c2_250_10": [0.017274348924005513, 0.01655198420216043, 0.02455543490057924, 0.018531111481020213, 0.017650356383534536]}, "coverage": {"657_fri_c2_250_10": [0.019999999999999907, 0.0, 0.039999999999999925, 0.07999999999999996, 0.040000000000000036]}, "complexity": {"657_fri_c2_250_10": [11, 14, 9, 14, 11]}, "time_all": {"657_fri_c2_250_10": [92.71509099006653, 74.66564536094666, 77.76069736480713, 78.60789704322815, 78.18960666656494]}, "time_fit": {"657_fri_c2_250_10": [92.71509099006653, 74.66564536094666, 77.76069736480713, 78.60789704322815, 78.18960666656494]}, "sizes": {"657_fri_c2_250_10": []}, "tau": 0.8}, "LightGBM": {"losses": {"657_fri_c2_250_10": [0.034252339948157184, 0.03530215613325892, 0.04162627230783518, 0.038621384558069426, 0.03422658426893617]}, "coverage": {"657_fri_c2_250_10": [0.10000000000000009, 0.08000000000000007, 0.08000000000000007, 0.019999999999999907, 0.08000000000000007]}, "time_all": {"657_fri_c2_250_10": [0.1825103759765625, 0.1344900131225586, 0.1634054183959961, 0.15626955032348633, 0.13543248176574707]}, "time_fit": {"657_fri_c2_250_10": [0.03341102600097656, 0.031942129135131836, 0.03913116455078125, 0.03223824501037598, 0.03184986114501953]}, "sizes": {"657_fri_c2_250_10": []}, "tau": 0.8}, "DecisionTree": {"losses": {"657_fri_c2_250_10": [0.032398776016412084, 0.03999180629811625, 0.04243304205210273, 0.03249339683965173, 0.02760762552057193]}, "coverage": {"657_fri_c2_250_10": [0.08000000000000007, 0.12, 0.20000000000000007, 0.020000000000000018, 0.22000000000000008]}, "complexity": {"657_fri_c2_250_10": [17, 15, 31, 81, 35]}, "time_all": {"657_fri_c2_250_10": [0.05371594429016113, 0.05217266082763672, 0.05249309539794922, 0.05583381652832031, 0.05284595489501953]}, "time_fit": {"657_fri_c2_250_10": [0.003724813461303711, 0.003551959991455078, 0.004861354827880859, 0.008713245391845703, 0.005280017852783203]}, "sizes": {"657_fri_c2_250_10": []}, "tau": 0.8}, "LinearQuantile": {"losses": {"657_fri_c2_250_10": [0.08419667848697987, 0.08532936243158683, 0.08386277250159642, 0.08521297904047591, 0.08545641738528635]}, "coverage": {"657_fri_c2_250_10": [0.44000000000000006, 0.26, 0.34, 0.38000000000000006, 0.38000000000000006]}, "complexity": {"657_fri_c2_250_10": [10, 10, 10, 10, 10]}, "time_all": {"657_fri_c2_250_10": [0.3961007595062256, 0.5321547985076904, 0.9402546882629395, 0.3266923427581787, 0.3609428405761719]}, "time_fit": {"657_fri_c2_250_10": [0.03457951545715332, 0.04397869110107422, 0.07725930213928223, 0.029163122177124023, 0.03075265884399414]}, "sizes": {"657_fri_c2_250_10": []}, "tau": 0.8}}
