{"SQR": {"losses": {"230_machine_cpu": [0.02144301196655976, 0.01299502481574096, 0.013394938822969675, 0.014554843873155011, 0.010074540235566103]}, "coverage": {"230_machine_cpu": [0.05714285714285705, 0.2952380952380952, 0.08095238095238089, 0.08571428571428574, 0.056097560975609806]}, "complexity": {"230_machine_cpu": [5, 9, 8, 7, 7]}, "time_all": {"230_machine_cpu": [93.00691628456116, 78.4717607498169, 78.69730401039124, 77.82237672805786, 74.40863132476807]}, "time_fit": {"230_machine_cpu": [93.00691628456116, 78.4717607498169, 78.69730401039124, 77.82237672805786, 74.40863132476807]}, "sizes": {"230_machine_cpu": []}, "tau": 0.7}, "LightGBM": {"losses": {"230_machine_cpu": [0.02934704720481332, 0.026311408775285997, 0.010756304672078132, 0.013220962762499611, 0.009673719893757406]}, "coverage": {"230_machine_cpu": [0.08571428571428574, 0.19999999999999996, 0.18095238095238098, 0.10952380952380958, 0.1048780487804879]}, "time_all": {"230_machine_cpu": [0.1669788360595703, 0.14270472526550293, 0.14071345329284668, 0.11688113212585449, 0.12282919883728027]}, "time_fit": {"230_machine_cpu": [0.0267789363861084, 0.03362131118774414, 0.032546281814575195, 0.027055025100708008, 0.027681350708007812]}, "sizes": {"230_machine_cpu": []}, "tau": 0.7}, "DecisionTree": {"losses": {"230_machine_cpu": [0.026184648684648686, 0.018073384948384952, 0.010777972027972031, 0.012536213786213788, 0.009976974245266928]}, "coverage": {"230_machine_cpu": [0.03809523809523818, 0.17619047619047612, 0.08095238095238089, 0.06190476190476191, 0.1146341463414634]}, "complexity": {"230_machine_cpu": [63, 67, 65, 27, 63]}, "time_all": {"230_machine_cpu": [0.04594540596008301, 0.04695534706115723, 0.047479867935180664, 0.04096388816833496, 0.04404878616333008]}, "time_fit": {"230_machine_cpu": [0.00650334358215332, 0.006501913070678711, 0.0064203739166259766, 0.003673076629638672, 0.006300449371337891]}, "sizes": {"230_machine_cpu": []}, "tau": 0.7}, "LinearQuantile": {"losses": {"230_machine_cpu": [0.020578285151516093, 0.021757063684354573, 0.011927090951707704, 0.011803645715871499, 0.009451282776033111]}, "coverage": {"230_machine_cpu": [0.08571428571428574, 0.17619047619047612, 0.06190476190476191, 0.10952380952380958, 0.08048780487804885]}, "complexity": {"230_machine_cpu": [6, 6, 6, 6, 6]}, "time_all": {"230_machine_cpu": [0.12232351303100586, 0.1602003574371338, 0.15711736679077148, 0.9428231716156006, 0.18155860900878906]}, "time_fit": {"230_machine_cpu": [0.010181427001953125, 0.01389002799987793, 0.013678789138793945, 0.06490230560302734, 0.015909910202026367]}, "sizes": {"230_machine_cpu": []}, "tau": 0.7}}
