{"SQR": {"losses": {"624_fri_c0_100_5": [0.0359972081019019, 0.03380798453635813, 0.02535819725129824, 0.04792383987439558, 0.051803308050572795]}, "coverage": {"624_fri_c0_100_5": [0.050000000000000044, 0.15000000000000002, 0.09999999999999998, 0.2, 0.19999999999999996]}, "complexity": {"624_fri_c0_100_5": [15, 13, 12, 10, 8]}, "time_all": {"624_fri_c0_100_5": [83.24399876594543, 68.18331575393677, 68.96217918395996, 67.85522317886353, 68.70801782608032]}, "time_fit": {"624_fri_c0_100_5": [83.24399876594543, 68.18331575393677, 68.96217918395996, 67.85522317886353, 68.70801782608032]}, "sizes": {"624_fri_c0_100_5": []}, "tau": 0.5}, "LightGBM": {"losses": {"624_fri_c0_100_5": [0.059633701175204876, 0.0642822019637688, 0.06626238645151826, 0.053999533474342644, 0.05467896155718747]}, "coverage": {"624_fri_c0_100_5": [0.050000000000000044, 0.30000000000000004, 0.09999999999999998, 0.050000000000000044, 0.2]}, "time_all": {"624_fri_c0_100_5": [0.12736725807189941, 0.07239294052124023, 0.09343981742858887, 0.0809028148651123, 0.09551882743835449]}, "time_fit": {"624_fri_c0_100_5": [0.017120838165283203, 0.016433000564575195, 0.019675731658935547, 0.019389629364013672, 0.02009725570678711]}, "sizes": {"624_fri_c0_100_5": []}, "tau": 0.5}, "DecisionTree": {"losses": {"624_fri_c0_100_5": [0.05124339224364941, 0.060064648488451895, 0.05366679962731722, 0.052112688261885566, 0.05346493026433331]}, "coverage": {"624_fri_c0_100_5": [0.0, 0.19999999999999996, 0.04999999999999999, 0.09999999999999998, 0.09999999999999998]}, "complexity": {"624_fri_c0_100_5": [31, 11, 13, 13, 11]}, "time_all": {"624_fri_c0_100_5": [0.03499937057495117, 0.03197789192199707, 0.03348970413208008, 0.03251194953918457, 0.03500509262084961]}, "time_fit": {"624_fri_c0_100_5": [0.0039958953857421875, 0.002391338348388672, 0.0025751590728759766, 0.002471923828125, 0.002378225326538086]}, "sizes": {"624_fri_c0_100_5": []}, "tau": 0.5}, "LinearQuantile": {"losses": {"624_fri_c0_100_5": [0.0444523240373745, 0.03664543133384573, 0.04625839240911072, 0.0345271233935236, 0.05381032625915783]}, "coverage": {"624_fri_c0_100_5": [0.15000000000000002, 0.15000000000000002, 0.15000000000000002, 0.15000000000000002, 0.050000000000000044]}, "complexity": {"624_fri_c0_100_5": [5, 5, 5, 5, 5]}, "time_all": {"624_fri_c0_100_5": [0.18206048011779785, 0.8571610450744629, 0.06690526008605957, 0.2933049201965332, 0.9146955013275146]}, "time_fit": {"624_fri_c0_100_5": [0.015510082244873047, 0.059671640396118164, 0.005632162094116211, 0.024098634719848633, 0.07095003128051758]}, "sizes": {"624_fri_c0_100_5": []}, "tau": 0.5}}
