{"SQR": {"losses": {"618_fri_c3_1000_50": [0.014700161119629221, 0.020715182279608602, 0.021506599791778852, 0.022148064572552955, 0.013215896000351633]}, "coverage": {"618_fri_c3_1000_50": [0.019999999999999907, 0.08999999999999997, 0.010000000000000009, 0.03500000000000003, 0.010000000000000009]}, "complexity": {"618_fri_c3_1000_50": [11, 9, 7, 9, 13]}, "time_all": {"618_fri_c3_1000_50": [137.27263045310974, 105.24749040603638, 107.73232674598694, 102.58000540733337, 107.64948773384094]}, "time_fit": {"618_fri_c3_1000_50": [137.27263045310974, 105.24749040603638, 107.73232674598694, 102.58000540733337, 107.64948773384094]}, "sizes": {"618_fri_c3_1000_50": []}, "tau": 0.7}, "LightGBM": {"losses": {"618_fri_c3_1000_50": [0.024482437823913104, 0.021771711720160458, 0.02748293893764586, 0.02450263811996781, 0.02571094241892514]}, "coverage": {"618_fri_c3_1000_50": [0.0050000000000000044, 0.020000000000000018, 0.014999999999999902, 0.04499999999999993, 0.020000000000000018]}, "time_all": {"618_fri_c3_1000_50": [0.4815099239349365, 0.4147350788116455, 0.41457343101501465, 0.445681095123291, 0.4427032470703125]}, "time_fit": {"618_fri_c3_1000_50": [0.07431650161743164, 0.06432628631591797, 0.06432485580444336, 0.0671241283416748, 0.06512212753295898]}, "sizes": {"618_fri_c3_1000_50": []}, "tau": 0.7}, "DecisionTree": {"losses": {"618_fri_c3_1000_50": [0.025835345868691982, 0.02534684301513939, 0.026998806307485322, 0.025599469410011764, 0.027655465372136534]}, "coverage": {"618_fri_c3_1000_50": [0.03499999999999992, 0.0, 0.05499999999999994, 0.06999999999999995, 0.010000000000000009]}, "complexity": {"618_fri_c3_1000_50": [65, 61, 135, 139, 61]}, "time_all": {"618_fri_c3_1000_50": [0.5455307960510254, 0.5344648361206055, 0.5555734634399414, 0.5496320724487305, 0.5341663360595703]}, "time_fit": {"618_fri_c3_1000_50": [0.04811263084411621, 0.04771590232849121, 0.06299662590026855, 0.061455726623535156, 0.04675126075744629]}, "sizes": {"618_fri_c3_1000_50": []}, "tau": 0.7}, "LinearQuantile": {"losses": {"618_fri_c3_1000_50": [0.06697455404441094, 0.058099096831926766, 0.06610116913654868, 0.06463132040362009, 0.0641114220118101]}, "coverage": {"618_fri_c3_1000_50": [0.25999999999999995, 0.19499999999999995, 0.22999999999999998, 0.26499999999999996, 0.21999999999999997]}, "complexity": {"618_fri_c3_1000_50": [50, 50, 50, 50, 50]}, "time_all": {"618_fri_c3_1000_50": [20.717250108718872, 5.795875072479248, 12.601036548614502, 15.640367031097412, 37.02982139587402]}, "time_fit": {"618_fri_c3_1000_50": [1.7593438625335693, 0.4871788024902344, 1.1067285537719727, 1.3650455474853516, 2.1994543075561523]}, "sizes": {"618_fri_c3_1000_50": []}, "tau": 0.7}}
