{"SQR": {"losses": {"1199_BNG_echoMonths": [0.06063253409874044, 0.06197601773082333, 0.060711097267486434, 0.0623261647770042, 0.05998742926443789]}, "coverage": {"1199_BNG_echoMonths": [0.1811428571428571, 0.18931123178050868, 0.19559874249785653, 0.19416976278936837, 0.18988282366390397]}, "complexity": {"1199_BNG_echoMonths": [2, 2, 2, 2, 2]}, "time_all": {"1199_BNG_echoMonths": [599.3655805587769, 530.0607426166534, 523.8476951122284, 558.7442200183868, 511.7487528324127]}, "time_fit": {"1199_BNG_echoMonths": [599.3655805587769, 530.0607426166534, 523.8476951122284, 558.7442200183868, 511.7487528324127]}, "sizes": {"1199_BNG_echoMonths": []}, "tau": 0.6}, "LightGBM": {"losses": {"1199_BNG_echoMonths": [0.05589232947879244, 0.055924338842582626, 0.05668623124700716, 0.05672476807249865, 0.055300756735095734]}, "coverage": {"1199_BNG_echoMonths": [0.03657142857142859, 0.01589025435838809, 0.01931980565875968, 0.0173192340668763, 0.006458988282366462]}, "time_all": {"1199_BNG_echoMonths": [1.671510934829712, 1.8114385604858398, 1.6065146923065186, 1.5936205387115479, 1.5449635982513428]}, "time_fit": {"1199_BNG_echoMonths": [0.22929811477661133, 0.4362955093383789, 0.21844959259033203, 0.21077609062194824, 0.2055666446685791]}, "sizes": {"1199_BNG_echoMonths": []}, "tau": 0.6}, "DecisionTree": {"losses": {"1199_BNG_echoMonths": [0.05406879205612436, 0.054977645527225893, 0.05638840771674591, 0.05641812687707376, 0.05535714922319232]}, "coverage": {"1199_BNG_echoMonths": [0.0071428571428571175, 0.012689339811374656, 0.004687053443841127, 0.01811946270362963, 0.010402972277793632]}, "complexity": {"1199_BNG_echoMonths": [451, 485, 447, 453, 449]}, "time_all": {"1199_BNG_echoMonths": [1.879532814025879, 1.788238763809204, 1.8340792655944824, 1.7159504890441895, 1.7169859409332275]}, "time_fit": {"1199_BNG_echoMonths": [0.1011803150177002, 0.10441780090332031, 0.10231828689575195, 0.10093498229980469, 0.10214352607727051]}, "sizes": {"1199_BNG_echoMonths": []}, "tau": 0.6}, "LinearQuantile": {"losses": {"1199_BNG_echoMonths": [0.05704462336093437, 0.05781337190093632, 0.057511944186822504, 0.05820477118614524, 0.056654116959343366]}, "coverage": {"1199_BNG_echoMonths": [0.018571428571428572, 0.0009717062017718936, 0.005315804515575895, 0.010688768219491274, 0.010974564161188916]}, "complexity": {"1199_BNG_echoMonths": [12, 12, 12, 12, 12]}, "time_all": {"1199_BNG_echoMonths": [41.429880142211914, 4.54357647895813, 3.12964129447937, 6.205849885940552, 4.003871917724609]}, "time_fit": {"1199_BNG_echoMonths": [5.4489312171936035, 0.37473011016845703, 0.2536003589630127, 0.4868605136871338, 0.33229780197143555]}, "sizes": {"1199_BNG_echoMonths": []}, "tau": 0.6}}
