{"SQR": {"losses": {"608_fri_c3_1000_10": [0.01065006182025132, 0.013599906067429137, 0.017450546414724974, 0.013128846886090612, 0.014672978188145381]}, "coverage": {"608_fri_c3_1000_10": [0.020000000000000018, 0.025000000000000022, 0.04500000000000004, 0.0050000000000000044, 0.020000000000000018]}, "complexity": {"608_fri_c3_1000_10": [12, 11, 11, 12, 13]}, "time_all": {"608_fri_c3_1000_10": [114.33644914627075, 104.77426815032959, 105.47744536399841, 109.45307517051697, 109.46873426437378]}, "time_fit": {"608_fri_c3_1000_10": [114.33644914627075, 104.77426815032959, 105.47744536399841, 109.45307517051697, 109.46873426437378]}, "sizes": {"608_fri_c3_1000_10": []}, "tau": 0.6}, "LightGBM": {"losses": {"608_fri_c3_1000_10": [0.019705323732719104, 0.0281532573965571, 0.027189709261611017, 0.0249964579610177, 0.01771910844711892]}, "coverage": {"608_fri_c3_1000_10": [0.015000000000000013, 0.025000000000000022, 0.0050000000000000044, 0.03500000000000003, 0.039999999999999925]}, "time_all": {"608_fri_c3_1000_10": [0.4432809352874756, 0.4074137210845947, 0.4227943420410156, 0.42057299613952637, 0.39555811882019043]}, "time_fit": {"608_fri_c3_1000_10": [0.07429981231689453, 0.07256555557250977, 0.07271790504455566, 0.07344770431518555, 0.07303285598754883]}, "sizes": {"608_fri_c3_1000_10": []}, "tau": 0.6}, "DecisionTree": {"losses": {"608_fri_c3_1000_10": [0.022994267869317228, 0.026196114149165364, 0.02143522240877784, 0.028778280595241037, 0.024822067020348587]}, "coverage": {"608_fri_c3_1000_10": [0.07999999999999996, 0.04499999999999993, 0.05999999999999994, 0.030000000000000027, 0.020000000000000018]}, "complexity": {"608_fri_c3_1000_10": [325, 323, 321, 333, 143]}, "time_all": {"608_fri_c3_1000_10": [0.19286751747131348, 0.19244885444641113, 0.1940469741821289, 0.18923735618591309, 0.1808912754058838]}, "time_fit": {"608_fri_c3_1000_10": [0.03425860404968262, 0.03349471092224121, 0.03407430648803711, 0.03401541709899902, 0.020624399185180664]}, "sizes": {"608_fri_c3_1000_10": []}, "tau": 0.6}, "LinearQuantile": {"losses": {"608_fri_c3_1000_10": [0.05279063161367497, 0.060832698209225, 0.05555407454265352, 0.05402909772348284, 0.050179236505899213]}, "coverage": {"608_fri_c3_1000_10": [0.15999999999999998, 0.14999999999999997, 0.10999999999999999, 0.11499999999999999, 0.14999999999999997]}, "complexity": {"608_fri_c3_1000_10": [10, 10, 10, 10, 10]}, "time_all": {"608_fri_c3_1000_10": [0.39210033416748047, 0.3588979244232178, 0.9825179576873779, 0.2565457820892334, 0.18104791641235352]}, "time_fit": {"608_fri_c3_1000_10": [0.034519195556640625, 0.029386520385742188, 0.07816576957702637, 0.021446704864501953, 0.015891313552856445]}, "sizes": {"608_fri_c3_1000_10": []}, "tau": 0.6}}
