{"SQR": {"losses": {"649_fri_c0_500_5": [0.012967539603444107, 0.02100712082377018, 0.012708064942469021, 0.016788789691197657, 0.017460541389328153]}, "coverage": {"649_fri_c0_500_5": [0.1100000000000001, 0.030000000000000027, 0.019999999999999907, 0.07000000000000006, 0.029999999999999916]}, "complexity": {"649_fri_c0_500_5": [14, 8, 15, 8, 9]}, "time_all": {"649_fri_c0_500_5": [107.6016366481781, 84.59371852874756, 85.16982412338257, 90.8946123123169, 87.9974672794342]}, "time_fit": {"649_fri_c0_500_5": [107.6016366481781, 84.59371852874756, 85.16982412338257, 90.8946123123169, 87.9974672794342]}, "sizes": {"649_fri_c0_500_5": []}, "tau": 0.8}, "LightGBM": {"losses": {"649_fri_c0_500_5": [0.0276113942020215, 0.030879348139760135, 0.028734027771779014, 0.02584386438151251, 0.02423249406061383]}, "coverage": {"649_fri_c0_500_5": [0.12, 0.019999999999999907, 0.05999999999999994, 0.06999999999999995, 0.07999999999999996]}, "time_all": {"649_fri_c0_500_5": [0.25031089782714844, 0.22949838638305664, 0.22025179862976074, 0.23741984367370605, 0.20158767700195312]}, "time_fit": {"649_fri_c0_500_5": [0.04919171333312988, 0.0476987361907959, 0.046920061111450195, 0.054611921310424805, 0.04889988899230957]}, "sizes": {"649_fri_c0_500_5": []}, "tau": 0.8}, "DecisionTree": {"losses": {"649_fri_c0_500_5": [0.032943137964644396, 0.02965382468973869, 0.02546284623160312, 0.025075730950022083, 0.027857253760534974]}, "coverage": {"649_fri_c0_500_5": [0.13, 0.040000000000000036, 0.020000000000000018, 0.040000000000000036, 0.13]}, "complexity": {"649_fri_c0_500_5": [29, 29, 71, 69, 65]}, "time_all": {"649_fri_c0_500_5": [0.07285404205322266, 0.07047033309936523, 0.0746603012084961, 0.07770371437072754, 0.07356977462768555]}, "time_fit": {"649_fri_c0_500_5": [0.004848957061767578, 0.004745960235595703, 0.00800943374633789, 0.007885456085205078, 0.007559776306152344]}, "sizes": {"649_fri_c0_500_5": []}, "tau": 0.8}, "LinearQuantile": {"losses": {"649_fri_c0_500_5": [0.03676866617005633, 0.037685633247380126, 0.03319528024444479, 0.030422476957371176, 0.03144451984128582]}, "coverage": {"649_fri_c0_500_5": [0.38000000000000006, 0.37000000000000005, 0.28, 0.30000000000000004, 0.30000000000000004]}, "complexity": {"649_fri_c0_500_5": [5, 5, 5, 5, 5]}, "time_all": {"649_fri_c0_500_5": [0.16812849044799805, 0.18068623542785645, 0.4967825412750244, 0.14896774291992188, 0.4131484031677246]}, "time_fit": {"649_fri_c0_500_5": [0.01413106918334961, 0.015770435333251953, 0.0411076545715332, 0.013045072555541992, 0.03532743453979492]}, "sizes": {"649_fri_c0_500_5": []}, "tau": 0.8}}
