{"SQR": {"losses": {"656_fri_c1_100_5": [0.004614437032994469, 0.01559838359791468, 0.022524600232082033, 0.01878688817415852, 0.019346840978796343]}, "coverage": {"656_fri_c1_100_5": [0.050000000000000044, 0.09999999999999998, 0.25, 0.09999999999999998, 0.04999999999999993]}, "complexity": {"656_fri_c1_100_5": [14, 9, 11, 9, 8]}, "time_all": {"656_fri_c1_100_5": [81.53387331962585, 67.95362854003906, 64.27634978294373, 66.52486395835876, 67.43957901000977]}, "time_fit": {"656_fri_c1_100_5": [81.53387331962585, 67.95362854003906, 64.27634978294373, 66.52486395835876, 67.43957901000977]}, "sizes": {"656_fri_c1_100_5": []}, "tau": 0.9}, "LightGBM": {"losses": {"656_fri_c1_100_5": [0.02125864920301588, 0.025901411732136823, 0.02564347150975543, 0.0392834555848172, 0.030911393918202978]}, "coverage": {"656_fri_c1_100_5": [0.09999999999999998, 0.0, 0.0, 0.09999999999999998, 0.0]}, "time_all": {"656_fri_c1_100_5": [0.12533855438232422, 0.09603071212768555, 0.0714263916015625, 0.08151030540466309, 0.08904576301574707]}, "time_fit": {"656_fri_c1_100_5": [0.016823768615722656, 0.02011251449584961, 0.016051769256591797, 0.018114805221557617, 0.01896524429321289]}, "sizes": {"656_fri_c1_100_5": []}, "tau": 0.9}, "DecisionTree": {"losses": {"656_fri_c1_100_5": [0.02523679450802843, 0.020371578450294033, 0.027361517836750008, 0.022332429283803003, 0.0251592092877194]}, "coverage": {"656_fri_c1_100_5": [0.09999999999999998, 0.09999999999999998, 0.04999999999999993, 0.09999999999999998, 0.050000000000000044]}, "complexity": {"656_fri_c1_100_5": [3, 13, 3, 15, 31]}, "time_all": {"656_fri_c1_100_5": [0.03232908248901367, 0.03372335433959961, 0.03151702880859375, 0.03405475616455078, 0.03496146202087402]}, "time_fit": {"656_fri_c1_100_5": [0.0017468929290771484, 0.002559185028076172, 0.0017583370208740234, 0.002704620361328125, 0.003870725631713867]}, "sizes": {"656_fri_c1_100_5": []}, "tau": 0.9}, "LinearQuantile": {"losses": {"656_fri_c1_100_5": [0.06535122926663393, 0.07530829874526333, 0.14462003870196274, 0.09002049102489942, 0.0796176080763328]}, "coverage": {"656_fri_c1_100_5": [0.35, 0.4, 0.75, 0.45, 0.4]}, "complexity": {"656_fri_c1_100_5": [5, 5, 5, 5, 5]}, "time_all": {"656_fri_c1_100_5": [0.07906889915466309, 0.14800357818603516, 0.7088251113891602, 0.24747848510742188, 0.5276169776916504]}, "time_fit": {"656_fri_c1_100_5": [0.006221294403076172, 0.012525081634521484, 0.051775455474853516, 0.021276235580444336, 0.042275190353393555]}, "sizes": {"656_fri_c1_100_5": []}, "tau": 0.9}}
