{"SQR": {"losses": {"593_fri_c1_1000_10": [0.004846397472412148, 0.006786749992337395, 0.008403350351269797, 0.011805471354825367, 0.011798697337275434]}, "coverage": {"593_fri_c1_1000_10": [0.040000000000000036, 0.020000000000000018, 0.020000000000000018, 0.025000000000000022, 0.025000000000000022]}, "complexity": {"593_fri_c1_1000_10": [15, 17, 15, 10, 13]}, "time_all": {"593_fri_c1_1000_10": [119.76632380485535, 110.60917329788208, 107.63384914398193, 101.47937870025635, 103.13566136360168]}, "time_fit": {"593_fri_c1_1000_10": [119.76632380485535, 110.60917329788208, 107.63384914398193, 101.47937870025635, 103.13566136360168]}, "sizes": {"593_fri_c1_1000_10": []}, "tau": 0.9}, "LightGBM": {"losses": {"593_fri_c1_1000_10": [0.020747038934297038, 0.02066333792422235, 0.020483743907438384, 0.02024369412860812, 0.01983581856297443]}, "coverage": {"593_fri_c1_1000_10": [0.010000000000000009, 0.0050000000000000044, 0.025000000000000022, 0.020000000000000018, 0.0050000000000000044]}, "time_all": {"593_fri_c1_1000_10": [0.36166977882385254, 0.30505967140197754, 0.33024120330810547, 0.34646010398864746, 0.3116769790649414]}, "time_fit": {"593_fri_c1_1000_10": [0.06734538078308105, 0.06247973442077637, 0.06319022178649902, 0.06669354438781738, 0.06390571594238281]}, "sizes": {"593_fri_c1_1000_10": []}, "tau": 0.9}, "DecisionTree": {"losses": {"593_fri_c1_1000_10": [0.01768255292886754, 0.018613098483146875, 0.01814080451512811, 0.019062546510451465, 0.016244386541852614]}, "coverage": {"593_fri_c1_1000_10": [0.08999999999999997, 0.07000000000000006, 0.08999999999999997, 0.06000000000000005, 0.04500000000000004]}, "complexity": {"593_fri_c1_1000_10": [61, 61, 61, 63, 59]}, "time_all": {"593_fri_c1_1000_10": [0.17428064346313477, 0.16745734214782715, 0.17194151878356934, 0.16733956336975098, 0.17131876945495605]}, "time_fit": {"593_fri_c1_1000_10": [0.013454198837280273, 0.013140201568603516, 0.013439655303955078, 0.013205766677856445, 0.012965917587280273]}, "sizes": {"593_fri_c1_1000_10": []}, "tau": 0.9}, "LinearQuantile": {"losses": {"593_fri_c1_1000_10": [0.0726441582953503, 0.07069368290280506, 0.07539982110569439, 0.06830879150439009, 0.0705037238538148]}, "coverage": {"593_fri_c1_1000_10": [0.445, 0.41500000000000004, 0.47500000000000003, 0.445, 0.435]}, "complexity": {"593_fri_c1_1000_10": [10, 10, 10, 10, 10]}, "time_all": {"593_fri_c1_1000_10": [0.3777031898498535, 0.6197695732116699, 0.34833407402038574, 0.3217628002166748, 0.3474903106689453]}, "time_fit": {"593_fri_c1_1000_10": [0.033239126205444336, 0.05344510078430176, 0.02918100357055664, 0.028747081756591797, 0.030122756958007812]}, "sizes": {"593_fri_c1_1000_10": []}, "tau": 0.9}}
