{"SQR": {"losses": {"622_fri_c2_1000_50": [0.007731762083056421, 0.013263004211072637, 0.01313440953302577, 0.013790085740272367, 0.012049567718237123]}, "coverage": {"622_fri_c2_1000_50": [0.025000000000000022, 0.025000000000000022, 0.06500000000000006, 0.020000000000000018, 0.0050000000000000044]}, "complexity": {"622_fri_c2_1000_50": [15, 13, 9, 9, 10]}, "time_all": {"622_fri_c2_1000_50": [131.41577124595642, 108.61179900169373, 108.73236513137817, 121.1140866279602, 118.0341272354126]}, "time_fit": {"622_fri_c2_1000_50": [131.41577124595642, 108.61179900169373, 108.73236513137817, 121.1140866279602, 118.0341272354126]}, "sizes": {"622_fri_c2_1000_50": []}, "tau": 0.9}, "LightGBM": {"losses": {"622_fri_c2_1000_50": [0.021890316038279307, 0.01928028628523423, 0.021503022772049102, 0.021315036489603794, 0.022521850350264435]}, "coverage": {"622_fri_c2_1000_50": [0.040000000000000036, 0.020000000000000018, 0.010000000000000009, 0.05500000000000005, 0.040000000000000036]}, "time_all": {"622_fri_c2_1000_50": [0.4130268096923828, 0.391101598739624, 0.3655872344970703, 0.3813908100128174, 0.36948108673095703]}, "time_fit": {"622_fri_c2_1000_50": [0.0720822811126709, 0.07112646102905273, 0.07198572158813477, 0.0681002140045166, 0.08470726013183594]}, "sizes": {"622_fri_c2_1000_50": []}, "tau": 0.9}, "DecisionTree": {"losses": {"622_fri_c2_1000_50": [0.020284667045979147, 0.01712413591017572, 0.019280978753338764, 0.018564334653654067, 0.017601603036654038]}, "coverage": {"622_fri_c2_1000_50": [0.0050000000000000044, 0.020000000000000018, 0.05500000000000005, 0.06000000000000005, 0.010000000000000009]}, "complexity": {"622_fri_c2_1000_50": [29, 33, 61, 63, 31]}, "time_all": {"622_fri_c2_1000_50": [0.48273205757141113, 0.4860227108001709, 0.48970508575439453, 0.4706721305847168, 0.46125245094299316]}, "time_fit": {"622_fri_c2_1000_50": [0.032285451889038086, 0.03430771827697754, 0.04437828063964844, 0.03744149208068848, 0.029810190200805664]}, "sizes": {"622_fri_c2_1000_50": []}, "tau": 0.9}, "LinearQuantile": {"losses": {"622_fri_c2_1000_50": [0.08588562036778191, 0.08743963925069542, 0.08306110261265053, 0.08276984543995754, 0.08421909897840403]}, "coverage": {"622_fri_c2_1000_50": [0.42000000000000004, 0.455, 0.45, 0.41000000000000003, 0.43000000000000005]}, "complexity": {"622_fri_c2_1000_50": [50, 50, 50, 50, 50]}, "time_all": {"622_fri_c2_1000_50": [25.25877356529236, 12.64713740348816, 10.536150693893433, 8.532179832458496, 12.5806143283844]}, "time_fit": {"622_fri_c2_1000_50": [2.217057228088379, 1.1215784549713135, 0.9325158596038818, 0.7092494964599609, 1.1349570751190186]}, "sizes": {"622_fri_c2_1000_50": []}, "tau": 0.9}}
