{"SQR": {"losses": {"654_fri_c0_500_10": [0.0218143433287545, 0.01899204946619596, 0.015271370230499518, 0.012635784021964906, 0.014990328143046891]}, "coverage": {"654_fri_c0_500_10": [0.010000000000000009, 0.09999999999999998, 0.050000000000000044, 0.039999999999999925, 0.10000000000000009]}, "complexity": {"654_fri_c0_500_10": [11, 9, 13, 13, 11]}, "time_all": {"654_fri_c0_500_10": [105.74041557312012, 88.4440860748291, 94.38326144218445, 89.61761903762817, 89.90611028671265]}, "time_fit": {"654_fri_c0_500_10": [105.74041557312012, 88.4440860748291, 94.38326144218445, 89.61761903762817, 89.90611028671265]}, "sizes": {"654_fri_c0_500_10": []}, "tau": 0.8}, "LightGBM": {"losses": {"654_fri_c0_500_10": [0.02998399608690013, 0.03408805178646592, 0.028630377900403126, 0.033312357232367286, 0.02837835408835372]}, "coverage": {"654_fri_c0_500_10": [0.040000000000000036, 0.050000000000000044, 0.040000000000000036, 0.039999999999999925, 0.05999999999999994]}, "time_all": {"654_fri_c0_500_10": [0.25421571731567383, 0.2348954677581787, 0.20602893829345703, 0.21916866302490234, 0.23567557334899902]}, "time_fit": {"654_fri_c0_500_10": [0.04752516746520996, 0.04483675956726074, 0.04352879524230957, 0.044367313385009766, 0.04700446128845215]}, "sizes": {"654_fri_c0_500_10": []}, "tau": 0.8}, "DecisionTree": {"losses": {"654_fri_c0_500_10": [0.031491812563425446, 0.03237085579142686, 0.0327742642604473, 0.03275782380629329, 0.0338391056846414]}, "coverage": {"654_fri_c0_500_10": [0.10000000000000009, 0.09000000000000008, 0.10000000000000009, 0.050000000000000044, 0.020000000000000018]}, "complexity": {"654_fri_c0_500_10": [73, 67, 29, 67, 17]}, "time_all": {"654_fri_c0_500_10": [0.0944361686706543, 0.08819842338562012, 0.08444571495056152, 0.08900833129882812, 0.08556580543518066]}, "time_fit": {"654_fri_c0_500_10": [0.01036977767944336, 0.009441137313842773, 0.006043434143066406, 0.009670495986938477, 0.0050127506256103516]}, "sizes": {"654_fri_c0_500_10": []}, "tau": 0.8}, "LinearQuantile": {"losses": {"654_fri_c0_500_10": [0.049034810593067545, 0.039235102607227075, 0.04392634246097104, 0.039366164378442044, 0.03908193408740615]}, "coverage": {"654_fri_c0_500_10": [0.35000000000000003, 0.37000000000000005, 0.36000000000000004, 0.27, 0.30000000000000004]}, "complexity": {"654_fri_c0_500_10": [10, 10, 10, 10, 10]}, "time_all": {"654_fri_c0_500_10": [0.2511458396911621, 0.29366207122802734, 0.15832734107971191, 0.31888699531555176, 0.6801352500915527]}, "time_fit": {"654_fri_c0_500_10": [0.021695375442504883, 0.02610468864440918, 0.013814926147460938, 0.02816176414489746, 0.060404300689697266]}, "sizes": {"654_fri_c0_500_10": []}, "tau": 0.8}}
