{"SQR": {"losses": {"599_fri_c2_1000_5": [0.017280954547460176, 0.03758252269567804, 0.010860694158457442, 0.021065778579038824, 0.02372252411241282]}, "coverage": {"599_fri_c2_1000_5": [0.020000000000000018, 0.06000000000000005, 0.025000000000000022, 0.030000000000000027, 0.06499999999999995]}, "complexity": {"599_fri_c2_1000_5": [18, 8, 15, 12, 12]}, "time_all": {"599_fri_c2_1000_5": [117.51490664482117, 95.29230046272278, 105.87255716323853, 98.70603632926941, 99.69377255439758]}, "time_fit": {"599_fri_c2_1000_5": [117.51490664482117, 95.29230046272278, 105.87255716323853, 98.70603632926941, 99.69377255439758]}, "sizes": {"599_fri_c2_1000_5": []}, "tau": 0.5}, "LightGBM": {"losses": {"599_fri_c2_1000_5": [0.03075450213590032, 0.03712189085508884, 0.02966390925024378, 0.03173992047500444, 0.030590627467123807]}, "coverage": {"599_fri_c2_1000_5": [0.0, 0.010000000000000009, 0.044999999999999984, 0.03999999999999998, 0.07999999999999996]}, "time_all": {"599_fri_c2_1000_5": [0.406574010848999, 0.36568140983581543, 0.3597898483276367, 0.372755765914917, 0.36907267570495605]}, "time_fit": {"599_fri_c2_1000_5": [0.0727074146270752, 0.06823420524597168, 0.07013368606567383, 0.07058930397033691, 0.07233452796936035]}, "sizes": {"599_fri_c2_1000_5": []}, "tau": 0.5}, "DecisionTree": {"losses": {"599_fri_c2_1000_5": [0.031193190647263037, 0.030773316686086155, 0.0374179916557188, 0.030716975842341915, 0.03431879998763315]}, "coverage": {"599_fri_c2_1000_5": [0.010000000000000009, 0.03999999999999998, 0.015000000000000013, 0.04999999999999999, 0.10999999999999999]}, "complexity": {"599_fri_c2_1000_5": [333, 317, 335, 333, 329]}, "time_all": {"599_fri_c2_1000_5": [0.15911245346069336, 0.15282368659973145, 0.15357756614685059, 0.1545114517211914, 0.15345239639282227]}, "time_fit": {"599_fri_c2_1000_5": [0.03021073341369629, 0.028425216674804688, 0.030251741409301758, 0.03030562400817871, 0.02990579605102539]}, "sizes": {"599_fri_c2_1000_5": []}, "tau": 0.5}, "LinearQuantile": {"losses": {"599_fri_c2_1000_5": [0.08082147505572229, 0.07562065406300393, 0.07720484829163148, 0.07485285036215196, 0.07725690578690061]}, "coverage": {"599_fri_c2_1000_5": [0.03999999999999998, 0.020000000000000018, 0.020000000000000018, 0.030000000000000027, 0.03999999999999998]}, "complexity": {"599_fri_c2_1000_5": [5, 5, 5, 5, 5]}, "time_all": {"599_fri_c2_1000_5": [0.10395169258117676, 0.6131927967071533, 0.14644527435302734, 0.21171331405639648, 1.2317237854003906]}, "time_fit": {"599_fri_c2_1000_5": [0.008402109146118164, 0.04552412033081055, 0.012520790100097656, 0.01796126365661621, 0.08709073066711426]}, "sizes": {"599_fri_c2_1000_5": []}, "tau": 0.5}}
