{"SQR": {"losses": {"1196_BNG_pharynx": [0.045521568268320815, 0.045684751255000225, 0.04543829206323917, 0.0455520583450332, 0.04545530704099143]}, "coverage": {"1196_BNG_pharynx": [0.000540000000000096, 0.003134999999999999, 0.006044999999999967, 0.0044199999999999795, 0.011450000000000071]}, "complexity": {"1196_BNG_pharynx": [4, 3, 3, 3, 3]}, "time_all": {"1196_BNG_pharynx": [610.2534217834473, 544.09703373909, 592.5322122573853, 521.1771695613861, 534.8818290233612]}, "time_fit": {"1196_BNG_pharynx": [610.2534217834473, 544.09703373909, 592.5322122573853, 521.1771695613861, 534.8818290233612]}, "sizes": {"1196_BNG_pharynx": []}, "tau": 0.7}, "LightGBM": {"losses": {"1196_BNG_pharynx": [0.04045316244276573, 0.04054888949523158, 0.04038796593143445, 0.04046062146565621, 0.04040291020945906]}, "coverage": {"1196_BNG_pharynx": [0.01601000000000008, 0.014660000000000006, 0.013640000000000096, 0.015945000000000098, 0.013630000000000031]}, "time_all": {"1196_BNG_pharynx": [6.351266860961914, 5.913766622543335, 5.842479944229126, 5.893197298049927, 5.792469263076782]}, "time_fit": {"1196_BNG_pharynx": [1.1022629737854004, 1.103860855102539, 1.0637083053588867, 1.0891928672790527, 1.094388484954834]}, "sizes": {"1196_BNG_pharynx": []}, "tau": 0.7}, "DecisionTree": {"losses": {"1196_BNG_pharynx": [0.03948603989280397, 0.03966326293623996, 0.03942724917222865, 0.03955556494833528, 0.03951278788324083]}, "coverage": {"1196_BNG_pharynx": [0.008915000000000006, 0.009339999999999904, 0.011364999999999958, 0.009824999999999973, 0.010629999999999917]}, "complexity": {"1196_BNG_pharynx": [25415, 25477, 25477, 25511, 25451]}, "time_all": {"1196_BNG_pharynx": [232.98239946365356, 233.20945930480957, 235.7271912097931, 235.32962727546692, 232.83730292320251]}, "time_fit": {"1196_BNG_pharynx": [9.881242513656616, 9.907905101776123, 9.943150043487549, 9.981903076171875, 9.909313917160034]}, "sizes": {"1196_BNG_pharynx": []}, "tau": 0.7}, "LinearQuantile": {"losses": {"1196_BNG_pharynx": [0.04118372560698587, 0.041366085324213035, 0.04107949506610088, 0.041164426948739716, 0.04109544414455354]}, "coverage": {"1196_BNG_pharynx": [2.4999999999941735e-05, 0.0007150000000000212, 0.0010799999999999699, 0.0009200000000000319, 0.0005899999999999794]}, "complexity": {"1196_BNG_pharynx": [32, 32, 32, 32, 32]}, "time_all": {"1196_BNG_pharynx": [1710.1735961437225, 1268.6151268482208, 971.9246914386749, 995.5617074966431, 754.2373628616333]}, "time_fit": {"1196_BNG_pharynx": [155.4784984588623, 115.74663257598877, 87.74809312820435, 90.73709440231323, 67.55716967582703]}, "sizes": {"1196_BNG_pharynx": []}, "tau": 0.7}}
