{"SQR": {"losses": {"644_fri_c4_250_25": [0.012325851369610863, 0.02154682863283521, 0.025600755493889765, 0.029344009917353624, 0.016538894510910784]}, "coverage": {"644_fri_c4_250_25": [0.12, 0.22000000000000008, 0.040000000000000036, 0.12, 0.15999999999999992]}, "complexity": {"644_fri_c4_250_25": [12, 9, 10, 10, 12]}, "time_all": {"644_fri_c4_250_25": [89.67107939720154, 77.02998113632202, 72.75094103813171, 73.0023410320282, 71.24194717407227]}, "time_fit": {"644_fri_c4_250_25": [89.67107939720154, 77.02998113632202, 72.75094103813171, 73.0023410320282, 71.24194717407227]}, "sizes": {"644_fri_c4_250_25": []}, "tau": 0.7}, "LightGBM": {"losses": {"644_fri_c4_250_25": [0.027498118074814983, 0.03683588815545494, 0.03783470718992557, 0.040844504501010424, 0.03378954215168265]}, "coverage": {"644_fri_c4_250_25": [0.040000000000000036, 0.06000000000000005, 0.039999999999999925, 0.039999999999999925, 0.039999999999999925]}, "time_all": {"644_fri_c4_250_25": [0.19831252098083496, 0.14942717552185059, 0.1724865436553955, 0.1703813076019287, 0.14626002311706543]}, "time_fit": {"644_fri_c4_250_25": [0.03453350067138672, 0.033711910247802734, 0.03682518005371094, 0.036699533462524414, 0.03370857238769531]}, "sizes": {"644_fri_c4_250_25": []}, "tau": 0.7}, "DecisionTree": {"losses": {"644_fri_c4_250_25": [0.03659312386299175, 0.03903647451069955, 0.04210207667468109, 0.04253707645679496, 0.03580762168773979]}, "coverage": {"644_fri_c4_250_25": [0.039999999999999925, 0.17999999999999994, 0.039999999999999925, 0.15999999999999992, 0.019999999999999907]}, "complexity": {"644_fri_c4_250_25": [81, 79, 35, 37, 39]}, "time_all": {"644_fri_c4_250_25": [0.07451748847961426, 0.07259225845336914, 0.06918478012084961, 0.06983685493469238, 0.06803750991821289]}, "time_fit": {"644_fri_c4_250_25": [0.011754989624023438, 0.011111259460449219, 0.0072405338287353516, 0.007520437240600586, 0.007533073425292969]}, "sizes": {"644_fri_c4_250_25": []}, "tau": 0.7}, "LinearQuantile": {"losses": {"644_fri_c4_250_25": [0.06838206495005814, 0.06843757608971017, 0.08222320160064576, 0.08779447775314139, 0.06994672179313462]}, "coverage": {"644_fri_c4_250_25": [0.17999999999999994, 0.19999999999999996, 0.19999999999999996, 0.21999999999999997, 0.19999999999999996]}, "complexity": {"644_fri_c4_250_25": [25, 25, 25, 25, 25]}, "time_all": {"644_fri_c4_250_25": [1.634207010269165, 1.0060882568359375, 1.1353414058685303, 1.1202037334442139, 1.0956954956054688]}, "time_fit": {"644_fri_c4_250_25": [0.1177530288696289, 0.06803774833679199, 0.07340359687805176, 0.07284212112426758, 0.07132387161254883]}, "sizes": {"644_fri_c4_250_25": []}, "tau": 0.7}}
