{"SQR": {"losses": {"547_no2": [0.018858325215075113, 0.017515544681793557, 0.018839528973888596, 0.017428859789681086, 0.02507096094149277]}, "coverage": {"547_no2": [0.020000000000000018, 0.020000000000000018, 0.010000000000000009, 0.020000000000000018, 0.050000000000000044]}, "complexity": {"547_no2": [6, 5, 7, 6, 5]}, "time_all": {"547_no2": [91.36281251907349, 91.10319972038269, 96.18766808509827, 79.61982536315918, 77.88637447357178]}, "time_fit": {"547_no2": [91.36281251907349, 91.10319972038269, 96.18766808509827, 79.61982536315918, 77.88637447357178]}, "sizes": {"547_no2": []}, "tau": 0.9}, "LightGBM": {"losses": {"547_no2": [0.017731803030591783, 0.015199642699673329, 0.017261567412353535, 0.016122522994889824, 0.021075467587173456]}, "coverage": {"547_no2": [0.010000000000000009, 0.030000000000000027, 0.010000000000000009, 0.0, 0.050000000000000044]}, "time_all": {"547_no2": [0.23110461235046387, 0.18074846267700195, 0.20702433586120605, 0.20981097221374512, 0.21387934684753418]}, "time_fit": {"547_no2": [0.039841413497924805, 0.03992938995361328, 0.043289899826049805, 0.04420924186706543, 0.04461240768432617]}, "sizes": {"547_no2": []}, "tau": 0.9}, "DecisionTree": {"losses": {"547_no2": [0.01763458630667297, 0.014777662832580831, 0.015758792822320598, 0.014838908219952405, 0.01955965776744646]}, "coverage": {"547_no2": [0.010000000000000009, 0.010000000000000009, 0.020000000000000018, 0.010000000000000009, 0.13]}, "complexity": {"547_no2": [27, 17, 31, 13, 71]}, "time_all": {"547_no2": [0.07610416412353516, 0.07251667976379395, 0.07303595542907715, 0.07222199440002441, 0.07733726501464844]}, "time_fit": {"547_no2": [0.00495147705078125, 0.003825664520263672, 0.005022764205932617, 0.0034024715423583984, 0.008636713027954102]}, "sizes": {"547_no2": []}, "tau": 0.9}, "LinearQuantile": {"losses": {"547_no2": [0.019250250550467217, 0.019097382516192973, 0.01925966752456636, 0.015172290306551843, 0.02308870615981448]}, "coverage": {"547_no2": [0.010000000000000009, 0.06000000000000005, 0.010000000000000009, 0.04999999999999993, 0.10999999999999999]}, "complexity": {"547_no2": [7, 7, 7, 7, 7]}, "time_all": {"547_no2": [0.7449719905853271, 0.3641507625579834, 0.15914249420166016, 0.2647125720977783, 0.11883330345153809]}, "time_fit": {"547_no2": [0.0663599967956543, 0.03181862831115723, 0.013938426971435547, 0.02321910858154297, 0.010228872299194336]}, "sizes": {"547_no2": []}, "tau": 0.9}}
