{"SQR": {"losses": {"505_tecator": [0.0029803236295999043, 0.002833268012974871, 0.0028326030637216447, 0.005726317671454211, 0.0019947143418308512]}, "coverage": {"505_tecator": [0.10833333333333339, 0.03749999999999998, 0.04583333333333339, 0.07916666666666661, 0.05833333333333335]}, "complexity": {"505_tecator": [5, 13, 5, 12, 5]}, "time_all": {"505_tecator": [92.64173531532288, 74.90106463432312, 75.84373736381531, 76.56355690956116, 74.28160190582275]}, "time_fit": {"505_tecator": [92.64173531532288, 74.90106463432312, 75.84373736381531, 76.56355690956116, 74.28160190582275]}, "sizes": {"505_tecator": []}, "tau": 0.9}, "LightGBM": {"losses": {"505_tecator": [0.026274070600867526, 0.023500298015549925, 0.02202255867177393, 0.027056189165898414, 0.027988965068823025]}, "coverage": {"505_tecator": [0.05833333333333335, 0.004166666666666652, 0.05833333333333335, 0.004166666666666652, 0.07916666666666661]}, "time_all": {"505_tecator": [0.1731576919555664, 0.11471152305603027, 0.13559269905090332, 0.14006614685058594, 0.12218785285949707]}, "time_fit": {"505_tecator": [0.026249408721923828, 0.024027585983276367, 0.02935051918029785, 0.031020641326904297, 0.026579856872558594]}, "sizes": {"505_tecator": []}, "tau": 0.9}, "DecisionTree": {"losses": {"505_tecator": [0.005736039923199333, 0.0049005359925603405, 0.010092231520171973, 0.007222583432520745, 0.006054324643870888]}, "coverage": {"505_tecator": [0.025000000000000022, 0.016666666666666607, 0.1708333333333334, 0.10833333333333339, 0.04583333333333339]}, "complexity": {"505_tecator": [35, 33, 73, 35, 33]}, "time_all": {"505_tecator": [0.1370241641998291, 0.13557052612304688, 0.14345121383666992, 0.13786911964416504, 0.13514351844787598]}, "time_fit": {"505_tecator": [0.015863895416259766, 0.015564441680908203, 0.021979093551635742, 0.015560388565063477, 0.015310525894165039]}, "sizes": {"505_tecator": []}, "tau": 0.9}, "LinearQuantile": {"losses": {"505_tecator": [0.003121103727164935, 0.002320295401687702, 0.004981988924921542, 0.003764145026796433, 0.001343279609035193]}, "coverage": {"505_tecator": [0.275, 0.08750000000000002, 0.15000000000000002, 0.21250000000000002, 0.025000000000000022]}, "complexity": {"505_tecator": [124, 124, 124, 124, 124]}, "time_all": {"505_tecator": [216.6199038028717, 194.08315086364746, 211.7093117237091, 211.79425382614136, 197.13911128044128]}, "time_fit": {"505_tecator": [23.969257593154907, 7.408924579620361, 23.655829429626465, 21.01776695251465, 7.547690391540527]}, "sizes": {"505_tecator": []}, "tau": 0.9}}
