{"SQR": {"losses": {"210_cloud": [0.026717940983096333, 0.0258089619430982, 0.01786453967998419, 0.03517426749488701, 0.026875578104190615]}, "coverage": {"210_cloud": [0.0636363636363636, 0.018181818181818188, 0.0636363636363636, 0.08095238095238089, 0.033333333333333326]}, "complexity": {"210_cloud": [8, 11, 11, 6, 7]}, "time_all": {"210_cloud": [85.14668607711792, 70.54493641853333, 69.92134642601013, 68.37283658981323, 68.85237979888916]}, "time_fit": {"210_cloud": [85.14668607711792, 70.54493641853333, 69.92134642601013, 68.37283658981323, 68.85237979888916]}, "sizes": {"210_cloud": []}, "tau": 0.7}, "LightGBM": {"losses": {"210_cloud": [0.040309374359571985, 0.023712426601333225, 0.019377462141406895, 0.041660536186955595, 0.036832950687306104]}, "coverage": {"210_cloud": [0.018181818181818188, 0.027272727272727337, 0.11818181818181828, 0.10952380952380958, 0.014285714285714346]}, "time_all": {"210_cloud": [0.12708067893981934, 0.09616875648498535, 0.08699584007263184, 0.09778189659118652, 0.0960845947265625]}, "time_fit": {"210_cloud": [0.017264842987060547, 0.02017974853515625, 0.016527175903320312, 0.020280838012695312, 0.020003080368041992]}, "sizes": {"210_cloud": []}, "tau": 0.7}, "DecisionTree": {"losses": {"210_cloud": [0.020882576959151206, 0.021043938537212935, 0.02284848521943345, 0.03603492192303139, 0.03979523709605611]}, "coverage": {"210_cloud": [0.29090909090909084, 0.018181818181818188, 0.07272727272727275, 0.033333333333333326, 0.014285714285714346]}, "complexity": {"210_cloud": [35, 13, 17, 37, 5]}, "time_all": {"210_cloud": [0.03566479682922363, 0.03334236145019531, 0.033388614654541016, 0.03507828712463379, 0.03346610069274902]}, "time_fit": {"210_cloud": [0.004199981689453125, 0.0025033950805664062, 0.002820730209350586, 0.004128932952880859, 0.001909017562866211]}, "sizes": {"210_cloud": []}, "tau": 0.7}, "LinearQuantile": {"losses": {"210_cloud": [0.018694125501517545, 0.014672111286129283, 0.014783223404510687, 0.02369354250605876, 0.02586963070450048]}, "coverage": {"210_cloud": [0.0636363636363636, 0.018181818181818188, 0.018181818181818188, 0.06190476190476191, 0.06190476190476191]}, "complexity": {"210_cloud": [9, 9, 9, 9, 9]}, "time_all": {"210_cloud": [0.9265215396881104, 0.11713457107543945, 0.20920681953430176, 0.5929174423217773, 0.33249378204345703]}, "time_fit": {"210_cloud": [0.08261680603027344, 0.00996541976928711, 0.017657756805419922, 0.0443873405456543, 0.029647350311279297]}, "sizes": {"210_cloud": []}, "tau": 0.7}}
