{"SQR": {"losses": {"596_fri_c2_250_5": [0.016259544409076215, 0.02303190356026192, 0.015810639682064673, 0.018098068104290804, 0.022322743857986427]}, "coverage": {"596_fri_c2_250_5": [0.0, 0.06000000000000005, 0.09999999999999998, 0.019999999999999907, 0.0]}, "complexity": {"596_fri_c2_250_5": [13, 11, 13, 10, 10]}, "time_all": {"596_fri_c2_250_5": [93.05242681503296, 73.03516221046448, 76.09383058547974, 74.58927583694458, 74.52690982818604]}, "time_fit": {"596_fri_c2_250_5": [93.05242681503296, 73.03516221046448, 76.09383058547974, 74.58927583694458, 74.52690982818604]}, "sizes": {"596_fri_c2_250_5": []}, "tau": 0.8}, "LightGBM": {"losses": {"596_fri_c2_250_5": [0.0487119234576092, 0.03215558105092006, 0.04172567105094095, 0.03736471266906081, 0.03135356653430009]}, "coverage": {"596_fri_c2_250_5": [0.08000000000000007, 0.040000000000000036, 0.0, 0.07999999999999996, 0.020000000000000018]}, "time_all": {"596_fri_c2_250_5": [0.18372297286987305, 0.1319139003753662, 0.15024447441101074, 0.1334056854248047, 0.12825584411621094]}, "time_fit": {"596_fri_c2_250_5": [0.031991004943847656, 0.030582189559936523, 0.0366058349609375, 0.0312807559967041, 0.029268980026245117]}, "sizes": {"596_fri_c2_250_5": []}, "tau": 0.8}, "DecisionTree": {"losses": {"596_fri_c2_250_5": [0.052953385870718926, 0.030551933141704506, 0.04496095697337681, 0.041982309894977476, 0.033322092612617246]}, "coverage": {"596_fri_c2_250_5": [0.22000000000000008, 0.05999999999999994, 0.18000000000000005, 0.019999999999999907, 0.0]}, "complexity": {"596_fri_c2_250_5": [35, 9, 81, 35, 35]}, "time_all": {"596_fri_c2_250_5": [0.04944419860839844, 0.046202898025512695, 0.052791595458984375, 0.04830145835876465, 0.04758763313293457]}, "time_fit": {"596_fri_c2_250_5": [0.004712820053100586, 0.002451658248901367, 0.007900476455688477, 0.004614353179931641, 0.004586935043334961]}, "sizes": {"596_fri_c2_250_5": []}, "tau": 0.8}, "LinearQuantile": {"losses": {"596_fri_c2_250_5": [0.09409126557706728, 0.0834542599777365, 0.08971997261700927, 0.06811635424745538, 0.09155957625173607]}, "coverage": {"596_fri_c2_250_5": [0.28, 0.32000000000000006, 0.28, 0.16000000000000003, 0.42000000000000004]}, "complexity": {"596_fri_c2_250_5": [5, 5, 5, 5, 5]}, "time_all": {"596_fri_c2_250_5": [0.480236291885376, 0.254230260848999, 1.0514371395111084, 0.08564043045043945, 0.1752326488494873]}, "time_fit": {"596_fri_c2_250_5": [0.042433977127075195, 0.022519826889038086, 0.08084535598754883, 0.00733494758605957, 0.015167951583862305]}, "sizes": {"596_fri_c2_250_5": []}, "tau": 0.8}}
