{"SQR": {"losses": {"192_vineyard": [0.03038027337872531, 0.05962884421239286, 0.07695656897308327, 0.07442738590297927, 0.05357085477671506]}, "coverage": {"192_vineyard": [0.0636363636363636, 0.027272727272727337, 0.19999999999999996, 0.19999999999999996, 0.0]}, "complexity": {"192_vineyard": [7, 12, 9, 12, 13]}, "time_all": {"192_vineyard": [76.88834810256958, 62.9269597530365, 63.07485294342041, 64.3156156539917, 63.873902797698975]}, "time_fit": {"192_vineyard": [76.88834810256958, 62.9269597530365, 63.07485294342041, 64.3156156539917, 63.873902797698975]}, "sizes": {"192_vineyard": []}, "tau": 0.7}, "LightGBM": {"losses": {"192_vineyard": [0.05454545454545455, 0.04584139264990329, 0.07425531914893617, 0.05617021438923289, 0.049148936170212765]}, "coverage": {"192_vineyard": [0.027272727272727337, 0.2090909090909091, 0.19999999999999996, 0.10000000000000009, 0.0]}, "time_all": {"192_vineyard": [0.07572054862976074, 0.03079700469970703, 0.036711692810058594, 0.037966251373291016, 0.034028053283691406]}, "time_fit": {"192_vineyard": [0.003943204879760742, 0.00372314453125, 0.0045316219329833984, 0.0045778751373291016, 0.004346132278442383]}, "sizes": {"192_vineyard": []}, "tau": 0.7}, "DecisionTree": {"losses": {"192_vineyard": [0.03539651837524178, 0.04584139264990329, 0.04957446808510638, 0.031191489361702126, 0.049148936170212765]}, "coverage": {"192_vineyard": [0.027272727272727337, 0.2090909090909091, 0.09999999999999998, 0.10000000000000009, 0.0]}, "complexity": {"192_vineyard": [5, 1, 5, 5, 1]}, "time_all": {"192_vineyard": [0.028090715408325195, 0.024715662002563477, 0.028009414672851562, 0.028033971786499023, 0.02695751190185547]}, "time_fit": {"192_vineyard": [0.0018088817596435547, 0.001417398452758789, 0.001796722412109375, 0.0018527507781982422, 0.0014119148254394531]}, "sizes": {"192_vineyard": []}, "tau": 0.7}, "LinearQuantile": {"losses": {"192_vineyard": [0.03999446650997033, 0.043696118269153206, 0.07910171005763134, 0.05532347633751899, 0.040994005207773423]}, "coverage": {"192_vineyard": [0.11818181818181828, 0.027272727272727337, 0.19999999999999996, 0.0, 0.09999999999999998]}, "complexity": {"192_vineyard": [2, 2, 2, 2, 2]}, "time_all": {"192_vineyard": [0.08399510383605957, 0.14670157432556152, 0.5543200969696045, 0.08504843711853027, 0.10036587715148926]}, "time_fit": {"192_vineyard": [0.0067386627197265625, 0.012184858322143555, 0.04250192642211914, 0.007254362106323242, 0.00836944580078125]}, "sizes": {"192_vineyard": []}, "tau": 0.7}}
