{"SQR": {"losses": {"604_fri_c4_500_10": [0.02539829544164764, 0.024030223601183072, 0.024183879867870413, 0.025057839693726287, 0.011153010985723508]}, "coverage": {"604_fri_c4_500_10": [0.040000000000000036, 0.06000000000000005, 0.07999999999999996, 0.030000000000000027, 0.010000000000000009]}, "complexity": {"604_fri_c4_500_10": [11, 10, 9, 10, 17]}, "time_all": {"604_fri_c4_500_10": [111.17189836502075, 88.51933145523071, 88.05762147903442, 78.23481464385986, 99.04430961608887]}, "time_fit": {"604_fri_c4_500_10": [111.17189836502075, 88.51933145523071, 88.05762147903442, 78.23481464385986, 99.04430961608887]}, "sizes": {"604_fri_c4_500_10": []}, "tau": 0.5}, "LightGBM": {"losses": {"604_fri_c4_500_10": [0.027541412241972096, 0.03390129016898563, 0.03157745528851962, 0.0293518592587143, 0.028891276653897024]}, "coverage": {"604_fri_c4_500_10": [0.030000000000000027, 0.030000000000000027, 0.040000000000000036, 0.13, 0.04999999999999999]}, "time_all": {"604_fri_c4_500_10": [0.27913331985473633, 0.23395276069641113, 0.25557613372802734, 0.2456064224243164, 0.24958419799804688]}, "time_fit": {"604_fri_c4_500_10": [0.05192995071411133, 0.05051851272583008, 0.04985809326171875, 0.048116445541381836, 0.04829096794128418]}, "sizes": {"604_fri_c4_500_10": []}, "tau": 0.5}, "DecisionTree": {"losses": {"604_fri_c4_500_10": [0.029433295764222277, 0.03365132340730214, 0.0344042630750616, 0.03428602582820601, 0.029863477745463857]}, "coverage": {"604_fri_c4_500_10": [0.030000000000000027, 0.010000000000000009, 0.010000000000000009, 0.09000000000000002, 0.040000000000000036]}, "complexity": {"604_fri_c4_500_10": [161, 69, 159, 157, 67]}, "time_all": {"604_fri_c4_500_10": [0.09979557991027832, 0.08984518051147461, 0.09633779525756836, 0.09636330604553223, 0.08863973617553711]}, "time_fit": {"604_fri_c4_500_10": [0.01711583137512207, 0.009835004806518555, 0.0166778564453125, 0.016360759735107422, 0.009475231170654297]}, "sizes": {"604_fri_c4_500_10": []}, "tau": 0.5}, "LinearQuantile": {"losses": {"604_fri_c4_500_10": [0.05952997172273483, 0.06256625776870263, 0.06489403807849745, 0.060848195493943574, 0.062215600910648]}, "coverage": {"604_fri_c4_500_10": [0.020000000000000018, 0.020000000000000018, 0.010000000000000009, 0.15999999999999998, 0.09000000000000002]}, "complexity": {"604_fri_c4_500_10": [10, 10, 10, 10, 10]}, "time_all": {"604_fri_c4_500_10": [0.1521909236907959, 0.262920618057251, 1.1795363426208496, 0.30705761909484863, 1.3184583187103271]}, "time_fit": {"604_fri_c4_500_10": [0.01285099983215332, 0.023211240768432617, 0.08990693092346191, 0.02583456039428711, 0.09593319892883301]}, "sizes": {"604_fri_c4_500_10": []}, "tau": 0.5}}
