{"SQR": {"losses": {"646_fri_c3_500_10": [0.006856481756050038, 0.012505579621968202, 0.01158175960269152, 0.017805444610625627, 0.011720915690553956]}, "coverage": {"646_fri_c3_500_10": [0.07999999999999996, 0.06999999999999995, 0.07000000000000006, 0.050000000000000044, 0.0]}, "complexity": {"646_fri_c3_500_10": [15, 15, 13, 10, 16]}, "time_all": {"646_fri_c3_500_10": [104.55260157585144, 96.22958493232727, 100.1586492061615, 96.54250478744507, 89.6156542301178]}, "time_fit": {"646_fri_c3_500_10": [104.55260157585144, 96.22958493232727, 100.1586492061615, 96.54250478744507, 89.6156542301178]}, "sizes": {"646_fri_c3_500_10": []}, "tau": 0.8}, "LightGBM": {"losses": {"646_fri_c3_500_10": [0.01839196254979838, 0.026386104680951494, 0.023643163316420666, 0.022829050913228, 0.02660131696131109]}, "coverage": {"646_fri_c3_500_10": [0.010000000000000009, 0.08000000000000007, 0.0, 0.050000000000000044, 0.020000000000000018]}, "time_all": {"646_fri_c3_500_10": [0.2586991786956787, 0.2290351390838623, 0.2112891674041748, 0.22317028045654297, 0.21190214157104492]}, "time_fit": {"646_fri_c3_500_10": [0.048243045806884766, 0.04514718055725098, 0.045232534408569336, 0.044371843338012695, 0.04465985298156738]}, "sizes": {"646_fri_c3_500_10": []}, "tau": 0.8}, "DecisionTree": {"losses": {"646_fri_c3_500_10": [0.031097944149376045, 0.024785314683408933, 0.02944833204977445, 0.02556991313741935, 0.02525241747351873]}, "coverage": {"646_fri_c3_500_10": [0.25, 0.14, 0.12, 0.29000000000000004, 0.07000000000000006]}, "complexity": {"646_fri_c3_500_10": [161, 67, 71, 165, 69]}, "time_all": {"646_fri_c3_500_10": [0.09992194175720215, 0.09351921081542969, 0.09023356437683105, 0.10097074508666992, 0.09276199340820312]}, "time_fit": {"646_fri_c3_500_10": [0.016965866088867188, 0.01012420654296875, 0.010184764862060547, 0.017269134521484375, 0.010193347930908203]}, "sizes": {"646_fri_c3_500_10": []}, "tau": 0.8}, "LinearQuantile": {"losses": {"646_fri_c3_500_10": [0.0599792173462081, 0.05455913961665373, 0.06752078651351476, 0.056293366160289314, 0.06279161685994106]}, "coverage": {"646_fri_c3_500_10": [0.29000000000000004, 0.26, 0.37000000000000005, 0.35000000000000003, 0.31000000000000005]}, "complexity": {"646_fri_c3_500_10": [10, 10, 10, 10, 10]}, "time_all": {"646_fri_c3_500_10": [0.47247767448425293, 0.4727964401245117, 0.20972919464111328, 0.20195436477661133, 0.9410591125488281]}, "time_fit": {"646_fri_c3_500_10": [0.04169869422912598, 0.03937387466430664, 0.01853656768798828, 0.01778864860534668, 0.06894540786743164]}, "sizes": {"646_fri_c3_500_10": []}, "tau": 0.8}}
