{"SQR": {"losses": {"210_cloud": [0.01647363778965681, 0.014377562908284264, 0.01611414636325593, 0.08422726435285584, 0.022210758999136413]}, "coverage": {"210_cloud": [0.17272727272727273, 0.17272727272727273, 0.3090909090909091, 0.18571428571428572, 0.09047619047619049]}, "complexity": {"210_cloud": [10, 13, 10, 7, 10]}, "time_all": {"210_cloud": [81.40514969825745, 69.18177556991577, 67.8317940235138, 69.29755926132202, 65.47400379180908]}, "time_fit": {"210_cloud": [81.40514969825745, 69.18177556991577, 67.8317940235138, 69.29755926132202, 65.47400379180908]}, "sizes": {"210_cloud": []}, "tau": 0.9}, "LightGBM": {"losses": {"210_cloud": [0.029429669465383262, 0.014835771290195109, 0.013327559361143168, 0.038041850886680384, 0.02737420824431655]}, "coverage": {"210_cloud": [0.036363636363636376, 0.09999999999999998, 0.09999999999999998, 0.04285714285714293, 0.052380952380952306]}, "time_all": {"210_cloud": [0.12672781944274902, 0.08153462409973145, 0.08200478553771973, 0.09014081954956055, 0.08486771583557129]}, "time_fit": {"210_cloud": [0.016729116439819336, 0.01624155044555664, 0.01633620262145996, 0.018126964569091797, 0.013976573944091797]}, "sizes": {"210_cloud": []}, "tau": 0.9}, "DecisionTree": {"losses": {"210_cloud": [0.009665152045587698, 0.011451514942402189, 0.014788635749031198, 0.029490477417906124, 0.025685712583954367]}, "coverage": {"210_cloud": [0.08181818181818179, 0.08181818181818179, 0.09999999999999998, 0.13809523809523816, 0.004761904761904745]}, "complexity": {"210_cloud": [15, 13, 7, 15, 5]}, "time_all": {"210_cloud": [0.0341343879699707, 0.031558990478515625, 0.03205299377441406, 0.03455471992492676, 0.0333251953125]}, "time_fit": {"210_cloud": [0.0027163028717041016, 0.002455472946166992, 0.0020029544830322266, 0.0026865005493164062, 0.0019042491912841797]}, "sizes": {"210_cloud": []}, "tau": 0.9}, "LinearQuantile": {"losses": {"210_cloud": [0.009813306998412444, 0.007901627725191157, 0.014608706467129478, 0.01432590603203185, 0.022847374995674245]}, "coverage": {"210_cloud": [0.12727272727272732, 0.036363636363636376, 0.036363636363636376, 0.09047619047619049, 0.09047619047619049]}, "complexity": {"210_cloud": [9, 9, 9, 9, 9]}, "time_all": {"210_cloud": [0.169996976852417, 0.1426253318786621, 0.14760088920593262, 0.24135398864746094, 0.7150969505310059]}, "time_fit": {"210_cloud": [0.014393329620361328, 0.011962890625, 0.012438774108886719, 0.02047443389892578, 0.05228757858276367]}, "sizes": {"210_cloud": []}, "tau": 0.9}}
