{"SQR": {"losses": {"620_fri_c1_1000_25": [0.008292043778013597, 0.011277921031032555, 0.008926028164730756, 0.006510214925219132, 0.005008683038498992]}, "coverage": {"620_fri_c1_1000_25": [0.0, 0.015000000000000013, 0.025000000000000022, 0.0050000000000000044, 0.015000000000000013]}, "complexity": {"620_fri_c1_1000_25": [10, 11, 13, 15, 14]}, "time_all": {"620_fri_c1_1000_25": [115.50259447097778, 119.23689985275269, 105.08569550514221, 108.82113122940063, 123.05195546150208]}, "time_fit": {"620_fri_c1_1000_25": [115.50259447097778, 119.23689985275269, 105.08569550514221, 108.82113122940063, 123.05195546150208]}, "sizes": {"620_fri_c1_1000_25": []}, "tau": 0.9}, "LightGBM": {"losses": {"620_fri_c1_1000_25": [0.02138453668623582, 0.022485509844637073, 0.021820138707368063, 0.019023013946401268, 0.020874243237660958]}, "coverage": {"620_fri_c1_1000_25": [0.030000000000000027, 0.020000000000000018, 0.030000000000000027, 0.030000000000000027, 0.040000000000000036]}, "time_all": {"620_fri_c1_1000_25": [0.37372779846191406, 0.3500971794128418, 0.35161828994750977, 0.35681748390197754, 0.34606480598449707]}, "time_fit": {"620_fri_c1_1000_25": [0.06409788131713867, 0.061966657638549805, 0.06455183029174805, 0.06446099281311035, 0.06161928176879883]}, "sizes": {"620_fri_c1_1000_25": []}, "tau": 0.9}, "DecisionTree": {"losses": {"620_fri_c1_1000_25": [0.014741790165613238, 0.01844559465331686, 0.01862362680818922, 0.016230518031947087, 0.016174330138434216]}, "coverage": {"620_fri_c1_1000_25": [0.0050000000000000044, 0.03500000000000003, 0.05500000000000005, 0.04500000000000004, 0.0]}, "complexity": {"620_fri_c1_1000_25": [31, 29, 25, 27, 29]}, "time_all": {"620_fri_c1_1000_25": [0.27942705154418945, 0.2805142402648926, 0.2762267589569092, 0.27652716636657715, 0.27968263626098633]}, "time_fit": {"620_fri_c1_1000_25": [0.018121719360351562, 0.017659425735473633, 0.016707658767700195, 0.017140626907348633, 0.017644882202148438]}, "sizes": {"620_fri_c1_1000_25": []}, "tau": 0.9}, "LinearQuantile": {"losses": {"620_fri_c1_1000_25": [0.0713917171023673, 0.0704309250282243, 0.07363108169706706, 0.0732970626027833, 0.074817077945882]}, "coverage": {"620_fri_c1_1000_25": [0.435, 0.42500000000000004, 0.41000000000000003, 0.43000000000000005, 0.44]}, "complexity": {"620_fri_c1_1000_25": [25, 25, 25, 25, 25]}, "time_all": {"620_fri_c1_1000_25": [2.5591726303100586, 1.6545050144195557, 0.4832613468170166, 1.6427185535430908, 0.8927111625671387]}, "time_fit": {"620_fri_c1_1000_25": [0.19579672813415527, 0.13703465461730957, 0.03970050811767578, 0.11739349365234375, 0.06679511070251465]}, "sizes": {"620_fri_c1_1000_25": []}, "tau": 0.9}}
