{"SQR": {"losses": {"665_sleuth_case2002": [0.05288456453149758, 0.04781310290637038, 0.07297793866237547, 0.055938039011968886, 0.04443459864160888]}, "coverage": {"665_sleuth_case2002": [0.033333333333333326, 0.2333333333333334, 0.31724137931034485, 0.096551724137931, 0.06206896551724128]}, "complexity": {"665_sleuth_case2002": [6, 4, 4, 4, 4]}, "time_all": {"665_sleuth_case2002": [81.46895122528076, 66.73203301429749, 67.71964597702026, 68.0306248664856, 68.34300804138184]}, "time_fit": {"665_sleuth_case2002": [81.46895122528076, 66.73203301429749, 67.71964597702026, 68.0306248664856, 68.34300804138184]}, "sizes": {"665_sleuth_case2002": []}, "tau": 0.8}, "LightGBM": {"losses": {"665_sleuth_case2002": [0.05643327676315212, 0.051067549483937005, 0.06681609509547609, 0.05702590637389369, 0.04428389754282261]}, "coverage": {"665_sleuth_case2002": [0.033333333333333326, 0.13333333333333341, 0.14482758620689662, 0.06206896551724128, 0.096551724137931]}, "time_all": {"665_sleuth_case2002": [0.14131426811218262, 0.10602855682373047, 0.12380242347717285, 0.0875694751739502, 0.10023617744445801]}, "time_fit": {"665_sleuth_case2002": [0.0223541259765625, 0.014686822891235352, 0.02869439125061035, 0.011965036392211914, 0.02220749855041504]}, "sizes": {"665_sleuth_case2002": []}, "tau": 0.8}, "DecisionTree": {"losses": {"665_sleuth_case2002": [0.04177777777777777, 0.0514074074074074, 0.06078160919540229, 0.04183908045977011, 0.043187739463601535]}, "coverage": {"665_sleuth_case2002": [0.033333333333333326, 0.033333333333333326, 0.1103448275862069, 0.096551724137931, 0.13103448275862062]}, "complexity": {"665_sleuth_case2002": [19, 3, 9, 21, 9]}, "time_all": {"665_sleuth_case2002": [0.03757119178771973, 0.03519868850708008, 0.036103010177612305, 0.035530805587768555, 0.03421425819396973]}, "time_fit": {"665_sleuth_case2002": [0.003101348876953125, 0.0017070770263671875, 0.0021791458129882812, 0.0030410289764404297, 0.0021750926971435547]}, "sizes": {"665_sleuth_case2002": []}, "tau": 0.8}, "LinearQuantile": {"losses": {"665_sleuth_case2002": [0.04803259130074332, 0.052667644308089095, 0.061939081430966034, 0.05879546028573545, 0.05135802901273805]}, "coverage": {"665_sleuth_case2002": [0.033333333333333326, 0.16666666666666674, 0.07586206896551728, 0.096551724137931, 0.096551724137931]}, "complexity": {"665_sleuth_case2002": [10, 10, 10, 10, 10]}, "time_all": {"665_sleuth_case2002": [0.11884403228759766, 0.1372697353363037, 0.6984646320343018, 0.3146529197692871, 0.22209620475769043]}, "time_fit": {"665_sleuth_case2002": [0.00981283187866211, 0.01149606704711914, 0.05039358139038086, 0.025838375091552734, 0.018520593643188477]}, "sizes": {"665_sleuth_case2002": []}, "tau": 0.8}}
