{"SQR": {"losses": {"654_fri_c0_500_10": [0.007508146343850577, 0.011506220245690413, 0.011065997669992422, 0.012780992104758082, 0.010254252255903996]}, "coverage": {"654_fri_c0_500_10": [0.039999999999999925, 0.020000000000000018, 0.030000000000000027, 0.06000000000000005, 0.050000000000000044]}, "complexity": {"654_fri_c0_500_10": [13, 9, 8, 10, 10]}, "time_all": {"654_fri_c0_500_10": [109.63439393043518, 88.13278293609619, 89.48225975036621, 91.14800024032593, 88.37995433807373]}, "time_fit": {"654_fri_c0_500_10": [109.63439393043518, 88.13278293609619, 89.48225975036621, 91.14800024032593, 88.37995433807373]}, "sizes": {"654_fri_c0_500_10": []}, "tau": 0.9}, "LightGBM": {"losses": {"654_fri_c0_500_10": [0.02188899769322027, 0.024906230683734414, 0.018803667661953384, 0.021259096704336445, 0.0209710486093676]}, "coverage": {"654_fri_c0_500_10": [0.020000000000000018, 0.050000000000000044, 0.020000000000000018, 0.020000000000000018, 0.020000000000000018]}, "time_all": {"654_fri_c0_500_10": [0.2175602912902832, 0.1882181167602539, 0.17285799980163574, 0.20242643356323242, 0.17234587669372559]}, "time_fit": {"654_fri_c0_500_10": [0.0368959903717041, 0.04299640655517578, 0.03736233711242676, 0.041799306869506836, 0.03686809539794922]}, "sizes": {"654_fri_c0_500_10": []}, "tau": 0.9}, "DecisionTree": {"losses": {"654_fri_c0_500_10": [0.02081650279650364, 0.02258915617322881, 0.02158154148286335, 0.020425386737451715, 0.021508114636664653]}, "coverage": {"654_fri_c0_500_10": [0.030000000000000027, 0.020000000000000018, 0.08000000000000007, 0.020000000000000018, 0.030000000000000027]}, "complexity": {"654_fri_c0_500_10": [13, 15, 15, 31, 15]}, "time_all": {"654_fri_c0_500_10": [0.0872187614440918, 0.08457517623901367, 0.08371925354003906, 0.08559966087341309, 0.08555293083190918]}, "time_fit": {"654_fri_c0_500_10": [0.00426173210144043, 0.004587650299072266, 0.0045166015625, 0.006394863128662109, 0.004620552062988281]}, "sizes": {"654_fri_c0_500_10": []}, "tau": 0.9}, "LinearQuantile": {"losses": {"654_fri_c0_500_10": [0.05011946463933891, 0.039072735934813925, 0.045361047666626665, 0.038511690540826995, 0.039501036834237974]}, "coverage": {"654_fri_c0_500_10": [0.45, 0.47000000000000003, 0.46, 0.36, 0.41000000000000003]}, "complexity": {"654_fri_c0_500_10": [10, 10, 10, 10, 10]}, "time_all": {"654_fri_c0_500_10": [0.5883235931396484, 0.26146364212036133, 0.17517566680908203, 0.36693572998046875, 0.4948084354400635]}, "time_fit": {"654_fri_c0_500_10": [0.052307844161987305, 0.02275681495666504, 0.015120267868041992, 0.031568288803100586, 0.04203653335571289]}, "sizes": {"654_fri_c0_500_10": []}, "tau": 0.9}}
