{"SQR": {"losses": {"583_fri_c1_1000_50": [0.012591580003216281, 0.0051737614319688026, 0.007094208112081137, 0.011515745580068053, 0.00883471595167159]}, "coverage": {"583_fri_c1_1000_50": [0.010000000000000009, 0.0050000000000000044, 0.08000000000000007, 0.025000000000000022, 0.025000000000000022]}, "complexity": {"583_fri_c1_1000_50": [13, 17, 12, 13, 13]}, "time_all": {"583_fri_c1_1000_50": [121.21826839447021, 112.24183893203735, 119.73607158660889, 101.08523082733154, 104.92750811576843]}, "time_fit": {"583_fri_c1_1000_50": [121.21826839447021, 112.24183893203735, 119.73607158660889, 101.08523082733154, 104.92750811576843]}, "sizes": {"583_fri_c1_1000_50": []}, "tau": 0.9}, "LightGBM": {"losses": {"583_fri_c1_1000_50": [0.02286130815550814, 0.025224347349821822, 0.022567693873531438, 0.02435212910248208, 0.024673003618136468]}, "coverage": {"583_fri_c1_1000_50": [0.010000000000000009, 0.020000000000000018, 0.010000000000000009, 0.0, 0.03500000000000003]}, "time_all": {"583_fri_c1_1000_50": [0.40553975105285645, 0.33613014221191406, 0.38806843757629395, 0.3857910633087158, 0.3872678279876709]}, "time_fit": {"583_fri_c1_1000_50": [0.07172179222106934, 0.06467533111572266, 0.06912612915039062, 0.07988882064819336, 0.07121825218200684]}, "sizes": {"583_fri_c1_1000_50": []}, "tau": 0.9}, "DecisionTree": {"losses": {"583_fri_c1_1000_50": [0.021066673969505036, 0.019356735726463747, 0.019058646275801647, 0.01942567197934573, 0.01845353954563985]}, "coverage": {"583_fri_c1_1000_50": [0.025000000000000022, 0.05500000000000005, 0.06000000000000005, 0.08500000000000008, 0.04500000000000004]}, "complexity": {"583_fri_c1_1000_50": [41, 61, 59, 69, 35]}, "time_all": {"583_fri_c1_1000_50": [0.48009204864501953, 0.478116512298584, 0.4665513038635254, 0.48610639572143555, 0.47401881217956543]}, "time_fit": {"583_fri_c1_1000_50": [0.03532528877258301, 0.04100322723388672, 0.03697967529296875, 0.04306769371032715, 0.033568620681762695]}, "sizes": {"583_fri_c1_1000_50": []}, "tau": 0.9}, "LinearQuantile": {"losses": {"583_fri_c1_1000_50": [0.08192171056771654, 0.07623183437632457, 0.07983468031730484, 0.08266310905731854, 0.08749362921147905]}, "coverage": {"583_fri_c1_1000_50": [0.48000000000000004, 0.395, 0.465, 0.42500000000000004, 0.405]}, "complexity": {"583_fri_c1_1000_50": [50, 50, 50, 50, 50]}, "time_all": {"583_fri_c1_1000_50": [22.67140221595764, 15.824706315994263, 18.648101806640625, 23.107762336730957, 15.235013723373413]}, "time_fit": {"583_fri_c1_1000_50": [2.0429575443267822, 1.414494514465332, 1.4460349082946777, 2.034409284591675, 1.2963159084320068]}, "sizes": {"583_fri_c1_1000_50": []}, "tau": 0.9}}
