{"SQR": {"losses": {"658_fri_c3_250_25": [0.015558698657041512, 0.01701777531989183, 0.022925238217346152, 0.020903107298285862, 0.012427732644877941]}, "coverage": {"658_fri_c3_250_25": [0.12, 0.06000000000000005, 0.19999999999999996, 0.09999999999999998, 0.039999999999999925]}, "complexity": {"658_fri_c3_250_25": [13, 12, 9, 15, 10]}, "time_all": {"658_fri_c3_250_25": [93.38509702682495, 74.29321432113647, 75.73811793327332, 76.20722031593323, 74.420325756073]}, "time_fit": {"658_fri_c3_250_25": [93.38509702682495, 74.29321432113647, 75.73811793327332, 76.20722031593323, 74.420325756073]}, "sizes": {"658_fri_c3_250_25": []}, "tau": 0.6}, "LightGBM": {"losses": {"658_fri_c3_250_25": [0.02979822453807444, 0.03531069033800918, 0.03328355916756388, 0.043073326177141116, 0.032329871891363146]}, "coverage": {"658_fri_c3_250_25": [0.08000000000000007, 0.09999999999999998, 0.020000000000000018, 0.05999999999999994, 0.07999999999999996]}, "time_all": {"658_fri_c3_250_25": [0.1952204704284668, 0.17853474617004395, 0.17728209495544434, 0.17043614387512207, 0.15031814575195312]}, "time_fit": {"658_fri_c3_250_25": [0.03480720520019531, 0.04423213005065918, 0.04469609260559082, 0.03771805763244629, 0.03566575050354004]}, "sizes": {"658_fri_c3_250_25": []}, "tau": 0.6}, "DecisionTree": {"losses": {"658_fri_c3_250_25": [0.03772358559093666, 0.039382685814591235, 0.03526188993925561, 0.043403471270113736, 0.036153052565728705]}, "coverage": {"658_fri_c3_250_25": [0.0, 0.020000000000000018, 0.039999999999999925, 0.07999999999999996, 0.12]}, "complexity": {"658_fri_c3_250_25": [33, 9, 9, 35, 83]}, "time_all": {"658_fri_c3_250_25": [0.06949520111083984, 0.06448888778686523, 0.06485223770141602, 0.06804800033569336, 0.07415270805358887]}, "time_fit": {"658_fri_c3_250_25": [0.0071277618408203125, 0.0037813186645507812, 0.0037832260131835938, 0.007059574127197266, 0.011709451675415039]}, "sizes": {"658_fri_c3_250_25": []}, "tau": 0.6}, "LinearQuantile": {"losses": {"658_fri_c3_250_25": [0.0635964079200667, 0.05772588634478454, 0.060117059349478336, 0.06819278036347856, 0.06576725350894126]}, "coverage": {"658_fri_c3_250_25": [0.07999999999999996, 0.09999999999999998, 0.13999999999999996, 0.24, 0.15999999999999998]}, "complexity": {"658_fri_c3_250_25": [25, 25, 25, 25, 25]}, "time_all": {"658_fri_c3_250_25": [1.8897967338562012, 1.2904472351074219, 0.8948569297790527, 1.402277946472168, 1.5500097274780273]}, "time_fit": {"658_fri_c3_250_25": [0.1191864013671875, 0.10020041465759277, 0.0800173282623291, 0.09415268898010254, 0.11156392097473145]}, "sizes": {"658_fri_c3_250_25": []}, "tau": 0.6}}
