{"SQR": {"losses": {"228_elusage": [0.05184947729449065, 0.10026732101494441, 0.04086031510291753, 0.05706121054495757, 0.039585217366556805]}, "coverage": {"228_elusage": [0.2090909090909091, 0.0636363636363636, 0.3363636363636363, 0.15454545454545454, 0.11818181818181828]}, "complexity": {"228_elusage": [6, 8, 10, 12, 6]}, "time_all": {"228_elusage": [78.24082469940186, 66.35232663154602, 65.05988502502441, 66.57129502296448, 64.76233124732971]}, "time_fit": {"228_elusage": [78.24082469940186, 66.35232663154602, 65.05988502502441, 66.57129502296448, 64.76233124732971]}, "sizes": {"228_elusage": []}, "tau": 0.7}, "LightGBM": {"losses": {"228_elusage": [0.04510067795766811, 0.07185234195284518, 0.11436302699845534, 0.046629233873429446, 0.07867714784169337]}, "coverage": {"228_elusage": [0.30000000000000004, 0.027272727272727337, 0.0636363636363636, 0.11818181818181828, 0.027272727272727337]}, "time_all": {"228_elusage": [0.09842562675476074, 0.06679606437683105, 0.056171417236328125, 0.0567626953125, 0.05508136749267578]}, "time_fit": {"228_elusage": [0.012149810791015625, 0.014171361923217773, 0.01392221450805664, 0.013978242874145508, 0.013684988021850586]}, "sizes": {"228_elusage": []}, "tau": 0.7}, "DecisionTree": {"losses": {"228_elusage": [0.04711764238686529, 0.051927273882658796, 0.044478203266745744, 0.042114874467637585, 0.032466250246909134]}, "coverage": {"228_elusage": [0.0636363636363636, 0.15454545454545454, 0.3363636363636363, 0.15454545454545454, 0.11818181818181828]}, "complexity": {"228_elusage": [17, 17, 7, 17, 7]}, "time_all": {"228_elusage": [0.03000617027282715, 0.030097484588623047, 0.029642343521118164, 0.029484272003173828, 0.029400348663330078]}, "time_fit": {"228_elusage": [0.0027358531951904297, 0.0026807785034179688, 0.001990079879760742, 0.0026085376739501953, 0.0019845962524414062]}, "sizes": {"228_elusage": []}, "tau": 0.7}, "LinearQuantile": {"losses": {"228_elusage": [0.19994275881492327, 0.18476387394360386, 0.2001169211781105, 0.14152609405013336, 0.19191710535842502]}, "coverage": {"228_elusage": [0.3363636363636363, 0.15454545454545454, 0.027272727272727337, 0.027272727272727337, 0.15454545454545454]}, "complexity": {"228_elusage": [2, 2, 2, 2, 2]}, "time_all": {"228_elusage": [0.08862519264221191, 0.18485403060913086, 0.14855146408081055, 0.058722496032714844, 0.11992573738098145]}, "time_fit": {"228_elusage": [0.007084846496582031, 0.01564192771911621, 0.01288151741027832, 0.004714012145996094, 0.010169029235839844]}, "sizes": {"228_elusage": []}, "tau": 0.7}}
