{"SQR": {"losses": {"657_fri_c2_250_10": [0.03570915974062325, 0.025431271168622357, 0.03434427503564835, 0.02353173583610777, 0.026827703015427622]}, "coverage": {"657_fri_c2_250_10": [0.05999999999999994, 0.12, 0.06000000000000005, 0.12, 0.08000000000000007]}, "complexity": {"657_fri_c2_250_10": [11, 12, 9, 15, 12]}, "time_all": {"657_fri_c2_250_10": [83.54622673988342, 73.30748057365417, 75.10560369491577, 71.5967435836792, 76.6520299911499]}, "time_fit": {"657_fri_c2_250_10": [83.54622673988342, 73.30748057365417, 75.10560369491577, 71.5967435836792, 76.6520299911499]}, "sizes": {"657_fri_c2_250_10": []}, "tau": 0.6}, "LightGBM": {"losses": {"657_fri_c2_250_10": [0.04584160659505026, 0.04742660705321453, 0.05215518670804175, 0.048882288177452625, 0.03770779166108246]}, "coverage": {"657_fri_c2_250_10": [0.039999999999999925, 0.039999999999999925, 0.039999999999999925, 0.040000000000000036, 0.0]}, "time_all": {"657_fri_c2_250_10": [0.18429923057556152, 0.1673717498779297, 0.15859699249267578, 0.16427898406982422, 0.1404120922088623]}, "time_fit": {"657_fri_c2_250_10": [0.03325295448303223, 0.040204763412475586, 0.03342485427856445, 0.037383317947387695, 0.034166574478149414]}, "sizes": {"657_fri_c2_250_10": []}, "tau": 0.6}, "DecisionTree": {"losses": {"657_fri_c2_250_10": [0.04295047863235485, 0.04946204872630638, 0.05439496140446292, 0.04218694179147211, 0.03636752467886285]}, "coverage": {"657_fri_c2_250_10": [0.15999999999999998, 0.12, 0.05999999999999994, 0.020000000000000018, 0.12]}, "complexity": {"657_fri_c2_250_10": [85, 81, 79, 81, 35]}, "time_all": {"657_fri_c2_250_10": [0.0594024658203125, 0.058020830154418945, 0.05494189262390137, 0.05589723587036133, 0.052703142166137695]}, "time_fit": {"657_fri_c2_250_10": [0.009549379348754883, 0.008745908737182617, 0.008489847183227539, 0.008668899536132812, 0.005237102508544922]}, "sizes": {"657_fri_c2_250_10": []}, "tau": 0.6}, "LinearQuantile": {"losses": {"657_fri_c2_250_10": [0.08030740253843151, 0.08506487963338034, 0.08295548308714426, 0.08624648705834549, 0.08496087447057775]}, "coverage": {"657_fri_c2_250_10": [0.24, 0.07999999999999996, 0.12, 0.18, 0.19999999999999996]}, "complexity": {"657_fri_c2_250_10": [10, 10, 10, 10, 10]}, "time_all": {"657_fri_c2_250_10": [1.1957972049713135, 0.6104342937469482, 0.5712835788726807, 0.5899462699890137, 1.0476799011230469]}, "time_fit": {"657_fri_c2_250_10": [0.10463309288024902, 0.04919075965881348, 0.0508427619934082, 0.04766726493835449, 0.07062697410583496]}, "sizes": {"657_fri_c2_250_10": []}, "tau": 0.6}}
