{"SQR": {"losses": {"616_fri_c4_500_50": [0.015480298225115966, 0.014137727489941172, 0.02744033409754508, 0.015007440921861903, 0.021391602276011872]}, "coverage": {"616_fri_c4_500_50": [0.020000000000000018, 0.05999999999999994, 0.06000000000000005, 0.08999999999999997, 0.020000000000000018]}, "complexity": {"616_fri_c4_500_50": [12, 12, 8, 12, 11]}, "time_all": {"616_fri_c4_500_50": [110.55576944351196, 101.28204011917114, 83.00666785240173, 101.2494649887085, 85.94198656082153]}, "time_fit": {"616_fri_c4_500_50": [110.55576944351196, 101.28204011917114, 83.00666785240173, 101.2494649887085, 85.94198656082153]}, "sizes": {"616_fri_c4_500_50": []}, "tau": 0.6}, "LightGBM": {"losses": {"616_fri_c4_500_50": [0.031874743595805506, 0.033957703506065695, 0.02956398438950976, 0.031232204617750992, 0.031935734561852364]}, "coverage": {"616_fri_c4_500_50": [0.13, 0.040000000000000036, 0.04999999999999993, 0.020000000000000018, 0.030000000000000027]}, "time_all": {"616_fri_c4_500_50": [0.33547353744506836, 0.263211727142334, 0.28347015380859375, 0.3178589344024658, 0.26491785049438477]}, "time_fit": {"616_fri_c4_500_50": [0.0676870346069336, 0.05874896049499512, 0.05875658988952637, 0.06886410713195801, 0.06008505821228027]}, "sizes": {"616_fri_c4_500_50": []}, "tau": 0.6}, "DecisionTree": {"losses": {"616_fri_c4_500_50": [0.03774233686950147, 0.03563719777907789, 0.03560394075452899, 0.03526547355581924, 0.03586161751672171]}, "coverage": {"616_fri_c4_500_50": [0.19, 0.09999999999999998, 0.05999999999999994, 0.040000000000000036, 0.08000000000000007]}, "complexity": {"616_fri_c4_500_50": [69, 159, 31, 31, 157]}, "time_all": {"616_fri_c4_500_50": [0.22563934326171875, 0.2141265869140625, 0.2047727108001709, 0.20319199562072754, 0.21765708923339844]}, "time_fit": {"616_fri_c4_500_50": [0.025614261627197266, 0.03284788131713867, 0.016994714736938477, 0.017107248306274414, 0.03356122970581055]}, "sizes": {"616_fri_c4_500_50": []}, "tau": 0.6}, "LinearQuantile": {"losses": {"616_fri_c4_500_50": [0.06871818863675942, 0.07128090116013241, 0.0727922424663906, 0.06809926196348369, 0.0726462760243342]}, "coverage": {"616_fri_c4_500_50": [0.13, 0.13, 0.14999999999999997, 0.12, 0.08999999999999997]}, "complexity": {"616_fri_c4_500_50": [50, 50, 50, 50, 50]}, "time_all": {"616_fri_c4_500_50": [7.3481574058532715, 18.22206211090088, 6.975132942199707, 7.412688255310059, 11.132989645004272]}, "time_fit": {"616_fri_c4_500_50": [0.6232974529266357, 1.5728750228881836, 0.5549981594085693, 0.6046938896179199, 0.9033269882202148]}, "sizes": {"616_fri_c4_500_50": []}, "tau": 0.6}}
