{"SQR": {"losses": {"227_cpu_small": [0.009475927601977713, 0.011281856311557205, 0.011158387438881713, 0.011283482165840238, 0.010556814640775306]}, "coverage": {"227_cpu_small": [0.06174496644295302, 0.008053691275167862, 0.0020757020757020683, 0.02844932844932846, 0.0020757020757020683]}, "complexity": {"227_cpu_small": [6, 4, 4, 4, 8]}, "time_all": {"227_cpu_small": [535.6895117759705, 503.74671602249146, 501.53482961654663, 495.3618724346161, 347.59197330474854]}, "time_fit": {"227_cpu_small": [535.6895117759705, 503.74671602249146, 501.53482961654663, 495.3618724346161, 347.59197330474854]}, "sizes": {"227_cpu_small": []}, "tau": 0.8}, "LightGBM": {"losses": {"227_cpu_small": [0.013826171069682515, 0.014839531000479524, 0.01497479380524636, 0.01563234671502058, 0.01685562157822721]}, "coverage": {"227_cpu_small": [0.02208663819402079, 0.02611348383160461, 0.021733821733821657, 0.03821733821733819, 0.03943833943833941]}, "time_all": {"227_cpu_small": [1.187540054321289, 1.0790717601776123, 0.9945025444030762, 1.1000065803527832, 1.0657429695129395]}, "time_fit": {"227_cpu_small": [0.2832036018371582, 0.26273059844970703, 0.147294282913208, 0.2603268623352051, 0.2623252868652344]}, "sizes": {"227_cpu_small": []}, "tau": 0.8}, "DecisionTree": {"losses": {"227_cpu_small": [0.008091161770234372, 0.007897153351698804, 0.008043808043808042, 0.00750681417348084, 0.007716234382901048]}, "coverage": {"227_cpu_small": [0.013544844417327728, 0.02794386821232453, 0.029059829059829068, 0.025396825396825307, 0.05775335775335766]}, "complexity": {"227_cpu_small": [483, 265, 215, 499, 277]}, "time_all": {"227_cpu_small": [1.234802484512329, 0.8887591361999512, 1.1311273574829102, 0.9099404811859131, 1.0120983123779297]}, "time_fit": {"227_cpu_small": [0.07028031349182129, 0.055983781814575195, 0.05224490165710449, 0.07010054588317871, 0.05821394920349121]}, "sizes": {"227_cpu_small": []}, "tau": 0.8}, "LinearQuantile": {"losses": {"227_cpu_small": [0.05292303162723405, 0.05253012593883591, 0.051071520523863434, 0.05202418771094599, 0.049972310198952694]}, "coverage": {"227_cpu_small": [0.06113483831604638, 0.056253813300793265, 0.055189255189255215, 0.04175824175824183, 0.05457875457875461]}, "complexity": {"227_cpu_small": [12, 12, 12, 12, 12]}, "time_all": {"227_cpu_small": [7.3561811447143555, 2.6941044330596924, 25.422606706619263, 22.903053760528564, 24.229853868484497]}, "time_fit": {"227_cpu_small": [0.6402847766876221, 0.22893095016479492, 2.143394708633423, 2.5277812480926514, 1.5665521621704102]}, "sizes": {"227_cpu_small": []}, "tau": 0.8}}
