{"SQR": {"losses": {"522_pm10": [0.031211523633965104, 0.029588151715164372, 0.026379180062578136, 0.02932424298744626, 0.027978377733739467]}, "coverage": {"522_pm10": [0.050000000000000044, 0.010000000000000009, 0.0, 0.030000000000000027, 0.040000000000000036]}, "complexity": {"522_pm10": [5, 5, 6, 8, 5]}, "time_all": {"522_pm10": [98.04490566253662, 78.93106079101562, 83.59427285194397, 77.4554328918457, 82.22820281982422]}, "time_fit": {"522_pm10": [98.04490566253662, 78.93106079101562, 83.59427285194397, 77.4554328918457, 82.22820281982422]}, "sizes": {"522_pm10": []}, "tau": 0.9}, "LightGBM": {"losses": {"522_pm10": [0.027380217545612002, 0.0258021943581231, 0.028049791275078312, 0.0296546309541532, 0.027933312418681237]}, "coverage": {"522_pm10": [0.010000000000000009, 0.010000000000000009, 0.050000000000000044, 0.010000000000000009, 0.020000000000000018]}, "time_all": {"522_pm10": [0.23866486549377441, 0.2211921215057373, 0.1845088005065918, 0.21347451210021973, 0.19893980026245117]}, "time_fit": {"522_pm10": [0.04240679740905762, 0.04112076759338379, 0.04073166847229004, 0.037706613540649414, 0.04834270477294922]}, "sizes": {"522_pm10": []}, "tau": 0.9}, "DecisionTree": {"losses": {"522_pm10": [0.029763170632610414, 0.02659543365235596, 0.02974872180431868, 0.02864288651335237, 0.02796658348441039]}, "coverage": {"522_pm10": [0.020000000000000018, 0.020000000000000018, 0.08999999999999997, 0.030000000000000027, 0.07000000000000006]}, "complexity": {"522_pm10": [11, 19, 17, 13, 31]}, "time_all": {"522_pm10": [0.07628870010375977, 0.07507967948913574, 0.07455873489379883, 0.07233643531799316, 0.07698655128479004]}, "time_fit": {"522_pm10": [0.0033235549926757812, 0.004483938217163086, 0.0040090084075927734, 0.0034449100494384766, 0.005322456359863281]}, "sizes": {"522_pm10": []}, "tau": 0.9}, "LinearQuantile": {"losses": {"522_pm10": [0.032507116124704374, 0.03401614801908336, 0.03320334021706717, 0.03384840081794292, 0.03472949639984479]}, "coverage": {"522_pm10": [0.06000000000000005, 0.010000000000000009, 0.020000000000000018, 0.010000000000000009, 0.0]}, "complexity": {"522_pm10": [7, 7, 7, 7, 7]}, "time_all": {"522_pm10": [0.5757484436035156, 0.33532238006591797, 0.4180164337158203, 0.23244905471801758, 0.5035035610198975]}, "time_fit": {"522_pm10": [0.05119204521179199, 0.02995443344116211, 0.03559374809265137, 0.02065873146057129, 0.04517102241516113]}, "sizes": {"522_pm10": []}, "tau": 0.9}}
