{"SQR": {"losses": {"603_fri_c0_250_50": [0.016654220202894306, 0.029738087656580772, 0.02072510390278844, 0.023276459595340367, 0.019199039042743647]}, "coverage": {"603_fri_c0_250_50": [0.12, 0.09999999999999998, 0.09999999999999998, 0.09999999999999998, 0.09999999999999998]}, "complexity": {"603_fri_c0_250_50": [10, 16, 18, 11, 14]}, "time_all": {"603_fri_c0_250_50": [91.57268166542053, 81.32261967658997, 79.31959819793701, 75.70780634880066, 80.23190903663635]}, "time_fit": {"603_fri_c0_250_50": [91.57268166542053, 81.32261967658997, 79.31959819793701, 75.70780634880066, 80.23190903663635]}, "sizes": {"603_fri_c0_250_50": []}, "tau": 0.6}, "LightGBM": {"losses": {"603_fri_c0_250_50": [0.037919853031264314, 0.0494197886597801, 0.03905217197669756, 0.04296817799889594, 0.04749493780984965]}, "coverage": {"603_fri_c0_250_50": [0.05999999999999994, 0.020000000000000018, 0.07999999999999996, 0.06000000000000005, 0.09999999999999998]}, "time_all": {"603_fri_c0_250_50": [0.20795989036560059, 0.16254353523254395, 0.18764066696166992, 0.18880844116210938, 0.18137240409851074]}, "time_fit": {"603_fri_c0_250_50": [0.03841686248779297, 0.039103031158447266, 0.04288959503173828, 0.04535961151123047, 0.03990435600280762]}, "sizes": {"603_fri_c0_250_50": []}, "tau": 0.6}, "DecisionTree": {"losses": {"603_fri_c0_250_50": [0.04690327956254169, 0.05212003848582834, 0.047439604707298785, 0.04747286731867062, 0.05011976329124517]}, "coverage": {"603_fri_c0_250_50": [0.0, 0.09999999999999998, 0.039999999999999925, 0.06000000000000005, 0.0]}, "complexity": {"603_fri_c0_250_50": [15, 13, 9, 9, 35]}, "time_all": {"603_fri_c0_250_50": [0.08916497230529785, 0.08711695671081543, 0.08816337585449219, 0.08748769760131836, 0.09265398979187012]}, "time_fit": {"603_fri_c0_250_50": [0.007190704345703125, 0.006978273391723633, 0.0055353641510009766, 0.005435943603515625, 0.010360479354858398]}, "sizes": {"603_fri_c0_250_50": []}, "tau": 0.6}, "LinearQuantile": {"losses": {"603_fri_c0_250_50": [0.03810765906078538, 0.04891000919498228, 0.040478644668458165, 0.047577094995108926, 0.048847842048031]}, "coverage": {"603_fri_c0_250_50": [0.18, 0.19999999999999996, 0.15999999999999998, 0.07999999999999996, 0.039999999999999925]}, "complexity": {"603_fri_c0_250_50": [50, 50, 50, 50, 50]}, "time_all": {"603_fri_c0_250_50": [3.6968436241149902, 11.360687255859375, 4.482585668563843, 11.725066900253296, 15.504579067230225]}, "time_fit": {"603_fri_c0_250_50": [0.2769134044647217, 0.2537548542022705, 0.3254880905151367, 0.9893763065338135, 1.3353047370910645]}, "sizes": {"603_fri_c0_250_50": []}, "tau": 0.6}}
