{"SQR": {"losses": {"titanic": [0.11523809523809525, 0.09714285714285714, 0.11303731777221819, 0.12666666666666668, 0.11503579952267304]}, "coverage": {"titanic": [0.2666666666666667, 0.2761904761904762, 0.23095238095238102, 0.23809523809523814, 0.2496420047732697]}, "complexity": {"titanic": [2, 2, 7, 2, 2]}, "time_all": {"titanic": [104.71410012245178, 99.39665913581848, 102.06746077537537, 97.63368272781372, 98.97381782531738]}, "time_fit": {"titanic": [104.71410012245178, 99.39665913581848, 102.06746077537537, 97.63368272781372, 98.97381782531738]}, "sizes": {"titanic": []}, "tau": 0.6}, "LightGBM": {"losses": {"titanic": [0.11830562722291567, 0.09824280901564628, 0.11968932850343753, 0.13669202071232053, 0.11238458487398603]}, "coverage": {"titanic": [0.10476190476190483, 0.08809523809523812, 0.06666666666666665, 0.04047619047619044, 0.07780429594272076]}, "time_all": {"titanic": [0.6626367568969727, 0.6609714031219482, 0.6125328540802002, 0.6103720664978027, 0.6945936679840088]}, "time_fit": {"titanic": [0.08868527412414551, 0.08973956108093262, 0.08463454246520996, 0.07967543601989746, 0.08698034286499023]}, "sizes": {"titanic": []}, "tau": 0.6}, "DecisionTree": {"losses": {"titanic": [0.10714285714285714, 0.08238095238095237, 0.11361904761904762, 0.12523809523809523, 0.10214797136038185]}, "coverage": {"titanic": [0.2690476190476191, 0.30714285714285716, 0.27380952380952384, 0.2595238095238096, 0.2711217183770883]}, "complexity": {"titanic": [227, 67, 407, 57, 69]}, "time_all": {"titanic": [0.1935889720916748, 0.18677067756652832, 0.18180584907531738, 0.15906214714050293, 0.16580557823181152]}, "time_fit": {"titanic": [0.022701740264892578, 0.010743856430053711, 0.02996540069580078, 0.008169412612915039, 0.009278059005737305]}, "sizes": {"titanic": []}, "tau": 0.6}, "LinearQuantile": {"losses": {"titanic": [0.11666676114434715, 0.09714293044714058, 0.11095246136960134, 0.1295238735769021, 0.1178998158928884]}, "coverage": {"titanic": [0.11190476190476195, 0.12380952380952381, 0.0714285714285714, 0.07857142857142863, 0.0730310262529833]}, "complexity": {"titanic": [31, 31, 31, 31, 31]}, "time_all": {"titanic": [1.196232557296753, 0.8614652156829834, 0.678098201751709, 0.7115566730499268, 0.8694319725036621]}, "time_fit": {"titanic": [0.08722329139709473, 0.06029343605041504, 0.04706239700317383, 0.0585780143737793, 0.06740450859069824]}, "sizes": {"titanic": []}, "tau": 0.6}}
