{"SQR": {"losses": {"687_sleuth_ex1605": [0.06559375743754559, 0.06993194279878137, 0.08126278061229354, 0.0791317088183723, 0.10767707776292089]}, "coverage": {"687_sleuth_ex1605": [0.038461538461538436, 0.038461538461538436, 0.16666666666666663, 0.08333333333333331, 0.16666666666666669]}, "complexity": {"687_sleuth_ex1605": [10, 9, 12, 6, 9]}, "time_all": {"687_sleuth_ex1605": [79.70858526229858, 64.27642130851746, 63.03623008728027, 61.73508381843567, 63.53209400177002]}, "time_fit": {"687_sleuth_ex1605": [79.70858526229858, 64.27642130851746, 63.03623008728027, 61.73508381843567, 63.53209400177002]}, "sizes": {"687_sleuth_ex1605": []}, "tau": 0.5}, "LightGBM": {"losses": {"687_sleuth_ex1605": [0.09937211747152526, 0.08329012953756279, 0.05622921342716718, 0.09779039725787113, 0.05899418919183581]}, "coverage": {"687_sleuth_ex1605": [0.038461538461538436, 0.038461538461538436, 0.16666666666666669, 0.0, 0.08333333333333337]}, "time_all": {"687_sleuth_ex1605": [0.10305571556091309, 0.05785417556762695, 0.055470943450927734, 0.06789088249206543, 0.06261968612670898]}, "time_fit": {"687_sleuth_ex1605": [0.01242375373840332, 0.012051820755004883, 0.01169133186340332, 0.014655351638793945, 0.012421846389770508]}, "sizes": {"687_sleuth_ex1605": []}, "tau": 0.5}, "DecisionTree": {"losses": {"687_sleuth_ex1605": [0.06701631701631702, 0.055944055944055944, 0.06376262626262626, 0.06439393939393939, 0.04071969696969697]}, "coverage": {"687_sleuth_ex1605": [0.11538461538461536, 0.11538461538461542, 0.16666666666666669, 0.08333333333333337, 0.0]}, "complexity": {"687_sleuth_ex1605": [17, 7, 3, 19, 7]}, "time_all": {"687_sleuth_ex1605": [0.030771255493164062, 0.026830434799194336, 0.024160385131835938, 0.030059814453125, 0.03218960762023926]}, "time_fit": {"687_sleuth_ex1605": [0.0028095245361328125, 0.0018763542175292969, 0.0014407634735107422, 0.0028150081634521484, 0.0023217201232910156]}, "sizes": {"687_sleuth_ex1605": []}, "tau": 0.5}, "LinearQuantile": {"losses": {"687_sleuth_ex1605": [0.0682446646439557, 0.052506023894608865, 0.08162034253854036, 0.06282684204534665, 0.05919673304967348]}, "coverage": {"687_sleuth_ex1605": [0.1923076923076923, 0.038461538461538436, 0.25, 0.08333333333333331, 0.08333333333333331]}, "complexity": {"687_sleuth_ex1605": [5, 5, 5, 5, 5]}, "time_all": {"687_sleuth_ex1605": [0.08049702644348145, 0.30514979362487793, 0.06634688377380371, 0.10370326042175293, 0.19392967224121094]}, "time_fit": {"687_sleuth_ex1605": [0.0062770843505859375, 0.024631738662719727, 0.005454540252685547, 0.00861811637878418, 0.01680469512939453]}, "sizes": {"687_sleuth_ex1605": []}, "tau": 0.5}}
