{"SQR": {"losses": {"606_fri_c2_1000_10": [0.030548979515435424, 0.02138454701875475, 0.02151101579264441, 0.029066468382913227, 0.021697720760000663]}, "coverage": {"606_fri_c2_1000_10": [0.07500000000000001, 0.030000000000000027, 0.07499999999999996, 0.15500000000000003, 0.03500000000000003]}, "complexity": {"606_fri_c2_1000_10": [11, 14, 14, 13, 17]}, "time_all": {"606_fri_c2_1000_10": [110.59844422340393, 103.51893305778503, 101.91450357437134, 104.70733618736267, 98.75303983688354]}, "time_fit": {"606_fri_c2_1000_10": [110.59844422340393, 103.51893305778503, 101.91450357437134, 104.70733618736267, 98.75303983688354]}, "sizes": {"606_fri_c2_1000_10": []}, "tau": 0.5}, "LightGBM": {"losses": {"606_fri_c2_1000_10": [0.034997387411728864, 0.031965223098556775, 0.03141062978823207, 0.03409122205544274, 0.02850127250419322]}, "coverage": {"606_fri_c2_1000_10": [0.025000000000000022, 0.04500000000000004, 0.044999999999999984, 0.015000000000000013, 0.020000000000000018]}, "time_all": {"606_fri_c2_1000_10": [0.45471811294555664, 0.40357375144958496, 0.4356241226196289, 0.409954309463501, 0.42901134490966797]}, "time_fit": {"606_fri_c2_1000_10": [0.0816810131072998, 0.07866144180297852, 0.08064913749694824, 0.08147001266479492, 0.08060956001281738]}, "sizes": {"606_fri_c2_1000_10": []}, "tau": 0.5}, "DecisionTree": {"losses": {"606_fri_c2_1000_10": [0.03347963207311068, 0.035947605766132124, 0.0322058065377796, 0.0316505506622738, 0.0348939469852553]}, "coverage": {"606_fri_c2_1000_10": [0.0050000000000000044, 0.030000000000000027, 0.0050000000000000044, 0.020000000000000018, 0.010000000000000009]}, "complexity": {"606_fri_c2_1000_10": [139, 139, 325, 139, 325]}, "time_all": {"606_fri_c2_1000_10": [0.18319201469421387, 0.17480254173278809, 0.1890721321105957, 0.17447423934936523, 0.19378876686096191]}, "time_fit": {"606_fri_c2_1000_10": [0.02044677734375, 0.019597768783569336, 0.03389692306518555, 0.01999497413635254, 0.0343632698059082]}, "sizes": {"606_fri_c2_1000_10": []}, "tau": 0.5}, "LinearQuantile": {"losses": {"606_fri_c2_1000_10": [0.07202543345482984, 0.07305458805911581, 0.06917710323008211, 0.0707490737563883, 0.0689257728619275]}, "coverage": {"606_fri_c2_1000_10": [0.010000000000000009, 0.0, 0.07, 0.0050000000000000044, 0.07]}, "complexity": {"606_fri_c2_1000_10": [10, 10, 10, 10, 10]}, "time_all": {"606_fri_c2_1000_10": [0.791825532913208, 0.44353294372558594, 0.30826735496520996, 0.6181962490081787, 0.8063452243804932]}, "time_fit": {"606_fri_c2_1000_10": [0.06967973709106445, 0.035424232482910156, 0.02741265296936035, 0.05343437194824219, 0.06792044639587402]}, "sizes": {"606_fri_c2_1000_10": []}, "tau": 0.5}}
