{"SQR": {"losses": {"643_fri_c2_500_25": [0.02327055705136637, 0.02358189113348699, 0.031456002864065746, 0.03041785638773308, 0.03235714441961754]}, "coverage": {"643_fri_c2_500_25": [0.06, 0.010000000000000009, 0.03999999999999998, 0.0, 0.030000000000000027]}, "complexity": {"643_fri_c2_500_25": [10, 14, 12, 10, 11]}, "time_all": {"643_fri_c2_500_25": [116.59457755088806, 92.08388137817383, 102.66338205337524, 83.62317705154419, 85.51248025894165]}, "time_fit": {"643_fri_c2_500_25": [116.59457755088806, 92.08388137817383, 102.66338205337524, 83.62317705154419, 85.51248025894165]}, "sizes": {"643_fri_c2_500_25": []}, "tau": 0.5}, "LightGBM": {"losses": {"643_fri_c2_500_25": [0.042323204310028735, 0.03578220100514233, 0.03933050042774449, 0.031376053697960433, 0.037567240903839345]}, "coverage": {"643_fri_c2_500_25": [0.010000000000000009, 0.06, 0.03999999999999998, 0.020000000000000018, 0.040000000000000036]}, "time_all": {"643_fri_c2_500_25": [0.2955596446990967, 0.3015873432159424, 0.24773693084716797, 0.2771289348602295, 0.24673247337341309]}, "time_fit": {"643_fri_c2_500_25": [0.05838584899902344, 0.0709691047668457, 0.052934885025024414, 0.057042598724365234, 0.05732011795043945]}, "sizes": {"643_fri_c2_500_25": []}, "tau": 0.5}, "DecisionTree": {"losses": {"643_fri_c2_500_25": [0.05005086207205634, 0.03894535712186831, 0.04601126533618424, 0.04013542714310859, 0.04158916356393609]}, "coverage": {"643_fri_c2_500_25": [0.06000000000000005, 0.040000000000000036, 0.04999999999999999, 0.050000000000000044, 0.040000000000000036]}, "complexity": {"643_fri_c2_500_25": [29, 63, 151, 69, 67]}, "time_all": {"643_fri_c2_500_25": [0.1329669952392578, 0.13084769248962402, 0.13773775100708008, 0.1329348087310791, 0.13237500190734863]}, "time_fit": {"643_fri_c2_500_25": [0.010175228118896484, 0.014797687530517578, 0.0222775936126709, 0.015003681182861328, 0.014990568161010742]}, "sizes": {"643_fri_c2_500_25": []}, "tau": 0.5}, "LinearQuantile": {"losses": {"643_fri_c2_500_25": [0.08497979142918395, 0.08429560561287179, 0.08105853597390948, 0.06909398828825629, 0.08361290237976486]}, "coverage": {"643_fri_c2_500_25": [0.08000000000000002, 0.030000000000000027, 0.06, 0.08000000000000002, 0.020000000000000018]}, "complexity": {"643_fri_c2_500_25": [25, 25, 25, 25, 25]}, "time_all": {"643_fri_c2_500_25": [0.5281045436859131, 0.9622945785522461, 0.8720862865447998, 0.446047306060791, 0.6462807655334473]}, "time_fit": {"643_fri_c2_500_25": [0.04459023475646973, 0.06518864631652832, 0.07729077339172363, 0.03603720664978027, 0.05702686309814453]}, "sizes": {"643_fri_c2_500_25": []}, "tau": 0.5}}
