{"SQR": {"losses": {"596_fri_c2_250_5": [0.011136511169651827, 0.01551930955122243, 0.013211599176876355, 0.015833951634494973, 0.015807058077394923]}, "coverage": {"596_fri_c2_250_5": [0.12, 0.12, 0.020000000000000018, 0.040000000000000036, 0.020000000000000018]}, "complexity": {"596_fri_c2_250_5": [13, 12, 10, 11, 8]}, "time_all": {"596_fri_c2_250_5": [92.19193577766418, 73.79073238372803, 72.61242365837097, 68.14903044700623, 69.8476357460022]}, "time_fit": {"596_fri_c2_250_5": [92.19193577766418, 73.79073238372803, 72.61242365837097, 68.14903044700623, 69.8476357460022]}, "sizes": {"596_fri_c2_250_5": []}, "tau": 0.9}, "LightGBM": {"losses": {"596_fri_c2_250_5": [0.032366514084878006, 0.02259386352875769, 0.027522701440612345, 0.027646141882117788, 0.021680170490210468]}, "coverage": {"596_fri_c2_250_5": [0.12, 0.040000000000000036, 0.040000000000000036, 0.020000000000000018, 0.020000000000000018]}, "time_all": {"596_fri_c2_250_5": [0.17412519454956055, 0.13130402565002441, 0.15264225006103516, 0.12262606620788574, 0.14473557472229004]}, "time_fit": {"596_fri_c2_250_5": [0.028815507888793945, 0.029236316680908203, 0.03486013412475586, 0.02841782569885254, 0.031325340270996094]}, "sizes": {"596_fri_c2_250_5": []}, "tau": 0.9}, "DecisionTree": {"losses": {"596_fri_c2_250_5": [0.03496817877038302, 0.019746093861717506, 0.029988613037617542, 0.026149405987337664, 0.0203909699803361]}, "coverage": {"596_fri_c2_250_5": [0.18000000000000005, 0.05999999999999994, 0.18000000000000005, 0.020000000000000018, 0.020000000000000018]}, "complexity": {"596_fri_c2_250_5": [15, 9, 37, 9, 7]}, "time_all": {"596_fri_c2_250_5": [0.047441959381103516, 0.0463106632232666, 0.04851531982421875, 0.046135663986206055, 0.04524374008178711]}, "time_fit": {"596_fri_c2_250_5": [0.0030984878540039062, 0.0024526119232177734, 0.004701137542724609, 0.002452850341796875, 0.0022726058959960938]}, "sizes": {"596_fri_c2_250_5": []}, "tau": 0.9}, "LinearQuantile": {"losses": {"596_fri_c2_250_5": [0.09537767576482681, 0.08559104627894544, 0.08781585707729829, 0.06413495567647833, 0.09428282941144583]}, "coverage": {"596_fri_c2_250_5": [0.38, 0.42000000000000004, 0.4, 0.26, 0.52]}, "complexity": {"596_fri_c2_250_5": [5, 5, 5, 5, 5]}, "time_all": {"596_fri_c2_250_5": [0.08901000022888184, 0.17288684844970703, 0.25618743896484375, 0.23581409454345703, 0.15323162078857422]}, "time_fit": {"596_fri_c2_250_5": [0.007074117660522461, 0.015036821365356445, 0.021816730499267578, 0.02057671546936035, 0.013137578964233398]}, "sizes": {"596_fri_c2_250_5": []}, "tau": 0.9}}
