{"SQR": {"losses": {"529_pollen": [0.021975226586778217, 0.023435639963447975, 0.018095063896459155, 0.019123433655747927, 0.018558874052237814]}, "coverage": {"529_pollen": [0.012987012987012991, 0.03506493506493513, 0.0, 0.0002600780234071065, 0.004161248374512372]}, "complexity": {"529_pollen": [5, 6, 7, 8, 7]}, "time_all": {"529_pollen": [273.536732673645, 257.28444147109985, 254.50512099266052, 246.15833187103271, 250.80004954338074]}, "time_fit": {"529_pollen": [273.536732673645, 257.28444147109985, 254.50512099266052, 246.15833187103271, 250.80004954338074]}, "sizes": {"529_pollen": []}, "tau": 0.8}, "LightGBM": {"losses": {"529_pollen": [0.023514780002132165, 0.02274478276349245, 0.02194351005045898, 0.022250316012157906, 0.02265217584996697]}, "coverage": {"529_pollen": [0.02207792207792214, 0.01558441558441559, 0.010389610389610393, 0.04395318595578668, 0.029648894668400483]}, "time_all": {"529_pollen": [0.8499250411987305, 0.8298811912536621, 0.8386483192443848, 0.8333017826080322, 0.83905029296875]}, "time_fit": {"529_pollen": [0.18207502365112305, 0.19442343711853027, 0.19871163368225098, 0.19281840324401855, 0.19038724899291992]}, "sizes": {"529_pollen": []}, "tau": 0.8}, "DecisionTree": {"losses": {"529_pollen": [0.023606804739602666, 0.022352170876204537, 0.02220746370062897, 0.022713260724483795, 0.022239682486854942]}, "coverage": {"529_pollen": [0.0870129870129871, 0.06363636363636371, 0.04805194805194812, 0.03667100130039014, 0.01586475942782839]}, "complexity": {"529_pollen": [229, 231, 239, 237, 153]}, "time_all": {"529_pollen": [0.46976447105407715, 0.41140174865722656, 0.4584634304046631, 0.466813325881958, 0.46282410621643066]}, "time_fit": {"529_pollen": [0.034654855728149414, 0.02765822410583496, 0.03204751014709473, 0.03355574607849121, 0.028886079788208008]}, "sizes": {"529_pollen": []}, "tau": 0.8}, "LinearQuantile": {"losses": {"529_pollen": [0.02592544727829984, 0.024498121670038224, 0.02570468012839086, 0.023381927919753725, 0.02401167189140404]}, "coverage": {"529_pollen": [0.31038961038961044, 0.29740259740259745, 0.30259740259740264, 0.27464239271781543, 0.2902470741222367]}, "complexity": {"529_pollen": [4, 4, 4, 4, 4]}, "time_all": {"529_pollen": [0.2802600860595703, 0.2622373104095459, 0.13191604614257812, 0.23402643203735352, 0.1256239414215088]}, "time_fit": {"529_pollen": [0.021611928939819336, 0.02129840850830078, 0.01101374626159668, 0.019418954849243164, 0.010610103607177734]}, "sizes": {"529_pollen": []}, "tau": 0.8}}
