{"SQR": {"losses": {"523_analcatdata_neavote": [0.027778067777777773, 0.016671667566666683, 0.022222247222222248, 0.030555649444444444, 0.036111111111111115]}, "coverage": {"523_analcatdata_neavote": [0.19999999999999996, 0.4, 0.15000000000000002, 0.15000000000000002, 0.35]}, "complexity": {"523_analcatdata_neavote": [4, 3, 3, 3, 3]}, "time_all": {"523_analcatdata_neavote": [77.89141535758972, 61.985496282577515, 61.18856739997864, 61.13023114204407, 61.57602787017822]}, "time_fit": {"523_analcatdata_neavote": [77.89141535758972, 61.985496282577515, 61.18856739997864, 61.13023114204407, 61.57602787017822]}, "sizes": {"523_analcatdata_neavote": []}, "tau": 0.5}, "LightGBM": {"losses": {"523_analcatdata_neavote": [0.044130353408097685, 0.03847010084042631, 0.040210055415573924, 0.03927692922505947, 0.04755791405233503]}, "coverage": {"523_analcatdata_neavote": [0.19999999999999996, 0.2, 0.15000000000000002, 0.0, 0.09999999999999998]}, "time_all": {"523_analcatdata_neavote": [0.1097249984741211, 0.07529377937316895, 0.06606841087341309, 0.07528352737426758, 0.07609391212463379]}, "time_fit": {"523_analcatdata_neavote": [0.012103080749511719, 0.01702117919921875, 0.014291524887084961, 0.01705479621887207, 0.0141448974609375]}, "sizes": {"523_analcatdata_neavote": []}, "tau": 0.5}, "DecisionTree": {"losses": {"523_analcatdata_neavote": [0.027777777777777776, 0.016666666666666666, 0.022222222222222223, 0.030555555555555558, 0.036111111111111115]}, "coverage": {"523_analcatdata_neavote": [0.4, 0.4, 0.35, 0.35, 0.35]}, "complexity": {"523_analcatdata_neavote": [3, 3, 3, 3, 3]}, "time_all": {"523_analcatdata_neavote": [0.029275178909301758, 0.02793097496032715, 0.02663445472717285, 0.027615785598754883, 0.028496265411376953]}, "time_fit": {"523_analcatdata_neavote": [0.0017096996307373047, 0.001672506332397461, 0.0016810894012451172, 0.0016489028930664062, 0.0016815662384033203]}, "sizes": {"523_analcatdata_neavote": []}, "tau": 0.5}, "LinearQuantile": {"losses": {"523_analcatdata_neavote": [0.035000003422814494, 0.016666692459194096, 0.02222223269406296, 0.03166667142487539, 0.03611111628008171]}, "coverage": {"523_analcatdata_neavote": [0.15000000000000002, 0.4, 0.35, 0.15000000000000002, 0.2]}, "complexity": {"523_analcatdata_neavote": [6, 6, 6, 6, 6]}, "time_all": {"523_analcatdata_neavote": [0.05676770210266113, 0.0430607795715332, 0.05688738822937012, 0.05636239051818848, 0.0574798583984375]}, "time_fit": {"523_analcatdata_neavote": [0.004154205322265625, 0.003320455551147461, 0.004572153091430664, 0.004467964172363281, 0.004633665084838867]}, "sizes": {"523_analcatdata_neavote": []}, "tau": 0.5}}
