{"SQR": {"losses": {"678_visualizing_environmental": [0.05942171002565387, 0.06356081671423945, 0.08127003207559319, 0.06033307598145731, 0.08194223310491748]}, "coverage": {"678_visualizing_environmental": [0.15217391304347827, 0.09090909090909088, 0.13636363636363635, 0.18181818181818177, 0.3181818181818182]}, "complexity": {"678_visualizing_environmental": [3, 11, 9, 5, 3]}, "time_all": {"678_visualizing_environmental": [79.30613970756531, 64.95990014076233, 65.39582061767578, 65.26730275154114, 64.30368328094482]}, "time_fit": {"678_visualizing_environmental": [79.30613970756531, 64.95990014076233, 65.39582061767578, 65.26730275154114, 64.30368328094482]}, "sizes": {"678_visualizing_environmental": []}, "tau": 0.5}, "LightGBM": {"losses": {"678_visualizing_environmental": [0.05130719906179341, 0.05444661939623448, 0.08506035052462348, 0.05906166295965191, 0.07634133853002037]}, "coverage": {"678_visualizing_environmental": [0.10869565217391308, 0.2272727272727273, 0.18181818181818182, 0.2272727272727273, 0.2727272727272727]}, "time_all": {"678_visualizing_environmental": [0.1277620792388916, 0.08040952682495117, 0.0755605697631836, 0.08367180824279785, 0.0920717716217041]}, "time_fit": {"678_visualizing_environmental": [0.016663789749145508, 0.016304969787597656, 0.011640787124633789, 0.01625537872314453, 0.016635894775390625]}, "sizes": {"678_visualizing_environmental": []}, "tau": 0.5}, "DecisionTree": {"losses": {"678_visualizing_environmental": [0.04849952493550937, 0.04446640296999707, 0.08399209057235885, 0.05447134194493272, 0.07756916442279436]}, "coverage": {"678_visualizing_environmental": [0.19565217391304346, 0.31818181818181823, 0.2272727272727273, 0.09090909090909094, 0.3181818181818182]}, "complexity": {"678_visualizing_environmental": [5, 5, 15, 1, 3]}, "time_all": {"678_visualizing_environmental": [0.03253984451293945, 0.03237438201904297, 0.03221535682678223, 0.03086090087890625, 0.0317838191986084]}, "time_fit": {"678_visualizing_environmental": [0.001878976821899414, 0.0018725395202636719, 0.0025577545166015625, 0.0015001296997070312, 0.001712799072265625]}, "sizes": {"678_visualizing_environmental": []}, "tau": 0.5}, "LinearQuantile": {"losses": {"678_visualizing_environmental": [0.05840819564368756, 0.048261509026128656, 0.09051345719328209, 0.05508427488281226, 0.0804602521778761]}, "coverage": {"678_visualizing_environmental": [0.06521739130434778, 0.045454545454545414, 0.0, 0.13636363636363635, 0.2727272727272727]}, "complexity": {"678_visualizing_environmental": [3, 3, 3, 3, 3]}, "time_all": {"678_visualizing_environmental": [0.2277817726135254, 0.04883837699890137, 0.156998872756958, 0.06667423248291016, 0.060418128967285156]}, "time_fit": {"678_visualizing_environmental": [0.019605159759521484, 0.0038537979125976562, 0.013231515884399414, 0.005434989929199219, 0.004889965057373047]}, "sizes": {"678_visualizing_environmental": []}, "tau": 0.5}}
