{"SQR": {"losses": {"547_no2": [0.0355607762992075, 0.03761173040916941, 0.042917975431859955, 0.039304483015737045, 0.046047579104816216]}, "coverage": {"547_no2": [0.0, 0.019999999999999907, 0.029999999999999916, 0.040000000000000036, 0.039999999999999925]}, "complexity": {"547_no2": [6, 4, 4, 5, 3]}, "time_all": {"547_no2": [96.26977443695068, 81.82750272750854, 90.6778633594513, 82.02843046188354, 80.04498314857483]}, "time_fit": {"547_no2": [96.26977443695068, 81.82750272750854, 90.6778633594513, 82.02843046188354, 80.04498314857483]}, "sizes": {"547_no2": []}, "tau": 0.7}, "LightGBM": {"losses": {"547_no2": [0.033259645995051206, 0.028271363262911114, 0.0340734320385508, 0.029606913760788073, 0.03563992168845544]}, "coverage": {"547_no2": [0.029999999999999916, 0.050000000000000044, 0.04999999999999993, 0.030000000000000027, 0.039999999999999925]}, "time_all": {"547_no2": [0.26755285263061523, 0.20741653442382812, 0.23064208030700684, 0.22050213813781738, 0.23872709274291992]}, "time_fit": {"547_no2": [0.05527162551879883, 0.04180264472961426, 0.05164504051208496, 0.04947328567504883, 0.05023837089538574]}, "sizes": {"547_no2": []}, "tau": 0.7}, "DecisionTree": {"losses": {"547_no2": [0.033479642337327406, 0.030289767852733747, 0.033601920124975294, 0.030297092027903216, 0.03653969229618758]}, "coverage": {"547_no2": [0.0, 0.040000000000000036, 0.010000000000000009, 0.06000000000000005, 0.12]}, "complexity": {"547_no2": [27, 11, 31, 13, 71]}, "time_all": {"547_no2": [0.07566285133361816, 0.0709848403930664, 0.07306957244873047, 0.07119989395141602, 0.07703089714050293]}, "time_fit": {"547_no2": [0.00485682487487793, 0.0031766891479492188, 0.005034685134887695, 0.0033636093139648438, 0.008405923843383789]}, "sizes": {"547_no2": []}, "tau": 0.7}, "LinearQuantile": {"losses": {"547_no2": [0.03519082914954512, 0.035430327786102646, 0.03595574332531742, 0.031054923214293387, 0.04031439526515958]}, "coverage": {"547_no2": [0.09999999999999998, 0.040000000000000036, 0.07000000000000006, 0.0, 0.07999999999999996]}, "complexity": {"547_no2": [7, 7, 7, 7, 7]}, "time_all": {"547_no2": [0.446183443069458, 0.14890265464782715, 0.18981432914733887, 0.3624124526977539, 0.2413642406463623]}, "time_fit": {"547_no2": [0.03929615020751953, 0.01296687126159668, 0.016632795333862305, 0.032305240631103516, 0.02133488655090332]}, "sizes": {"547_no2": []}, "tau": 0.7}}
