{"SQR": {"losses": {"1027_ESL": [0.02015306122448979, 0.030357142857142853, 0.02704081632653061, 0.02345360824742268, 0.026804123711340208]}, "coverage": {"1027_ESL": [0.1489795918367347, 0.09795918367346934, 0.10816326530612241, 0.1175257731958762, 0.07628865979381438]}, "complexity": {"1027_ESL": [14, 10, 10, 8, 8]}, "time_all": {"1027_ESL": [99.150221824646, 87.50531125068665, 86.0643413066864, 86.79414820671082, 88.53663659095764]}, "time_fit": {"1027_ESL": [99.150221824646, 87.50531125068665, 86.0643413066864, 86.79414820671082, 88.53663659095764]}, "sizes": {"1027_ESL": []}, "tau": 0.8}, "LightGBM": {"losses": {"1027_ESL": [0.024557361984696126, 0.03086361180923229, 0.027106345809791408, 0.025174205961783182, 0.02189182423629849]}, "coverage": {"1027_ESL": [0.0653061224489796, 0.03469387755102049, 0.004081632653061273, 0.024742268041237025, 0.014432989690721598]}, "time_all": {"1027_ESL": [0.22099018096923828, 0.20557713508605957, 0.18308687210083008, 0.18181633949279785, 0.18715691566467285]}, "time_fit": {"1027_ESL": [0.034194231033325195, 0.03825879096984863, 0.033638954162597656, 0.039034128189086914, 0.03410696983337402]}, "sizes": {"1027_ESL": []}, "tau": 0.8}, "DecisionTree": {"losses": {"1027_ESL": [0.018979591836734692, 0.02372448979591836, 0.02168367346938775, 0.017164948453608244, 0.015000000000000001]}, "coverage": {"1027_ESL": [0.09795918367346934, 0.0775510204081632, 0.09795918367346934, 0.12783505154639174, 0.12783505154639174]}, "complexity": {"1027_ESL": [129, 125, 127, 121, 133]}, "time_all": {"1027_ESL": [0.0685262680053711, 0.0669407844543457, 0.06656312942504883, 0.06553411483764648, 0.06676483154296875]}, "time_fit": {"1027_ESL": [0.011765718460083008, 0.011194944381713867, 0.011359930038452148, 0.0107879638671875, 0.011520624160766602]}, "sizes": {"1027_ESL": []}, "tau": 0.8}, "LinearQuantile": {"losses": {"1027_ESL": [0.01860118514302142, 0.022038439305865142, 0.018341724835683207, 0.021391717429090795, 0.01666666715238938]}, "coverage": {"1027_ESL": [0.11632653061224496, 0.055102040816326525, 0.0653061224489796, 0.06804123711340215, 0.03711340206185576]}, "complexity": {"1027_ESL": [34, 34, 34, 34, 34]}, "time_all": {"1027_ESL": [0.6606945991516113, 0.5978443622589111, 7.594383001327515, 0.8446414470672607, 0.5984151363372803]}, "time_fit": {"1027_ESL": [0.056731224060058594, 0.05367445945739746, 0.7048099040985107, 0.07638859748840332, 0.05073857307434082]}, "sizes": {"1027_ESL": []}, "tau": 0.8}}
