{"SQR": {"losses": {"557_analcatdata_apnea1": [0.004258758264582809, 0.0069744734103776, 0.00768993770412241, 0.0032862176148038976, 0.0063422475839907295]}, "coverage": {"557_analcatdata_apnea1": [0.21578947368421053, 0.13157894736842113, 0.13157894736842113, 0.16315789473684217, 0.12105263157894741]}, "complexity": {"557_analcatdata_apnea1": [8, 9, 7, 8, 7]}, "time_all": {"557_analcatdata_apnea1": [111.0072672367096, 98.33791422843933, 85.89654588699341, 88.24021291732788, 97.49906802177429]}, "time_fit": {"557_analcatdata_apnea1": [111.0072672367096, 98.33791422843933, 85.89654588699341, 88.24021291732788, 97.49906802177429]}, "sizes": {"557_analcatdata_apnea1": []}, "tau": 0.9}, "LightGBM": {"losses": {"557_analcatdata_apnea1": [0.019916587922556864, 0.017328766277949298, 0.01834264319598934, 0.017144713035319042, 0.018347412242517357]}, "coverage": {"557_analcatdata_apnea1": [0.0368421052631579, 0.0368421052631579, 0.015789473684210464, 0.0368421052631579, 0.0052631578947368585]}, "time_all": {"557_analcatdata_apnea1": [0.20464301109313965, 0.15346407890319824, 0.19504213333129883, 0.16651391983032227, 0.1683957576751709]}, "time_fit": {"557_analcatdata_apnea1": [0.03532767295837402, 0.03378891944885254, 0.03493142127990723, 0.036008358001708984, 0.030549287796020508]}, "sizes": {"557_analcatdata_apnea1": []}, "tau": 0.9}, "DecisionTree": {"losses": {"557_analcatdata_apnea1": [0.0032275061835036803, 0.006140946037103249, 0.003756106140313772, 0.0028468873210902557, 0.004724722215419686]}, "coverage": {"557_analcatdata_apnea1": [0.0052631578947368585, 0.02631578947368418, 0.13157894736842113, 0.015789473684210575, 0.015789473684210575]}, "complexity": {"557_analcatdata_apnea1": [57, 123, 121, 53, 61]}, "time_all": {"557_analcatdata_apnea1": [0.05998539924621582, 0.06206369400024414, 0.06284904479980469, 0.05688142776489258, 0.05858588218688965]}, "time_fit": {"557_analcatdata_apnea1": [0.006063222885131836, 0.010457038879394531, 0.010282516479492188, 0.0055828094482421875, 0.006109476089477539]}, "sizes": {"557_analcatdata_apnea1": []}, "tau": 0.9}, "LinearQuantile": {"losses": {"557_analcatdata_apnea1": [0.017900213479691438, 0.018678255216886066, 0.019709033020014855, 0.01775821794665213, 0.018087659760504835]}, "coverage": {"557_analcatdata_apnea1": [0.015789473684210575, 0.09999999999999998, 0.02631578947368418, 0.0368421052631579, 0.0368421052631579]}, "complexity": {"557_analcatdata_apnea1": [11, 11, 11, 11, 11]}, "time_all": {"557_analcatdata_apnea1": [4.753573894500732, 0.20938348770141602, 0.3279893398284912, 0.4728705883026123, 0.23623394966125488]}, "time_fit": {"557_analcatdata_apnea1": [0.1528770923614502, 0.018680810928344727, 0.02820134162902832, 0.04023003578186035, 0.020964622497558594]}, "sizes": {"557_analcatdata_apnea1": []}, "tau": 0.9}}
