{"SQR": {"losses": {"633_fri_c0_500_25": [0.02326269394776473, 0.019563499114817192, 0.020286923428802974, 0.021780590634592263, 0.016373259886947926]}, "coverage": {"633_fri_c0_500_25": [0.039999999999999925, 0.1399999999999999, 0.04999999999999993, 0.030000000000000027, 0.06000000000000005]}, "complexity": {"633_fri_c0_500_25": [11, 11, 12, 13, 13]}, "time_all": {"633_fri_c0_500_25": [103.10188221931458, 90.13002157211304, 91.65858459472656, 90.06511616706848, 90.37381625175476]}, "time_fit": {"633_fri_c0_500_25": [103.10188221931458, 90.13002157211304, 91.65858459472656, 90.06511616706848, 90.37381625175476]}, "sizes": {"633_fri_c0_500_25": []}, "tau": 0.7}, "LightGBM": {"losses": {"633_fri_c0_500_25": [0.03331321684106636, 0.03348307572797335, 0.032668005923204825, 0.04136673953682442, 0.041317609150014645]}, "coverage": {"633_fri_c0_500_25": [0.019999999999999907, 0.06999999999999995, 0.020000000000000018, 0.05999999999999994, 0.030000000000000027]}, "time_all": {"633_fri_c0_500_25": [0.2762105464935303, 0.23463106155395508, 0.23209071159362793, 0.2306509017944336, 0.235274076461792]}, "time_fit": {"633_fri_c0_500_25": [0.05027270317077637, 0.05123448371887207, 0.049903154373168945, 0.05097842216491699, 0.052702903747558594]}, "sizes": {"633_fri_c0_500_25": []}, "tau": 0.7}, "DecisionTree": {"losses": {"633_fri_c0_500_25": [0.038921682946097456, 0.04202015407868731, 0.038823552455659126, 0.040273739176372454, 0.041408129903406365]}, "coverage": {"633_fri_c0_500_25": [0.05999999999999994, 0.07999999999999996, 0.010000000000000009, 0.0, 0.08999999999999997]}, "complexity": {"633_fri_c0_500_25": [31, 15, 31, 31, 31]}, "time_all": {"633_fri_c0_500_25": [0.12451791763305664, 0.12683725357055664, 0.1301271915435791, 0.1253342628479004, 0.1296064853668213]}, "time_fit": {"633_fri_c0_500_25": [0.010164260864257812, 0.007336139678955078, 0.010571002960205078, 0.010169029235839844, 0.010364055633544922]}, "sizes": {"633_fri_c0_500_25": []}, "tau": 0.7}, "LinearQuantile": {"losses": {"633_fri_c0_500_25": [0.04012020227047826, 0.04347849474076773, 0.03778359237703255, 0.04576726966956473, 0.046466160761978854]}, "coverage": {"633_fri_c0_500_25": [0.21999999999999997, 0.39999999999999997, 0.20999999999999996, 0.23999999999999994, 0.27999999999999997]}, "complexity": {"633_fri_c0_500_25": [25, 25, 25, 25, 25]}, "time_all": {"633_fri_c0_500_25": [1.9262030124664307, 0.7318978309631348, 1.3503599166870117, 4.074220657348633, 0.7316820621490479]}, "time_fit": {"633_fri_c0_500_25": [0.11320757865905762, 0.05489778518676758, 0.09609436988830566, 0.2745025157928467, 0.0545351505279541]}, "sizes": {"633_fri_c0_500_25": []}, "tau": 0.7}}
