{"SQR": {"losses": {"604_fri_c4_500_10": [0.011721390507744936, 0.0110737644267054, 0.010138795495661903, 0.00685092234007341, 0.010659030070339979]}, "coverage": {"604_fri_c4_500_10": [0.039999999999999925, 0.0, 0.06000000000000005, 0.030000000000000027, 0.020000000000000018]}, "complexity": {"604_fri_c4_500_10": [16, 10, 11, 12, 13]}, "time_all": {"604_fri_c4_500_10": [120.19144034385681, 87.00348043441772, 96.07486653327942, 100.69590711593628, 94.55875992774963]}, "time_fit": {"604_fri_c4_500_10": [120.19144034385681, 87.00348043441772, 96.07486653327942, 100.69590711593628, 94.55875992774963]}, "sizes": {"604_fri_c4_500_10": []}, "tau": 0.9}, "LightGBM": {"losses": {"604_fri_c4_500_10": [0.018657951528648496, 0.01996370930138989, 0.019302529453103835, 0.017571619799577044, 0.017479060288086153]}, "coverage": {"604_fri_c4_500_10": [0.010000000000000009, 0.06000000000000005, 0.039999999999999925, 0.07000000000000006, 0.010000000000000009]}, "time_all": {"604_fri_c4_500_10": [0.2279062271118164, 0.20253729820251465, 0.20432591438293457, 0.18783879280090332, 0.1770477294921875]}, "time_fit": {"604_fri_c4_500_10": [0.04314136505126953, 0.04188799858093262, 0.0399777889251709, 0.042877197265625, 0.04195070266723633]}, "sizes": {"604_fri_c4_500_10": []}, "tau": 0.9}, "DecisionTree": {"losses": {"604_fri_c4_500_10": [0.015476433644293222, 0.017010281234250305, 0.019909139514445638, 0.02285028465753376, 0.014909622944049183]}, "coverage": {"604_fri_c4_500_10": [0.08000000000000007, 0.08999999999999997, 0.06000000000000005, 0.20000000000000007, 0.050000000000000044]}, "complexity": {"604_fri_c4_500_10": [65, 69, 65, 73, 67]}, "time_all": {"604_fri_c4_500_10": [0.09469342231750488, 0.0900576114654541, 0.08876943588256836, 0.08992886543273926, 0.08930563926696777]}, "time_fit": {"604_fri_c4_500_10": [0.009860992431640625, 0.009829998016357422, 0.009613513946533203, 0.010021209716796875, 0.009524822235107422]}, "sizes": {"604_fri_c4_500_10": []}, "tau": 0.9}, "LinearQuantile": {"losses": {"604_fri_c4_500_10": [0.06431164987454699, 0.06391742431131549, 0.05590006575998233, 0.07129504642528849, 0.06753032467732362]}, "coverage": {"604_fri_c4_500_10": [0.43000000000000005, 0.43000000000000005, 0.42000000000000004, 0.56, 0.48000000000000004]}, "complexity": {"604_fri_c4_500_10": [10, 10, 10, 10, 10]}, "time_all": {"604_fri_c4_500_10": [0.3646118640899658, 2.954237461090088, 0.37374258041381836, 0.82657790184021, 0.5135805606842041]}, "time_fit": {"604_fri_c4_500_10": [0.03199028968811035, 0.14900422096252441, 0.03293585777282715, 0.07366609573364258, 0.04375815391540527]}, "sizes": {"604_fri_c4_500_10": []}, "tau": 0.9}}
