{"SQR": {"losses": {"615_fri_c4_250_10": [0.015555320148790462, 0.024394441856448488, 0.0278681761939098, 0.022529595227478966, 0.01870158533621166]}, "coverage": {"615_fri_c4_250_10": [0.09999999999999998, 0.15999999999999998, 0.08000000000000007, 0.18, 0.06000000000000005]}, "complexity": {"615_fri_c4_250_10": [11, 10, 9, 10, 11]}, "time_all": {"615_fri_c4_250_10": [90.40621018409729, 72.53336763381958, 73.45098996162415, 72.72320318222046, 72.99429273605347]}, "time_fit": {"615_fri_c4_250_10": [90.40621018409729, 72.53336763381958, 73.45098996162415, 72.72320318222046, 72.99429273605347]}, "sizes": {"615_fri_c4_250_10": []}, "tau": 0.6}, "LightGBM": {"losses": {"615_fri_c4_250_10": [0.03637834077293801, 0.03615703497437653, 0.03724442585475649, 0.03595291175536121, 0.04549988182896026]}, "coverage": {"615_fri_c4_250_10": [0.05999999999999994, 0.13999999999999996, 0.05999999999999994, 0.08000000000000007, 0.05999999999999994]}, "time_all": {"615_fri_c4_250_10": [0.1866927146911621, 0.16900897026062012, 0.16996550559997559, 0.14389801025390625, 0.1408693790435791]}, "time_fit": {"615_fri_c4_250_10": [0.03567337989807129, 0.041269540786743164, 0.03956937789916992, 0.034700870513916016, 0.03427481651306152]}, "sizes": {"615_fri_c4_250_10": []}, "tau": 0.6}, "DecisionTree": {"losses": {"615_fri_c4_250_10": [0.038785600122299924, 0.03277646132801438, 0.03791704356030216, 0.035461324208012894, 0.04618392958413433]}, "coverage": {"615_fri_c4_250_10": [0.05999999999999994, 0.19999999999999996, 0.020000000000000018, 0.040000000000000036, 0.05999999999999994]}, "complexity": {"615_fri_c4_250_10": [83, 79, 81, 77, 83]}, "time_all": {"615_fri_c4_250_10": [0.05944204330444336, 0.0556035041809082, 0.0570528507232666, 0.05541372299194336, 0.05622100830078125]}, "time_fit": {"615_fri_c4_250_10": [0.009301185607910156, 0.00867772102355957, 0.008873462677001953, 0.008597612380981445, 0.0089111328125]}, "sizes": {"615_fri_c4_250_10": []}, "tau": 0.6}, "LinearQuantile": {"losses": {"615_fri_c4_250_10": [0.053607227536527156, 0.05411648325954416, 0.06157488559969578, 0.055583545397146494, 0.06840747543882207]}, "coverage": {"615_fri_c4_250_10": [0.18, 0.21999999999999997, 0.12, 0.0, 0.15999999999999998]}, "complexity": {"615_fri_c4_250_10": [10, 10, 10, 10, 10]}, "time_all": {"615_fri_c4_250_10": [1.0871410369873047, 0.2593090534210205, 0.4889829158782959, 0.5006835460662842, 0.18284010887145996]}, "time_fit": {"615_fri_c4_250_10": [0.09704732894897461, 0.023155927658081055, 0.044118642807006836, 0.0408940315246582, 0.015768051147460938]}, "sizes": {"615_fri_c4_250_10": []}, "tau": 0.6}}
