{"SQR": {"losses": {"658_fri_c3_250_25": [0.01594995939601035, 0.008421978996381327, 0.008144484370721523, 0.01714750527271286, 0.010494049771314903]}, "coverage": {"658_fri_c3_250_25": [0.019999999999999907, 0.020000000000000018, 0.039999999999999925, 0.040000000000000036, 0.06000000000000005]}, "complexity": {"658_fri_c3_250_25": [15, 14, 13, 11, 12]}, "time_all": {"658_fri_c3_250_25": [88.56250286102295, 76.59571528434753, 72.15889954566956, 74.36099219322205, 71.84711933135986]}, "time_fit": {"658_fri_c3_250_25": [88.56250286102295, 76.59571528434753, 72.15889954566956, 74.36099219322205, 71.84711933135986]}, "sizes": {"658_fri_c3_250_25": []}, "tau": 0.8}, "LightGBM": {"losses": {"658_fri_c3_250_25": [0.025581465520465814, 0.028201983271584456, 0.028495491010640677, 0.0351164586809889, 0.023966551444589274]}, "coverage": {"658_fri_c3_250_25": [0.0, 0.0, 0.08000000000000007, 0.10000000000000009, 0.020000000000000018]}, "time_all": {"658_fri_c3_250_25": [0.1926100254058838, 0.17490100860595703, 0.14621901512145996, 0.15259194374084473, 0.14195728302001953]}, "time_fit": {"658_fri_c3_250_25": [0.03558921813964844, 0.04311680793762207, 0.03441977500915527, 0.03650808334350586, 0.0334169864654541]}, "sizes": {"658_fri_c3_250_25": []}, "tau": 0.8}, "DecisionTree": {"losses": {"658_fri_c3_250_25": [0.027834090608811462, 0.028348471399247184, 0.02463150488065051, 0.03606419982417736, 0.025304338939881495]}, "coverage": {"658_fri_c3_250_25": [0.06000000000000005, 0.040000000000000036, 0.09999999999999998, 0.12, 0.06000000000000005]}, "complexity": {"658_fri_c3_250_25": [9, 9, 9, 35, 15]}, "time_all": {"658_fri_c3_250_25": [0.06558752059936523, 0.06450080871582031, 0.06423544883728027, 0.06693720817565918, 0.06766819953918457]}, "time_fit": {"658_fri_c3_250_25": [0.0038568973541259766, 0.0037565231323242188, 0.0037925243377685547, 0.0070421695709228516, 0.004782676696777344]}, "sizes": {"658_fri_c3_250_25": []}, "tau": 0.8}, "LinearQuantile": {"losses": {"658_fri_c3_250_25": [0.06255359115098066, 0.05708612250868466, 0.06630261992363365, 0.07926833490548112, 0.06714967734970928]}, "coverage": {"658_fri_c3_250_25": [0.28, 0.34, 0.4, 0.46, 0.32000000000000006]}, "complexity": {"658_fri_c3_250_25": [25, 25, 25, 25, 25]}, "time_all": {"658_fri_c3_250_25": [0.4753289222717285, 0.7455530166625977, 1.5195660591125488, 2.6722359657287598, 0.8915266990661621]}, "time_fit": {"658_fri_c3_250_25": [0.041719913482666016, 0.06719756126403809, 0.11141657829284668, 0.19377517700195312, 0.062400102615356445]}, "sizes": {"658_fri_c3_250_25": []}, "tau": 0.8}}
