{"SQR": {"losses": {"564_fried": [0.015732261756734006, 0.01567433924751311, 0.015772909372646155, 0.015820412401832643, 0.01590785486549225]}, "coverage": {"564_fried": [0.016188373804267853, 0.024405199901888663, 0.01483934265391218, 0.0109775542745002, 0.012449405126947144]}, "complexity": {"564_fried": [11, 10, 11, 10, 12]}, "time_all": {"564_fried": [555.6949644088745, 567.6567368507385, 603.1817572116852, 579.9206109046936, 597.5067045688629]}, "time_fit": {"564_fried": [555.6949644088745, 567.6567368507385, 603.1817572116852, 579.9206109046936, 597.5067045688629]}, "sizes": {"564_fried": []}, "tau": 0.5}, "LightGBM": {"losses": {"564_fried": [0.025166579235973107, 0.02568611241177855, 0.026062836909139908, 0.0252730861838148, 0.025458685357435354]}, "coverage": {"564_fried": [0.012754476330635311, 0.008584743684081464, 0.019744910473387334, 0.005703422053231932, 0.0009199067827793117]}, "time_all": {"564_fried": [2.1483020782470703, 2.0330543518066406, 2.0468339920043945, 2.054180145263672, 2.0445194244384766]}, "time_fit": {"564_fried": [0.5811877250671387, 0.5280232429504395, 0.5260646343231201, 0.5177311897277832, 0.5240590572357178]}, "sizes": {"564_fried": []}, "tau": 0.5}, "DecisionTree": {"losses": {"564_fried": [0.021912557566772503, 0.021512022007864458, 0.021893602866988725, 0.022098866461979113, 0.021728994382946416]}, "coverage": {"564_fried": [0.0018395879323032105, 0.0023301447142506926, 0.015084621044885949, 0.004844842389304604, 0.003250337299153694]}, "complexity": {"564_fried": [5677, 5635, 5663, 5649, 5659]}, "time_all": {"564_fried": [5.2018678188323975, 5.199283838272095, 5.1939780712127686, 5.199229955673218, 5.1820313930511475]}, "time_fit": {"564_fried": [0.5894479751586914, 0.5894114971160889, 0.5907495021820068, 0.5892748832702637, 0.5892527103424072]}, "sizes": {"564_fried": []}, "tau": 0.5}, "LinearQuantile": {"losses": {"564_fried": [0.03168369081173972, 0.03167521848307991, 0.03234737974768514, 0.03166001555952152, 0.03164429897550216]}, "coverage": {"564_fried": [0.00919793966151583, 0.010546970811871448, 0.0014716703458425018, 0.006071384766343724, 0.0025144118729302223]}, "complexity": {"564_fried": [10, 10, 10, 10, 10]}, "time_all": {"564_fried": [8.936636924743652, 10.738085508346558, 3.0941319465637207, 4.524099349975586, 5.554549694061279]}, "time_fit": {"564_fried": [0.7922642230987549, 0.9271419048309326, 0.26006245613098145, 0.38589906692504883, 0.4652516841888428]}, "sizes": {"564_fried": []}, "tau": 0.5}}
