{"SQR": {"losses": {"598_fri_c0_1000_25": [0.017174379697823337, 0.018286994683571076, 0.017848832019395588, 0.01903650062323632, 0.019473070898827653]}, "coverage": {"598_fri_c0_1000_25": [0.010000000000000009, 0.03500000000000003, 0.04499999999999993, 0.04500000000000004, 0.05999999999999994]}, "complexity": {"598_fri_c0_1000_25": [15, 11, 12, 15, 11]}, "time_all": {"598_fri_c0_1000_25": [107.95199179649353, 96.37402534484863, 103.16594338417053, 96.25941824913025, 98.09426736831665]}, "time_fit": {"598_fri_c0_1000_25": [107.95199179649353, 96.37402534484863, 103.16594338417053, 96.25941824913025, 98.09426736831665]}, "sizes": {"598_fri_c0_1000_25": []}, "tau": 0.7}, "LightGBM": {"losses": {"598_fri_c0_1000_25": [0.035563355809267075, 0.03617109987424733, 0.03482709695239724, 0.0332698579847872, 0.03534803879876098]}, "coverage": {"598_fri_c0_1000_25": [0.010000000000000009, 0.0050000000000000044, 0.05999999999999994, 0.015000000000000013, 0.03500000000000003]}, "time_all": {"598_fri_c0_1000_25": [0.46085643768310547, 0.43158459663391113, 0.40194010734558105, 0.4057505130767822, 0.40615367889404297]}, "time_fit": {"598_fri_c0_1000_25": [0.08090591430664062, 0.07737612724304199, 0.07725715637207031, 0.07537961006164551, 0.0784902572631836]}, "sizes": {"598_fri_c0_1000_25": []}, "tau": 0.7}, "DecisionTree": {"losses": {"598_fri_c0_1000_25": [0.041702363168817855, 0.039775615897185215, 0.03808986763507545, 0.04202319907317185, 0.04123389349673996]}, "coverage": {"598_fri_c0_1000_25": [0.08999999999999997, 0.05999999999999994, 0.039999999999999925, 0.09499999999999997, 0.08999999999999997]}, "complexity": {"598_fri_c0_1000_25": [139, 63, 59, 137, 145]}, "time_all": {"598_fri_c0_1000_25": [0.2915527820587158, 0.2841365337371826, 0.2830660343170166, 0.2821512222290039, 0.2832915782928467]}, "time_fit": {"598_fri_c0_1000_25": [0.032328128814697266, 0.023412704467773438, 0.022368907928466797, 0.030033111572265625, 0.031565189361572266]}, "sizes": {"598_fri_c0_1000_25": []}, "tau": 0.7}, "LinearQuantile": {"losses": {"598_fri_c0_1000_25": [0.04718818499160101, 0.04571378275068345, 0.042325365733465174, 0.04223548948151108, 0.046005781009303345]}, "coverage": {"598_fri_c0_1000_25": [0.26999999999999996, 0.18499999999999994, 0.22999999999999998, 0.21499999999999997, 0.17499999999999993]}, "complexity": {"598_fri_c0_1000_25": [25, 25, 25, 25, 25]}, "time_all": {"598_fri_c0_1000_25": [0.9769296646118164, 0.6821796894073486, 1.2010951042175293, 2.241076707839966, 0.7669191360473633]}, "time_fit": {"598_fri_c0_1000_25": [0.07635378837585449, 0.05223488807678223, 0.10933399200439453, 0.18514108657836914, 0.05513334274291992]}, "sizes": {"598_fri_c0_1000_25": []}, "tau": 0.7}}
