{"SQR": {"losses": {"197_cpu_act": [0.006147844256748134, 0.005593546695754312, 0.006139565880577464, 0.00575673258062783, 0.005426605341827692]}, "coverage": {"197_cpu_act": [0.037278828553996335, 0.0006711409395973034, 0.011111111111111183, 0.005982905982905962, 0.00293040293040292]}, "complexity": {"197_cpu_act": [4, 5, 4, 5, 5]}, "time_all": {"197_cpu_act": [510.2195439338684, 387.1571991443634, 541.6280019283295, 390.9998869895935, 400.41738295555115]}, "time_fit": {"197_cpu_act": [510.2195439338684, 387.1571991443634, 541.6280019283295, 390.9998869895935, 400.41738295555115]}, "sizes": {"197_cpu_act": []}, "tau": 0.9}, "LightGBM": {"losses": {"197_cpu_act": [0.008440937323918065, 0.008846938892245795, 0.008920026681571228, 0.009268418138332053, 0.009964037927474509]}, "coverage": {"197_cpu_act": [0.00726052471018912, 0.028004881025015194, 0.002564102564102555, 0.03284493284493284, 0.037728937728937706]}, "time_all": {"197_cpu_act": [1.01493239402771, 0.989100456237793, 0.9613437652587891, 0.9663493633270264, 0.9738161563873291]}, "time_fit": {"197_cpu_act": [0.14515066146850586, 0.1417069435119629, 0.14250826835632324, 0.13390731811523438, 0.14908146858215332]}, "sizes": {"197_cpu_act": []}, "tau": 0.9}, "DecisionTree": {"losses": {"197_cpu_act": [0.00457318764213212, 0.0045238843591497635, 0.004514189514189513, 0.004300760967427633, 0.0041277241277241266]}, "coverage": {"197_cpu_act": [0.011043319097010396, 6.101281269066394e-05, 0.009645909645909612, 0.007814407814407787, 0.024297924297924323]}, "complexity": {"197_cpu_act": [321, 231, 205, 227, 267]}, "time_all": {"197_cpu_act": [1.6636292934417725, 1.6551215648651123, 1.3839917182922363, 1.652418613433838, 1.4469349384307861]}, "time_fit": {"197_cpu_act": [0.10210275650024414, 0.09205865859985352, 0.08970451354980469, 0.09308958053588867, 0.09740757942199707]}, "sizes": {"197_cpu_act": []}, "tau": 0.9}, "LinearQuantile": {"losses": {"197_cpu_act": [0.03274272234235256, 0.03135529733905536, 0.03071546143823342, 0.030796032503379332, 0.03028261126830779]}, "coverage": {"197_cpu_act": [0.028737034777303272, 0.03544844417327642, 0.03675213675213673, 0.04163614163614171, 0.028205128205128216]}, "complexity": {"197_cpu_act": [21, 21, 21, 21, 21]}, "time_all": {"197_cpu_act": [46.053706645965576, 52.4698007106781, 55.79353046417236, 50.33079218864441, 50.43490028381348]}, "time_fit": {"197_cpu_act": [2.3029897212982178, 3.603541851043701, 6.454746246337891, 1.8148407936096191, 1.800874948501587]}, "sizes": {"197_cpu_act": []}, "tau": 0.9}}
