{"SQR": {"losses": {"581_fri_c3_500_25": [0.01163451681669912, 0.00565859735308707, 0.007605086170611327, 0.008044268359864605, 0.009302592895324362]}, "coverage": {"581_fri_c3_500_25": [0.030000000000000027, 0.030000000000000027, 0.050000000000000044, 0.0, 0.010000000000000009]}, "complexity": {"581_fri_c3_500_25": [8, 16, 13, 15, 11]}, "time_all": {"581_fri_c3_500_25": [110.86605072021484, 89.11032700538635, 90.6945059299469, 88.66331076622009, 90.02171397209167]}, "time_fit": {"581_fri_c3_500_25": [110.86605072021484, 89.11032700538635, 90.6945059299469, 88.66331076622009, 90.02171397209167]}, "sizes": {"581_fri_c3_500_25": []}, "tau": 0.9}, "LightGBM": {"losses": {"581_fri_c3_500_25": [0.021079626239548496, 0.02218639160929171, 0.016628968085244698, 0.01843827981451382, 0.020015172909007364]}, "coverage": {"581_fri_c3_500_25": [0.06000000000000005, 0.050000000000000044, 0.0, 0.030000000000000027, 0.0]}, "time_all": {"581_fri_c3_500_25": [0.2270524501800537, 0.18903708457946777, 0.21107983589172363, 0.20343565940856934, 0.18680334091186523]}, "time_fit": {"581_fri_c3_500_25": [0.04355454444885254, 0.0426785945892334, 0.04388070106506348, 0.043073415756225586, 0.04017305374145508]}, "sizes": {"581_fri_c3_500_25": []}, "tau": 0.9}, "DecisionTree": {"losses": {"581_fri_c3_500_25": [0.020219340019663662, 0.01832554410715176, 0.017357513792978018, 0.020802590814454427, 0.016707498898470986]}, "coverage": {"581_fri_c3_500_25": [0.16000000000000003, 0.10999999999999999, 0.020000000000000018, 0.12, 0.15000000000000002]}, "complexity": {"581_fri_c3_500_25": [65, 69, 17, 65, 69]}, "time_all": {"581_fri_c3_500_25": [0.13947296142578125, 0.13633513450622559, 0.12610697746276855, 0.13251161575317383, 0.1356797218322754]}, "time_fit": {"581_fri_c3_500_25": [0.01526021957397461, 0.015403032302856445, 0.007838010787963867, 0.01456761360168457, 0.015528440475463867]}, "sizes": {"581_fri_c3_500_25": []}, "tau": 0.9}, "LinearQuantile": {"losses": {"581_fri_c3_500_25": [0.07501051665189667, 0.0750500884837195, 0.06791697841048804, 0.06948361181703587, 0.06016071996199198]}, "coverage": {"581_fri_c3_500_25": [0.46, 0.52, 0.49000000000000005, 0.45, 0.39]}, "complexity": {"581_fri_c3_500_25": [25, 25, 25, 25, 25]}, "time_all": {"581_fri_c3_500_25": [1.9618210792541504, 0.8272066116333008, 1.2892942428588867, 2.41080904006958, 1.3856406211853027]}, "time_fit": {"581_fri_c3_500_25": [0.11617422103881836, 0.07430887222290039, 0.11000442504882812, 0.13795065879821777, 0.11735105514526367]}, "sizes": {"581_fri_c3_500_25": []}, "tau": 0.9}}
