{"SQR": {"losses": {"522_pm10": [0.04962557159113335, 0.04961186506544132, 0.04415288951656239, 0.04987352927206339, 0.052638181483635145]}, "coverage": {"522_pm10": [0.010000000000000009, 0.029999999999999916, 0.06000000000000005, 0.029999999999999916, 0.06000000000000005]}, "complexity": {"522_pm10": [5, 3, 6, 3, 5]}, "time_all": {"522_pm10": [94.6804416179657, 78.82754611968994, 85.37314867973328, 82.3197124004364, 75.07432579994202]}, "time_fit": {"522_pm10": [94.6804416179657, 78.82754611968994, 85.37314867973328, 82.3197124004364, 75.07432579994202]}, "sizes": {"522_pm10": []}, "tau": 0.8}, "LightGBM": {"losses": {"522_pm10": [0.043174206181571216, 0.038699080801323726, 0.041293038370872746, 0.045734312673660196, 0.041430381986776364]}, "coverage": {"522_pm10": [0.020000000000000018, 0.05999999999999994, 0.050000000000000044, 0.0, 0.010000000000000009]}, "time_all": {"522_pm10": [0.254213809967041, 0.22997570037841797, 0.23481416702270508, 0.20904946327209473, 0.2085738182067871]}, "time_fit": {"522_pm10": [0.04406595230102539, 0.0500032901763916, 0.044675350189208984, 0.04385542869567871, 0.0460357666015625]}, "sizes": {"522_pm10": []}, "tau": 0.8}, "DecisionTree": {"losses": {"522_pm10": [0.04485174736820695, 0.041202569489096695, 0.04676575461303296, 0.04800141662474371, 0.0460039740470346]}, "coverage": {"522_pm10": [0.029999999999999916, 0.06999999999999995, 0.07000000000000006, 0.0, 0.050000000000000044]}, "complexity": {"522_pm10": [15, 29, 17, 13, 31]}, "time_all": {"522_pm10": [0.0773155689239502, 0.07539725303649902, 0.07331061363220215, 0.07178735733032227, 0.07489228248596191]}, "time_fit": {"522_pm10": [0.003804445266723633, 0.005072355270385742, 0.003962039947509766, 0.003438711166381836, 0.005217552185058594]}, "sizes": {"522_pm10": []}, "tau": 0.8}, "LinearQuantile": {"losses": {"522_pm10": [0.05313509818844171, 0.05215138966534904, 0.05013533834631272, 0.05472818247966043, 0.05068711153316935]}, "coverage": {"522_pm10": [0.09000000000000008, 0.039999999999999925, 0.07000000000000006, 0.0, 0.019999999999999907]}, "complexity": {"522_pm10": [7, 7, 7, 7, 7]}, "time_all": {"522_pm10": [0.2052745819091797, 0.16064882278442383, 0.5124838352203369, 0.5831582546234131, 0.4776113033294678]}, "time_fit": {"522_pm10": [0.01730513572692871, 0.013965845108032227, 0.04555988311767578, 0.04582786560058594, 0.04035449028015137]}, "sizes": {"522_pm10": []}, "tau": 0.8}}
