{"SQR": {"losses": {"687_sleuth_ex1605": [0.031083711385794088, 0.08321622768814747, 0.05075245858885658, 0.06054563312430077, 0.022526299122063328]}, "coverage": {"687_sleuth_ex1605": [0.05384615384615388, 0.20769230769230773, 0.31666666666666665, 0.15000000000000002, 0.016666666666666607]}, "complexity": {"687_sleuth_ex1605": [7, 11, 8, 8, 7]}, "time_all": {"687_sleuth_ex1605": [79.76206612586975, 63.776973247528076, 63.170915842056274, 63.503381967544556, 62.362136363983154]}, "time_fit": {"687_sleuth_ex1605": [79.76206612586975, 63.776973247528076, 63.170915842056274, 63.503381967544556, 62.362136363983154]}, "sizes": {"687_sleuth_ex1605": []}, "tau": 0.9}, "LightGBM": {"losses": {"687_sleuth_ex1605": [0.030927669362671925, 0.03135198135198135, 0.030328284369574646, 0.04049910876329961, 0.026662638146328698]}, "coverage": {"687_sleuth_ex1605": [0.023076923076923106, 0.023076923076923106, 0.06666666666666665, 0.06666666666666665, 0.09999999999999998]}, "time_all": {"687_sleuth_ex1605": [0.10340380668640137, 0.048798322677612305, 0.05005955696105957, 0.06563591957092285, 0.05835890769958496]}, "time_fit": {"687_sleuth_ex1605": [0.012751102447509766, 0.003755331039428711, 0.0038268566131591797, 0.014358758926391602, 0.012562274932861328]}, "sizes": {"687_sleuth_ex1605": []}, "tau": 0.9}, "DecisionTree": {"losses": {"687_sleuth_ex1605": [0.02934731934731934, 0.025641025641025626, 0.03032828282828284, 0.029608585858585848, 0.020934343434343427]}, "coverage": {"687_sleuth_ex1605": [0.05384615384615388, 0.05384615384615388, 0.06666666666666665, 0.2333333333333334, 0.09999999999999998]}, "complexity": {"687_sleuth_ex1605": [7, 7, 1, 7, 7]}, "time_all": {"687_sleuth_ex1605": [0.029340744018554688, 0.025585412979125977, 0.026856422424316406, 0.027363300323486328, 0.028871536254882812]}, "time_fit": {"687_sleuth_ex1605": [0.0020761489868164062, 0.0017919540405273438, 0.0014617443084716797, 0.0018341541290283203, 0.002015352249145508]}, "sizes": {"687_sleuth_ex1605": []}, "tau": 0.9}, "LinearQuantile": {"losses": {"687_sleuth_ex1605": [0.028021346358086296, 0.03340834379427016, 0.05038736346830453, 0.029958960611360216, 0.028399606001323706]}, "coverage": {"687_sleuth_ex1605": [0.05384615384615388, 0.05384615384615388, 0.06666666666666665, 0.016666666666666607, 0.016666666666666607]}, "complexity": {"687_sleuth_ex1605": [5, 5, 5, 5, 5]}, "time_all": {"687_sleuth_ex1605": [0.2675187587738037, 0.15770673751831055, 0.27309727668762207, 0.18205523490905762, 0.12567353248596191]}, "time_fit": {"687_sleuth_ex1605": [0.02322983741760254, 0.013187885284423828, 0.02250385284423828, 0.01519012451171875, 0.01085209846496582]}, "sizes": {"687_sleuth_ex1605": []}, "tau": 0.9}}
