{"SQR": {"losses": {"218_house_8L": [0.02442261049297976, 0.021315550931386693, 0.020419243909914814, 0.024742390702638523, 0.024835801120253125]}, "coverage": {"218_house_8L": [0.03791968400263335, 0.024094799210006568, 0.026728110599078314, 0.0317752907614659, 0.046180860403863044]}, "complexity": {"218_house_8L": [5, 8, 7, 5, 5]}, "time_all": {"218_house_8L": [539.4243264198303, 584.5698308944702, 536.4865090847015, 491.0608856678009, 543.2139413356781]}, "time_fit": {"218_house_8L": [539.4243264198303, 584.5698308944702, 536.4865090847015, 491.0608856678009, 543.2139413356781]}, "sizes": {"218_house_8L": []}, "tau": 0.6}, "LightGBM": {"losses": {"218_house_8L": [0.017363488220227936, 0.017208855136762007, 0.016864643296676304, 0.017448691877703204, 0.01764028448375606]}, "coverage": {"218_house_8L": [0.025192012288786536, 0.04033355277594908, 0.046916831248628554, 0.026728110599078314, 0.020939420544337173]}, "time_all": {"218_house_8L": [1.8293557167053223, 1.7051212787628174, 1.6776540279388428, 1.690323829650879, 1.4287774562835693]}, "time_fit": {"218_house_8L": [0.48917627334594727, 0.4268968105316162, 0.42415666580200195, 0.42810559272766113, 0.22077345848083496]}, "sizes": {"218_house_8L": []}, "tau": 0.6}, "DecisionTree": {"losses": {"218_house_8L": [0.016985363334518014, 0.017090366574149453, 0.017134661890430444, 0.01745682008745704, 0.017202733232812725]}, "coverage": {"218_house_8L": [0.0054421768707483276, 0.0039060785604564385, 0.025630897520298457, 0.006188281764318626, 0.004477611940298498]}, "complexity": {"218_house_8L": [1419, 635, 779, 587, 1413]}, "time_all": {"218_house_8L": [2.5985493659973145, 2.577929735183716, 2.4622342586517334, 2.426852226257324, 2.4877285957336426]}, "time_fit": {"218_house_8L": [0.20514202117919922, 0.16183114051818848, 0.1652204990386963, 0.15052151679992676, 0.20330524444580078]}, "sizes": {"218_house_8L": []}, "tau": 0.6}, "LinearQuantile": {"losses": {"218_house_8L": [0.02402856035543417, 0.02425170379741614, 0.023707822377721587, 0.02459972751311456, 0.024557486626498027]}, "coverage": {"218_house_8L": [0.009611586570111963, 0.02058371735791098, 0.013780996269475598, 0.009172701338599931, 0.006233538191395938]}, "complexity": {"218_house_8L": [8, 8, 8, 8, 8]}, "time_all": {"218_house_8L": [22.686019897460938, 23.11509871482849, 23.310715436935425, 23.054047107696533, 21.70662236213684]}, "time_fit": {"218_house_8L": [2.5609214305877686, 2.9281463623046875, 3.1446104049682617, 2.9170584678649902, 1.629838228225708]}, "sizes": {"218_house_8L": []}, "tau": 0.6}}
