{"SQR": {"losses": {"591_fri_c1_100_10": [0.021535998877597332, 0.014135358595004007, 0.027841443762253528, 0.0398951044294213, 0.033058708714960534]}, "coverage": {"591_fri_c1_100_10": [0.15000000000000002, 0.20000000000000007, 0.25, 0.09999999999999998, 0.15000000000000002]}, "complexity": {"591_fri_c1_100_10": [12, 16, 13, 14, 9]}, "time_all": {"591_fri_c1_100_10": [84.398024559021, 68.38776850700378, 66.99778771400452, 67.68798422813416, 66.17698693275452]}, "time_fit": {"591_fri_c1_100_10": [84.398024559021, 68.38776850700378, 66.99778771400452, 67.68798422813416, 66.17698693275452]}, "sizes": {"591_fri_c1_100_10": []}, "tau": 0.9}, "LightGBM": {"losses": {"591_fri_c1_100_10": [0.022936255918204567, 0.03188503174822285, 0.02765026113204239, 0.026435881871857535, 0.03385492502009127]}, "coverage": {"591_fri_c1_100_10": [0.04999999999999993, 0.09999999999999998, 0.09999999999999998, 0.050000000000000044, 0.15000000000000002]}, "time_all": {"591_fri_c1_100_10": [0.12834835052490234, 0.09650802612304688, 0.08319449424743652, 0.0826113224029541, 0.07352113723754883]}, "time_fit": {"591_fri_c1_100_10": [0.017778396606445312, 0.020500659942626953, 0.017642736434936523, 0.012604236602783203, 0.016972780227661133]}, "sizes": {"591_fri_c1_100_10": []}, "tau": 0.9}, "DecisionTree": {"losses": {"591_fri_c1_100_10": [0.02053507710174883, 0.02898421195818153, 0.02730573545616307, 0.03442356999705362, 0.04191404321491161]}, "coverage": {"591_fri_c1_100_10": [0.050000000000000044, 0.09999999999999998, 0.09999999999999998, 0.0, 0.15000000000000002]}, "complexity": {"591_fri_c1_100_10": [33, 5, 3, 1, 1]}, "time_all": {"591_fri_c1_100_10": [0.03620171546936035, 0.03393673896789551, 0.0323178768157959, 0.03154945373535156, 0.03221726417541504]}, "time_fit": {"591_fri_c1_100_10": [0.00428318977355957, 0.0019826889038085938, 0.0017766952514648438, 0.0015082359313964844, 0.0015096664428710938]}, "sizes": {"591_fri_c1_100_10": []}, "tau": 0.9}, "LinearQuantile": {"losses": {"591_fri_c1_100_10": [0.0527658345143786, 0.13202098181076866, 0.11161036509975757, 0.08828694728194211, 0.10153712000822132]}, "coverage": {"591_fri_c1_100_10": [0.35, 0.45, 0.35, 0.4, 0.45]}, "complexity": {"591_fri_c1_100_10": [10, 10, 10, 10, 10]}, "time_all": {"591_fri_c1_100_10": [0.9446187019348145, 0.15680217742919922, 0.1997976303100586, 0.7033705711364746, 0.5050384998321533]}, "time_fit": {"591_fri_c1_100_10": [0.08415722846984863, 0.013710260391235352, 0.01752305030822754, 0.05115675926208496, 0.039514780044555664]}, "sizes": {"591_fri_c1_100_10": []}, "tau": 0.9}}
