{"SQR": {"losses": {"621_fri_c0_100_10": [0.0138551331582134, 0.014200637471435759, 0.012202021972898509, 0.018509118893544195, 0.014553805263329448]}, "coverage": {"621_fri_c0_100_10": [0.050000000000000044, 0.09999999999999998, 0.20000000000000007, 0.20000000000000007, 0.050000000000000044]}, "complexity": {"621_fri_c0_100_10": [10, 10, 11, 12, 16]}, "time_all": {"621_fri_c0_100_10": [83.36559581756592, 69.20461916923523, 67.82530236244202, 66.28997325897217, 68.66064763069153]}, "time_fit": {"621_fri_c0_100_10": [83.36559581756592, 69.20461916923523, 67.82530236244202, 66.28997325897217, 68.66064763069153]}, "sizes": {"621_fri_c0_100_10": []}, "tau": 0.9}, "LightGBM": {"losses": {"621_fri_c0_100_10": [0.04340627573948826, 0.03801765885443462, 0.02705703520984296, 0.026886625967307457, 0.03227783431399491]}, "coverage": {"621_fri_c0_100_10": [0.0, 0.050000000000000044, 0.04999999999999993, 0.0, 0.0]}, "time_all": {"621_fri_c0_100_10": [0.12540125846862793, 0.08792352676391602, 0.08145570755004883, 0.08074474334716797, 0.08404397964477539]}, "time_fit": {"621_fri_c0_100_10": [0.016766071319580078, 0.02083110809326172, 0.016408681869506836, 0.016454219818115234, 0.014338254928588867]}, "sizes": {"621_fri_c0_100_10": []}, "tau": 0.9}, "DecisionTree": {"losses": {"621_fri_c0_100_10": [0.0262312771987333, 0.03058316517570892, 0.02350750159871072, 0.0223154164482982, 0.04255133266923146]}, "coverage": {"621_fri_c0_100_10": [0.09999999999999998, 0.0, 0.0, 0.050000000000000044, 0.09999999999999998]}, "complexity": {"621_fri_c0_100_10": [13, 5, 5, 13, 1]}, "time_all": {"621_fri_c0_100_10": [0.034525156021118164, 0.032797813415527344, 0.03276181221008301, 0.03140068054199219, 0.03252387046813965]}, "time_fit": {"621_fri_c0_100_10": [0.002778768539428711, 0.0019180774688720703, 0.0019903182983398438, 0.0025250911712646484, 0.0014896392822265625]}, "sizes": {"621_fri_c0_100_10": []}, "tau": 0.9}, "LinearQuantile": {"losses": {"621_fri_c0_100_10": [0.042466163889008084, 0.058622879888547495, 0.046278968976854074, 0.04938983132673991, 0.0750655389376065]}, "coverage": {"621_fri_c0_100_10": [0.35, 0.55, 0.45, 0.5, 0.45]}, "complexity": {"621_fri_c0_100_10": [10, 10, 10, 10, 10]}, "time_all": {"621_fri_c0_100_10": [0.40610504150390625, 0.2527964115142822, 0.5859906673431396, 0.1368398666381836, 0.19110918045043945]}, "time_fit": {"621_fri_c0_100_10": [0.035451650619506836, 0.021050214767456055, 0.04946279525756836, 0.011531829833984375, 0.01610851287841797]}, "sizes": {"621_fri_c0_100_10": []}, "tau": 0.9}}
