{"SQR": {"losses": {"210_cloud": [0.02026491582907036, 0.020457228511700575, 0.020840516395513153, 0.028286904155943874, 0.03240231213766974]}, "coverage": {"210_cloud": [0.04545454545454547, 0.0, 0.18181818181818182, 0.0714285714285714, 0.11904761904761907]}, "complexity": {"210_cloud": [5, 10, 12, 6, 10]}, "time_all": {"210_cloud": [84.26997232437134, 67.00381922721863, 69.9474036693573, 66.34505915641785, 68.32141184806824]}, "time_fit": {"210_cloud": [84.26997232437134, 67.00381922721863, 69.9474036693573, 66.34505915641785, 68.32141184806824]}, "sizes": {"210_cloud": []}, "tau": 0.5}, "LightGBM": {"losses": {"210_cloud": [0.03697308016397972, 0.023311098499720555, 0.018725515287678147, 0.03743874901900761, 0.03501564819848037]}, "coverage": {"210_cloud": [0.0, 0.09090909090909094, 0.13636363636363635, 0.11904761904761907, 0.11904761904761907]}, "time_all": {"210_cloud": [0.1301259994506836, 0.08158469200134277, 0.09799075126647949, 0.08228468894958496, 0.09797906875610352]}, "time_fit": {"210_cloud": [0.017038583755493164, 0.016572237014770508, 0.019957304000854492, 0.01682281494140625, 0.02017664909362793]}, "sizes": {"210_cloud": []}, "tau": 0.5}, "DecisionTree": {"losses": {"210_cloud": [0.023522727699442345, 0.017196970145133408, 0.021988636757614033, 0.03621031916035073, 0.04176587144297267]}, "coverage": {"210_cloud": [0.09090909090909088, 0.09090909090909088, 0.13636363636363635, 0.023809523809523836, 0.07142857142857145]}, "complexity": {"210_cloud": [35, 13, 17, 37, 33]}, "time_all": {"210_cloud": [0.03556942939758301, 0.03226041793823242, 0.03452897071838379, 0.03267312049865723, 0.03521847724914551]}, "time_fit": {"210_cloud": [0.004239797592163086, 0.0025200843811035156, 0.002813577651977539, 0.003920316696166992, 0.003911733627319336]}, "sizes": {"210_cloud": []}, "tau": 0.5}, "LinearQuantile": {"losses": {"210_cloud": [0.022527828272946124, 0.019754578956648085, 0.014966876391114324, 0.02708378520883793, 0.02617209997045189]}, "coverage": {"210_cloud": [0.04545454545454547, 0.13636363636363635, 0.09090909090909088, 0.0714285714285714, 0.11904761904761907]}, "complexity": {"210_cloud": [9, 9, 9, 9, 9]}, "time_all": {"210_cloud": [0.37462425231933594, 0.12585783004760742, 0.15524888038635254, 0.5117709636688232, 0.29082679748535156]}, "time_fit": {"210_cloud": [0.03278374671936035, 0.010901689529418945, 0.01334834098815918, 0.03915524482727051, 0.024341106414794922]}, "sizes": {"210_cloud": []}, "tau": 0.5}}
