{"SQR": {"losses": {"229_pwLinear": [0.0296764003693807, 0.044718348319627864, 0.05441703433943599, 0.040648557963771974, 0.03485357366362459]}, "coverage": {"229_pwLinear": [0.025000000000000022, 0.09999999999999998, 0.09999999999999998, 0.07499999999999996, 0.025000000000000022]}, "complexity": {"229_pwLinear": [14, 10, 7, 10, 10]}, "time_all": {"229_pwLinear": [85.32841467857361, 76.45470833778381, 72.47239685058594, 72.88048195838928, 71.35664892196655]}, "time_fit": {"229_pwLinear": [85.32841467857361, 76.45470833778381, 72.47239685058594, 72.88048195838928, 71.35664892196655]}, "sizes": {"229_pwLinear": []}, "tau": 0.6}, "LightGBM": {"losses": {"229_pwLinear": [0.0316219260343255, 0.03461496985337059, 0.046236127743110526, 0.038122830375036214, 0.04414707674115354]}, "coverage": {"229_pwLinear": [0.15000000000000002, 0.025000000000000022, 0.07499999999999996, 0.050000000000000044, 0.07500000000000007]}, "time_all": {"229_pwLinear": [0.16982603073120117, 0.14191818237304688, 0.11987614631652832, 0.13068485260009766, 0.13726425170898438]}, "time_fit": {"229_pwLinear": [0.027592182159423828, 0.03257918357849121, 0.025847673416137695, 0.026779890060424805, 0.031809091567993164]}, "sizes": {"229_pwLinear": []}, "tau": 0.6}, "DecisionTree": {"losses": {"229_pwLinear": [0.03570174590960403, 0.034318339907430495, 0.03688122228992498, 0.037820523348822806, 0.037075980725885964]}, "coverage": {"229_pwLinear": [0.22499999999999998, 0.09999999999999998, 0.04999999999999993, 0.025000000000000022, 0.050000000000000044]}, "complexity": {"229_pwLinear": [25, 65, 61, 65, 65]}, "time_all": {"229_pwLinear": [0.04295969009399414, 0.04579520225524902, 0.04331350326538086, 0.04476475715637207, 0.0452113151550293]}, "time_fit": {"229_pwLinear": [0.0038123130798339844, 0.006722450256347656, 0.006357908248901367, 0.006669044494628906, 0.006674051284790039]}, "sizes": {"229_pwLinear": []}, "tau": 0.6}, "LinearQuantile": {"losses": {"229_pwLinear": [0.035213351007258815, 0.037980578528373755, 0.050919587693057954, 0.0423358690291151, 0.04341422810443499]}, "coverage": {"229_pwLinear": [0.025000000000000022, 0.07499999999999996, 0.125, 0.04999999999999993, 0.15000000000000002]}, "complexity": {"229_pwLinear": [29, 29, 29, 29, 29]}, "time_all": {"229_pwLinear": [1.079242467880249, 1.1455657482147217, 1.9548547267913818, 6.803838014602661, 0.6252365112304688]}, "time_fit": {"229_pwLinear": [0.09647846221923828, 0.07676291465759277, 0.13101911544799805, 0.2450261116027832, 0.04739546775817871]}, "sizes": {"229_pwLinear": []}, "tau": 0.6}}
