{"SQR": {"losses": {"4544_GeographicalOriginalofMusic": [0.025559984618363844, 0.029013214649097493, 0.02903518519662101, 0.031677659110788514, 0.0291140602781656]}, "coverage": {"4544_GeographicalOriginalofMusic": [0.014150943396226467, 0.028301886792452824, 0.014150943396226412, 0.028301886792452824, 0.011848341232227444]}, "complexity": {"4544_GeographicalOriginalofMusic": [5, 4, 6, 4, 4]}, "time_all": {"4544_GeographicalOriginalofMusic": [113.35316634178162, 100.27472734451294, 98.05373024940491, 93.95803809165955, 95.16029810905457]}, "time_fit": {"4544_GeographicalOriginalofMusic": [113.35316634178162, 100.27472734451294, 98.05373024940491, 93.95803809165955, 95.16029810905457]}, "sizes": {"4544_GeographicalOriginalofMusic": []}, "tau": 0.5}, "LightGBM": {"losses": {"4544_GeographicalOriginalofMusic": [0.026417606797982263, 0.0255928250636514, 0.030582998484869034, 0.02931820581652579, 0.026122672700135775]}, "coverage": {"4544_GeographicalOriginalofMusic": [0.018867924528301883, 0.06132075471698112, 0.0, 0.014150943396226467, 0.05924170616113744]}, "time_all": {"4544_GeographicalOriginalofMusic": [0.6521711349487305, 0.6053862571716309, 0.6342146396636963, 0.6081302165985107, 0.5975708961486816]}, "time_fit": {"4544_GeographicalOriginalofMusic": [0.10736322402954102, 0.10362386703491211, 0.1006011962890625, 0.10134029388427734, 0.10073399543762207]}, "sizes": {"4544_GeographicalOriginalofMusic": []}, "tau": 0.5}, "DecisionTree": {"losses": {"4544_GeographicalOriginalofMusic": [0.030268638447115317, 0.028148067057161337, 0.037065608932616366, 0.031227260086768394, 0.0297490906349322]}, "coverage": {"4544_GeographicalOriginalofMusic": [0.014150943396226467, 0.08490566037735847, 0.009433962264150941, 0.004716981132075526, 0.03554502369668244]}, "complexity": {"4544_GeographicalOriginalofMusic": [29, 59, 67, 35, 27]}, "time_all": {"4544_GeographicalOriginalofMusic": [0.9788949489593506, 0.95949387550354, 0.9207022190093994, 0.7715535163879395, 0.7476181983947754]}, "time_fit": {"4544_GeographicalOriginalofMusic": [0.06158804893493652, 0.07471227645874023, 0.06716060638427734, 0.0450441837310791, 0.0403592586517334]}, "sizes": {"4544_GeographicalOriginalofMusic": []}, "tau": 0.5}, "LinearQuantile": {"losses": {"4544_GeographicalOriginalofMusic": [0.021963842308606173, 0.02189670013073998, 0.024812590765018662, 0.02592101883200405, 0.022273257301875002]}, "coverage": {"4544_GeographicalOriginalofMusic": [0.042452830188679236, 0.06132075471698112, 0.0, 0.0, 0.049763033175355464]}, "complexity": {"4544_GeographicalOriginalofMusic": [117, 117, 117, 117, 117]}, "time_all": {"4544_GeographicalOriginalofMusic": [44.552573680877686, 31.142061710357666, 52.41857981681824, 86.01808476448059, 90.82628679275513]}, "time_fit": {"4544_GeographicalOriginalofMusic": [4.029130458831787, 2.8022007942199707, 4.587231874465942, 7.724001884460449, 6.456379652023315]}, "sizes": {"4544_GeographicalOriginalofMusic": []}, "tau": 0.5}}
