{"SQR": {"losses": {"621_fri_c0_100_10": [0.041473394437544206, 0.06824021632745735, 0.05611369377836086, 0.023189881401528074, 0.04303553256328267]}, "coverage": {"621_fri_c0_100_10": [0.04999999999999999, 0.04999999999999999, 0.050000000000000044, 0.19999999999999996, 0.04999999999999999]}, "complexity": {"621_fri_c0_100_10": [14, 9, 15, 11, 9]}, "time_all": {"621_fri_c0_100_10": [85.00003433227539, 67.60565757751465, 71.52281379699707, 69.52127408981323, 68.69602656364441]}, "time_fit": {"621_fri_c0_100_10": [85.00003433227539, 67.60565757751465, 71.52281379699707, 69.52127408981323, 68.69602656364441]}, "sizes": {"621_fri_c0_100_10": []}, "tau": 0.5}, "LightGBM": {"losses": {"621_fri_c0_100_10": [0.07381814441120757, 0.04997108748735687, 0.06720890506380375, 0.046701181257461664, 0.06919778411253971]}, "coverage": {"621_fri_c0_100_10": [0.19999999999999996, 0.0, 0.09999999999999998, 0.04999999999999999, 0.04999999999999999]}, "time_all": {"621_fri_c0_100_10": [0.1294112205505371, 0.0702366828918457, 0.09541749954223633, 0.07909202575683594, 0.0788884162902832]}, "time_fit": {"621_fri_c0_100_10": [0.01631450653076172, 0.016392946243286133, 0.01921820640563965, 0.01577281951904297, 0.015054702758789062]}, "sizes": {"621_fri_c0_100_10": []}, "tau": 0.5}, "DecisionTree": {"losses": {"621_fri_c0_100_10": [0.051237864366600584, 0.07179033725660504, 0.06439603157734823, 0.04523797221159005, 0.06994303028369908]}, "coverage": {"621_fri_c0_100_10": [0.09999999999999998, 0.050000000000000044, 0.050000000000000044, 0.09999999999999998, 0.15000000000000002]}, "complexity": {"621_fri_c0_100_10": [13, 13, 31, 13, 7]}, "time_all": {"621_fri_c0_100_10": [0.03451347351074219, 0.03084254264831543, 0.03580212593078613, 0.032221078872680664, 0.032035112380981445]}, "time_fit": {"621_fri_c0_100_10": [0.0027065277099609375, 0.002468585968017578, 0.004068136215209961, 0.0025866031646728516, 0.002115488052368164]}, "sizes": {"621_fri_c0_100_10": []}, "tau": 0.5}, "LinearQuantile": {"losses": {"621_fri_c0_100_10": [0.05167224041935723, 0.054638263071194584, 0.045234027403990205, 0.04421790449446356, 0.06156471724737359]}, "coverage": {"621_fri_c0_100_10": [0.050000000000000044, 0.15000000000000002, 0.09999999999999998, 0.0, 0.04999999999999999]}, "complexity": {"621_fri_c0_100_10": [10, 10, 10, 10, 10]}, "time_all": {"621_fri_c0_100_10": [0.13218426704406738, 0.1458756923675537, 0.2169027328491211, 0.20075321197509766, 0.10433149337768555]}, "time_fit": {"621_fri_c0_100_10": [0.011083126068115234, 0.012113571166992188, 0.018471956253051758, 0.016843080520629883, 0.008788585662841797]}, "sizes": {"621_fri_c0_100_10": []}, "tau": 0.5}}
