{"SQR": {"losses": {"690_visualizing_galaxy": [0.02366505056917684, 0.024477590378582107, 0.02045376127301547, 0.01949999181066783, 0.023482582902812348]}, "coverage": {"690_visualizing_galaxy": [0.05384615384615382, 0.09999999999999998, 0.023076923076923106, 0.0625, 0.15625]}, "complexity": {"690_visualizing_galaxy": [7, 12, 6, 9, 6]}, "time_all": {"690_visualizing_galaxy": [100.07909417152405, 84.98290038108826, 79.3160183429718, 82.16554927825928, 80.9986789226532]}, "time_fit": {"690_visualizing_galaxy": [100.07909417152405, 84.98290038108826, 79.3160183429718, 82.16554927825928, 80.9986789226532]}, "sizes": {"690_visualizing_galaxy": []}, "tau": 0.5}, "LightGBM": {"losses": {"690_visualizing_galaxy": [0.02176916526400804, 0.026550852201317345, 0.026634846994921618, 0.024680093557003863, 0.023294771134537772]}, "coverage": {"690_visualizing_galaxy": [0.02307692307692305, 0.007692307692307665, 0.007692307692307665, 0.03125, 0.171875]}, "time_all": {"690_visualizing_galaxy": [0.20241618156433105, 0.17893385887145996, 0.1789534091949463, 0.15514564514160156, 0.16397523880004883]}, "time_fit": {"690_visualizing_galaxy": [0.03742671012878418, 0.04405784606933594, 0.041265249252319336, 0.03725552558898926, 0.041107892990112305]}, "sizes": {"690_visualizing_galaxy": []}, "tau": 0.5}, "DecisionTree": {"losses": {"690_visualizing_galaxy": [0.01682429592265658, 0.020491803278688523, 0.02039722572509458, 0.01565701844262295, 0.015731728142076504]}, "coverage": {"690_visualizing_galaxy": [0.05384615384615382, 0.0692307692307692, 0.02307692307692305, 0.09375, 0.125]}, "complexity": {"690_visualizing_galaxy": [43, 109, 105, 103, 97]}, "time_all": {"690_visualizing_galaxy": [0.05435800552368164, 0.05796313285827637, 0.05674600601196289, 0.05665254592895508, 0.057665109634399414]}, "time_fit": {"690_visualizing_galaxy": [0.005294322967529297, 0.00990748405456543, 0.009497404098510742, 0.00935506820678711, 0.009115934371948242]}, "sizes": {"690_visualizing_galaxy": []}, "tau": 0.5}, "LinearQuantile": {"losses": {"690_visualizing_galaxy": [0.03480918829185363, 0.03931616856337631, 0.03569131620413479, 0.03348447901260526, 0.03137410058214492]}, "coverage": {"690_visualizing_galaxy": [0.023076923076923106, 0.007692307692307665, 0.05384615384615382, 0.015625, 0.03125]}, "complexity": {"690_visualizing_galaxy": [10, 10, 10, 10, 10]}, "time_all": {"690_visualizing_galaxy": [0.24705934524536133, 0.4736902713775635, 0.3285791873931885, 0.6243705749511719, 0.46454882621765137]}, "time_fit": {"690_visualizing_galaxy": [0.021309614181518555, 0.042531728744506836, 0.02822732925415039, 0.05100584030151367, 0.04162859916687012]}, "sizes": {"690_visualizing_galaxy": []}, "tau": 0.5}}
