{"SQR": {"losses": {"229_pwLinear": [0.03832148571816709, 0.04122091520587369, 0.053748918358336395, 0.03483806892051021, 0.04049621396532133]}, "coverage": {"229_pwLinear": [0.1499999999999999, 0.0, 0.22499999999999998, 0.04999999999999993, 0.050000000000000044]}, "complexity": {"229_pwLinear": [9, 10, 7, 17, 11]}, "time_all": {"229_pwLinear": [88.60980200767517, 73.11526441574097, 74.04448580741882, 73.6442403793335, 73.72211623191833]}, "time_fit": {"229_pwLinear": [88.60980200767517, 73.11526441574097, 74.04448580741882, 73.6442403793335, 73.72211623191833]}, "sizes": {"229_pwLinear": []}, "tau": 0.7}, "LightGBM": {"losses": {"229_pwLinear": [0.03102035942524764, 0.03132324786504383, 0.04308063420106078, 0.03489140069031056, 0.04236789600906802]}, "coverage": {"229_pwLinear": [0.17500000000000004, 0.025000000000000022, 0.02499999999999991, 0.0, 0.07500000000000007]}, "time_all": {"229_pwLinear": [0.1676192283630371, 0.14277434349060059, 0.1156761646270752, 0.14479756355285645, 0.13959312438964844]}, "time_fit": {"229_pwLinear": [0.026866436004638672, 0.03303050994873047, 0.026404142379760742, 0.03437471389770508, 0.03206324577331543]}, "sizes": {"229_pwLinear": []}, "tau": 0.7}, "DecisionTree": {"losses": {"229_pwLinear": [0.031019103397491737, 0.033787008191603754, 0.03503220448621063, 0.03340775025017292, 0.0355706315334465]}, "coverage": {"229_pwLinear": [0.0, 0.17499999999999993, 0.17499999999999993, 0.125, 0.0]}, "complexity": {"229_pwLinear": [11, 65, 25, 27, 65]}, "time_all": {"229_pwLinear": [0.04088997840881348, 0.04583406448364258, 0.04013776779174805, 0.043537139892578125, 0.04484868049621582]}, "time_fit": {"229_pwLinear": [0.0025544166564941406, 0.006464958190917969, 0.0035431385040283203, 0.0036749839782714844, 0.0064427852630615234]}, "sizes": {"229_pwLinear": []}, "tau": 0.7}, "LinearQuantile": {"losses": {"229_pwLinear": [0.033380467756343915, 0.03484411897472229, 0.0524638535311686, 0.03749722639650925, 0.03892230566223614]}, "coverage": {"229_pwLinear": [0.0, 0.07499999999999996, 0.1499999999999999, 0.02499999999999991, 0.07500000000000007]}, "complexity": {"229_pwLinear": [29, 29, 29, 29, 29]}, "time_all": {"229_pwLinear": [1.5738685131072998, 2.2293894290924072, 0.5570299625396729, 1.1711657047271729, 1.0171608924865723]}, "time_fit": {"229_pwLinear": [0.11655688285827637, 0.14487457275390625, 0.04337000846862793, 0.09144926071166992, 0.06709790229797363]}, "sizes": {"229_pwLinear": []}, "tau": 0.7}}
