{"SQR": {"losses": {"643_fri_c2_500_25": [0.018012862330801783, 0.011804648768196466, 0.0295081864486345, 0.014797520798485009, 0.02141173715255842]}, "coverage": {"643_fri_c2_500_25": [0.020000000000000018, 0.08999999999999997, 0.010000000000000009, 0.029999999999999916, 0.020000000000000018]}, "complexity": {"643_fri_c2_500_25": [13, 16, 7, 15, 13]}, "time_all": {"643_fri_c2_500_25": [115.52276086807251, 99.47949361801147, 86.43676018714905, 98.52175402641296, 91.67626333236694]}, "time_fit": {"643_fri_c2_500_25": [115.52276086807251, 99.47949361801147, 86.43676018714905, 98.52175402641296, 91.67626333236694]}, "sizes": {"643_fri_c2_500_25": []}, "tau": 0.7}, "LightGBM": {"losses": {"643_fri_c2_500_25": [0.04212227038134912, 0.0399442665102364, 0.039959947728076615, 0.029840501391720266, 0.03767134032111228]}, "coverage": {"643_fri_c2_500_25": [0.07999999999999996, 0.019999999999999907, 0.0, 0.019999999999999907, 0.0]}, "time_all": {"643_fri_c2_500_25": [0.2887697219848633, 0.2445826530456543, 0.24865484237670898, 0.2728738784790039, 0.23789238929748535]}, "time_fit": {"643_fri_c2_500_25": [0.05581235885620117, 0.05371379852294922, 0.05493736267089844, 0.05629849433898926, 0.05541729927062988]}, "sizes": {"643_fri_c2_500_25": []}, "tau": 0.7}, "DecisionTree": {"losses": {"643_fri_c2_500_25": [0.04371003695732076, 0.033869947551935356, 0.04026507917331239, 0.035882117023872076, 0.03591984234770096]}, "coverage": {"643_fri_c2_500_25": [0.07999999999999996, 0.010000000000000009, 0.04999999999999993, 0.04999999999999993, 0.039999999999999925]}, "complexity": {"643_fri_c2_500_25": [29, 63, 19, 69, 67]}, "time_all": {"643_fri_c2_500_25": [0.13254714012145996, 0.12877297401428223, 0.12411880493164062, 0.1336688995361328, 0.13181662559509277]}, "time_fit": {"643_fri_c2_500_25": [0.010118722915649414, 0.013887882232666016, 0.008112668991088867, 0.015189647674560547, 0.014708995819091797]}, "sizes": {"643_fri_c2_500_25": []}, "tau": 0.7}, "LinearQuantile": {"losses": {"643_fri_c2_500_25": [0.09176665012190104, 0.08348400153980655, 0.07625144264288637, 0.07335358502500508, 0.08081963491676214]}, "coverage": {"643_fri_c2_500_25": [0.29999999999999993, 0.24999999999999994, 0.26999999999999996, 0.26999999999999996, 0.16999999999999993]}, "complexity": {"643_fri_c2_500_25": [25, 25, 25, 25, 25]}, "time_all": {"643_fri_c2_500_25": [1.3312058448791504, 2.0784690380096436, 1.4468255043029785, 1.5640666484832764, 0.824592113494873]}, "time_fit": {"643_fri_c2_500_25": [0.10206246376037598, 0.12801575660705566, 0.09889078140258789, 0.10532903671264648, 0.058286190032958984]}, "sizes": {"643_fri_c2_500_25": []}, "tau": 0.7}}
