{"SQR": {"losses": {"651_fri_c0_100_25": [0.035180853570586035, 0.04057492948588078, 0.03611667520273378, 0.03823831540393384, 0.03432133539202999]}, "coverage": {"651_fri_c0_100_25": [0.10000000000000009, 0.0, 0.04999999999999993, 0.35000000000000003, 0.0]}, "complexity": {"651_fri_c0_100_25": [9, 7, 12, 11, 8]}, "time_all": {"651_fri_c0_100_25": [83.1963460445404, 66.58817863464355, 68.43030071258545, 68.08760690689087, 67.63186597824097]}, "time_fit": {"651_fri_c0_100_25": [83.1963460445404, 66.58817863464355, 68.43030071258545, 68.08760690689087, 67.63186597824097]}, "sizes": {"651_fri_c0_100_25": []}, "tau": 0.8}, "LightGBM": {"losses": {"651_fri_c0_100_25": [0.058117789898419286, 0.05424790513610723, 0.05811611871047119, 0.038350126051114194, 0.054159761254271604]}, "coverage": {"651_fri_c0_100_25": [0.050000000000000044, 0.0, 0.09999999999999998, 0.10000000000000009, 0.050000000000000044]}, "time_all": {"651_fri_c0_100_25": [0.12725329399108887, 0.09729528427124023, 0.07902789115905762, 0.09125947952270508, 0.09206914901733398]}, "time_fit": {"651_fri_c0_100_25": [0.017055273056030273, 0.02072620391845703, 0.015411615371704102, 0.018341541290283203, 0.018863201141357422]}, "sizes": {"651_fri_c0_100_25": []}, "tau": 0.8}, "DecisionTree": {"losses": {"651_fri_c0_100_25": [0.05142747632291256, 0.04795209885901222, 0.05801972587781892, 0.04518488332729575, 0.04979323584515994]}, "coverage": {"651_fri_c0_100_25": [0.050000000000000044, 0.04999999999999993, 0.1499999999999999, 0.04999999999999993, 0.04999999999999993]}, "complexity": {"651_fri_c0_100_25": [11, 3, 5, 1, 3]}, "time_all": {"651_fri_c0_100_25": [0.036370277404785156, 0.03554844856262207, 0.03514552116394043, 0.037713050842285156, 0.03539156913757324]}, "time_fit": {"651_fri_c0_100_25": [0.002969026565551758, 0.001934051513671875, 0.0021970272064208984, 0.001522064208984375, 0.0019118785858154297]}, "sizes": {"651_fri_c0_100_25": []}, "tau": 0.8}, "LinearQuantile": {"losses": {"651_fri_c0_100_25": [0.08829191245845913, 0.07279562056833695, 0.061174270064667, 0.0985077138384801, 0.06622178702082432]}, "coverage": {"651_fri_c0_100_25": [0.4, 0.45000000000000007, 0.25, 0.55, 0.4]}, "complexity": {"651_fri_c0_100_25": [25, 25, 25, 25, 25]}, "time_all": {"651_fri_c0_100_25": [0.4481792449951172, 0.28115034103393555, 0.48337388038635254, 1.6058948040008545, 0.34099626541137695]}, "time_fit": {"651_fri_c0_100_25": [0.0391690731048584, 0.02356100082397461, 0.03794550895690918, 0.10404610633850098, 0.028126239776611328]}, "sizes": {"651_fri_c0_100_25": []}, "tau": 0.8}}
