{"SQR": {"losses": {"1193_BNG_lowbwt": [0.01970596487979655, 0.019170947233165564, 0.01904618598636653, 0.019144319227080923, 0.019101048481431144]}, "coverage": {"1193_BNG_lowbwt": [0.002234367465037801, 0.0014306381610673657, 0.0033595884905963658, 0.0016235331940201991, 0.004180064308681675]}, "complexity": {"1193_BNG_lowbwt": [4, 3, 3, 3, 3]}, "time_all": {"1193_BNG_lowbwt": [571.2202072143555, 602.6798274517059, 489.9759044647217, 515.0282204151154, 529.464607000351]}, "time_fit": {"1193_BNG_lowbwt": [571.2202072143555, 602.6798274517059, 489.9759044647217, 515.0282204151154, 529.464607000351]}, "sizes": {"1193_BNG_lowbwt": []}, "tau": 0.9}, "LightGBM": {"losses": {"1193_BNG_lowbwt": [0.018685568744701567, 0.018074916946685175, 0.018144998890079193, 0.01824656525299991, 0.018345886794432973]}, "coverage": {"1193_BNG_lowbwt": [0.016251406526281875, 0.022681240958045357, 0.024610191287574357, 0.021395274071692616, 0.020739549839228322]}, "time_all": {"1193_BNG_lowbwt": [2.393289089202881, 1.959867238998413, 1.8637311458587646, 1.8845469951629639, 2.221315622329712]}, "time_fit": {"1193_BNG_lowbwt": [0.30082082748413086, 0.2687954902648926, 0.26802825927734375, 0.2733902931213379, 0.30747294425964355]}, "sizes": {"1193_BNG_lowbwt": []}, "tau": 0.9}, "DecisionTree": {"losses": {"1193_BNG_lowbwt": [0.019185093286988888, 0.018442343315162986, 0.018836890779217245, 0.01855632709656452, 0.018716767022332798]}, "coverage": {"1193_BNG_lowbwt": [0.025221025558591847, 0.024578042115415588, 0.027792959331297218, 0.021041633177945718, 0.021061093247588425]}, "complexity": {"1193_BNG_lowbwt": [871, 789, 793, 793, 863]}, "time_all": {"1193_BNG_lowbwt": [2.3351027965545654, 2.345794677734375, 2.346325397491455, 2.32425856590271, 2.3403260707855225]}, "time_fit": {"1193_BNG_lowbwt": [0.12646865844726562, 0.12128663063049316, 0.12501835823059082, 0.12142753601074219, 0.1253206729888916]}, "sizes": {"1193_BNG_lowbwt": []}, "tau": 0.9}, "LinearQuantile": {"losses": {"1193_BNG_lowbwt": [0.0186794099159748, 0.018038357058290204, 0.018162112346960784, 0.018216168850514355, 0.018214313924657784]}, "coverage": {"1193_BNG_lowbwt": [0.005288538820125366, 1.607458607943979e-05, 0.0011412956116380046, 0.001269892300273301, 0.0009646302250803096]}, "complexity": {"1193_BNG_lowbwt": [23, 23, 23, 23, 23]}, "time_all": {"1193_BNG_lowbwt": [227.3491711616516, 10.112060785293579, 12.07939887046814, 24.53762412071228, 37.532511711120605]}, "time_fit": {"1193_BNG_lowbwt": [31.478227615356445, 0.8919715881347656, 1.0391161441802979, 1.1526572704315186, 3.3810312747955322]}, "sizes": {"1193_BNG_lowbwt": []}, "tau": 0.9}}
