{"SQR": {"losses": {"620_fri_c1_1000_25": [0.01867265872743051, 0.012531516815931378, 0.012849830403855888, 0.01627572781338489, 0.011181820991556127]}, "coverage": {"620_fri_c1_1000_25": [0.04999999999999993, 0.08500000000000008, 0.06000000000000005, 0.06000000000000005, 0.015000000000000013]}, "complexity": {"620_fri_c1_1000_25": [13, 12, 14, 13, 17]}, "time_all": {"620_fri_c1_1000_25": [120.77889966964722, 111.2155830860138, 120.30657362937927, 106.61673474311829, 104.80891871452332]}, "time_fit": {"620_fri_c1_1000_25": [120.77889966964722, 111.2155830860138, 120.30657362937927, 106.61673474311829, 104.80891871452332]}, "sizes": {"620_fri_c1_1000_25": []}, "tau": 0.6}, "LightGBM": {"losses": {"620_fri_c1_1000_25": [0.031171360689607224, 0.03708621409310396, 0.03264672799282792, 0.026668305584121792, 0.03460641706587626]}, "coverage": {"620_fri_c1_1000_25": [0.015000000000000013, 0.05500000000000005, 0.03500000000000003, 0.03500000000000003, 0.0050000000000000044]}, "time_all": {"620_fri_c1_1000_25": [0.47457027435302734, 0.4181194305419922, 0.4483780860900879, 0.41551899909973145, 0.44197940826416016]}, "time_fit": {"620_fri_c1_1000_25": [0.08109116554260254, 0.07706212997436523, 0.07672572135925293, 0.07445049285888672, 0.07694745063781738]}, "sizes": {"620_fri_c1_1000_25": []}, "tau": 0.6}, "DecisionTree": {"losses": {"620_fri_c1_1000_25": [0.031220167003845254, 0.03733480025722678, 0.03773451074320089, 0.03567374137438299, 0.03404842838570818]}, "coverage": {"620_fri_c1_1000_25": [0.10499999999999998, 0.05500000000000005, 0.05499999999999994, 0.015000000000000013, 0.0]}, "complexity": {"620_fri_c1_1000_25": [135, 29, 135, 139, 61]}, "time_all": {"620_fri_c1_1000_25": [0.2964653968811035, 0.27581262588500977, 0.28104257583618164, 0.29100751876831055, 0.28453612327575684]}, "time_fit": {"620_fri_c1_1000_25": [0.03204607963562012, 0.016965150833129883, 0.029581069946289062, 0.03231525421142578, 0.023296594619750977]}, "sizes": {"620_fri_c1_1000_25": []}, "tau": 0.6}, "LinearQuantile": {"losses": {"620_fri_c1_1000_25": [0.06904954473479934, 0.07117435581899621, 0.06986326336753826, 0.06859744992661239, 0.07135236281176593]}, "coverage": {"620_fri_c1_1000_25": [0.125, 0.125, 0.10999999999999999, 0.13499999999999995, 0.15499999999999997]}, "complexity": {"620_fri_c1_1000_25": [25, 25, 25, 25, 25]}, "time_all": {"620_fri_c1_1000_25": [8.34906530380249, 2.8744287490844727, 1.02547025680542, 3.0523245334625244, 1.051483154296875]}, "time_fit": {"620_fri_c1_1000_25": [0.3218224048614502, 0.18202471733093262, 0.0940852165222168, 0.1940908432006836, 0.07015156745910645]}, "sizes": {"620_fri_c1_1000_25": []}, "tau": 0.6}}
