{"SQR": {"losses": {"banana": [0.07041162226248283, 0.07844469924534055, 0.1016144987543687, 0.08025247722544235, 0.06637514559508041]}, "coverage": {"banana": [0.047169811320754707, 0.049056603773584895, 0.1915094339622641, 0.05377358490566031, 0.060377358490566024]}, "complexity": {"banana": [10, 8, 8, 8, 8]}, "time_all": {"banana": [385.78708696365356, 357.9690434932709, 364.8420624732971, 354.71788716316223, 357.15057373046875]}, "time_fit": {"banana": [385.78708696365356, 357.9690434932709, 364.8420624732971, 354.71788716316223, 357.15057373046875]}, "sizes": {"banana": []}, "tau": 0.6}, "LightGBM": {"losses": {"banana": [0.2211320754716981, 0.220377358490566, 0.22754716981132075, 0.21849056603773584, 0.21584905660377357]}, "coverage": {"banana": [0.4, 0.4, 0.4, 0.4, 0.4]}, "time_all": {"banana": [0.17197847366333008, 0.13912224769592285, 0.15161895751953125, 0.14943337440490723, 0.15032219886779785]}, "time_fit": {"banana": [0.02652287483215332, 0.028584003448486328, 0.032288312911987305, 0.03183579444885254, 0.03229165077209473]}, "sizes": {"banana": []}, "tau": 0.6}, "DecisionTree": {"losses": {"banana": [0.05641509433962264, 0.053471698113207546, 0.05890566037735849, 0.059622641509433964, 0.05399999999999999]}, "coverage": {"banana": [0.3424528301886792, 0.3481132075471698, 0.33867924528301885, 0.34528301886792456, 0.35188679245283017]}, "complexity": {"banana": [105, 545, 551, 123, 317]}, "time_all": {"banana": [0.31945109367370605, 0.34635043144226074, 0.33748626708984375, 0.30610108375549316, 0.3217451572418213]}, "time_fit": {"banana": [0.019168853759765625, 0.046533823013305664, 0.04870891571044922, 0.020348310470581055, 0.03446674346923828]}, "sizes": {"banana": []}, "tau": 0.6}, "LinearQuantile": {"losses": {"banana": [0.26830191447573604, 0.2694339813260563, 0.25867927411871444, 0.2722641671514964, 0.2762264451952036]}, "coverage": {"banana": [0.32452830188679244, 0.3264150943396226, 0.3, 0.3424528301886792, 0.35094339622641507]}, "complexity": {"banana": [2, 2, 2, 2, 2]}, "time_all": {"banana": [0.08362126350402832, 0.05350470542907715, 0.05531907081604004, 0.0598447322845459, 0.0575261116027832]}, "time_fit": {"banana": [0.0060520172119140625, 0.004245281219482422, 0.004419565200805664, 0.0048007965087890625, 0.004572391510009766]}, "sizes": {"banana": []}, "tau": 0.6}}
