{"SQR": {"losses": {"586_fri_c3_1000_25": [0.009525711378082747, 0.010542917724614988, 0.013314867173107372, 0.012628555458855745, 0.009767391310507674]}, "coverage": {"586_fri_c3_1000_25": [0.050000000000000044, 0.13, 0.02499999999999991, 0.1499999999999999, 0.039999999999999925]}, "complexity": {"586_fri_c3_1000_25": [12, 12, 13, 10, 15]}, "time_all": {"586_fri_c3_1000_25": [125.50248098373413, 120.03024530410767, 104.01477861404419, 118.29559230804443, 105.11722922325134]}, "time_fit": {"586_fri_c3_1000_25": [125.50248098373413, 120.03024530410767, 104.01477861404419, 118.29559230804443, 105.11722922325134]}, "sizes": {"586_fri_c3_1000_25": []}, "tau": 0.7}, "LightGBM": {"losses": {"586_fri_c3_1000_25": [0.025976860796735602, 0.02559396094549599, 0.023080252227343532, 0.022311377185918243, 0.019915892401305934]}, "coverage": {"586_fri_c3_1000_25": [0.04500000000000004, 0.015000000000000013, 0.03499999999999992, 0.029999999999999916, 0.039999999999999925]}, "time_all": {"586_fri_c3_1000_25": [0.47643399238586426, 0.42746472358703613, 0.43169069290161133, 0.43947839736938477, 0.4006054401397705]}, "time_fit": {"586_fri_c3_1000_25": [0.08003783226013184, 0.07135534286499023, 0.0733938217163086, 0.07089948654174805, 0.06830883026123047]}, "sizes": {"586_fri_c3_1000_25": []}, "tau": 0.7}, "DecisionTree": {"losses": {"586_fri_c3_1000_25": [0.023924517652876297, 0.026265227863664052, 0.027054951874143224, 0.023323961954193655, 0.024265568381448176]}, "coverage": {"586_fri_c3_1000_25": [0.0, 0.08999999999999997, 0.07499999999999996, 0.135, 0.06999999999999995]}, "complexity": {"586_fri_c3_1000_25": [137, 323, 129, 139, 133]}, "time_all": {"586_fri_c3_1000_25": [0.3072190284729004, 0.3204822540283203, 0.30321550369262695, 0.3025491237640381, 0.29857444763183594]}, "time_fit": {"586_fri_c3_1000_25": [0.03501272201538086, 0.04983043670654297, 0.03359365463256836, 0.034071922302246094, 0.03198432922363281]}, "sizes": {"586_fri_c3_1000_25": []}, "tau": 0.7}, "LinearQuantile": {"losses": {"586_fri_c3_1000_25": [0.05984617444740489, 0.057045549335049406, 0.06055028115167928, 0.05884156186709587, 0.05748752861601174]}, "coverage": {"586_fri_c3_1000_25": [0.20499999999999996, 0.18499999999999994, 0.23499999999999993, 0.23999999999999994, 0.24999999999999994]}, "complexity": {"586_fri_c3_1000_25": [25, 25, 25, 25, 25]}, "time_all": {"586_fri_c3_1000_25": [1.8499360084533691, 1.7613651752471924, 0.45705676078796387, 0.8256683349609375, 1.5005571842193604]}, "time_fit": {"586_fri_c3_1000_25": [0.11983680725097656, 0.14092278480529785, 0.04055619239807129, 0.07526922225952148, 0.11869144439697266]}, "sizes": {"586_fri_c3_1000_25": []}, "tau": 0.7}}
