{"SQR": {"losses": {"706_sleuth_case1202": [0.03991390575363464, 0.046363358998728114, 0.04257308561343776, 0.04185652042663241, 0.0345604302636337]}, "coverage": {"706_sleuth_case1202": [0.09473684210526312, 0.11578947368421055, 0.09473684210526312, 0.033333333333333326, 0.07777777777777783]}, "complexity": {"706_sleuth_case1202": [7, 9, 10, 7, 6]}, "time_all": {"706_sleuth_case1202": [82.4289767742157, 69.26699185371399, 68.62132859230042, 69.41018390655518, 68.78269863128662]}, "time_fit": {"706_sleuth_case1202": [82.4289767742157, 69.26699185371399, 68.62132859230042, 69.41018390655518, 68.78269863128662]}, "sizes": {"706_sleuth_case1202": []}, "tau": 0.8}, "LightGBM": {"losses": {"706_sleuth_case1202": [0.043642170039397916, 0.0499094807188797, 0.049773646469133376, 0.039342294480727194, 0.056173651807675445]}, "coverage": {"706_sleuth_case1202": [0.2210526315789474, 0.042105263157894646, 0.09473684210526312, 0.033333333333333326, 0.13333333333333341]}, "time_all": {"706_sleuth_case1202": [0.11385035514831543, 0.07676315307617188, 0.08462071418762207, 0.06589102745056152, 0.07418322563171387]}, "time_fit": {"706_sleuth_case1202": [0.014862775802612305, 0.016815662384033203, 0.018741369247436523, 0.01376652717590332, 0.015864849090576172]}, "sizes": {"706_sleuth_case1202": []}, "tau": 0.8}, "DecisionTree": {"losses": {"706_sleuth_case1202": [0.043218676612791815, 0.03591380024865313, 0.04316342036192843, 0.02675415573053367, 0.04751676873724117]}, "coverage": {"706_sleuth_case1202": [0.16842105263157903, 0.010526315789473717, 0.042105263157894646, 0.033333333333333326, 0.07777777777777783]}, "complexity": {"706_sleuth_case1202": [3, 13, 5, 11, 3]}, "time_all": {"706_sleuth_case1202": [0.031831979751586914, 0.03291511535644531, 0.032379150390625, 0.03173232078552246, 0.030966758728027344]}, "time_fit": {"706_sleuth_case1202": [0.001750946044921875, 0.002504587173461914, 0.0019001960754394531, 0.0023686885833740234, 0.001737833023071289]}, "sizes": {"706_sleuth_case1202": []}, "tau": 0.8}, "LinearQuantile": {"losses": {"706_sleuth_case1202": [0.032731182330346706, 0.04369051612848076, 0.04908894033121889, 0.03644372958267584, 0.050206103634814224]}, "coverage": {"706_sleuth_case1202": [0.06315789473684219, 0.06315789473684219, 0.06315789473684219, 0.0888888888888888, 0.18888888888888888]}, "complexity": {"706_sleuth_case1202": [11, 11, 11, 11, 11]}, "time_all": {"706_sleuth_case1202": [0.7946126461029053, 3.6311488151550293, 0.28113317489624023, 0.4509866237640381, 3.226912021636963]}, "time_fit": {"706_sleuth_case1202": [0.0706329345703125, 0.1303110122680664, 0.024482011795043945, 0.03903913497924805, 0.17171812057495117]}, "sizes": {"706_sleuth_case1202": []}, "tau": 0.8}}
