{"SQR": {"losses": {"537_houses": [0.06488910009895198, 0.0647707321509848, 0.06311356333541826, 0.06266122081570216, 0.06455157594095164]}, "coverage": {"537_houses": [0.040116279069767447, 0.04326550387596895, 0.0519864341085271, 0.033817829457364335, 0.04835271317829448]}, "complexity": {"537_houses": [2, 2, 2, 2, 2]}, "time_all": {"537_houses": [616.826856136322, 510.99115562438965, 541.9572305679321, 505.19852924346924, 534.6827208995819]}, "time_fit": {"537_houses": [616.826856136322, 510.99115562438965, 541.9572305679321, 505.19852924346924, 534.6827208995819]}, "sizes": {"537_houses": []}, "tau": 0.7}, "LightGBM": {"losses": {"537_houses": [0.046900399644879534, 0.04777949761571157, 0.04634767041651322, 0.04583787077705743, 0.04765783777043518]}, "coverage": {"537_houses": [0.03013565891472869, 0.009060077519379872, 0.02335271317829457, 0.028924418604651225, 0.026017441860465174]}, "time_all": {"537_houses": [1.50704026222229, 1.5733606815338135, 1.4599437713623047, 1.4367382526397705, 1.4465279579162598]}, "time_fit": {"537_houses": [0.37916016578674316, 0.35590648651123047, 0.368715763092041, 0.35779356956481934, 0.3695337772369385]}, "sizes": {"537_houses": []}, "tau": 0.7}, "DecisionTree": {"losses": {"537_houses": [0.037951371300586664, 0.03830113881852769, 0.03809673563161843, 0.03585147126001622, 0.038123371914929205]}, "coverage": {"537_houses": [0.01734496124031004, 0.0180717054263565, 0.026308139534883646, 0.022189922480620128, 0.016375968992248024]}, "complexity": {"537_houses": [1277, 1279, 1271, 1265, 1267]}, "time_all": {"537_houses": [2.2006335258483887, 2.017446517944336, 2.059971570968628, 2.021395206451416, 2.000772714614868]}, "time_fit": {"537_houses": [0.16147780418395996, 0.16392064094543457, 0.1632397174835205, 0.1636199951171875, 0.16235017776489258]}, "sizes": {"537_houses": []}, "tau": 0.7}, "LinearQuantile": {"losses": {"537_houses": [0.05405542428332514, 0.053418819669709475, 0.052665023765041244, 0.051276902429050995, 0.054665517685477456]}, "coverage": {"537_houses": [0.004505813953488369, 0.010513565891472898, 0.002034883720930303, 0.0003875968992247403, 0.0018410852713177661]}, "complexity": {"537_houses": [8, 8, 8, 8, 8]}, "time_all": {"537_houses": [1.1917974948883057, 2.2367377281188965, 5.030652046203613, 2.5120723247528076, 4.5318543910980225]}, "time_fit": {"537_houses": [0.10383486747741699, 0.20354700088500977, 0.442594051361084, 0.2273714542388916, 0.41033124923706055]}, "sizes": {"537_houses": []}, "tau": 0.7}}
