{"SQR": {"losses": {"618_fri_c3_1000_50": [0.014369891828194986, 0.013950837252880526, 0.01850520928444553, 0.014143307850992935, 0.014740759868228216]}, "coverage": {"618_fri_c3_1000_50": [0.020000000000000018, 0.065, 0.010000000000000009, 0.07499999999999996, 0.010000000000000009]}, "complexity": {"618_fri_c3_1000_50": [11, 15, 13, 14, 14]}, "time_all": {"618_fri_c3_1000_50": [115.6672625541687, 108.54089212417603, 101.40820932388306, 112.0293447971344, 105.06663227081299]}, "time_fit": {"618_fri_c3_1000_50": [115.6672625541687, 108.54089212417603, 101.40820932388306, 112.0293447971344, 105.06663227081299]}, "sizes": {"618_fri_c3_1000_50": []}, "tau": 0.5}, "LightGBM": {"losses": {"618_fri_c3_1000_50": [0.026966966914908103, 0.022593640734534657, 0.029203547324026347, 0.025770091288870357, 0.027220937950648613]}, "coverage": {"618_fri_c3_1000_50": [0.010000000000000009, 0.015000000000000013, 0.015000000000000013, 0.044999999999999984, 0.04500000000000004]}, "time_all": {"618_fri_c3_1000_50": [0.49739527702331543, 0.4424736499786377, 0.4344747066497803, 0.46897029876708984, 0.43624377250671387]}, "time_fit": {"618_fri_c3_1000_50": [0.08608245849609375, 0.08313989639282227, 0.08008623123168945, 0.08166742324829102, 0.0811302661895752]}, "sizes": {"618_fri_c3_1000_50": []}, "tau": 0.5}, "DecisionTree": {"losses": {"618_fri_c3_1000_50": [0.02954125186667555, 0.02893942271942694, 0.0299183995801126, 0.028140189444705817, 0.02969657547412064]}, "coverage": {"618_fri_c3_1000_50": [0.015000000000000013, 0.015000000000000013, 0.010000000000000009, 0.0, 0.06499999999999995]}, "complexity": {"618_fri_c3_1000_50": [133, 61, 135, 139, 61]}, "time_all": {"618_fri_c3_1000_50": [0.5582094192504883, 0.541712760925293, 0.5729849338531494, 0.521320104598999, 0.5160729885101318]}, "time_fit": {"618_fri_c3_1000_50": [0.060233354568481445, 0.04722023010253906, 0.06240272521972656, 0.051030635833740234, 0.03987312316894531]}, "sizes": {"618_fri_c3_1000_50": []}, "tau": 0.5}, "LinearQuantile": {"losses": {"618_fri_c3_1000_50": [0.062488147509241525, 0.05834118457513929, 0.06625175372078766, 0.06144569454697646, 0.06240008022087039]}, "coverage": {"618_fri_c3_1000_50": [0.04999999999999999, 0.010000000000000009, 0.020000000000000018, 0.05499999999999999, 0.010000000000000009]}, "complexity": {"618_fri_c3_1000_50": [50, 50, 50, 50, 50]}, "time_all": {"618_fri_c3_1000_50": [9.600762605667114, 5.137447118759155, 26.6126446723938, 7.193965911865234, 7.320340633392334]}, "time_fit": {"618_fri_c3_1000_50": [0.8425455093383789, 0.43631410598754883, 2.4036290645599365, 0.5790574550628662, 0.6467587947845459]}, "sizes": {"618_fri_c3_1000_50": []}, "tau": 0.5}}
