{"SQR": {"losses": {"225_puma8NH": [0.037855567991925396, 0.03677741992202226, 0.03681129754926842, 0.03674377916084762, 0.03622130087401319]}, "coverage": {"225_puma8NH": [0.01110433190970106, 0.009640024405125014, 0.00219780219780219, 0.0009768009768009733, 0.0015873015873015817]}, "complexity": {"225_puma8NH": [4, 4, 5, 4, 4]}, "time_all": {"225_puma8NH": [514.111424446106, 493.1020157337189, 513.3871946334839, 509.8615252971649, 530.1269850730896]}, "time_fit": {"225_puma8NH": [514.111424446106, 493.1020157337189, 513.3871946334839, 509.8615252971649, 530.1269850730896]}, "sizes": {"225_puma8NH": []}, "tau": 0.8}, "LightGBM": {"losses": {"225_puma8NH": [0.03705722765662281, 0.035775929721869354, 0.03508657127479487, 0.03568459767264031, 0.03489555766920913]}, "coverage": {"225_puma8NH": [0.007809640024405096, 0.01574130567419152, 0.01623931623931618, 0.01318681318681314, 0.008913308913308882]}, "time_all": {"225_puma8NH": [1.0891036987304688, 1.0452322959899902, 1.0499217510223389, 1.050889253616333, 1.0825586318969727]}, "time_fit": {"225_puma8NH": [0.14884233474731445, 0.1436328887939453, 0.14094877243041992, 0.14206814765930176, 0.15076589584350586]}, "sizes": {"225_puma8NH": []}, "tau": 0.8}, "DecisionTree": {"losses": {"225_puma8NH": [0.03682870240448955, 0.035022818293481375, 0.03573520995897265, 0.0345676511978947, 0.0348410716926807]}, "coverage": {"225_puma8NH": [0.021476510067114152, 0.015375228798047647, 0.03565323565323575, 0.008791208791208871, 0.03870573870573879]}, "complexity": {"225_puma8NH": [203, 227, 283, 237, 229]}, "time_all": {"225_puma8NH": [1.2254042625427246, 0.8366303443908691, 0.9455082416534424, 0.9111850261688232, 1.1034154891967773]}, "time_fit": {"225_puma8NH": [0.05197739601135254, 0.051773786544799805, 0.05717206001281738, 0.054553985595703125, 0.05265235900878906]}, "sizes": {"225_puma8NH": []}, "tau": 0.8}, "LinearQuantile": {"losses": {"225_puma8NH": [0.09221726900901493, 0.09172554592096244, 0.0881731674552656, 0.08911724155079537, 0.09019636681942263]}, "coverage": {"225_puma8NH": [0.42233068944478347, 0.4131787675411837, 0.39340659340659345, 0.3903540903540904, 0.40500610500610507]}, "complexity": {"225_puma8NH": [8, 8, 8, 8, 8]}, "time_all": {"225_puma8NH": [3.469439744949341, 2.235349655151367, 0.3169209957122803, 0.552107572555542, 0.5341329574584961]}, "time_fit": {"225_puma8NH": [0.3122844696044922, 0.20279383659362793, 0.028565406799316406, 0.04980063438415527, 0.04908943176269531]}, "sizes": {"225_puma8NH": []}, "tau": 0.8}}
