{"SQR": {"losses": {"523_analcatdata_neavote": [0.025555555555555554, 0.017778193289173305, 0.02333342444444447, 0.02777803277777778, 0.03666689877777777]}, "coverage": {"523_analcatdata_neavote": [0.30000000000000004, 0.30000000000000004, 0.44999999999999996, 0.09999999999999998, 0.25]}, "complexity": {"523_analcatdata_neavote": [3, 3, 3, 3, 3]}, "time_all": {"523_analcatdata_neavote": [75.77707767486572, 61.63454270362854, 61.37409734725952, 60.91171860694885, 62.91197490692139]}, "time_fit": {"523_analcatdata_neavote": [75.77707767486572, 61.63454270362854, 61.37409734725952, 60.91171860694885, 62.91197490692139]}, "sizes": {"523_analcatdata_neavote": []}, "tau": 0.6}, "LightGBM": {"losses": {"523_analcatdata_neavote": [0.2755555555555556, 0.033694266634386, 0.028675174705904354, 0.03322863632121766, 0.24666666666666665]}, "coverage": {"523_analcatdata_neavote": [0.4, 0.3, 0.25, 0.09999999999999998, 0.4]}, "time_all": {"523_analcatdata_neavote": [0.0950930118560791, 0.06725764274597168, 0.4808015823364258, 0.07541680335998535, 0.04429912567138672]}, "time_fit": {"523_analcatdata_neavote": [0.008450508117675781, 0.014367818832397461, 0.014340639114379883, 0.017166852951049805, 0.006972074508666992]}, "sizes": {"523_analcatdata_neavote": []}, "tau": 0.6}, "DecisionTree": {"losses": {"523_analcatdata_neavote": [0.025555555555555554, 0.017777777777777774, 0.023333333333333334, 0.027777777777777783, 0.03666666666666666]}, "coverage": {"523_analcatdata_neavote": [0.30000000000000004, 0.30000000000000004, 0.25, 0.25, 0.25]}, "complexity": {"523_analcatdata_neavote": [3, 3, 3, 3, 3]}, "time_all": {"523_analcatdata_neavote": [0.030321121215820312, 0.026779890060424805, 0.02651524543762207, 0.027692317962646484, 0.02688121795654297]}, "time_fit": {"523_analcatdata_neavote": [0.001697540283203125, 0.0016734600067138672, 0.0016644001007080078, 0.0016677379608154297, 0.0016634464263916016]}, "sizes": {"523_analcatdata_neavote": []}, "tau": 0.6}, "LinearQuantile": {"losses": {"523_analcatdata_neavote": [0.034222247456452005, 0.017777784057079297, 0.023333338366014134, 0.028666668895460504, 0.03666667227996053]}, "coverage": {"523_analcatdata_neavote": [0.050000000000000044, 0.3, 0.3, 0.14999999999999997, 0.04999999999999993]}, "complexity": {"523_analcatdata_neavote": [6, 6, 6, 6, 6]}, "time_all": {"523_analcatdata_neavote": [0.06354737281799316, 0.040762901306152344, 0.040944576263427734, 0.04088926315307617, 0.04293680191040039]}, "time_fit": {"523_analcatdata_neavote": [0.004900217056274414, 0.0031311511993408203, 0.0031332969665527344, 0.003082275390625, 0.0033092498779296875]}, "sizes": {"523_analcatdata_neavote": []}, "tau": 0.6}}
