{"SQR": {"losses": {"225_puma8NH": [0.05446730275517294, 0.05340068840895548, 0.0526750162926931, 0.05271683571474033, 0.05280656884323636]}, "coverage": {"225_puma8NH": [0.026479560707748595, 0.012568639414276994, 0.0023199023199023117, 0.015384615384615441, 0.012698412698412653]}, "complexity": {"225_puma8NH": [4, 4, 4, 5, 4]}, "time_all": {"225_puma8NH": [568.924674987793, 534.0585899353027, 563.8308243751526, 521.4268546104431, 603.9550104141235]}, "time_fit": {"225_puma8NH": [568.924674987793, 534.0585899353027, 563.8308243751526, 521.4268546104431, 603.9550104141235]}, "sizes": {"225_puma8NH": []}, "tau": 0.6}, "LightGBM": {"losses": {"225_puma8NH": [0.05080661116085386, 0.0502950238218619, 0.04983223215257288, 0.04998498334472902, 0.049988342276547394]}, "coverage": {"225_puma8NH": [0.00524710189139721, 0.021110433190970168, 0.011111111111111183, 0.014774114774114833, 0.009035409035409003]}, "time_all": {"225_puma8NH": [1.1435818672180176, 1.0461199283599854, 1.0903031826019287, 1.0874392986297607, 1.081636905670166]}, "time_fit": {"225_puma8NH": [0.14879941940307617, 0.14250755310058594, 0.14947509765625, 0.1434624195098877, 0.13913798332214355]}, "sizes": {"225_puma8NH": []}, "tau": 0.6}, "DecisionTree": {"losses": {"225_puma8NH": [0.050800058789530915, 0.04952411206444692, 0.049591680671008685, 0.04837584060034435, 0.04962501111200333]}, "coverage": {"225_puma8NH": [0.005125076266015882, 0.00036607687614398365, 0.0035409035409035283, 0.01025641025641022, 0.02857142857142858]}, "complexity": {"225_puma8NH": [227, 227, 283, 265, 211]}, "time_all": {"225_puma8NH": [1.1875126361846924, 0.8558533191680908, 0.9493768215179443, 0.8688554763793945, 0.8725879192352295]}, "time_fit": {"225_puma8NH": [0.05405235290527344, 0.05237936973571777, 0.05792737007141113, 0.05718517303466797, 0.05181741714477539]}, "sizes": {"225_puma8NH": []}, "tau": 0.6}, "LinearQuantile": {"losses": {"225_puma8NH": [0.08184065246241742, 0.08300252681856787, 0.08006002690373766, 0.08067988571193183, 0.0806562954464108]}, "coverage": {"225_puma8NH": [0.22355094569859668, 0.21378889566809028, 0.194017094017094, 0.18913308913308913, 0.20378510378510378]}, "complexity": {"225_puma8NH": [8, 8, 8, 8, 8]}, "time_all": {"225_puma8NH": [1.9077622890472412, 0.5769822597503662, 0.7109036445617676, 0.42768096923828125, 0.3391890525817871]}, "time_fit": {"225_puma8NH": [0.17051100730895996, 0.05205821990966797, 0.06416797637939453, 0.0384974479675293, 0.0304410457611084]}, "sizes": {"225_puma8NH": []}, "tau": 0.6}}
