{"SQR": {"losses": {"529_pollen": [0.03151946999759869, 0.03279378345793475, 0.029761149211030548, 0.03262215647902112, 0.032622832267092616]}, "coverage": {"529_pollen": [0.10259740259740258, 0.08701298701298699, 0.12467532467532466, 0.09804941482444729, 0.09414824447334202]}, "complexity": {"529_pollen": [4, 4, 4, 4, 4]}, "time_all": {"529_pollen": [254.38436031341553, 217.01684856414795, 223.15992379188538, 241.0909662246704, 234.53306984901428]}, "time_fit": {"529_pollen": [254.38436031341553, 217.01684856414795, 223.15992379188538, 241.0909662246704, 234.53306984901428]}, "sizes": {"529_pollen": []}, "tau": 0.6}, "LightGBM": {"losses": {"529_pollen": [0.03128576320780716, 0.029820777302559824, 0.029454795496040492, 0.029129935712156628, 0.029556061324731434]}, "coverage": {"529_pollen": [0.01558441558441559, 0.0012987012987012436, 0.00649350649350644, 0.025487646293888222, 0.0553966189856957]}, "time_all": {"529_pollen": [0.9736237525939941, 0.9185457229614258, 0.9432501792907715, 0.9365241527557373, 0.9472017288208008]}, "time_fit": {"529_pollen": [0.22408270835876465, 0.22263002395629883, 0.22978496551513672, 0.22661566734313965, 0.2279219627380371]}, "sizes": {"529_pollen": []}, "tau": 0.6}, "DecisionTree": {"losses": {"529_pollen": [0.03096272795675049, 0.02996075683508725, 0.02965242390619225, 0.030460053284400077, 0.030222021616031172]}, "coverage": {"529_pollen": [0.08311688311688314, 0.011688311688311637, 0.01948051948051943, 0.005981794538361562, 0.012223667100130009]}, "complexity": {"529_pollen": [547, 541, 239, 527, 533]}, "time_all": {"529_pollen": [0.48662376403808594, 0.4113130569458008, 0.3787815570831299, 0.40174126625061035, 0.4800865650177002]}, "time_fit": {"529_pollen": [0.05808138847351074, 0.04388713836669922, 0.0254366397857666, 0.04237484931945801, 0.05359387397766113]}, "sizes": {"529_pollen": []}, "tau": 0.6}, "LinearQuantile": {"losses": {"529_pollen": [0.025588511967537798, 0.02439639621637807, 0.025322615893974606, 0.02358158360644954, 0.024591695009125183]}, "coverage": {"529_pollen": [0.11038961038961037, 0.09870129870129873, 0.10259740259740258, 0.07594278283485045, 0.09024707412223665]}, "complexity": {"529_pollen": [4, 4, 4, 4, 4]}, "time_all": {"529_pollen": [0.24315333366394043, 0.08965778350830078, 0.2546710968017578, 0.1579732894897461, 0.1891772747039795]}, "time_fit": {"529_pollen": [0.017993927001953125, 0.00748753547668457, 0.02080368995666504, 0.013222932815551758, 0.01573491096496582]}, "sizes": {"529_pollen": []}, "tau": 0.6}}
