{"SQR": {"losses": {"294_satellite_image": [0.08368920865941466, 0.07701543167624968, 0.06862576421857342, 0.07027566010515612, 0.07534483512565297]}, "coverage": {"294_satellite_image": [0.0008547008547008517, 0.010023310023310028, 0.03815073815073822, 0.030225330225330138, 0.018570318570318545]}, "complexity": {"294_satellite_image": [3, 6, 9, 7, 7]}, "time_all": {"294_satellite_image": [329.034175157547, 390.2393145561218, 316.7342321872711, 377.2301926612854, 320.52497243881226]}, "time_fit": {"294_satellite_image": [329.034175157547, 390.2393145561218, 316.7342321872711, 377.2301926612854, 320.52497243881226]}, "sizes": {"294_satellite_image": []}, "tau": 0.7}, "LightGBM": {"losses": {"294_satellite_image": [0.05907293476773131, 0.057672542865693295, 0.06014801313868556, 0.05791702956654543, 0.055558185826181966]}, "coverage": {"294_satellite_image": [0.010178710178710193, 0.005361305361305302, 0.014063714063714094, 0.015617715617715633, 0.0558663558663558]}, "time_all": {"294_satellite_image": [0.9351310729980469, 0.8896102905273438, 0.9221630096435547, 0.891585111618042, 0.8811171054840088]}, "time_fit": {"294_satellite_image": [0.12902164459228516, 0.12706303596496582, 0.12841486930847168, 0.12766575813293457, 0.126969575881958]}, "sizes": {"294_satellite_image": []}, "tau": 0.7}, "DecisionTree": {"losses": {"294_satellite_image": [0.029412069412069416, 0.02548044548044548, 0.02764050764050764, 0.023855218855218855, 0.028005698005698004]}, "coverage": {"294_satellite_image": [0.23473193473193477, 0.24949494949494955, 0.2401709401709402, 0.2526029526029526, 0.23317793317793323]}, "complexity": {"294_satellite_image": [385, 365, 379, 383, 373]}, "time_all": {"294_satellite_image": [1.1973204612731934, 1.058779001235962, 1.1092016696929932, 0.918705940246582, 0.9185009002685547]}, "time_fit": {"294_satellite_image": [0.09639739990234375, 0.08319854736328125, 0.08675646781921387, 0.07940196990966797, 0.07977747917175293]}, "sizes": {"294_satellite_image": []}, "tau": 0.7}, "LinearQuantile": {"losses": {"294_satellite_image": [0.09672544384374808, 0.0972818255859253, 0.09749205903537123, 0.09657457651329744, 0.09337500355390975]}, "coverage": {"294_satellite_image": [0.025563325563325523, 0.018570318570318545, 0.004584304584304588, 0.02167832167832162, 0.030225330225330138]}, "complexity": {"294_satellite_image": [36, 36, 36, 36, 36]}, "time_all": {"294_satellite_image": [9.473264455795288, 6.076380014419556, 4.933323621749878, 3.3367743492126465, 4.852538824081421]}, "time_fit": {"294_satellite_image": [0.8290886878967285, 0.4398844242095947, 0.5443174839019775, 0.3292264938354492, 0.34487390518188477]}, "sizes": {"294_satellite_image": []}, "tau": 0.7}}
