{"SQR": {"losses": {"595_fri_c0_1000_10": [0.011612412105324304, 0.012126838677247018, 0.020580730239397185, 0.017605372245603396, 0.015537642553881776]}, "coverage": {"595_fri_c0_1000_10": [0.019999999999999907, 0.029999999999999916, 0.040000000000000036, 0.08999999999999997, 0.014999999999999902]}, "complexity": {"595_fri_c0_1000_10": [13, 13, 8, 9, 12]}, "time_all": {"595_fri_c0_1000_10": [103.74506568908691, 92.17996859550476, 92.16795325279236, 91.69246912002563, 93.95261263847351]}, "time_fit": {"595_fri_c0_1000_10": [103.74506568908691, 92.17996859550476, 92.16795325279236, 91.69246912002563, 93.95261263847351]}, "sizes": {"595_fri_c0_1000_10": []}, "tau": 0.8}, "LightGBM": {"losses": {"595_fri_c0_1000_10": [0.029870896127054312, 0.025133470673488312, 0.024889027428607102, 0.029373787869226835, 0.0288067796697732]}, "coverage": {"595_fri_c0_1000_10": [0.04500000000000004, 0.015000000000000013, 0.020000000000000018, 0.029999999999999916, 0.0050000000000000044]}, "time_all": {"595_fri_c0_1000_10": [0.40401434898376465, 0.3616795539855957, 0.4141850471496582, 0.36269426345825195, 0.36344194412231445]}, "time_fit": {"595_fri_c0_1000_10": [0.07175946235656738, 0.0728602409362793, 0.07468867301940918, 0.07133984565734863, 0.07284736633300781]}, "sizes": {"595_fri_c0_1000_10": []}, "tau": 0.8}, "DecisionTree": {"losses": {"595_fri_c0_1000_10": [0.02794215381096445, 0.030559406700227186, 0.02949302255113926, 0.029573123784284193, 0.03171123069921864]}, "coverage": {"595_fri_c0_1000_10": [0.020000000000000018, 0.07000000000000006, 0.0050000000000000044, 0.07000000000000006, 0.15000000000000002]}, "complexity": {"595_fri_c0_1000_10": [37, 65, 35, 135, 135]}, "time_all": {"595_fri_c0_1000_10": [0.17038607597351074, 0.1670067310333252, 0.16333460807800293, 0.1741316318511963, 0.17703652381896973]}, "time_fit": {"595_fri_c0_1000_10": [0.010474443435668945, 0.013234853744506836, 0.009935855865478516, 0.019295692443847656, 0.01975250244140625]}, "sizes": {"595_fri_c0_1000_10": []}, "tau": 0.8}, "LinearQuantile": {"losses": {"595_fri_c0_1000_10": [0.038936741471682745, 0.03922375322390811, 0.037035032039645914, 0.034865832951336655, 0.03968226239380885]}, "coverage": {"595_fri_c0_1000_10": [0.38500000000000006, 0.32500000000000007, 0.265, 0.2350000000000001, 0.32500000000000007]}, "complexity": {"595_fri_c0_1000_10": [10, 10, 10, 10, 10]}, "time_all": {"595_fri_c0_1000_10": [0.44122982025146484, 0.2905399799346924, 0.3806331157684326, 0.16205120086669922, 0.26543116569519043]}, "time_fit": {"595_fri_c0_1000_10": [0.03866410255432129, 0.02462458610534668, 0.03170609474182129, 0.013995647430419922, 0.02298903465270996]}, "sizes": {"595_fri_c0_1000_10": []}, "tau": 0.8}}
