{"SQR": {"losses": {"644_fri_c4_250_25": [0.010063470256852971, 0.013956051537949685, 0.016427875282811904, 0.022164139551385832, 0.0157466278371228]}, "coverage": {"644_fri_c4_250_25": [0.019999999999999907, 0.019999999999999907, 0.08000000000000007, 0.22000000000000008, 0.08000000000000007]}, "complexity": {"644_fri_c4_250_25": [11, 13, 12, 12, 14]}, "time_all": {"644_fri_c4_250_25": [95.66051125526428, 72.35899996757507, 74.04775595664978, 74.24781560897827, 75.57434630393982]}, "time_fit": {"644_fri_c4_250_25": [95.66051125526428, 72.35899996757507, 74.04775595664978, 74.24781560897827, 75.57434630393982]}, "sizes": {"644_fri_c4_250_25": []}, "tau": 0.8}, "LightGBM": {"losses": {"644_fri_c4_250_25": [0.02589785908042105, 0.03172151528206883, 0.0346001712562941, 0.03423981644506171, 0.028036754738118765]}, "coverage": {"644_fri_c4_250_25": [0.019999999999999907, 0.020000000000000018, 0.08000000000000007, 0.06000000000000005, 0.06000000000000005]}, "time_all": {"644_fri_c4_250_25": [0.19285202026367188, 0.16934847831726074, 0.14044713973999023, 0.14737987518310547, 0.13873815536499023]}, "time_fit": {"644_fri_c4_250_25": [0.03350520133972168, 0.03850078582763672, 0.03176283836364746, 0.032788753509521484, 0.031580448150634766]}, "sizes": {"644_fri_c4_250_25": []}, "tau": 0.8}, "DecisionTree": {"losses": {"644_fri_c4_250_25": [0.03187854170524246, 0.03505779618762038, 0.036204949652692886, 0.0375866398887832, 0.029222002464678577]}, "coverage": {"644_fri_c4_250_25": [0.040000000000000036, 0.18000000000000005, 0.040000000000000036, 0.24, 0.06000000000000005]}, "complexity": {"644_fri_c4_250_25": [15, 79, 15, 37, 39]}, "time_all": {"644_fri_c4_250_25": [0.06733179092407227, 0.07262372970581055, 0.06798028945922852, 0.06893396377563477, 0.06756854057312012]}, "time_fit": {"644_fri_c4_250_25": [0.0048215389251708984, 0.010872840881347656, 0.004754781723022461, 0.007425069808959961, 0.007430315017700195]}, "sizes": {"644_fri_c4_250_25": []}, "tau": 0.8}, "LinearQuantile": {"losses": {"644_fri_c4_250_25": [0.07432403268921074, 0.06767228067072471, 0.0871072864803984, 0.09101332076969686, 0.06911971680014051]}, "coverage": {"644_fri_c4_250_25": [0.36000000000000004, 0.28, 0.28, 0.30000000000000004, 0.28]}, "complexity": {"644_fri_c4_250_25": [25, 25, 25, 25, 25]}, "time_all": {"644_fri_c4_250_25": [2.1264846324920654, 0.5896432399749756, 1.8014607429504395, 2.3161396980285645, 0.7732598781585693]}, "time_fit": {"644_fri_c4_250_25": [0.12300586700439453, 0.04494762420654297, 0.11570882797241211, 0.1639859676361084, 0.05893397331237793]}, "sizes": {"644_fri_c4_250_25": []}, "tau": 0.8}}
