{"SQR": {"losses": {"564_fried": [0.008089805286411234, 0.010734952988913249, 0.01005965748971306, 0.010885854322223536, 0.012467459897452309]}, "coverage": {"564_fried": [0.020309050772626902, 0.002624478783419204, 0.002747117978906033, 0.001925671531951445, 0.0015577088188397648]}, "complexity": {"564_fried": [12, 11, 10, 10, 9]}, "time_all": {"564_fried": [541.8987758159637, 511.4299421310425, 641.970312833786, 488.1764976978302, 520.8201489448547]}, "time_fit": {"564_fried": [541.8987758159637, 511.4299421310425, 641.970312833786, 488.1764976978302, 520.8201489448547]}, "sizes": {"564_fried": []}, "tau": 0.9}, "LightGBM": {"losses": {"564_fried": [0.013281444072944553, 0.013381188423950802, 0.013575579267909452, 0.013341923531814279, 0.01320828745610851]}, "coverage": {"564_fried": [0.0335295560461123, 0.026416482707873445, 0.026171204316899677, 0.026039494664540586, 0.022359867533423228]}, "time_all": {"564_fried": [1.897878885269165, 1.7863669395446777, 1.7458841800689697, 1.694275140762329, 1.7537851333618164]}, "time_fit": {"564_fried": [0.31159067153930664, 0.2790398597717285, 0.2822086811065674, 0.29003262519836426, 0.28436899185180664]}, "sizes": {"564_fried": []}, "tau": 0.9}, "DecisionTree": {"losses": {"564_fried": [0.010263377629102777, 0.01010180689168719, 0.010370116529786443, 0.010276500944615873, 0.010282719042362927]}, "coverage": {"564_fried": [0.06605347068923229, 0.060902624478783474, 0.06887417218543046, 0.07564086839200301, 0.053195142892186964]}, "complexity": {"564_fried": [2517, 2503, 2499, 2529, 1615]}, "time_all": {"564_fried": [6.01975679397583, 6.062331914901733, 6.014554738998413, 6.025048732757568, 5.942637205123901]}, "time_fit": {"564_fried": [0.49747610092163086, 0.49892115592956543, 0.49634861946105957, 0.5010626316070557, 0.4264848232269287]}, "sizes": {"564_fried": []}, "tau": 0.9}, "LinearQuantile": {"losses": {"564_fried": [0.013476195767229011, 0.01333191567560444, 0.013624634018473582, 0.013499431910860017, 0.013664967673824543]}, "coverage": {"564_fried": [0.0021339220014716664, 0.0027716458180034875, 0.008290409614912897, 0.010879430884337071, 0.009652888507297952]}, "complexity": {"564_fried": [10, 10, 10, 10, 10]}, "time_all": {"564_fried": [4.793143272399902, 3.9216747283935547, 10.552102088928223, 4.727819919586182, 20.173923015594482]}, "time_fit": {"564_fried": [0.4271247386932373, 0.34424495697021484, 0.9557070732116699, 0.39189982414245605, 1.786670207977295]}, "sizes": {"564_fried": []}, "tau": 0.9}}
