{"SQR": {"losses": {"605_fri_c2_250_25": [0.026924047878765723, 0.04013178435033237, 0.02696596686966208, 0.036139981918584786, 0.017334706837659246]}, "coverage": {"605_fri_c2_250_25": [0.1399999999999999, 0.08000000000000007, 0.040000000000000036, 0.20000000000000007, 0.12]}, "complexity": {"605_fri_c2_250_25": [8, 6, 10, 6, 14]}, "time_all": {"605_fri_c2_250_25": [80.22975325584412, 67.73217964172363, 76.92733979225159, 66.87408351898193, 76.44185376167297]}, "time_fit": {"605_fri_c2_250_25": [80.22975325584412, 67.73217964172363, 76.92733979225159, 66.87408351898193, 76.44185376167297]}, "sizes": {"605_fri_c2_250_25": []}, "tau": 0.7}, "LightGBM": {"losses": {"605_fri_c2_250_25": [0.04162396418064785, 0.04373428396698646, 0.05006715852288307, 0.043475558271253996, 0.050435316280952665]}, "coverage": {"605_fri_c2_250_25": [0.019999999999999907, 0.06000000000000005, 0.0, 0.09999999999999998, 0.0]}, "time_all": {"605_fri_c2_250_25": [0.1904902458190918, 0.17667913436889648, 0.16953659057617188, 0.1728229522705078, 0.14455342292785645]}, "time_fit": {"605_fri_c2_250_25": [0.0368649959564209, 0.042044878005981445, 0.04111313819885254, 0.04328441619873047, 0.035332679748535156]}, "sizes": {"605_fri_c2_250_25": []}, "tau": 0.7}, "DecisionTree": {"losses": {"605_fri_c2_250_25": [0.04215582083962456, 0.0425533027073841, 0.049189232548650326, 0.044982662790585576, 0.051911360722229564]}, "coverage": {"605_fri_c2_250_25": [0.020000000000000018, 0.0, 0.039999999999999925, 0.19999999999999996, 0.05999999999999994]}, "complexity": {"605_fri_c2_250_25": [17, 7, 15, 75, 17]}, "time_all": {"605_fri_c2_250_25": [0.0686805248260498, 0.06342482566833496, 0.06550860404968262, 0.07077646255493164, 0.06528043746948242]}, "time_fit": {"605_fri_c2_250_25": [0.0051250457763671875, 0.003412485122680664, 0.004752635955810547, 0.010556697845458984, 0.005012989044189453]}, "sizes": {"605_fri_c2_250_25": []}, "tau": 0.7}, "LinearQuantile": {"losses": {"605_fri_c2_250_25": [0.08932674527817254, 0.07480264195009813, 0.10451430795571466, 0.08316373996204943, 0.08088224466569215]}, "coverage": {"605_fri_c2_250_25": [0.23999999999999994, 0.15999999999999992, 0.25999999999999995, 0.29999999999999993, 0.19999999999999996]}, "complexity": {"605_fri_c2_250_25": [25, 25, 25, 25, 25]}, "time_all": {"605_fri_c2_250_25": [2.1260242462158203, 0.32539963722229004, 3.878140926361084, 0.9180171489715576, 1.6866834163665771]}, "time_fit": {"605_fri_c2_250_25": [0.12391877174377441, 0.02703690528869629, 0.24857878684997559, 0.06871724128723145, 0.11737608909606934]}, "sizes": {"605_fri_c2_250_25": []}, "tau": 0.7}}
