{"SQR": {"losses": {"621_fri_c0_100_10": [0.025800405614757736, 0.014986311876204474, 0.02613887178373693, 0.04177208434877495, 0.027215534707147514]}, "coverage": {"621_fri_c0_100_10": [0.04999999999999993, 0.0, 0.04999999999999993, 0.19999999999999996, 0.04999999999999993]}, "complexity": {"621_fri_c0_100_10": [14, 13, 10, 10, 10]}, "time_all": {"621_fri_c0_100_10": [81.8738522529602, 68.9338641166687, 68.69737434387207, 66.6907160282135, 69.77463388442993]}, "time_fit": {"621_fri_c0_100_10": [81.8738522529602, 68.9338641166687, 68.69737434387207, 66.6907160282135, 69.77463388442993]}, "sizes": {"621_fri_c0_100_10": []}, "tau": 0.7}, "LightGBM": {"losses": {"621_fri_c0_100_10": [0.0676111383249298, 0.053739769710992195, 0.04839857211532638, 0.04168336872453968, 0.0717699934830836]}, "coverage": {"621_fri_c0_100_10": [0.15000000000000002, 0.050000000000000044, 0.0, 0.050000000000000044, 0.1499999999999999]}, "time_all": {"621_fri_c0_100_10": [0.12972784042358398, 0.08352303504943848, 0.09728384017944336, 0.08943319320678711, 0.08713197708129883]}, "time_fit": {"621_fri_c0_100_10": [0.01720714569091797, 0.019601106643676758, 0.018375396728515625, 0.018426895141601562, 0.016984224319458008]}, "sizes": {"621_fri_c0_100_10": []}, "tau": 0.7}, "DecisionTree": {"losses": {"621_fri_c0_100_10": [0.04592465938935344, 0.0666339684870582, 0.05018480972275384, 0.04297481495030686, 0.06796928692921589]}, "coverage": {"621_fri_c0_100_10": [0.050000000000000044, 0.04999999999999993, 0.050000000000000044, 0.09999999999999998, 0.1499999999999999]}, "complexity": {"621_fri_c0_100_10": [13, 3, 5, 13, 7]}, "time_all": {"621_fri_c0_100_10": [0.034515380859375, 0.03352522850036621, 0.032422780990600586, 0.03623771667480469, 0.031894683837890625]}, "time_fit": {"621_fri_c0_100_10": [0.0027146339416503906, 0.0017652511596679688, 0.0019702911376953125, 0.0026679039001464844, 0.0020248889923095703]}, "sizes": {"621_fri_c0_100_10": []}, "tau": 0.7}, "LinearQuantile": {"losses": {"621_fri_c0_100_10": [0.04664765182517115, 0.0568875039736906, 0.04183931356725521, 0.045996839366447655, 0.0687608934124217]}, "coverage": {"621_fri_c0_100_10": [0.1499999999999999, 0.35, 0.24999999999999994, 0.19999999999999996, 0.24999999999999994]}, "complexity": {"621_fri_c0_100_10": [10, 10, 10, 10, 10]}, "time_all": {"621_fri_c0_100_10": [0.13141107559204102, 0.20535969734191895, 0.10781383514404297, 0.2058091163635254, 0.10949206352233887]}, "time_fit": {"621_fri_c0_100_10": [0.010961294174194336, 0.018010377883911133, 0.009244918823242188, 0.01804661750793457, 0.00920248031616211]}, "sizes": {"621_fri_c0_100_10": []}, "tau": 0.7}}
