{"SQR": {"losses": {"597_fri_c2_500_5": [0.018930065612780902, 0.01816952758857523, 0.01106517142791252, 0.01468392702926007, 0.015798785062382963]}, "coverage": {"597_fri_c2_500_5": [0.039999999999999925, 0.0, 0.06000000000000005, 0.08000000000000007, 0.010000000000000009]}, "complexity": {"597_fri_c2_500_5": [14, 11, 17, 15, 15]}, "time_all": {"597_fri_c2_500_5": [114.07063269615173, 93.14093542098999, 83.08431029319763, 83.48874616622925, 90.56304478645325]}, "time_fit": {"597_fri_c2_500_5": [114.07063269615173, 93.14093542098999, 83.08431029319763, 83.48874616622925, 90.56304478645325]}, "sizes": {"597_fri_c2_500_5": []}, "tau": 0.8}, "LightGBM": {"losses": {"597_fri_c2_500_5": [0.027977957133855372, 0.03196117225772195, 0.031013590324232638, 0.02415647747573305, 0.031822940540545054]}, "coverage": {"597_fri_c2_500_5": [0.04999999999999993, 0.06999999999999995, 0.050000000000000044, 0.030000000000000027, 0.020000000000000018]}, "time_all": {"597_fri_c2_500_5": [0.26168012619018555, 0.22085261344909668, 0.23209786415100098, 0.23670005798339844, 0.21758675575256348]}, "time_fit": {"597_fri_c2_500_5": [0.048853397369384766, 0.04511523246765137, 0.0475621223449707, 0.05396676063537598, 0.049817562103271484]}, "sizes": {"597_fri_c2_500_5": []}, "tau": 0.8}, "DecisionTree": {"losses": {"597_fri_c2_500_5": [0.029969127246612267, 0.03229115005208354, 0.029833681014618363, 0.030543988610712725, 0.02923886593058969]}, "coverage": {"597_fri_c2_500_5": [0.1100000000000001, 0.010000000000000009, 0.20000000000000007, 0.040000000000000036, 0.10000000000000009]}, "complexity": {"597_fri_c2_500_5": [161, 27, 165, 11, 29]}, "time_all": {"597_fri_c2_500_5": [0.08428287506103516, 0.07373452186584473, 0.08140349388122559, 0.07492804527282715, 0.07239985466003418]}, "time_fit": {"597_fri_c2_500_5": [0.014704465866088867, 0.004750490188598633, 0.014845848083496094, 0.0031502246856689453, 0.004856109619140625]}, "sizes": {"597_fri_c2_500_5": []}, "tau": 0.8}, "LinearQuantile": {"losses": {"597_fri_c2_500_5": [0.07540891226541797, 0.06995289023482015, 0.07874358532240412, 0.08352916019026699, 0.08643534800705706]}, "coverage": {"597_fri_c2_500_5": [0.25, 0.30000000000000004, 0.33000000000000007, 0.36000000000000004, 0.34]}, "complexity": {"597_fri_c2_500_5": [5, 5, 5, 5, 5]}, "time_all": {"597_fri_c2_500_5": [0.5669939517974854, 0.40234947204589844, 0.16142487525939941, 1.3667681217193604, 0.37322473526000977]}, "time_fit": {"597_fri_c2_500_5": [0.05054807662963867, 0.03606271743774414, 0.014175653457641602, 0.09241461753845215, 0.033518075942993164]}, "sizes": {"597_fri_c2_500_5": []}, "tau": 0.8}}
