{"SQR": {"losses": {"604_fri_c4_500_10": [0.009884060388420957, 0.010081303971974194, 0.018084695961485226, 0.018443707403625283, 0.00923540898040307]}, "coverage": {"604_fri_c4_500_10": [0.010000000000000009, 0.010000000000000009, 0.010000000000000009, 0.10000000000000009, 0.010000000000000009]}, "complexity": {"604_fri_c4_500_10": [12, 14, 14, 9, 13]}, "time_all": {"604_fri_c4_500_10": [107.47074842453003, 92.38863348960876, 88.6637794971466, 87.52300715446472, 85.31680202484131]}, "time_fit": {"604_fri_c4_500_10": [107.47074842453003, 92.38863348960876, 88.6637794971466, 87.52300715446472, 85.31680202484131]}, "sizes": {"604_fri_c4_500_10": []}, "tau": 0.8}, "LightGBM": {"losses": {"604_fri_c4_500_10": [0.023105378937185523, 0.028062536023052313, 0.0264565343787091, 0.022215448344020026, 0.023431910314690347]}, "coverage": {"604_fri_c4_500_10": [0.04999999999999993, 0.030000000000000027, 0.010000000000000009, 0.09000000000000008, 0.0]}, "time_all": {"604_fri_c4_500_10": [0.25861477851867676, 0.25328731536865234, 0.2358841896057129, 0.22578978538513184, 0.23709821701049805]}, "time_fit": {"604_fri_c4_500_10": [0.048247337341308594, 0.05606889724731445, 0.049436330795288086, 0.046498775482177734, 0.04712820053100586]}, "sizes": {"604_fri_c4_500_10": []}, "tau": 0.8}, "DecisionTree": {"losses": {"604_fri_c4_500_10": [0.0233585377247097, 0.02463057879341725, 0.027862997861570222, 0.028584065652295498, 0.021979526719248063]}, "coverage": {"604_fri_c4_500_10": [0.09000000000000008, 0.08000000000000007, 0.06000000000000005, 0.20000000000000007, 0.010000000000000009]}, "complexity": {"604_fri_c4_500_10": [65, 69, 65, 157, 67]}, "time_all": {"604_fri_c4_500_10": [0.09146595001220703, 0.09020733833312988, 0.08806014060974121, 0.09603404998779297, 0.08882975578308105]}, "time_fit": {"604_fri_c4_500_10": [0.00960230827331543, 0.00983881950378418, 0.009378194808959961, 0.01630425453186035, 0.009499788284301758]}, "sizes": {"604_fri_c4_500_10": []}, "tau": 0.8}, "LinearQuantile": {"losses": {"604_fri_c4_500_10": [0.06315867978880234, 0.0634645035528114, 0.05816405337701695, 0.06855854216604211, 0.06669316793594433]}, "coverage": {"604_fri_c4_500_10": [0.33000000000000007, 0.33000000000000007, 0.33000000000000007, 0.46, 0.38000000000000006]}, "complexity": {"604_fri_c4_500_10": [10, 10, 10, 10, 10]}, "time_all": {"604_fri_c4_500_10": [0.4615211486816406, 1.1600983142852783, 0.42186737060546875, 1.714416265487671, 1.1511588096618652]}, "time_fit": {"604_fri_c4_500_10": [0.04073643684387207, 0.07755661010742188, 0.03789377212524414, 0.10837101936340332, 0.07500195503234863]}, "sizes": {"604_fri_c4_500_10": []}, "tau": 0.8}}
