{"SQR": {"losses": {"601_fri_c1_250_5": [0.006479614420614834, 0.010475399710181951, 0.011146045482792563, 0.0072821953449876626, 0.018975642546126353]}, "coverage": {"601_fri_c1_250_5": [0.020000000000000018, 0.14, 0.08000000000000007, 0.20000000000000007, 0.08000000000000007]}, "complexity": {"601_fri_c1_250_5": [17, 14, 15, 15, 10]}, "time_all": {"601_fri_c1_250_5": [95.49460363388062, 76.50172805786133, 75.14021110534668, 76.34937882423401, 78.1154305934906]}, "time_fit": {"601_fri_c1_250_5": [95.49460363388062, 76.50172805786133, 75.14021110534668, 76.34937882423401, 78.1154305934906]}, "sizes": {"601_fri_c1_250_5": []}, "tau": 0.9}, "LightGBM": {"losses": {"601_fri_c1_250_5": [0.031646606260695834, 0.0259295459200643, 0.02177072913904126, 0.025461727221831584, 0.026275765223026302]}, "coverage": {"601_fri_c1_250_5": [0.06000000000000005, 0.039999999999999925, 0.039999999999999925, 0.020000000000000018, 0.06000000000000005]}, "time_all": {"601_fri_c1_250_5": [0.18442130088806152, 0.15114426612854004, 0.12244653701782227, 0.14843058586120605, 0.12427997589111328]}, "time_fit": {"601_fri_c1_250_5": [0.023983240127563477, 0.034598588943481445, 0.020803451538085938, 0.03435802459716797, 0.02758622169494629]}, "sizes": {"601_fri_c1_250_5": []}, "tau": 0.9}, "DecisionTree": {"losses": {"601_fri_c1_250_5": [0.03248492300115433, 0.02461040942856811, 0.020079357487037486, 0.019671425488553752, 0.016771834650592513]}, "coverage": {"601_fri_c1_250_5": [0.09999999999999998, 0.0, 0.0, 0.06000000000000005, 0.040000000000000036]}, "complexity": {"601_fri_c1_250_5": [7, 9, 15, 15, 37]}, "time_all": {"601_fri_c1_250_5": [0.04744243621826172, 0.04639124870300293, 0.04620981216430664, 0.04682493209838867, 0.048718929290771484]}, "time_fit": {"601_fri_c1_250_5": [0.0022907257080078125, 0.0025033950805664062, 0.0030317306518554688, 0.003021717071533203, 0.004782676696777344]}, "sizes": {"601_fri_c1_250_5": []}, "tau": 0.9}, "LinearQuantile": {"losses": {"601_fri_c1_250_5": [0.09365181502577716, 0.0680385620004487, 0.08242399942173093, 0.06551448000158118, 0.07682229925189936]}, "coverage": {"601_fri_c1_250_5": [0.46, 0.4, 0.5, 0.4, 0.44]}, "complexity": {"601_fri_c1_250_5": [5, 5, 5, 5, 5]}, "time_all": {"601_fri_c1_250_5": [0.11597108840942383, 0.23098468780517578, 0.33048534393310547, 0.1301712989807129, 0.29410719871520996]}, "time_fit": {"601_fri_c1_250_5": [0.00957345962524414, 0.020038604736328125, 0.027610063552856445, 0.011312484741210938, 0.025892019271850586]}, "sizes": {"601_fri_c1_250_5": []}, "tau": 0.9}}
