{"SQR": {"losses": {"192_vineyard": [0.04939282678702493, 0.056845439186915425, 0.06326686363076788, 0.07942856429830265, 0.06069951983019059]}, "coverage": {"192_vineyard": [0.21818181818181825, 0.036363636363636376, 0.09999999999999998, 0.0, 0.19999999999999996]}, "complexity": {"192_vineyard": [11, 10, 5, 6, 7]}, "time_all": {"192_vineyard": [78.18245458602905, 63.412721395492554, 62.47969031333923, 64.21110343933105, 64.2432541847229]}, "time_fit": {"192_vineyard": [78.18245458602905, 63.412721395492554, 62.47969031333923, 64.21110343933105, 64.2432541847229]}, "sizes": {"192_vineyard": []}, "tau": 0.6}, "LightGBM": {"losses": {"192_vineyard": [0.0642166344294004, 0.049903288201160544, 0.07914893617021276, 0.06297872340425532, 0.05702127659574467]}, "coverage": {"192_vineyard": [0.12727272727272732, 0.12727272727272732, 0.09999999999999998, 0.20000000000000007, 0.09999999999999998]}, "time_all": {"192_vineyard": [0.0779423713684082, 0.03396129608154297, 0.030718564987182617, 0.03165435791015625, 0.03398537635803223]}, "time_fit": {"192_vineyard": [0.004006385803222656, 0.004122257232666016, 0.0036706924438476562, 0.0038182735443115234, 0.004242897033691406]}, "sizes": {"192_vineyard": []}, "tau": 0.6}, "DecisionTree": {"losses": {"192_vineyard": [0.03961315280464218, 0.04858800773694391, 0.05276595744680851, 0.03404255319148937, 0.05702127659574467]}, "coverage": {"192_vineyard": [0.12727272727272732, 0.12727272727272732, 0.09999999999999998, 0.0, 0.09999999999999998]}, "complexity": {"192_vineyard": [5, 5, 5, 5, 1]}, "time_all": {"192_vineyard": [0.02875041961669922, 0.027534008026123047, 0.024744033813476562, 0.026413679122924805, 0.027446269989013672]}, "time_fit": {"192_vineyard": [0.0018739700317382812, 0.0018436908721923828, 0.0016396045684814453, 0.001766204833984375, 0.001440286636352539]}, "sizes": {"192_vineyard": []}, "tau": 0.6}, "LinearQuantile": {"losses": {"192_vineyard": [0.04186047372584286, 0.04307991047623891, 0.08572536959743177, 0.06306472149033564, 0.047264423871954196]}, "coverage": {"192_vineyard": [0.12727272727272732, 0.036363636363636376, 0.3, 0.09999999999999998, 0.09999999999999998]}, "complexity": {"192_vineyard": [2, 2, 2, 2, 2]}, "time_all": {"192_vineyard": [0.08174872398376465, 0.475740909576416, 0.13344383239746094, 0.14416146278381348, 0.06271791458129883]}, "time_fit": {"192_vineyard": [0.0064580440521240234, 0.03767824172973633, 0.011235475540161133, 0.012260198593139648, 0.0050890445709228516]}, "sizes": {"192_vineyard": []}, "tau": 0.6}}
