{"SQR": {"losses": {"201_pol": [0.09755224141660657, 0.054143213303888625, 0.05818027055004114, 0.06229264991051144, 0.05387619909095895]}, "coverage": {"201_pol": [0.1123333333333334, 0.125, 0.10066666666666668, 0.10833333333333339, 0.125]}, "complexity": {"201_pol": [8, 13, 17, 7, 15]}, "time_all": {"201_pol": [475.0384476184845, 388.1457977294922, 434.22208547592163, 636.1886253356934, 387.1961133480072]}, "time_fit": {"201_pol": [475.0384476184845, 388.1457977294922, 434.22208547592163, 636.1886253356934, 387.1961133480072]}, "sizes": {"201_pol": []}, "tau": 0.7}, "LightGBM": {"losses": {"201_pol": [0.03805335270305095, 0.038594633742199284, 0.03773338746705465, 0.0395491804014345, 0.03815557086271797]}, "coverage": {"201_pol": [0.046666666666666745, 0.028333333333333433, 0.020666666666666722, 0.020333333333333425, 0.028000000000000025]}, "time_all": {"201_pol": [2.217525005340576, 1.9962763786315918, 2.0617237091064453, 1.9858460426330566, 2.0095696449279785]}, "time_fit": {"201_pol": [0.33936476707458496, 0.32802891731262207, 0.33368349075317383, 0.3087794780731201, 0.33484888076782227]}, "sizes": {"201_pol": []}, "tau": 0.7}, "DecisionTree": {"losses": {"201_pol": [0.009345333333333334, 0.008903666666666666, 0.010269000000000002, 0.010437666666666668, 0.009628333333333332]}, "coverage": {"201_pol": [0.2483333333333334, 0.2473333333333334, 0.2346666666666667, 0.2416666666666667, 0.2336666666666667]}, "complexity": {"201_pol": [1213, 1167, 1173, 1193, 1155]}, "time_all": {"201_pol": [0.8094837665557861, 0.7915225028991699, 0.8529314994812012, 0.7911138534545898, 0.768165111541748]}, "time_fit": {"201_pol": [0.1074068546295166, 0.10508060455322266, 0.10331964492797852, 0.10599708557128906, 0.10278439521789551]}, "sizes": {"201_pol": []}, "tau": 0.7}, "LinearQuantile": {"losses": {"201_pol": [0.10844761742346475, 0.1100795726055942, 0.10828178941910341, 0.10919702995703164, 0.11104602129232875]}, "coverage": {"201_pol": [0.0076666666666667105, 0.007333333333333414, 0.0016666666666665941, 0.0020000000000000018, 0.010000000000000009]}, "complexity": {"201_pol": [48, 48, 48, 48, 48]}, "time_all": {"201_pol": [20.78298330307007, 116.0154538154602, 50.17920684814453, 77.39819812774658, 66.54814386367798]}, "time_fit": {"201_pol": [1.872840166091919, 10.833096504211426, 4.698142051696777, 7.104126453399658, 5.497766971588135]}, "sizes": {"201_pol": []}, "tau": 0.7}}
