{"SQR": {"losses": {"616_fri_c4_500_50": [0.013587422627000384, 0.01166134123758004, 0.005800118955342679, 0.006932758174518658, 0.006767752137923583]}, "coverage": {"616_fri_c4_500_50": [0.010000000000000009, 0.040000000000000036, 0.0, 0.020000000000000018, 0.08999999999999997]}, "complexity": {"616_fri_c4_500_50": [7, 9, 11, 17, 15]}, "time_all": {"616_fri_c4_500_50": [98.66371130943298, 84.98069882392883, 91.33787679672241, 93.14137029647827, 96.76922917366028]}, "time_fit": {"616_fri_c4_500_50": [98.66371130943298, 84.98069882392883, 91.33787679672241, 93.14137029647827, 96.76922917366028]}, "sizes": {"616_fri_c4_500_50": []}, "tau": 0.9}, "LightGBM": {"losses": {"616_fri_c4_500_50": [0.019620682425559196, 0.023957337457769554, 0.01794582108039293, 0.02208378883836296, 0.018959842238151947]}, "coverage": {"616_fri_c4_500_50": [0.020000000000000018, 0.050000000000000044, 0.010000000000000009, 0.040000000000000036, 0.010000000000000009]}, "time_all": {"616_fri_c4_500_50": [0.2650620937347412, 0.21371245384216309, 0.21857881546020508, 0.21465706825256348, 0.23566603660583496]}, "time_fit": {"616_fri_c4_500_50": [0.046242475509643555, 0.04668140411376953, 0.04778623580932617, 0.05032944679260254, 0.043642520904541016]}, "sizes": {"616_fri_c4_500_50": []}, "tau": 0.9}, "DecisionTree": {"losses": {"616_fri_c4_500_50": [0.020969561210035563, 0.018525799838249344, 0.017416724000059215, 0.014222604823837423, 0.01675369795588411]}, "coverage": {"616_fri_c4_500_50": [0.12, 0.030000000000000027, 0.08999999999999997, 0.020000000000000018, 0.12]}, "complexity": {"616_fri_c4_500_50": [29, 23, 31, 31, 71]}, "time_all": {"616_fri_c4_500_50": [0.21528363227844238, 0.19407176971435547, 0.20366263389587402, 0.2019188404083252, 0.20658087730407715]}, "time_fit": {"616_fri_c4_500_50": [0.0190889835357666, 0.014520883560180664, 0.01731395721435547, 0.017312049865722656, 0.023542404174804688]}, "sizes": {"616_fri_c4_500_50": []}, "tau": 0.9}, "LinearQuantile": {"losses": {"616_fri_c4_500_50": [0.08662760500825788, 0.07303975382483444, 0.08468427057566967, 0.07578348837218545, 0.07059721952986793]}, "coverage": {"616_fri_c4_500_50": [0.46, 0.44, 0.46, 0.44, 0.4]}, "complexity": {"616_fri_c4_500_50": [50, 50, 50, 50, 50]}, "time_all": {"616_fri_c4_500_50": [10.802403450012207, 10.699907302856445, 4.078963279724121, 25.938382148742676, 5.719859838485718]}, "time_fit": {"616_fri_c4_500_50": [0.9288408756256104, 0.8920459747314453, 0.3472404479980469, 2.3289029598236084, 0.4400036334991455]}, "sizes": {"616_fri_c4_500_50": []}, "tau": 0.9}}
