{"SQR": {"losses": {"1096_FacultySalaries": [0.041415429099975275, 0.0864221298234925, 0.0002662934940189362, 0.04079067572271623, 0.000770505294892749]}, "coverage": {"1096_FacultySalaries": [0.19999999999999996, 0.09999999999999998, 0.30000000000000004, 0.09999999999999998, 0.09999999999999998]}, "complexity": {"1096_FacultySalaries": [12, 11, 14, 8, 15]}, "time_all": {"1096_FacultySalaries": [77.15798592567444, 64.59409594535828, 65.01639199256897, 63.4856321811676, 64.38308501243591]}, "time_fit": {"1096_FacultySalaries": [77.15798592567444, 64.59409594535828, 65.01639199256897, 63.4856321811676, 64.38308501243591]}, "sizes": {"1096_FacultySalaries": []}, "tau": 0.6}, "LightGBM": {"losses": {"1096_FacultySalaries": [0.07924169973490568, 0.11220851964632154, 0.09582937204485287, 0.03611373871206795, 0.0805687116394717]}, "coverage": {"1096_FacultySalaries": [0.09999999999999998, 0.0, 0.19999999999999996, 0.09999999999999998, 0.09999999999999998]}, "time_all": {"1096_FacultySalaries": [0.07284402847290039, 0.0326688289642334, 0.036097049713134766, 0.03445744514465332, 0.03481626510620117]}, "time_fit": {"1096_FacultySalaries": [0.00393223762512207, 0.0038886070251464844, 0.004400491714477539, 0.004328012466430664, 0.004402637481689453]}, "sizes": {"1096_FacultySalaries": []}, "tau": 0.6}, "DecisionTree": {"losses": {"1096_FacultySalaries": [0.03165876867732528, 0.04255923636639097, 0.04642654276916981, 0.03332700611924382, 0.047696664707491405]}, "coverage": {"1096_FacultySalaries": [0.09999999999999998, 0.19999999999999996, 0.20000000000000007, 0.19999999999999996, 0.09999999999999998]}, "complexity": {"1096_FacultySalaries": [7, 15, 5, 15, 15]}, "time_all": {"1096_FacultySalaries": [0.02915787696838379, 0.027750253677368164, 0.028119802474975586, 0.02806830406188965, 0.028398752212524414]}, "time_fit": {"1096_FacultySalaries": [0.00203704833984375, 0.0025031566619873047, 0.0017888545989990234, 0.0024106502532958984, 0.002451181411743164]}, "sizes": {"1096_FacultySalaries": []}, "tau": 0.6}, "LinearQuantile": {"losses": {"1096_FacultySalaries": [0.009047227352938315, 0.00021584374000624783, 0.00022032254827593066, 0.03909366267613298, 0.000181632781492023]}, "coverage": {"1096_FacultySalaries": [0.09999999999999998, 0.20000000000000007, 0.30000000000000004, 0.0, 0.09999999999999998]}, "complexity": {"1096_FacultySalaries": [5, 5, 5, 5, 5]}, "time_all": {"1096_FacultySalaries": [0.15396928787231445, 0.1469724178314209, 0.08043241500854492, 0.0680856704711914, 0.09438729286193848]}, "time_fit": {"1096_FacultySalaries": [0.013196229934692383, 0.012360572814941406, 0.006661176681518555, 0.005588054656982422, 0.007868051528930664]}, "sizes": {"1096_FacultySalaries": []}, "tau": 0.6}}
