{"SQR": {"losses": {"197_cpu_act": [0.015359716117056457, 0.012566513747437861, 0.013962541793254526, 0.015679836591884582, 0.015273441732511306]}, "coverage": {"197_cpu_act": [0.004636973764490571, 0.009395973154362358, 0.00012210012210012167, 0.024542124542124566, 0.014163614163614224]}, "complexity": {"197_cpu_act": [4, 11, 7, 4, 4]}, "time_all": {"197_cpu_act": [545.5870461463928, 382.0009698867798, 376.71588134765625, 515.3553447723389, 497.6701834201813]}, "time_fit": {"197_cpu_act": [545.5870461463928, 382.0009698867798, 376.71588134765625, 515.3553447723389, 497.6701834201813]}, "sizes": {"197_cpu_act": []}, "tau": 0.6}, "LightGBM": {"losses": {"197_cpu_act": [0.01730253620741813, 0.017408578414347085, 0.016470706502244463, 0.019004186406663674, 0.020277193335573058]}, "coverage": {"197_cpu_act": [0.030140329469188543, 0.00024405125076265577, 0.00659340659340657, 0.007814407814407787, 0.024542124542124566]}, "time_all": {"197_cpu_act": [1.1976571083068848, 1.1580345630645752, 1.1220452785491943, 1.1359574794769287, 1.162715196609497]}, "time_fit": {"197_cpu_act": [0.15708589553833008, 0.15159153938293457, 0.14718985557556152, 0.14237380027770996, 0.14493608474731445]}, "sizes": {"197_cpu_act": []}, "tau": 0.6}, "DecisionTree": {"losses": {"197_cpu_act": [0.010322135325185966, 0.010255082860329962, 0.010312650312650311, 0.010187096853763521, 0.010139243472576805]}, "coverage": {"197_cpu_act": [0.027821842586943313, 0.08456375838926178, 0.062393162393162394, 0.0837606837606838, 0.10940170940170946]}, "complexity": {"197_cpu_act": [1093, 491, 503, 497, 317]}, "time_all": {"197_cpu_act": [1.570504903793335, 1.4661874771118164, 1.302788257598877, 1.2119698524475098, 1.2137601375579834]}, "time_fit": {"197_cpu_act": [0.13441205024719238, 0.09797501564025879, 0.10156774520874023, 0.10042381286621094, 0.08604049682617188]}, "sizes": {"197_cpu_act": []}, "tau": 0.6}, "LinearQuantile": {"losses": {"197_cpu_act": [0.06350964352737744, 0.06328356999755173, 0.06382306385710704, 0.06398125581054609, 0.06242852611155151]}, "coverage": {"197_cpu_act": [0.04783404514948142, 0.041732763880414914, 0.06214896214896215, 0.06275946275946276, 0.05970695970695972]}, "complexity": {"197_cpu_act": [21, 21, 21, 21, 21]}, "time_all": {"197_cpu_act": [49.57826519012451, 59.77923893928528, 59.55653476715088, 49.63753914833069, 65.21209788322449]}, "time_fit": {"197_cpu_act": [2.5520076751708984, 6.895174026489258, 7.431426048278809, 6.0690765380859375, 7.506725311279297]}, "sizes": {"197_cpu_act": []}, "tau": 0.6}}
