{"SQR": {"losses": {"665_sleuth_case2002": [0.04574893650897728, 0.041158166605696815, 0.06504047981781022, 0.05253989566381837, 0.05218390804597701]}, "coverage": {"665_sleuth_case2002": [0.1333333333333333, 0.1333333333333333, 0.2793103448275862, 0.0034482758620689724, 0.03103448275862064]}, "complexity": {"665_sleuth_case2002": [14, 9, 9, 6, 7]}, "time_all": {"665_sleuth_case2002": [80.6894702911377, 68.25563335418701, 67.85732340812683, 66.5984046459198, 69.54252338409424]}, "time_fit": {"665_sleuth_case2002": [80.6894702911377, 68.25563335418701, 67.85732340812683, 66.5984046459198, 69.54252338409424]}, "sizes": {"665_sleuth_case2002": []}, "tau": 0.9}, "LightGBM": {"losses": {"665_sleuth_case2002": [0.03439896120081774, 0.0322213848015586, 0.046288166370118955, 0.04109979932258582, 0.03905903233420326]}, "coverage": {"665_sleuth_case2002": [0.033333333333333326, 0.0, 0.10689655172413792, 0.03103448275862064, 0.03103448275862064]}, "time_all": {"665_sleuth_case2002": [0.1504371166229248, 0.0957787036895752, 0.09258246421813965, 0.11359620094299316, 0.10722851753234863]}, "time_fit": {"665_sleuth_case2002": [0.02420949935913086, 0.012444734573364258, 0.01207280158996582, 0.025821208953857422, 0.014417648315429688]}, "sizes": {"665_sleuth_case2002": []}, "tau": 0.9}, "DecisionTree": {"losses": {"665_sleuth_case2002": [0.0307037037037037, 0.033111111111111105, 0.0450038314176245, 0.031379310344827584, 0.03302681992337164]}, "coverage": {"665_sleuth_case2002": [0.0, 0.033333333333333326, 0.10689655172413792, 0.03103448275862064, 0.06551724137931036]}, "complexity": {"665_sleuth_case2002": [19, 3, 9, 21, 5]}, "time_all": {"665_sleuth_case2002": [0.03712582588195801, 0.035073280334472656, 0.03478050231933594, 0.03540992736816406, 0.03563714027404785]}, "time_fit": {"665_sleuth_case2002": [0.0030639171600341797, 0.0017614364624023438, 0.0021467208862304688, 0.002904176712036133, 0.0018775463104248047]}, "sizes": {"665_sleuth_case2002": []}, "tau": 0.9}, "LinearQuantile": {"losses": {"665_sleuth_case2002": [0.03074151515046576, 0.038065647721117195, 0.05373982942765303, 0.04780847477653504, 0.04474889150279248]}, "coverage": {"665_sleuth_case2002": [0.033333333333333326, 0.06666666666666665, 0.07241379310344831, 0.0034482758620689724, 0.03103448275862064]}, "complexity": {"665_sleuth_case2002": [10, 10, 10, 10, 10]}, "time_all": {"665_sleuth_case2002": [0.7787795066833496, 0.18822073936462402, 0.2703726291656494, 0.14493751525878906, 0.6508970260620117]}, "time_fit": {"665_sleuth_case2002": [0.06953597068786621, 0.01654815673828125, 0.02241826057434082, 0.012187480926513672, 0.048364877700805664]}, "sizes": {"665_sleuth_case2002": []}, "tau": 0.9}}
