{"SQR": {"losses": {"657_fri_c2_250_10": [0.0253175792493903, 0.01429341206576409, 0.03202320417701833, 0.04005885192847704, 0.02945226512247067]}, "coverage": {"657_fri_c2_250_10": [0.05999999999999994, 0.020000000000000018, 0.040000000000000036, 0.0, 0.0]}, "complexity": {"657_fri_c2_250_10": [14, 14, 6, 8, 9]}, "time_all": {"657_fri_c2_250_10": [90.7330973148346, 76.26418876647949, 77.43293237686157, 77.98083639144897, 69.14374256134033]}, "time_fit": {"657_fri_c2_250_10": [90.7330973148346, 76.26418876647949, 77.43293237686157, 77.98083639144897, 69.14374256134033]}, "sizes": {"657_fri_c2_250_10": []}, "tau": 0.7}, "LightGBM": {"losses": {"657_fri_c2_250_10": [0.04135807339240684, 0.04305737520345718, 0.04901136775331493, 0.043101148419394164, 0.03748904643288696]}, "coverage": {"657_fri_c2_250_10": [0.07999999999999996, 0.039999999999999925, 0.09999999999999998, 0.08000000000000007, 0.0]}, "time_all": {"657_fri_c2_250_10": [0.18555355072021484, 0.14634108543395996, 0.17008614540100098, 0.17130351066589355, 0.1394190788269043]}, "time_fit": {"657_fri_c2_250_10": [0.034401893615722656, 0.036012887954711914, 0.04159283638000488, 0.043129920959472656, 0.03455066680908203]}, "sizes": {"657_fri_c2_250_10": []}, "tau": 0.7}, "DecisionTree": {"losses": {"657_fri_c2_250_10": [0.03914500843261788, 0.04693977657670667, 0.04960632585308976, 0.03776321841155687, 0.03368834772057517]}, "coverage": {"657_fri_c2_250_10": [0.09999999999999998, 0.17999999999999994, 0.1399999999999999, 0.020000000000000018, 0.1399999999999999]}, "complexity": {"657_fri_c2_250_10": [33, 81, 79, 81, 35]}, "time_all": {"657_fri_c2_250_10": [0.0564265251159668, 0.05755901336669922, 0.05528116226196289, 0.05645489692687988, 0.0528719425201416]}, "time_fit": {"657_fri_c2_250_10": [0.005388975143432617, 0.00890040397644043, 0.008683443069458008, 0.00877523422241211, 0.0052716732025146484]}, "sizes": {"657_fri_c2_250_10": []}, "tau": 0.7}, "LinearQuantile": {"losses": {"657_fri_c2_250_10": [0.08169447264286968, 0.08477011009875135, 0.0824867339254935, 0.08528503227609305, 0.08489169268364116]}, "coverage": {"657_fri_c2_250_10": [0.33999999999999997, 0.17999999999999994, 0.21999999999999997, 0.29999999999999993, 0.31999999999999995]}, "complexity": {"657_fri_c2_250_10": [10, 10, 10, 10, 10]}, "time_all": {"657_fri_c2_250_10": [0.7187197208404541, 0.7451465129852295, 1.9096426963806152, 0.10559391975402832, 1.333928108215332]}, "time_fit": {"657_fri_c2_250_10": [0.06363487243652344, 0.05507397651672363, 0.1398453712463379, 0.009416580200195312, 0.08913087844848633]}, "sizes": {"657_fri_c2_250_10": []}, "tau": 0.7}}
