{"SQR": {"losses": {"4544_GeographicalOriginalofMusic": [0.021952176907501026, 0.02135327246055867, 0.03075431723885557, 0.022370420412996566, 0.023351165919525293]}, "coverage": {"4544_GeographicalOriginalofMusic": [0.05377358490566031, 0.007547169811320753, 0.02169811320754722, 0.0405660377358491, 0.02274881516587679]}, "complexity": {"4544_GeographicalOriginalofMusic": [5, 5, 2, 5, 6]}, "time_all": {"4544_GeographicalOriginalofMusic": [108.42100763320923, 98.96801924705505, 103.47591304779053, 97.40423464775085, 100.58580231666565]}, "time_fit": {"4544_GeographicalOriginalofMusic": [108.42100763320923, 98.96801924705505, 103.47591304779053, 97.40423464775085, 100.58580231666565]}, "sizes": {"4544_GeographicalOriginalofMusic": []}, "tau": 0.8}, "LightGBM": {"losses": {"4544_GeographicalOriginalofMusic": [0.020753009997303694, 0.02052982966443555, 0.024871707603029158, 0.02390405657055573, 0.020617714306946915]}, "coverage": {"4544_GeographicalOriginalofMusic": [0.03962264150943395, 0.03584905660377358, 0.059433962264150986, 0.01132075471698113, 0.02938388625592414]}, "time_all": {"4544_GeographicalOriginalofMusic": [0.5436577796936035, 0.49509549140930176, 0.5231122970581055, 0.49800872802734375, 0.5290477275848389]}, "time_fit": {"4544_GeographicalOriginalofMusic": [0.0930624008178711, 0.0928964614868164, 0.09425973892211914, 0.0938568115234375, 0.09365081787109375]}, "sizes": {"4544_GeographicalOriginalofMusic": []}, "tau": 0.8}, "DecisionTree": {"losses": {"4544_GeographicalOriginalofMusic": [0.023125169501525877, 0.02346584821496991, 0.029039141625022788, 0.024472541270871322, 0.02484636460531232]}, "coverage": {"4544_GeographicalOriginalofMusic": [0.02169811320754722, 0.006603773584905603, 0.1301886792452831, 0.059433962264150986, 0.00853080568720388]}, "complexity": {"4544_GeographicalOriginalofMusic": [35, 25, 67, 35, 35]}, "time_all": {"4544_GeographicalOriginalofMusic": [0.9944713115692139, 0.7839150428771973, 0.9456875324249268, 0.831343412399292, 0.9154481887817383]}, "time_fit": {"4544_GeographicalOriginalofMusic": [0.07063055038452148, 0.041071176528930664, 0.07143998146057129, 0.048786163330078125, 0.05792832374572754]}, "sizes": {"4544_GeographicalOriginalofMusic": []}, "tau": 0.8}, "LinearQuantile": {"losses": {"4544_GeographicalOriginalofMusic": [0.018913912974510307, 0.018539992150885403, 0.02008981064815783, 0.02122993284971688, 0.017617731348952677]}, "coverage": {"4544_GeographicalOriginalofMusic": [0.09716981132075475, 0.06415094339622651, 0.0830188679245284, 0.09245283018867934, 0.04644549763033179]}, "complexity": {"4544_GeographicalOriginalofMusic": [117, 117, 117, 117, 117]}, "time_all": {"4544_GeographicalOriginalofMusic": [49.815552711486816, 132.83569598197937, 78.861319065094, 68.72421884536743, 61.608978033065796]}, "time_fit": {"4544_GeographicalOriginalofMusic": [4.630265712738037, 8.342838048934937, 7.164485931396484, 4.583773612976074, 5.623337268829346]}, "sizes": {"4544_GeographicalOriginalofMusic": []}, "tau": 0.8}}
