{"SQR": {"losses": {"584_fri_c4_500_25": [0.007239491124497836, 0.010408599508131269, 0.01231120762313745, 0.007615368826188321, 0.011060528571893933]}, "coverage": {"584_fri_c4_500_25": [0.010000000000000009, 0.08000000000000007, 0.10999999999999999, 0.040000000000000036, 0.030000000000000027]}, "complexity": {"584_fri_c4_500_25": [14, 15, 11, 14, 11]}, "time_all": {"584_fri_c4_500_25": [116.50727701187134, 96.9880383014679, 102.40864491462708, 93.85325956344604, 99.44754338264465]}, "time_fit": {"584_fri_c4_500_25": [116.50727701187134, 96.9880383014679, 102.40864491462708, 93.85325956344604, 99.44754338264465]}, "sizes": {"584_fri_c4_500_25": []}, "tau": 0.9}, "LightGBM": {"losses": {"584_fri_c4_500_25": [0.01412846471178622, 0.021204597981092883, 0.024528770245090915, 0.016228255431653908, 0.017569540430136532]}, "coverage": {"584_fri_c4_500_25": [0.010000000000000009, 0.06000000000000005, 0.050000000000000044, 0.030000000000000027, 0.030000000000000027]}, "time_all": {"584_fri_c4_500_25": [0.23261594772338867, 0.2146315574645996, 0.21498608589172363, 0.22206616401672363, 0.20051145553588867]}, "time_fit": {"584_fri_c4_500_25": [0.0390779972076416, 0.044033050537109375, 0.041504621505737305, 0.048918724060058594, 0.038140296936035156]}, "sizes": {"584_fri_c4_500_25": []}, "tau": 0.9}, "DecisionTree": {"losses": {"584_fri_c4_500_25": [0.01666680298278017, 0.019901174991088014, 0.0238237232156153, 0.015112530327178632, 0.019303362748123457]}, "coverage": {"584_fri_c4_500_25": [0.0, 0.17000000000000004, 0.20000000000000007, 0.06000000000000005, 0.13]}, "complexity": {"584_fri_c4_500_25": [21, 69, 29, 27, 67]}, "time_all": {"584_fri_c4_500_25": [0.12874460220336914, 0.1332390308380127, 0.12592363357543945, 0.12957406044006348, 0.1327831745147705]}, "time_fit": {"584_fri_c4_500_25": [0.008696556091308594, 0.015072107315063477, 0.009958744049072266, 0.009826183319091797, 0.015037775039672852]}, "sizes": {"584_fri_c4_500_25": []}, "tau": 0.9}, "LinearQuantile": {"losses": {"584_fri_c4_500_25": [0.06939912736427523, 0.0743781804908854, 0.07753940947578608, 0.06610255870180366, 0.062386174114552405]}, "coverage": {"584_fri_c4_500_25": [0.43000000000000005, 0.43000000000000005, 0.46, 0.42000000000000004, 0.42000000000000004]}, "complexity": {"584_fri_c4_500_25": [25, 25, 25, 25, 25]}, "time_all": {"584_fri_c4_500_25": [1.5436170101165771, 7.079007625579834, 3.3555946350097656, 2.950773239135742, 0.7440445423126221]}, "time_fit": {"584_fri_c4_500_25": [0.11095976829528809, 0.268538236618042, 0.2161262035369873, 0.16901087760925293, 0.06716585159301758]}, "sizes": {"584_fri_c4_500_25": []}, "tau": 0.9}}
