{"SQR": {"losses": {"titanic": [0.11976190476190475, 0.10380952380952381, 0.11666666666666667, 0.13547619047619044, 0.12386634844868732]}, "coverage": {"titanic": [0.16666666666666674, 0.17619047619047623, 0.161904761904762, 0.13809523809523816, 0.14964200477326972]}, "complexity": {"titanic": [2, 2, 2, 2, 2]}, "time_all": {"titanic": [114.79286503791809, 104.1505024433136, 98.42857336997986, 96.18037581443787, 98.59430313110352]}, "time_fit": {"titanic": [114.79286503791809, 104.1505024433136, 98.42857336997986, 96.18037581443787, 98.59430313110352]}, "sizes": {"titanic": []}, "tau": 0.7}, "LightGBM": {"losses": {"titanic": [0.21142857142857147, 0.20642857142857146, 0.2, 0.14349202994496707, 0.20334128878281624]}, "coverage": {"titanic": [0.30000000000000004, 0.30000000000000004, 0.30000000000000004, 0.016666666666666607, 0.30000000000000004]}, "time_all": {"titanic": [0.17868542671203613, 0.12363195419311523, 0.1450495719909668, 0.5953047275543213, 0.14872264862060547]}, "time_fit": {"titanic": [0.028423309326171875, 0.026996612548828125, 0.03081679344177246, 0.10480403900146484, 0.031189918518066406]}, "sizes": {"titanic": []}, "tau": 0.7}, "DecisionTree": {"losses": {"titanic": [0.11388095238095236, 0.09711904761904763, 0.1111190476190476, 0.12857142857142856, 0.10715990453460622]}, "coverage": {"titanic": [0.1976190476190477, 0.21666666666666667, 0.20238095238095244, 0.19285714285714295, 0.20214797136038187]}, "complexity": {"titanic": [117, 67, 117, 57, 113]}, "time_all": {"titanic": [0.1900336742401123, 0.1892106533050537, 0.18847441673278809, 0.16824030876159668, 0.18841814994812012]}, "time_fit": {"titanic": [0.014961719512939453, 0.010830879211425781, 0.014618158340454102, 0.008710145950317383, 0.014432191848754883]}, "sizes": {"titanic": []}, "tau": 0.7}, "LinearQuantile": {"losses": {"titanic": [0.12142865956537159, 0.10380964124658223, 0.11833344860777101, 0.1388095659239961, 0.12386641730803646]}, "coverage": {"titanic": [0.05714285714285716, 0.04761904761904767, 0.0071428571428572285, 0.004761904761904745, 0.008830548926014314]}, "complexity": {"titanic": [31, 31, 31, 31, 31]}, "time_all": {"titanic": [0.523792028427124, 0.5963046550750732, 0.46965980529785156, 0.8402717113494873, 1.0873770713806152]}, "time_fit": {"titanic": [0.044344186782836914, 0.054535627365112305, 0.041541099548339844, 0.05850577354431152, 0.10436654090881348]}, "sizes": {"titanic": []}, "tau": 0.7}}
