{"SQR": {"losses": {"574_house_16H": [0.02254100692216133, 0.028391099374128675, 0.023194457067271326, 0.029156080818929193, 0.022669361255099458]}, "coverage": {"574_house_16H": [0.018235681369321965, 0.014724599517226267, 0.0024358130348913765, 0.0013385999561115192, 0.016637401229148474]}, "complexity": {"574_house_16H": [7, 4, 8, 3, 8]}, "time_all": {"574_house_16H": [606.4328515529633, 605.0444757938385, 563.004308462143, 609.3740658760071, 617.6043264865875]}, "time_fit": {"574_house_16H": [606.4328515529633, 605.0444757938385, 563.004308462143, 609.3740658760071, 617.6043264865875]}, "sizes": {"574_house_16H": []}, "tau": 0.7}, "LightGBM": {"losses": {"574_house_16H": [0.018031507524673876, 0.018123204550103366, 0.017612057324544347, 0.018156771548212693, 0.01830099416935211]}, "coverage": {"574_house_16H": [0.0456660083388194, 0.05927145051569016, 0.05334649989027873, 0.048299319727891254, 0.04670763827919233]}, "time_all": {"574_house_16H": [1.837777853012085, 1.7384979724884033, 1.6954717636108398, 1.7159786224365234, 1.7019412517547607]}, "time_fit": {"574_house_16H": [0.48493170738220215, 0.4378838539123535, 0.4335181713104248, 0.4295170307159424, 0.43921637535095215]}, "sizes": {"574_house_16H": []}, "tau": 0.7}, "DecisionTree": {"losses": {"574_house_16H": [0.018385914384633818, 0.01836437502020761, 0.01764356453731683, 0.018332562215718228, 0.018066129600840006]}, "coverage": {"574_house_16H": [2.1944261575645996e-05, 0.021922317314022388, 0.01248628483651526, 0.02236120254553431, 0.02462686567164174]}, "complexity": {"574_house_16H": [631, 1391, 779, 913, 1413]}, "time_all": {"574_house_16H": [4.210068941116333, 4.239359378814697, 4.146052598953247, 4.115292072296143, 4.198129415512085]}, "time_fit": {"574_house_16H": [0.2931981086730957, 0.3626253604888916, 0.30980849266052246, 0.31807732582092285, 0.3641512393951416]}, "sizes": {"574_house_16H": []}, "tau": 0.7}, "LinearQuantile": {"losses": {"574_house_16H": [0.024744202714621615, 0.024668810651606407, 0.024707413040438032, 0.025376175164972, 0.02502738992503931]}, "coverage": {"574_house_16H": [0.0054641211323238625, 0.010291858678955434, 0.0035330261136713448, 0.014241825762563054, 0.0052238805970149516]}, "complexity": {"574_house_16H": [16, 16, 16, 16, 16]}, "time_all": {"574_house_16H": [69.21449518203735, 72.89600944519043, 100.8456711769104, 74.57509088516235, 74.97162890434265]}, "time_fit": {"574_house_16H": [2.612553834915161, 7.165502548217773, 11.408098220825195, 8.134962558746338, 5.326248645782471]}, "sizes": {"574_house_16H": []}, "tau": 0.7}}
