{"SQR": {"losses": {"4544_GeographicalOriginalofMusic": [0.024636325458239815, 0.029261505759800698, 0.02817315880561022, 0.031854794867400685, 0.029332764705892644]}, "coverage": {"4544_GeographicalOriginalofMusic": [0.07641509433962257, 0.1283018867924528, 0.038679245283018804, 0.1283018867924528, 0.08815165876777253]}, "complexity": {"4544_GeographicalOriginalofMusic": [6, 4, 6, 4, 4]}, "time_all": {"4544_GeographicalOriginalofMusic": [104.99274230003357, 100.99009227752686, 95.63495945930481, 101.63094115257263, 99.64289212226868]}, "time_fit": {"4544_GeographicalOriginalofMusic": [104.99274230003357, 100.99009227752686, 95.63495945930481, 101.63094115257263, 99.64289212226868]}, "sizes": {"4544_GeographicalOriginalofMusic": []}, "tau": 0.6}, "LightGBM": {"losses": {"4544_GeographicalOriginalofMusic": [0.025782047726609098, 0.025749052451389937, 0.0309993007201512, 0.029735978700177794, 0.025225007873465977]}, "coverage": {"4544_GeographicalOriginalofMusic": [0.03679245283018873, 0.05283018867924527, 0.0037735849056603765, 0.008490566037735903, 0.04454976303317537]}, "time_all": {"4544_GeographicalOriginalofMusic": [0.6209940910339355, 0.5614659786224365, 0.5480365753173828, 0.5622179508209229, 0.5957722663879395]}, "time_fit": {"4544_GeographicalOriginalofMusic": [0.0984947681427002, 0.09347176551818848, 0.09944844245910645, 0.09529495239257812, 0.10002326965332031]}, "sizes": {"4544_GeographicalOriginalofMusic": []}, "tau": 0.6}, "DecisionTree": {"losses": {"4544_GeographicalOriginalofMusic": [0.029736436039070422, 0.028441110541123207, 0.03643919619564233, 0.031066238380492044, 0.02986563304045804]}, "coverage": {"4544_GeographicalOriginalofMusic": [0.029245283018867863, 0.10943396226415092, 0.06226415094339621, 0.038679245283018804, 0.0018957345971564177]}, "complexity": {"4544_GeographicalOriginalofMusic": [29, 59, 67, 35, 27]}, "time_all": {"4544_GeographicalOriginalofMusic": [0.986696720123291, 0.8333256244659424, 0.825624942779541, 0.8087320327758789, 0.9573249816894531]}, "time_fit": {"4544_GeographicalOriginalofMusic": [0.06174898147583008, 0.057259321212768555, 0.05662798881530762, 0.04601097106933594, 0.05813312530517578]}, "sizes": {"4544_GeographicalOriginalofMusic": []}, "tau": 0.6}, "LinearQuantile": {"losses": {"4544_GeographicalOriginalofMusic": [0.02202473540682911, 0.02191753568652944, 0.0238609659873042, 0.025894649708135573, 0.02188779108176532]}, "coverage": {"4544_GeographicalOriginalofMusic": [0.06698113207547163, 0.06698113207547163, 0.01037735849056598, 0.029245283018867863, 0.0018957345971564177]}, "complexity": {"4544_GeographicalOriginalofMusic": [117, 117, 117, 117, 117]}, "time_all": {"4544_GeographicalOriginalofMusic": [26.25191068649292, 48.98444604873657, 90.36444020271301, 52.384732484817505, 93.2406256198883]}, "time_fit": {"4544_GeographicalOriginalofMusic": [2.3459160327911377, 4.278812646865845, 8.0491783618927, 4.822345495223999, 8.23807406425476]}, "sizes": {"4544_GeographicalOriginalofMusic": []}, "tau": 0.6}}
