{"SQR": {"losses": {"612_fri_c1_1000_5": [0.025493124284679907, 0.01134585757613214, 0.01758675394619093, 0.013265557315516333, 0.018197194053012594]}, "coverage": {"612_fri_c1_1000_5": [0.09000000000000002, 0.0050000000000000044, 0.040000000000000036, 0.20499999999999996, 0.08499999999999996]}, "complexity": {"612_fri_c1_1000_5": [13, 16, 15, 16, 14]}, "time_all": {"612_fri_c1_1000_5": [117.44456076622009, 100.68274855613708, 107.69958853721619, 111.01987814903259, 105.51284217834473]}, "time_fit": {"612_fri_c1_1000_5": [117.44456076622009, 100.68274855613708, 107.69958853721619, 111.01987814903259, 105.51284217834473]}, "sizes": {"612_fri_c1_1000_5": []}, "tau": 0.5}, "LightGBM": {"losses": {"612_fri_c1_1000_5": [0.02847004071390983, 0.03470812896989297, 0.027923250719079397, 0.02892955099443274, 0.032901963249745814]}, "coverage": {"612_fri_c1_1000_5": [0.07, 0.0050000000000000044, 0.0, 0.04500000000000004, 0.040000000000000036]}, "time_all": {"612_fri_c1_1000_5": [0.4748845100402832, 0.41280579566955566, 0.3656735420227051, 0.40478992462158203, 0.40584421157836914]}, "time_fit": {"612_fri_c1_1000_5": [0.07674002647399902, 0.07266640663146973, 0.07408380508422852, 0.07570362091064453, 0.07737016677856445]}, "sizes": {"612_fri_c1_1000_5": []}, "tau": 0.5}, "DecisionTree": {"losses": {"612_fri_c1_1000_5": [0.03208734667113608, 0.035022374240421816, 0.028591249363213538, 0.030649126268220542, 0.030816041745592743]}, "coverage": {"612_fri_c1_1000_5": [0.010000000000000009, 0.0, 0.020000000000000018, 0.04999999999999999, 0.015000000000000013]}, "complexity": {"612_fri_c1_1000_5": [135, 321, 331, 323, 323]}, "time_all": {"612_fri_c1_1000_5": [0.1384751796722412, 0.15065312385559082, 0.15200090408325195, 0.14977765083312988, 0.15143609046936035]}, "time_fit": {"612_fri_c1_1000_5": [0.015428304672241211, 0.029045581817626953, 0.03003525733947754, 0.029053688049316406, 0.029269695281982422]}, "sizes": {"612_fri_c1_1000_5": []}, "tau": 0.5}, "LinearQuantile": {"losses": {"612_fri_c1_1000_5": [0.07117162967110983, 0.06751899697500056, 0.0674298319571384, 0.07091410746727474, 0.06838430419147863]}, "coverage": {"612_fri_c1_1000_5": [0.07500000000000001, 0.0, 0.03999999999999998, 0.020000000000000018, 0.015000000000000013]}, "complexity": {"612_fri_c1_1000_5": [5, 5, 5, 5, 5]}, "time_all": {"612_fri_c1_1000_5": [0.12727761268615723, 0.16793370246887207, 0.14076542854309082, 0.49434471130371094, 0.38013625144958496]}, "time_fit": {"612_fri_c1_1000_5": [0.010515213012695312, 0.014517545700073242, 0.01197671890258789, 0.03896594047546387, 0.03340291976928711]}, "sizes": {"612_fri_c1_1000_5": []}, "tau": 0.5}}
