{"SQR": {"losses": {"1199_BNG_echoMonths": [0.0587807623478815, 0.05956957256358432, 0.05863553249030129, 0.05992685774917695, 0.05783629249672422]}, "coverage": {"1199_BNG_echoMonths": [0.14600000000000002, 0.15675907402114891, 0.16504715633038008, 0.15761646184624178, 0.16876250357244926]}, "complexity": {"1199_BNG_echoMonths": [2, 2, 2, 2, 2]}, "time_all": {"1199_BNG_echoMonths": [591.6535844802856, 586.548330783844, 527.4836874008179, 589.2394752502441, 543.8007581233978]}, "time_fit": {"1199_BNG_echoMonths": [591.6535844802856, 586.548330783844, 527.4836874008179, 589.2394752502441, 543.8007581233978]}, "sizes": {"1199_BNG_echoMonths": []}, "tau": 0.5}, "LightGBM": {"losses": {"1199_BNG_echoMonths": [0.05583611506348177, 0.05617528779030615, 0.0564405377239847, 0.05658784034067784, 0.05576422689878777]}, "coverage": {"1199_BNG_echoMonths": [0.04771428571428571, 0.039296941983423817, 0.031008859674192646, 0.030723063732495004, 0.018148042297799316]}, "time_all": {"1199_BNG_echoMonths": [1.757594347000122, 1.7123219966888428, 1.742354393005371, 1.6427788734436035, 1.6874163150787354]}, "time_fit": {"1199_BNG_echoMonths": [0.2307443618774414, 0.21705412864685059, 0.21704411506652832, 0.2174828052520752, 0.2072310447692871]}, "sizes": {"1199_BNG_echoMonths": []}, "tau": 0.5}, "DecisionTree": {"losses": {"1199_BNG_echoMonths": [0.054085022146128585, 0.05530489794428424, 0.05591421161707404, 0.056424332965172574, 0.0550125612673606]}, "coverage": {"1199_BNG_echoMonths": [0.020571428571428574, 0.003286653329522715, 0.010145755930265787, 0.0050014289797084555, 0.006430408688196609]}, "complexity": {"1199_BNG_echoMonths": [481, 485, 471, 453, 449]}, "time_all": {"1199_BNG_echoMonths": [1.8253488540649414, 1.711965560913086, 1.8072404861450195, 1.726928472518921, 1.7106850147247314]}, "time_fit": {"1199_BNG_echoMonths": [0.10344362258911133, 0.10317397117614746, 0.10380816459655762, 0.10050225257873535, 0.10128664970397949]}, "sizes": {"1199_BNG_echoMonths": []}, "tau": 0.5}, "LinearQuantile": {"losses": {"1199_BNG_echoMonths": [0.05665916007692556, 0.05735534464602305, 0.056914015099397516, 0.05785361091029575, 0.056423144903941874]}, "coverage": {"1199_BNG_echoMonths": [0.017714285714285682, 0.0007144898542440492, 0.001286081737639333, 0.006716204629894251, 0.014432695055730194]}, "complexity": {"1199_BNG_echoMonths": [12, 12, 12, 12, 12]}, "time_all": {"1199_BNG_echoMonths": [3.288455009460449, 6.698437213897705, 4.008465766906738, 5.494271278381348, 3.7479259967803955]}, "time_fit": {"1199_BNG_echoMonths": [0.23546791076660156, 0.545616865158081, 0.34097933769226074, 0.45204877853393555, 0.2932431697845459]}, "sizes": {"1199_BNG_echoMonths": []}, "tau": 0.5}}
