{"SQR": {"losses": {"634_fri_c2_100_10": [0.03934739703549753, 0.061588769474061146, 0.017245149346550095, 0.05342265280209629, 0.033506809532622694]}, "coverage": {"634_fri_c2_100_10": [0.35000000000000003, 0.10000000000000009, 0.1499999999999999, 0.10000000000000009, 0.15000000000000002]}, "complexity": {"634_fri_c2_100_10": [14, 10, 15, 14, 12]}, "time_all": {"634_fri_c2_100_10": [80.2788622379303, 65.75364637374878, 65.51342225074768, 66.28619742393494, 64.51293969154358]}, "time_fit": {"634_fri_c2_100_10": [80.2788622379303, 65.75364637374878, 65.51342225074768, 66.28619742393494, 64.51293969154358]}, "sizes": {"634_fri_c2_100_10": []}, "tau": 0.8}, "LightGBM": {"losses": {"634_fri_c2_100_10": [0.05307599626739942, 0.05117998528782679, 0.06164807378041259, 0.046192716593462614, 0.055281139517205494]}, "coverage": {"634_fri_c2_100_10": [0.10000000000000009, 0.04999999999999993, 0.04999999999999993, 0.10000000000000009, 0.04999999999999993]}, "time_all": {"634_fri_c2_100_10": [0.12880253791809082, 0.10155797004699707, 0.09721159934997559, 0.09034061431884766, 0.09660458564758301]}, "time_fit": {"634_fri_c2_100_10": [0.01741337776184082, 0.021434307098388672, 0.02066636085510254, 0.02045917510986328, 0.020458698272705078]}, "sizes": {"634_fri_c2_100_10": []}, "tau": 0.8}, "DecisionTree": {"losses": {"634_fri_c2_100_10": [0.05046811166215294, 0.03318601459276646, 0.06595769615689193, 0.03041434353140391, 0.03234209601623583]}, "coverage": {"634_fri_c2_100_10": [0.0, 0.10000000000000009, 0.050000000000000044, 0.10000000000000009, 0.0]}, "complexity": {"634_fri_c2_100_10": [5, 31, 1, 13, 29]}, "time_all": {"634_fri_c2_100_10": [0.034655094146728516, 0.0368349552154541, 0.03392934799194336, 0.034407615661621094, 0.03543663024902344]}, "time_fit": {"634_fri_c2_100_10": [0.0020666122436523438, 0.0041961669921875, 0.0015418529510498047, 0.002665281295776367, 0.003963947296142578]}, "sizes": {"634_fri_c2_100_10": []}, "tau": 0.8}, "LinearQuantile": {"losses": {"634_fri_c2_100_10": [0.10441977686960656, 0.041571841566723555, 0.10354769215070142, 0.09508250054029863, 0.0638682265467986]}, "coverage": {"634_fri_c2_100_10": [0.35000000000000003, 0.15000000000000002, 0.45000000000000007, 0.5, 0.30000000000000004]}, "complexity": {"634_fri_c2_100_10": [10, 10, 10, 10, 10]}, "time_all": {"634_fri_c2_100_10": [0.6363546848297119, 0.3928811550140381, 0.22096467018127441, 0.41526079177856445, 0.18239188194274902]}, "time_fit": {"634_fri_c2_100_10": [0.05627942085266113, 0.031975746154785156, 0.018681049346923828, 0.03297090530395508, 0.015402793884277344]}, "sizes": {"634_fri_c2_100_10": []}, "tau": 0.8}}
