{"SQR": {"losses": {"601_fri_c1_250_5": [0.032693953999981866, 0.011611235824530575, 0.007248324410059521, 0.019077649023504634, 0.027697450090369467]}, "coverage": {"601_fri_c1_250_5": [0.14, 0.10000000000000009, 0.05999999999999994, 0.020000000000000018, 0.0]}, "complexity": {"601_fri_c1_250_5": [10, 15, 16, 9, 9]}, "time_all": {"601_fri_c1_250_5": [90.73240232467651, 78.53034663200378, 75.72522282600403, 75.42403507232666, 73.47120451927185]}, "time_fit": {"601_fri_c1_250_5": [90.73240232467651, 78.53034663200378, 75.72522282600403, 75.42403507232666, 73.47120451927185]}, "sizes": {"601_fri_c1_250_5": []}, "tau": 0.8}, "LightGBM": {"losses": {"601_fri_c1_250_5": [0.045201185035602595, 0.03440471596920272, 0.03161950779483137, 0.028917570382553055, 0.03829036948884428]}, "coverage": {"601_fri_c1_250_5": [0.10000000000000009, 0.039999999999999925, 0.12, 0.019999999999999907, 0.06000000000000005]}, "time_all": {"601_fri_c1_250_5": [0.18119049072265625, 0.15716123580932617, 0.16214609146118164, 0.13874363899230957, 0.1531081199645996]}, "time_fit": {"601_fri_c1_250_5": [0.030487060546875, 0.035495758056640625, 0.03774428367614746, 0.0316462516784668, 0.035285234451293945]}, "sizes": {"601_fri_c1_250_5": []}, "tau": 0.8}, "DecisionTree": {"losses": {"601_fri_c1_250_5": [0.052086004315442386, 0.03685706390355786, 0.02891221057237276, 0.028868717062753346, 0.026074311472002357]}, "coverage": {"601_fri_c1_250_5": [0.10000000000000009, 0.10000000000000009, 0.16000000000000003, 0.020000000000000018, 0.039999999999999925]}, "complexity": {"601_fri_c1_250_5": [7, 35, 79, 15, 37]}, "time_all": {"601_fri_c1_250_5": [0.04686570167541504, 0.04773545265197754, 0.05184125900268555, 0.04649090766906738, 0.049585819244384766]}, "time_fit": {"601_fri_c1_250_5": [0.0023109912872314453, 0.004633665084838867, 0.007781267166137695, 0.0030634403228759766, 0.0047626495361328125]}, "sizes": {"601_fri_c1_250_5": []}, "tau": 0.8}, "LinearQuantile": {"losses": {"601_fri_c1_250_5": [0.09031443854691003, 0.06757312287907782, 0.07834705853298969, 0.06496928503500914, 0.07426265991484568]}, "coverage": {"601_fri_c1_250_5": [0.36000000000000004, 0.30000000000000004, 0.38000000000000006, 0.30000000000000004, 0.36000000000000004]}, "complexity": {"601_fri_c1_250_5": [5, 5, 5, 5, 5]}, "time_all": {"601_fri_c1_250_5": [0.25476789474487305, 0.1701030731201172, 0.3165278434753418, 0.11167335510253906, 0.8542525768280029]}, "time_fit": {"601_fri_c1_250_5": [0.021991252899169922, 0.01486515998840332, 0.02683568000793457, 0.00959014892578125, 0.06184196472167969]}, "sizes": {"601_fri_c1_250_5": []}, "tau": 0.8}}
