{"SQR": {"losses": {"624_fri_c0_100_5": [0.03173593297799459, 0.022708794182973592, 0.02271334408190162, 0.05838657027096848, 0.03041858244500879]}, "coverage": {"624_fri_c0_100_5": [0.15000000000000002, 0.15000000000000002, 0.10000000000000009, 0.4, 0.04999999999999993]}, "complexity": {"624_fri_c0_100_5": [16, 15, 9, 11, 10]}, "time_all": {"624_fri_c0_100_5": [84.64330744743347, 69.31234526634216, 67.60104727745056, 67.70023608207703, 68.64539933204651]}, "time_fit": {"624_fri_c0_100_5": [84.64330744743347, 69.31234526634216, 67.60104727745056, 67.70023608207703, 68.64539933204651]}, "sizes": {"624_fri_c0_100_5": []}, "tau": 0.8}, "LightGBM": {"losses": {"624_fri_c0_100_5": [0.049828352241209246, 0.044286849396952425, 0.05464906425596599, 0.038641862432418295, 0.040583260621702394]}, "coverage": {"624_fri_c0_100_5": [0.0, 0.1499999999999999, 0.20000000000000007, 0.050000000000000044, 0.15000000000000002]}, "time_all": {"624_fri_c0_100_5": [0.1282334327697754, 0.07558202743530273, 0.08107614517211914, 0.07440829277038574, 0.07968878746032715]}, "time_fit": {"624_fri_c0_100_5": [0.017159223556518555, 0.017342805862426758, 0.016592025756835938, 0.01754283905029297, 0.015926361083984375]}, "sizes": {"624_fri_c0_100_5": []}, "tau": 0.8}, "DecisionTree": {"losses": {"624_fri_c0_100_5": [0.032185837284096075, 0.04342008342691337, 0.03940195815797953, 0.04603030319277884, 0.04632617245732049]}, "coverage": {"624_fri_c0_100_5": [0.10000000000000009, 0.050000000000000044, 0.0, 0.04999999999999993, 0.10000000000000009]}, "complexity": {"624_fri_c0_100_5": [31, 33, 13, 3, 11]}, "time_all": {"624_fri_c0_100_5": [0.034945011138916016, 0.03264737129211426, 0.03202533721923828, 0.0312960147857666, 0.03165245056152344]}, "time_fit": {"624_fri_c0_100_5": [0.004027128219604492, 0.003893613815307617, 0.002553224563598633, 0.0016949176788330078, 0.0024008750915527344]}, "sizes": {"624_fri_c0_100_5": []}, "tau": 0.8}, "LinearQuantile": {"losses": {"624_fri_c0_100_5": [0.05291532336102119, 0.03618905000234201, 0.046387619536885694, 0.04291380974671953, 0.045109958217236144]}, "coverage": {"624_fri_c0_100_5": [0.25, 0.35000000000000003, 0.4, 0.55, 0.25]}, "complexity": {"624_fri_c0_100_5": [5, 5, 5, 5, 5]}, "time_all": {"624_fri_c0_100_5": [0.281036376953125, 0.7422876358032227, 0.31294870376586914, 0.268585205078125, 0.16109395027160645]}, "time_fit": {"624_fri_c0_100_5": [0.02399897575378418, 0.05293917655944824, 0.02637624740600586, 0.022454261779785156, 0.013622283935546875]}, "sizes": {"624_fri_c0_100_5": []}, "tau": 0.8}}
