{"SQR": {"losses": {"626_fri_c2_500_50": [0.010948886605547164, 0.01637227322911407, 0.012427040854911852, 0.011827959988549745, 0.03463697343162165]}, "coverage": {"626_fri_c2_500_50": [0.030000000000000027, 0.0, 0.05999999999999994, 0.0, 0.16000000000000003]}, "complexity": {"626_fri_c2_500_50": [13, 16, 13, 16, 6]}, "time_all": {"626_fri_c2_500_50": [121.56201648712158, 90.7792501449585, 98.43268299102783, 99.20883917808533, 80.57450985908508]}, "time_fit": {"626_fri_c2_500_50": [121.56201648712158, 90.7792501449585, 98.43268299102783, 99.20883917808533, 80.57450985908508]}, "sizes": {"626_fri_c2_500_50": []}, "tau": 0.8}, "LightGBM": {"losses": {"626_fri_c2_500_50": [0.03648761938362924, 0.03199873693997274, 0.031764524078372366, 0.03354656446818474, 0.03912990247132855]}, "coverage": {"626_fri_c2_500_50": [0.07000000000000006, 0.029999999999999916, 0.040000000000000036, 0.0, 0.08000000000000007]}, "time_all": {"626_fri_c2_500_50": [0.3059561252593994, 0.24921250343322754, 0.24889063835144043, 0.2838907241821289, 0.28034210205078125]}, "time_fit": {"626_fri_c2_500_50": [0.06035494804382324, 0.05464482307434082, 0.05613350868225098, 0.05547738075256348, 0.0559239387512207]}, "sizes": {"626_fri_c2_500_50": []}, "tau": 0.8}, "DecisionTree": {"losses": {"626_fri_c2_500_50": [0.03065116321157517, 0.03521100959698397, 0.0310866284390242, 0.03189139889750982, 0.035050873871694095]}, "coverage": {"626_fri_c2_500_50": [0.050000000000000044, 0.16000000000000003, 0.12, 0.050000000000000044, 0.030000000000000027]}, "complexity": {"626_fri_c2_500_50": [29, 71, 71, 73, 15]}, "time_all": {"626_fri_c2_500_50": [0.21077251434326172, 0.2254199981689453, 0.20705604553222656, 0.2094724178314209, 0.19669008255004883]}, "time_fit": {"626_fri_c2_500_50": [0.017332077026367188, 0.0261232852935791, 0.023440122604370117, 0.02404046058654785, 0.01238107681274414]}, "sizes": {"626_fri_c2_500_50": []}, "tau": 0.8}, "LinearQuantile": {"losses": {"626_fri_c2_500_50": [0.09212776650175201, 0.0961379970038166, 0.08421838905731843, 0.07791454786188945, 0.09359543122000724]}, "coverage": {"626_fri_c2_500_50": [0.33000000000000007, 0.34, 0.33000000000000007, 0.30000000000000004, 0.36000000000000004]}, "complexity": {"626_fri_c2_500_50": [50, 50, 50, 50, 50]}, "time_all": {"626_fri_c2_500_50": [9.07188105583191, 8.94058108329773, 6.379277944564819, 264.21154046058655, 15.14339828491211]}, "time_fit": {"626_fri_c2_500_50": [0.7372112274169922, 0.7109911441802979, 0.5357348918914795, 1.4543511867523193, 1.2950348854064941]}, "sizes": {"626_fri_c2_500_50": []}, "tau": 0.8}}
