{"SQR": {"losses": {"637_fri_c1_500_50": [0.005033958414205189, 0.014401307106626996, 0.005412323281000403, 0.01045579786098465, 0.005101520298872759]}, "coverage": {"637_fri_c1_500_50": [0.12, 0.08000000000000007, 0.040000000000000036, 0.040000000000000036, 0.08999999999999997]}, "complexity": {"637_fri_c1_500_50": [13, 11, 15, 13, 15]}, "time_all": {"637_fri_c1_500_50": [112.9445230960846, 95.06509160995483, 95.04884433746338, 98.17742466926575, 97.19153499603271]}, "time_fit": {"637_fri_c1_500_50": [112.9445230960846, 95.06509160995483, 95.04884433746338, 98.17742466926575, 97.19153499603271]}, "sizes": {"637_fri_c1_500_50": []}, "tau": 0.9}, "LightGBM": {"losses": {"637_fri_c1_500_50": [0.02444777172868344, 0.023762663222317168, 0.023478469145615348, 0.026075518176642647, 0.02171400449768062]}, "coverage": {"637_fri_c1_500_50": [0.010000000000000009, 0.020000000000000018, 0.10999999999999999, 0.06000000000000005, 0.010000000000000009]}, "time_all": {"637_fri_c1_500_50": [0.2813684940338135, 0.23955488204956055, 0.22600769996643066, 0.22140169143676758, 0.2503814697265625]}, "time_fit": {"637_fri_c1_500_50": [0.05509352684020996, 0.05100655555725098, 0.05356097221374512, 0.04737710952758789, 0.051514625549316406]}, "sizes": {"637_fri_c1_500_50": []}, "tau": 0.9}, "DecisionTree": {"losses": {"637_fri_c1_500_50": [0.022825941444305196, 0.02231228724836007, 0.01779015866282847, 0.02018715375321133, 0.018776348968557302]}, "coverage": {"637_fri_c1_500_50": [0.06000000000000005, 0.13, 0.010000000000000009, 0.050000000000000044, 0.010000000000000009]}, "complexity": {"637_fri_c1_500_50": [31, 35, 31, 19, 17]}, "time_all": {"637_fri_c1_500_50": [0.1986088752746582, 0.2022082805633545, 0.194366455078125, 0.19030189514160156, 0.18433618545532227]}, "time_fit": {"637_fri_c1_500_50": [0.017053842544555664, 0.017502307891845703, 0.01629042625427246, 0.013269901275634766, 0.01240682601928711]}, "sizes": {"637_fri_c1_500_50": []}, "tau": 0.9}, "LinearQuantile": {"losses": {"637_fri_c1_500_50": [0.06694930670934678, 0.0838097037667098, 0.09375095233747267, 0.11262871443267258, 0.08029173337099033]}, "coverage": {"637_fri_c1_500_50": [0.42000000000000004, 0.44, 0.45, 0.5, 0.42000000000000004]}, "complexity": {"637_fri_c1_500_50": [50, 50, 50, 50, 50]}, "time_all": {"637_fri_c1_500_50": [21.559746265411377, 20.427281856536865, 9.186365604400635, 8.108047246932983, 8.733932256698608]}, "time_fit": {"637_fri_c1_500_50": [1.8956432342529297, 1.8082592487335205, 0.6920876502990723, 0.6208450794219971, 0.7134497165679932]}, "sizes": {"637_fri_c1_500_50": []}, "tau": 0.9}}
