{"SQR": {"losses": {"228_elusage": [0.017983531710942854, 0.04608044961311887, 0.022715872860822908, 0.024289917564212348, 0.03777777212911479]}, "coverage": {"228_elusage": [0.009090909090909038, 0.17272727272727273, 0.08181818181818179, 0.17272727272727273, 0.17272727272727273]}, "complexity": {"228_elusage": [11, 8, 9, 14, 9]}, "time_all": {"228_elusage": [79.20190286636353, 64.01380848884583, 65.10418558120728, 65.96696591377258, 65.11166524887085]}, "time_fit": {"228_elusage": [79.20190286636353, 64.01380848884583, 65.10418558120728, 65.96696591377258, 65.11166524887085]}, "sizes": {"228_elusage": []}, "tau": 0.9}, "LightGBM": {"losses": {"228_elusage": [0.035848686983542384, 0.045548375140152364, 0.0638121563848852, 0.03196960246153261, 0.040622284175758853]}, "coverage": {"228_elusage": [0.09999999999999998, 0.08181818181818179, 0.08181818181818179, 0.09999999999999998, 0.009090909090909038]}, "time_all": {"228_elusage": [0.09348559379577637, 0.05804848670959473, 0.046300411224365234, 0.04985618591308594, 0.04870271682739258]}, "time_fit": {"228_elusage": [0.011902809143066406, 0.012120723724365234, 0.00446772575378418, 0.012149333953857422, 0.011850833892822266]}, "sizes": {"228_elusage": []}, "tau": 0.9}, "DecisionTree": {"losses": {"228_elusage": [0.01987274281533015, 0.027798994143323378, 0.024127105863302026, 0.02495496819187032, 0.0165832950540441]}, "coverage": {"228_elusage": [0.009090909090909038, 0.009090909090909038, 0.08181818181818179, 0.17272727272727273, 0.009090909090909038]}, "complexity": {"228_elusage": [17, 7, 3, 17, 7]}, "time_all": {"228_elusage": [0.029723167419433594, 0.027848005294799805, 0.028348684310913086, 0.028535127639770508, 0.027056455612182617]}, "time_fit": {"228_elusage": [0.0027306079864501953, 0.001947641372680664, 0.0016446113586425781, 0.002656221389770508, 0.001901388168334961]}, "sizes": {"228_elusage": []}, "tau": 0.9}, "LinearQuantile": {"losses": {"228_elusage": [0.05298144382669159, 0.13070516429687246, 0.1343569623183215, 0.10288558304178659, 0.11852600371067969]}, "coverage": {"228_elusage": [0.009090909090909038, 0.08181818181818179, 0.17272727272727273, 0.009090909090909038, 0.17272727272727273]}, "complexity": {"228_elusage": [2, 2, 2, 2, 2]}, "time_all": {"228_elusage": [0.08806991577148438, 0.37163305282592773, 0.21948575973510742, 0.3317685127258301, 0.0544590950012207]}, "time_fit": {"228_elusage": [0.006994485855102539, 0.03235149383544922, 0.018601655960083008, 0.028910160064697266, 0.004433155059814453]}, "sizes": {"228_elusage": []}, "tau": 0.9}}
