{"SQR": {"losses": {"547_no2": [0.04674295910126642, 0.047935897735897987, 0.04785553166101548, 0.04502299433215434, 0.05190125411247047]}, "coverage": {"547_no2": [0.030000000000000027, 0.0, 0.020000000000000018, 0.050000000000000044, 0.10999999999999999]}, "complexity": {"547_no2": [5, 2, 8, 2, 5]}, "time_all": {"547_no2": [113.35597825050354, 86.9407844543457, 92.76145625114441, 84.7918210029602, 90.12914538383484]}, "time_fit": {"547_no2": [113.35597825050354, 86.9407844543457, 92.76145625114441, 84.7918210029602, 90.12914538383484]}, "sizes": {"547_no2": []}, "tau": 0.5}, "LightGBM": {"losses": {"547_no2": [0.03878610825057164, 0.034611087344083295, 0.04233453038958973, 0.0340466547387507, 0.040530664984341026]}, "coverage": {"547_no2": [0.06, 0.030000000000000027, 0.010000000000000009, 0.07999999999999996, 0.030000000000000027]}, "time_all": {"547_no2": [0.26377272605895996, 0.22394800186157227, 0.2514626979827881, 0.2450103759765625, 0.23446059226989746]}, "time_fit": {"547_no2": [0.04880714416503906, 0.05078244209289551, 0.053589582443237305, 0.04999661445617676, 0.04980158805847168]}, "sizes": {"547_no2": []}, "tau": 0.5}, "DecisionTree": {"losses": {"547_no2": [0.03931567090001398, 0.03701675328358563, 0.040585554876519055, 0.03808981841048612, 0.03892874077056497]}, "coverage": {"547_no2": [0.0, 0.050000000000000044, 0.020000000000000018, 0.030000000000000027, 0.03999999999999998]}, "complexity": {"547_no2": [27, 19, 31, 13, 71]}, "time_all": {"547_no2": [0.0759885311126709, 0.07140922546386719, 0.07386398315429688, 0.07181358337402344, 0.07626891136169434]}, "time_fit": {"547_no2": [0.004877567291259766, 0.0039730072021484375, 0.00507807731628418, 0.0033414363861083984, 0.008375883102416992]}, "sizes": {"547_no2": []}, "tau": 0.5}, "LinearQuantile": {"losses": {"547_no2": [0.04076256864637643, 0.037527747234039, 0.040383171817204175, 0.03526706056868775, 0.044933085086281216]}, "coverage": {"547_no2": [0.06, 0.010000000000000009, 0.09999999999999998, 0.0, 0.09999999999999998]}, "complexity": {"547_no2": [7, 7, 7, 7, 7]}, "time_all": {"547_no2": [0.34340643882751465, 0.4795811176300049, 0.1787559986114502, 0.3425941467285156, 0.29158902168273926]}, "time_fit": {"547_no2": [0.03003406524658203, 0.043056488037109375, 0.015740633010864258, 0.028143882751464844, 0.02602100372314453]}, "sizes": {"547_no2": []}, "tau": 0.5}}
