{"SQR": {"losses": {"192_vineyard": [0.058479102701891446, 0.047787275261222464, 0.06916614237951504, 0.05771915594439739, 0.05290388249773608]}, "coverage": {"192_vineyard": [0.04545454545454547, 0.2272727272727273, 0.3, 0.09999999999999998, 0.09999999999999998]}, "complexity": {"192_vineyard": [5, 9, 10, 12, 9]}, "time_all": {"192_vineyard": [76.09380507469177, 65.75924491882324, 62.904537200927734, 63.82380771636963, 62.87366962432861]}, "time_fit": {"192_vineyard": [76.09380507469177, 65.75924491882324, 62.904537200927734, 63.82380771636963, 62.87366962432861]}, "sizes": {"192_vineyard": []}, "tau": 0.5}, "LightGBM": {"losses": {"192_vineyard": [0.07640232108317214, 0.05705996131528046, 0.08829787234042553, 0.07340425531914894, 0.07765957446808511]}, "coverage": {"192_vineyard": [0.04545454545454547, 0.2272727272727273, 0.09999999999999998, 0.30000000000000004, 0.2]}, "time_all": {"192_vineyard": [0.07616734504699707, 0.03645467758178711, 0.03261137008666992, 0.03131842613220215, 0.03180408477783203]}, "time_fit": {"192_vineyard": [0.0045812129974365234, 0.004575014114379883, 0.0039060115814208984, 0.003798961639404297, 0.00396418571472168]}, "sizes": {"192_vineyard": []}, "tau": 0.5}, "DecisionTree": {"losses": {"192_vineyard": [0.041586073500967116, 0.046421663442940034, 0.05, 0.03723404255319149, 0.06170212765957447]}, "coverage": {"192_vineyard": [0.13636363636363635, 0.2272727272727273, 0.0, 0.09999999999999998, 0.0]}, "complexity": {"192_vineyard": [5, 5, 5, 5, 15]}, "time_all": {"192_vineyard": [0.029933691024780273, 0.028720617294311523, 0.026198148727416992, 0.026600122451782227, 0.027637958526611328]}, "time_fit": {"192_vineyard": [0.0018601417541503906, 0.0018610954284667969, 0.0017423629760742188, 0.001787424087524414, 0.002487659454345703]}, "sizes": {"192_vineyard": []}, "tau": 0.5}, "LinearQuantile": {"losses": {"192_vineyard": [0.03987021662543623, 0.05121930179017233, 0.09146844701832392, 0.06326658754083472, 0.048031914461968486]}, "coverage": {"192_vineyard": [0.13636363636363635, 0.2272727272727273, 0.3, 0.19999999999999996, 0.0]}, "complexity": {"192_vineyard": [2, 2, 2, 2, 2]}, "time_all": {"192_vineyard": [0.051576852798461914, 0.14923644065856934, 0.17862629890441895, 0.05208611488342285, 0.10338068008422852]}, "time_fit": {"192_vineyard": [0.003806591033935547, 0.012958288192749023, 0.014945030212402344, 0.004179954528808594, 0.008621692657470703]}, "sizes": {"192_vineyard": []}, "tau": 0.5}}
