{"SQR": {"losses": {"1030_ERA": [0.059514718339999995, 0.064395807985, 0.05701041467374999, 0.05895792884374998, 0.06836907665625]}, "coverage": {"1030_ERA": [0.010000000000000009, 0.06500000000000006, 0.07999999999999996, 0.06499999999999995, 0.08500000000000008]}, "complexity": {"1030_ERA": [4, 5, 4, 4, 4]}, "time_all": {"1030_ERA": [99.7040958404541, 88.85879826545715, 86.20997834205627, 89.83831596374512, 98.02420496940613]}, "time_fit": {"1030_ERA": [99.7040958404541, 88.85879826545715, 86.20997834205627, 89.83831596374512, 98.02420496940613]}, "sizes": {"1030_ERA": []}, "tau": 0.8}, "LightGBM": {"losses": {"1030_ERA": [0.05794249101371622, 0.056564037673823876, 0.0573198768676034, 0.05707380599821686, 0.059675913544628596]}, "coverage": {"1030_ERA": [0.010000000000000009, 0.04500000000000004, 0.0, 0.06499999999999995, 0.06500000000000006]}, "time_all": {"1030_ERA": [0.3362421989440918, 0.2780437469482422, 0.2626216411590576, 0.2909815311431885, 0.29239392280578613]}, "time_fit": {"1030_ERA": [0.05680489540100098, 0.048331260681152344, 0.0491943359375, 0.04735851287841797, 0.06173348426818848]}, "sizes": {"1030_ERA": []}, "tau": 0.8}, "DecisionTree": {"losses": {"1030_ERA": [0.055, 0.0546, 0.052675, 0.05605, 0.05907499999999999]}, "coverage": {"1030_ERA": [0.07499999999999996, 0.05499999999999994, 0.09499999999999997, 0.08499999999999996, 0.010000000000000009]}, "complexity": {"1030_ERA": [53, 35, 37, 31, 21]}, "time_all": {"1030_ERA": [0.07210206985473633, 0.06885480880737305, 0.06936264038085938, 0.0692596435546875, 0.06767630577087402]}, "time_fit": {"1030_ERA": [0.0057582855224609375, 0.004430532455444336, 0.0046350955963134766, 0.004173755645751953, 0.003423929214477539]}, "sizes": {"1030_ERA": []}, "tau": 0.8}, "LinearQuantile": {"losses": {"1030_ERA": [0.054578232510484125, 0.059423453264905654, 0.0527442993256074, 0.056261794948405684, 0.06253989574000407]}, "coverage": {"1030_ERA": [0.040000000000000036, 0.09000000000000008, 0.04499999999999993, 0.039999999999999925, 0.08500000000000008]}, "complexity": {"1030_ERA": [4, 4, 4, 4, 4]}, "time_all": {"1030_ERA": [0.09664034843444824, 0.652855634689331, 0.13420343399047852, 0.10276961326599121, 0.1888439655303955]}, "time_fit": {"1030_ERA": [0.0077555179595947266, 0.04984617233276367, 0.011667013168334961, 0.00875234603881836, 0.016428232192993164]}, "sizes": {"1030_ERA": []}, "tau": 0.8}}
