{"SQR": {"losses": {"678_visualizing_environmental": [0.05664846141719978, 0.046650316983894755, 0.07937789163529825, 0.0563543739743201, 0.10080679708558386]}, "coverage": {"678_visualizing_environmental": [0.09565217391304348, 0.14545454545454545, 0.14545454545454545, 0.12727272727272732, 0.19090909090909086]}, "complexity": {"678_visualizing_environmental": [12, 3, 6, 9, 9]}, "time_all": {"678_visualizing_environmental": [80.16325163841248, 64.7698323726654, 66.60609483718872, 65.88555216789246, 65.66271185874939]}, "time_fit": {"678_visualizing_environmental": [80.16325163841248, 64.7698323726654, 66.60609483718872, 65.88555216789246, 65.66271185874939]}, "sizes": {"678_visualizing_environmental": []}, "tau": 0.6}, "LightGBM": {"losses": {"678_visualizing_environmental": [0.051622881538602956, 0.05612127087347347, 0.08785625677880497, 0.05555996471339757, 0.07783151805581161]}, "coverage": {"678_visualizing_environmental": [0.13913043478260867, 0.17272727272727273, 0.23636363636363633, 0.17272727272727273, 0.32727272727272727]}, "time_all": {"678_visualizing_environmental": [0.1266779899597168, 0.08072066307067871, 0.07634353637695312, 0.09658575057983398, 0.09451866149902344]}, "time_fit": {"678_visualizing_environmental": [0.01664900779724121, 0.01638197898864746, 0.01204824447631836, 0.021062612533569336, 0.019943952560424805]}, "sizes": {"678_visualizing_environmental": []}, "tau": 0.6}, "DecisionTree": {"losses": {"678_visualizing_environmental": [0.04874290880741408, 0.04822134193757049, 0.08647232895068842, 0.05790513051162607, 0.07346838365463691]}, "coverage": {"678_visualizing_environmental": [0.13913043478260867, 0.21818181818181825, 0.14545454545454545, 0.26363636363636367, 0.23636363636363633]}, "complexity": {"678_visualizing_environmental": [5, 5, 3, 1, 3]}, "time_all": {"678_visualizing_environmental": [0.03333234786987305, 0.0322718620300293, 0.03129220008850098, 0.03277301788330078, 0.03488516807556152]}, "time_fit": {"678_visualizing_environmental": [0.0019402503967285156, 0.0018858909606933594, 0.0016658306121826172, 0.0015077590942382812, 0.0017354488372802734]}, "sizes": {"678_visualizing_environmental": []}, "tau": 0.6}, "LinearQuantile": {"losses": {"678_visualizing_environmental": [0.05565302117234876, 0.05288895825314449, 0.09642245435919322, 0.05373686727688959, 0.08360107084769772]}, "coverage": {"678_visualizing_environmental": [0.008695652173913104, 0.08181818181818179, 0.09999999999999998, 0.21818181818181825, 0.2818181818181818]}, "complexity": {"678_visualizing_environmental": [3, 3, 3, 3, 3]}, "time_all": {"678_visualizing_environmental": [0.05920553207397461, 0.07722663879394531, 0.05089831352233887, 0.07342910766601562, 0.13932013511657715]}, "time_fit": {"678_visualizing_environmental": [0.0044400691986083984, 0.006386756896972656, 0.00403141975402832, 0.005999565124511719, 0.012083292007446289]}, "sizes": {"678_visualizing_environmental": []}, "tau": 0.6}}
