{"SQR": {"losses": {"617_fri_c3_500_5": [0.010115926377727473, 0.016819505147867893, 0.01311084602770713, 0.013807066769880666, 0.017114752691039868]}, "coverage": {"617_fri_c3_500_5": [0.050000000000000044, 0.06000000000000005, 0.12, 0.06000000000000005, 0.06]}, "complexity": {"617_fri_c3_500_5": [15, 15, 10, 12, 14]}, "time_all": {"617_fri_c3_500_5": [109.08259773254395, 89.4451413154602, 92.89065480232239, 90.19989919662476, 89.23191428184509]}, "time_fit": {"617_fri_c3_500_5": [109.08259773254395, 89.4451413154602, 92.89065480232239, 90.19989919662476, 89.23191428184509]}, "sizes": {"617_fri_c3_500_5": []}, "tau": 0.5}, "LightGBM": {"losses": {"617_fri_c3_500_5": [0.029114865557267156, 0.02914485252080273, 0.02263829624265744, 0.025986664267443175, 0.029135285902656665]}, "coverage": {"617_fri_c3_500_5": [0.020000000000000018, 0.06999999999999995, 0.040000000000000036, 0.020000000000000018, 0.09999999999999998]}, "time_all": {"617_fri_c3_500_5": [0.27413439750671387, 0.2314441204071045, 0.2306516170501709, 0.22829866409301758, 0.25324273109436035]}, "time_fit": {"617_fri_c3_500_5": [0.05129647254943848, 0.053217172622680664, 0.05393195152282715, 0.05349087715148926, 0.05220365524291992]}, "sizes": {"617_fri_c3_500_5": []}, "tau": 0.5}, "DecisionTree": {"losses": {"617_fri_c3_500_5": [0.032665784986267744, 0.028939482110131847, 0.028630714722632476, 0.025300618916947064, 0.02831639688938894]}, "coverage": {"617_fri_c3_500_5": [0.08999999999999997, 0.0, 0.03999999999999998, 0.0, 0.06]}, "complexity": {"617_fri_c3_500_5": [165, 65, 165, 167, 157]}, "time_all": {"617_fri_c3_500_5": [0.08482599258422852, 0.07513070106506348, 0.08153080940246582, 0.08384871482849121, 0.08217525482177734]}, "time_fit": {"617_fri_c3_500_5": [0.015079259872436523, 0.007930755615234375, 0.014862060546875, 0.015338420867919922, 0.014526128768920898]}, "sizes": {"617_fri_c3_500_5": []}, "tau": 0.5}, "LinearQuantile": {"losses": {"617_fri_c3_500_5": [0.05823640893217112, 0.060179214261383916, 0.04578285712826816, 0.058101766839162884, 0.0620956919337624]}, "coverage": {"617_fri_c3_500_5": [0.020000000000000018, 0.0, 0.010000000000000009, 0.020000000000000018, 0.04999999999999999]}, "complexity": {"617_fri_c3_500_5": [5, 5, 5, 5, 5]}, "time_all": {"617_fri_c3_500_5": [0.36028027534484863, 0.18169188499450684, 0.4980595111846924, 0.1875762939453125, 0.08835935592651367]}, "time_fit": {"617_fri_c3_500_5": [0.03149771690368652, 0.015902280807495117, 0.04245424270629883, 0.016479015350341797, 0.00747227668762207]}, "sizes": {"617_fri_c3_500_5": []}, "tau": 0.5}}
