{"SQR": {"losses": {"1028_SWD": [0.03783333333333332, 0.031833333333333325, 0.028833333333333325, 0.033499999999999995, 0.034499999999999996]}, "coverage": {"1028_SWD": [0.07499999999999996, 0.09499999999999997, 0.09999999999999998, 0.08499999999999996, 0.09499999999999997]}, "complexity": {"1028_SWD": [3, 3, 3, 3, 3]}, "time_all": {"1028_SWD": [97.81496334075928, 86.24462604522705, 81.78160643577576, 80.99521207809448, 86.51881814002991]}, "time_fit": {"1028_SWD": [97.81496334075928, 86.24462604522705, 81.78160643577576, 80.99521207809448, 86.51881814002991]}, "sizes": {"1028_SWD": []}, "tau": 0.9}, "LightGBM": {"losses": {"1028_SWD": [0.03849999999999999, 0.040666666666666657, 0.039666666666666656, 0.039666666666666656, 0.041333333333333326]}, "coverage": {"1028_SWD": [0.09999999999999998, 0.09999999999999998, 0.09999999999999998, 0.09999999999999998, 0.09999999999999998]}, "time_all": {"1028_SWD": [0.10264873504638672, 0.058716773986816406, 0.05719399452209473, 0.0619964599609375, 0.05872917175292969]}, "time_fit": {"1028_SWD": [0.00908517837524414, 0.010748147964477539, 0.009020328521728516, 0.010367393493652344, 0.010614156723022461]}, "sizes": {"1028_SWD": []}, "tau": 0.9}, "DecisionTree": {"losses": {"1028_SWD": [0.03285, 0.03333333333333333, 0.027666666666666662, 0.030933333333333327, 0.028333333333333325]}, "coverage": {"1028_SWD": [0.039999999999999925, 0.04999999999999993, 0.08499999999999996, 0.06999999999999995, 0.08499999999999996]}, "complexity": {"1028_SWD": [129, 119, 31, 25, 23]}, "time_all": {"1028_SWD": [0.10706639289855957, 0.10231947898864746, 0.09695911407470703, 0.09720945358276367, 0.09728574752807617]}, "time_fit": {"1028_SWD": [0.012836933135986328, 0.011979818344116211, 0.005151987075805664, 0.004660844802856445, 0.004523515701293945]}, "sizes": {"1028_SWD": []}, "tau": 0.9}, "LinearQuantile": {"losses": {"1028_SWD": [0.033781457635514586, 0.03513226033944309, 0.031567838673704135, 0.03247679228637388, 0.03180382457313125]}, "coverage": {"1028_SWD": [0.040000000000000036, 0.040000000000000036, 0.04500000000000004, 0.07500000000000007, 0.0]}, "complexity": {"1028_SWD": [31, 31, 31, 31, 31]}, "time_all": {"1028_SWD": [1.4630584716796875, 2.021968364715576, 0.922431230545044, 3.9230120182037354, 2.3189353942871094]}, "time_fit": {"1028_SWD": [0.11843514442443848, 0.14672517776489258, 0.07390785217285156, 0.3097085952758789, 0.17538118362426758]}, "sizes": {"1028_SWD": []}, "tau": 0.9}}
