{"SQR": {"losses": {"547_no2": [0.02825143640899004, 0.026145743628295606, 0.03300802811408453, 0.030680234123163657, 0.03258025673371334]}, "coverage": {"547_no2": [0.010000000000000009, 0.04999999999999993, 0.010000000000000009, 0.020000000000000018, 0.09000000000000008]}, "complexity": {"547_no2": [6, 5, 4, 6, 6]}, "time_all": {"547_no2": [92.9824333190918, 95.98060011863708, 75.67512011528015, 79.8517074584961, 76.67730140686035]}, "time_fit": {"547_no2": [92.9824333190918, 95.98060011863708, 75.67512011528015, 79.8517074584961, 76.67730140686035]}, "sizes": {"547_no2": []}, "tau": 0.8}, "LightGBM": {"losses": {"547_no2": [0.02648929150898183, 0.02222693459922596, 0.026461650155063954, 0.022451831676583104, 0.029426455575073375]}, "coverage": {"547_no2": [0.050000000000000044, 0.019999999999999907, 0.010000000000000009, 0.0, 0.09000000000000008]}, "time_all": {"547_no2": [0.26819562911987305, 0.2353665828704834, 0.217606782913208, 0.24157381057739258, 0.23900580406188965]}, "time_fit": {"547_no2": [0.05310368537902832, 0.04827523231506348, 0.04965925216674805, 0.05076169967651367, 0.04925823211669922]}, "sizes": {"547_no2": []}, "tau": 0.8}, "DecisionTree": {"losses": {"547_no2": [0.026790658802875313, 0.023763860663000427, 0.02614804806435062, 0.02386347493538107, 0.031231018282971406]}, "coverage": {"547_no2": [0.030000000000000027, 0.0, 0.050000000000000044, 0.039999999999999925, 0.1100000000000001]}, "complexity": {"547_no2": [27, 13, 31, 13, 31]}, "time_all": {"547_no2": [0.07477784156799316, 0.07072877883911133, 0.07277727127075195, 0.07129478454589844, 0.07316970825195312]}, "time_fit": {"547_no2": [0.0048215389251708984, 0.0033626556396484375, 0.005002021789550781, 0.0033369064331054688, 0.0050580501556396484]}, "sizes": {"547_no2": []}, "tau": 0.8}, "LinearQuantile": {"losses": {"547_no2": [0.02829451821785755, 0.02945057951522619, 0.028831314686567935, 0.02400707795050061, 0.033351049163228244]}, "coverage": {"547_no2": [0.030000000000000027, 0.030000000000000027, 0.019999999999999907, 0.0, 0.07000000000000006]}, "complexity": {"547_no2": [7, 7, 7, 7, 7]}, "time_all": {"547_no2": [0.6191716194152832, 0.5699939727783203, 0.1833820343017578, 0.14928698539733887, 0.12197589874267578]}, "time_fit": {"547_no2": [0.05487632751464844, 0.05117607116699219, 0.0161283016204834, 0.012974977493286133, 0.010501623153686523]}, "sizes": {"547_no2": []}, "tau": 0.8}}
