{"SQR": {"losses": {"623_fri_c4_1000_10": [0.014253143538815986, 0.008331699160229689, 0.011028932135979034, 0.00959093853358379, 0.009041831950381834]}, "coverage": {"623_fri_c4_1000_10": [0.030000000000000027, 0.030000000000000027, 0.05500000000000005, 0.015000000000000013, 0.03499999999999992]}, "complexity": {"623_fri_c4_1000_10": [10, 11, 14, 12, 13]}, "time_all": {"623_fri_c4_1000_10": [120.52208256721497, 117.66041803359985, 105.08673596382141, 101.07775855064392, 117.90707755088806]}, "time_fit": {"623_fri_c4_1000_10": [120.52208256721497, 117.66041803359985, 105.08673596382141, 101.07775855064392, 117.90707755088806]}, "sizes": {"623_fri_c4_1000_10": []}, "tau": 0.8}, "LightGBM": {"losses": {"623_fri_c4_1000_10": [0.02078005698322901, 0.01838210406448948, 0.01957848393149551, 0.020528451719262632, 0.019517262673909398]}, "coverage": {"623_fri_c4_1000_10": [0.010000000000000009, 0.03499999999999992, 0.0, 0.0050000000000000044, 0.0]}, "time_all": {"623_fri_c4_1000_10": [0.3925347328186035, 0.374500036239624, 0.3770763874053955, 0.3512134552001953, 0.3504984378814697]}, "time_fit": {"623_fri_c4_1000_10": [0.06140613555908203, 0.061936140060424805, 0.0636894702911377, 0.05960988998413086, 0.05908703804016113]}, "sizes": {"623_fri_c4_1000_10": []}, "tau": 0.8}, "DecisionTree": {"losses": {"623_fri_c4_1000_10": [0.020378697200302495, 0.017573990221271683, 0.01991875740855937, 0.018956223312319425, 0.018876424550259945]}, "coverage": {"623_fri_c4_1000_10": [0.12, 0.14, 0.21000000000000008, 0.08000000000000007, 0.08000000000000007]}, "complexity": {"623_fri_c4_1000_10": [139, 315, 321, 141, 137]}, "time_all": {"623_fri_c4_1000_10": [0.18140840530395508, 0.1949613094329834, 0.19324994087219238, 0.18066930770874023, 0.17776203155517578]}, "time_fit": {"623_fri_c4_1000_10": [0.02070021629333496, 0.03451824188232422, 0.03410482406616211, 0.02041172981262207, 0.0200958251953125]}, "sizes": {"623_fri_c4_1000_10": []}, "tau": 0.8}, "LinearQuantile": {"losses": {"623_fri_c4_1000_10": [0.0516057077121117, 0.05121459148604391, 0.0535548375616064, 0.05471601914830939, 0.0564796489719506]}, "coverage": {"623_fri_c4_1000_10": [0.31000000000000005, 0.32000000000000006, 0.29000000000000004, 0.275, 0.38500000000000006]}, "complexity": {"623_fri_c4_1000_10": [10, 10, 10, 10, 10]}, "time_all": {"623_fri_c4_1000_10": [0.3089289665222168, 0.6516988277435303, 0.2887227535247803, 0.27822136878967285, 0.2862522602081299]}, "time_fit": {"623_fri_c4_1000_10": [0.026972055435180664, 0.057771921157836914, 0.024025678634643555, 0.023099184036254883, 0.0240476131439209]}, "sizes": {"623_fri_c4_1000_10": []}, "tau": 0.8}}
