{"SQR": {"losses": {"609_fri_c0_1000_5": [0.019805280232984446, 0.01697075106513291, 0.017759262670852722, 0.01748110533366203, 0.018758653053516774]}, "coverage": {"609_fri_c0_1000_5": [0.029999999999999916, 0.03499999999999992, 0.0050000000000000044, 0.04999999999999993, 0.04500000000000004]}, "complexity": {"609_fri_c0_1000_5": [13, 12, 12, 11, 11]}, "time_all": {"609_fri_c0_1000_5": [103.9920117855072, 94.20991587638855, 93.77184534072876, 96.36952209472656, 94.96837401390076]}, "time_fit": {"609_fri_c0_1000_5": [103.9920117855072, 94.20991587638855, 93.77184534072876, 96.36952209472656, 94.96837401390076]}, "sizes": {"609_fri_c0_1000_5": []}, "tau": 0.7}, "LightGBM": {"losses": {"609_fri_c0_1000_5": [0.03470056748936874, 0.035779761145189506, 0.02981860080687737, 0.031115199620977474, 0.029456004841654847]}, "coverage": {"609_fri_c0_1000_5": [0.020000000000000018, 0.019999999999999907, 0.015000000000000013, 0.010000000000000009, 0.030000000000000027]}, "time_all": {"609_fri_c0_1000_5": [0.40560197830200195, 0.35857605934143066, 0.37285947799682617, 0.38522839546203613, 0.37714600563049316]}, "time_fit": {"609_fri_c0_1000_5": [0.07133054733276367, 0.07001686096191406, 0.0740058422088623, 0.07019519805908203, 0.06789779663085938]}, "sizes": {"609_fri_c0_1000_5": []}, "tau": 0.7}, "DecisionTree": {"losses": {"609_fri_c0_1000_5": [0.036200657923531686, 0.036903487972131624, 0.03505913365166966, 0.03991543866639703, 0.03173777162608911]}, "coverage": {"609_fri_c0_1000_5": [0.12, 0.1449999999999999, 0.09499999999999997, 0.05499999999999994, 0.0]}, "complexity": {"609_fri_c0_1000_5": [321, 317, 323, 63, 63]}, "time_all": {"609_fri_c0_1000_5": [0.14641690254211426, 0.14691805839538574, 0.14759302139282227, 0.1281297206878662, 0.1287524700164795]}, "time_fit": {"609_fri_c0_1000_5": [0.028408527374267578, 0.02837657928466797, 0.02867603302001953, 0.009418249130249023, 0.009534120559692383]}, "sizes": {"609_fri_c0_1000_5": []}, "tau": 0.7}, "LinearQuantile": {"losses": {"609_fri_c0_1000_5": [0.04057137013225396, 0.042590188003526465, 0.035733249601856525, 0.0426747595692949, 0.035219190510879114]}, "coverage": {"609_fri_c0_1000_5": [0.19999999999999996, 0.24999999999999994, 0.125, 0.23999999999999994, 0.20499999999999996]}, "complexity": {"609_fri_c0_1000_5": [5, 5, 5, 5, 5]}, "time_all": {"609_fri_c0_1000_5": [0.2558889389038086, 0.12134218215942383, 0.22763323783874512, 0.29384803771972656, 0.4648308753967285]}, "time_fit": {"609_fri_c0_1000_5": [0.022211790084838867, 0.010446548461914062, 0.020087480545043945, 0.025057077407836914, 0.04178595542907715]}, "sizes": {"609_fri_c0_1000_5": []}, "tau": 0.7}}
