{"SQR": {"losses": {"623_fri_c4_1000_10": [0.020672552272255777, 0.010619038010152185, 0.016114554489238698, 0.010439894669298705, 0.022051442331852193]}, "coverage": {"623_fri_c4_1000_10": [0.065, 0.04999999999999999, 0.020000000000000018, 0.025000000000000022, 0.135]}, "complexity": {"623_fri_c4_1000_10": [12, 18, 12, 12, 8]}, "time_all": {"623_fri_c4_1000_10": [116.70537877082825, 107.30942940711975, 107.84617733955383, 104.22454500198364, 99.554927110672]}, "time_fit": {"623_fri_c4_1000_10": [116.70537877082825, 107.30942940711975, 107.84617733955383, 104.22454500198364, 99.554927110672]}, "sizes": {"623_fri_c4_1000_10": []}, "tau": 0.5}, "LightGBM": {"losses": {"623_fri_c4_1000_10": [0.022163768598109514, 0.022321743578795517, 0.024648503232713854, 0.022326879048800125, 0.02486013406592271]}, "coverage": {"623_fri_c4_1000_10": [0.0050000000000000044, 0.0, 0.010000000000000009, 0.040000000000000036, 0.025000000000000022]}, "time_all": {"623_fri_c4_1000_10": [0.44193458557128906, 0.4243037700653076, 0.4121527671813965, 0.3895840644836426, 0.3927483558654785]}, "time_fit": {"623_fri_c4_1000_10": [0.07679319381713867, 0.07563996315002441, 0.07245135307312012, 0.0750572681427002, 0.07575154304504395]}, "sizes": {"623_fri_c4_1000_10": []}, "tau": 0.5}, "DecisionTree": {"losses": {"623_fri_c4_1000_10": [0.026388366962975026, 0.02251342743437262, 0.02379480127704817, 0.024040238833677164, 0.023129924885224643]}, "coverage": {"623_fri_c4_1000_10": [0.025000000000000022, 0.04500000000000004, 0.0050000000000000044, 0.0050000000000000044, 0.03500000000000003]}, "complexity": {"623_fri_c4_1000_10": [337, 315, 321, 141, 321]}, "time_all": {"623_fri_c4_1000_10": [0.19766616821289062, 0.19607305526733398, 0.1929943561553955, 0.1817033290863037, 0.18951129913330078]}, "time_fit": {"623_fri_c4_1000_10": [0.03618669509887695, 0.034790754318237305, 0.034829139709472656, 0.020799875259399414, 0.03342866897583008]}, "sizes": {"623_fri_c4_1000_10": []}, "tau": 0.5}, "LinearQuantile": {"losses": {"623_fri_c4_1000_10": [0.05045824029087107, 0.05289381476188858, 0.05402000680897393, 0.056317747328149606, 0.05255571439233102]}, "coverage": {"623_fri_c4_1000_10": [0.0050000000000000044, 0.0050000000000000044, 0.015000000000000013, 0.020000000000000018, 0.09499999999999997]}, "complexity": {"623_fri_c4_1000_10": [10, 10, 10, 10, 10]}, "time_all": {"623_fri_c4_1000_10": [1.0158157348632812, 0.7938072681427002, 0.4992349147796631, 0.18691062927246094, 0.348691463470459]}, "time_fit": {"623_fri_c4_1000_10": [0.08107757568359375, 0.05639934539794922, 0.04331469535827637, 0.015964746475219727, 0.028501510620117188]}, "sizes": {"623_fri_c4_1000_10": []}, "tau": 0.5}}
