{"SQR": {"losses": {"598_fri_c0_1000_25": [0.025001291686457226, 0.01748712246804731, 0.015504534027193578, 0.02381163093189889, 0.027713149608469892]}, "coverage": {"598_fri_c0_1000_25": [0.050000000000000044, 0.015000000000000013, 0.06, 0.010000000000000009, 0.03500000000000003]}, "complexity": {"598_fri_c0_1000_25": [12, 17, 16, 15, 11]}, "time_all": {"598_fri_c0_1000_25": [115.63112545013428, 101.0422248840332, 99.98368692398071, 101.68404650688171, 96.51324224472046]}, "time_fit": {"598_fri_c0_1000_25": [115.63112545013428, 101.0422248840332, 99.98368692398071, 101.68404650688171, 96.51324224472046]}, "sizes": {"598_fri_c0_1000_25": []}, "tau": 0.5}, "LightGBM": {"losses": {"598_fri_c0_1000_25": [0.03995192647213741, 0.03919064222254665, 0.04099124977844416, 0.039207989939893606, 0.037516189049396485]}, "coverage": {"598_fri_c0_1000_25": [0.015000000000000013, 0.010000000000000009, 0.034999999999999976, 0.015000000000000013, 0.025000000000000022]}, "time_all": {"598_fri_c0_1000_25": [0.4574549198150635, 0.4446523189544678, 0.39777278900146484, 0.40349698066711426, 0.437955379486084]}, "time_fit": {"598_fri_c0_1000_25": [0.07787561416625977, 0.07543420791625977, 0.07552409172058105, 0.07509779930114746, 0.07428550720214844]}, "sizes": {"598_fri_c0_1000_25": []}, "tau": 0.5}, "DecisionTree": {"losses": {"598_fri_c0_1000_25": [0.04627845322108513, 0.0476905282773103, 0.04506078502003979, 0.04590231718748538, 0.044492774775009264]}, "coverage": {"598_fri_c0_1000_25": [0.020000000000000018, 0.020000000000000018, 0.09499999999999997, 0.015000000000000013, 0.044999999999999984]}, "complexity": {"598_fri_c0_1000_25": [139, 63, 59, 137, 145]}, "time_all": {"598_fri_c0_1000_25": [0.2925074100494385, 0.28328514099121094, 0.28475427627563477, 0.28665924072265625, 0.28167247772216797]}, "time_fit": {"598_fri_c0_1000_25": [0.03233742713928223, 0.02341318130493164, 0.02246689796447754, 0.0314788818359375, 0.030951976776123047]}, "sizes": {"598_fri_c0_1000_25": []}, "tau": 0.5}, "LinearQuantile": {"losses": {"598_fri_c0_1000_25": [0.04462188610016354, 0.045588418599277335, 0.04126150671200698, 0.043451359937827255, 0.04540145850812777]}, "coverage": {"598_fri_c0_1000_25": [0.07500000000000001, 0.020000000000000018, 0.030000000000000027, 0.0050000000000000044, 0.015000000000000013]}, "complexity": {"598_fri_c0_1000_25": [25, 25, 25, 25, 25]}, "time_all": {"598_fri_c0_1000_25": [0.7992656230926514, 0.8934779167175293, 0.7725687026977539, 1.0319645404815674, 2.013019561767578]}, "time_fit": {"598_fri_c0_1000_25": [0.06576943397521973, 0.07113814353942871, 0.055200815200805664, 0.07050728797912598, 0.11938953399658203]}, "sizes": {"598_fri_c0_1000_25": []}, "tau": 0.5}}
