{"SQR": {"losses": {"529_pollen": [0.03154469341990082, 0.03282045661258579, 0.029487948145114316, 0.03251522476048524, 0.026790735141007202]}, "coverage": {"529_pollen": [0.0025974025974025983, 0.012987012987012991, 0.02987012987012988, 0.0019505851755526882, 0.014954486345903795]}, "complexity": {"529_pollen": [4, 4, 4, 4, 6]}, "time_all": {"529_pollen": [246.19152784347534, 242.76206302642822, 236.56852984428406, 268.22035574913025, 233.96456384658813]}, "time_fit": {"529_pollen": [246.19152784347534, 242.76206302642822, 236.56852984428406, 268.22035574913025, 233.96456384658813]}, "sizes": {"529_pollen": []}, "tau": 0.5}, "LightGBM": {"losses": {"529_pollen": [0.03222726775524343, 0.030642207941978982, 0.03044408970070152, 0.030581670365215502, 0.03029704050504524]}, "coverage": {"529_pollen": [0.007792207792207795, 0.009090909090909094, 0.03506493506493508, 0.021456436931079348, 0.04616384915474647]}, "time_all": {"529_pollen": [1.04766845703125, 0.9669208526611328, 0.929142951965332, 0.9196600914001465, 0.900184154510498]}, "time_fit": {"529_pollen": [0.23451995849609375, 0.22908520698547363, 0.22131896018981934, 0.21744632720947266, 0.21855735778808594]}, "sizes": {"529_pollen": []}, "tau": 0.5}, "DecisionTree": {"losses": {"529_pollen": [0.03193387745415234, 0.03072594367594815, 0.03044857675201946, 0.03129861086161488, 0.03121922118112947]}, "coverage": {"529_pollen": [0.02857142857142858, 0.02207792207792203, 0.006493506493506496, 0.0552665799739922, 0.02015604681404426]}, "complexity": {"529_pollen": [547, 541, 239, 527, 533]}, "time_all": {"529_pollen": [0.4874391555786133, 0.46439337730407715, 0.3939180374145508, 0.37895941734313965, 0.4085073471069336]}, "time_fit": {"529_pollen": [0.05591750144958496, 0.04918622970581055, 0.02642655372619629, 0.03996872901916504, 0.042745113372802734]}, "sizes": {"529_pollen": []}, "tau": 0.5}, "LinearQuantile": {"losses": {"529_pollen": [0.02542947635141799, 0.024346101407795136, 0.025129765166022156, 0.023686652082415584, 0.024904696900069027]}, "coverage": {"529_pollen": [0.006493506493506496, 0.0012987012987012436, 0.0025974025974025983, 0.024057217165149525, 0.011053315994798418]}, "complexity": {"529_pollen": [4, 4, 4, 4, 4]}, "time_all": {"529_pollen": [0.2072896957397461, 0.11854076385498047, 0.36055469512939453, 0.14571738243103027, 0.26443028450012207]}, "time_fit": {"529_pollen": [0.015068769454956055, 0.009850502014160156, 0.028550148010253906, 0.01221919059753418, 0.021562576293945312]}, "sizes": {"529_pollen": []}, "tau": 0.5}}
