{"SQR": {"losses": {"648_fri_c1_250_50": [0.01697548859151299, 0.0302305885814585, 0.01545254648988851, 0.022681571398946457, 0.023527296526292384]}, "coverage": {"648_fri_c1_250_50": [0.15999999999999992, 0.05999999999999994, 0.12, 0.06000000000000005, 0.039999999999999925]}, "complexity": {"648_fri_c1_250_50": [12, 11, 13, 10, 11]}, "time_all": {"648_fri_c1_250_50": [90.10067796707153, 72.96056365966797, 72.56747484207153, 72.15040516853333, 75.07138323783875]}, "time_fit": {"648_fri_c1_250_50": [90.10067796707153, 72.96056365966797, 72.56747484207153, 72.15040516853333, 75.07138323783875]}, "sizes": {"648_fri_c1_250_50": []}, "tau": 0.7}, "LightGBM": {"losses": {"648_fri_c1_250_50": [0.04258079719599837, 0.051066288236515295, 0.04186376619145512, 0.04371512538683742, 0.04282388389096916]}, "coverage": {"648_fri_c1_250_50": [0.020000000000000018, 0.15999999999999992, 0.10000000000000009, 0.05999999999999994, 0.019999999999999907]}, "time_all": {"648_fri_c1_250_50": [0.20915794372558594, 0.18315410614013672, 0.19693827629089355, 0.15859103202819824, 0.15418410301208496]}, "time_fit": {"648_fri_c1_250_50": [0.0399317741394043, 0.03939414024353027, 0.055205583572387695, 0.03758358955383301, 0.036339759826660156]}, "sizes": {"648_fri_c1_250_50": []}, "tau": 0.7}, "DecisionTree": {"losses": {"648_fri_c1_250_50": [0.05032724574363303, 0.03835506404137736, 0.045578634048380084, 0.03773141879269368, 0.037506038158442834]}, "coverage": {"648_fri_c1_250_50": [0.0, 0.23999999999999994, 0.0, 0.1399999999999999, 0.039999999999999925]}, "complexity": {"648_fri_c1_250_50": [35, 79, 35, 85, 33]}, "time_all": {"648_fri_c1_250_50": [0.09365010261535645, 0.09337496757507324, 0.08947587013244629, 0.09432578086853027, 0.09105372428894043]}, "time_fit": {"648_fri_c1_250_50": [0.010189056396484375, 0.014596223831176758, 0.010055303573608398, 0.015160799026489258, 0.009946823120117188]}, "sizes": {"648_fri_c1_250_50": []}, "tau": 0.7}, "LinearQuantile": {"losses": {"648_fri_c1_250_50": [0.09015197225408235, 0.10359406749133938, 0.08770980930305307, 0.09496108237418774, 0.08053271127407705]}, "coverage": {"648_fri_c1_250_50": [0.35999999999999993, 0.1399999999999999, 0.17999999999999994, 0.35999999999999993, 0.19999999999999996]}, "complexity": {"648_fri_c1_250_50": [50, 50, 50, 50, 50]}, "time_all": {"648_fri_c1_250_50": [4.587040185928345, 6.125237464904785, 11.7985680103302, 2.956151247024536, 9.515976190567017]}, "time_fit": {"648_fri_c1_250_50": [0.35747551918029785, 0.5103113651275635, 1.0183525085449219, 0.19050908088684082, 0.7970542907714844]}, "sizes": {"648_fri_c1_250_50": []}, "tau": 0.7}}
