{"SQR": {"losses": {"1203_BNG_pwLinear": [0.047446257025822156, 0.04702895940455319, 0.052794116970852296, 0.047306784983511097, 0.0471161260143881]}, "coverage": {"1203_BNG_pwLinear": [0.012672876093705876, 0.005023990968106129, 0.12056507380959103, 0.017909057551723173, 0.015255863840356765]}, "complexity": {"1203_BNG_pwLinear": [4, 4, 2, 4, 4]}, "time_all": {"1203_BNG_pwLinear": [586.1847076416016, 580.7113206386566, 558.5946643352509, 579.6113679409027, 572.5992765426636]}, "time_fit": {"1203_BNG_pwLinear": [586.1847076416016, 580.7113206386566, 558.5946643352509, 579.6113679409027, 572.5992765426636]}, "sizes": {"1203_BNG_pwLinear": []}, "tau": 0.5}, "LightGBM": {"losses": {"1203_BNG_pwLinear": [0.03495362004160048, 0.03463473664073672, 0.034979282096036596, 0.03521451852659598, 0.034954314566991065]}, "coverage": {"1203_BNG_pwLinear": [0.004092576912221313, 0.0014959074230878056, 0.0017640915634085097, 0.005151147365152875, 0.0022156990036410473]}, "time_all": {"1203_BNG_pwLinear": [2.8211097717285156, 2.6447577476501465, 2.6083695888519287, 2.636306047439575, 2.6869723796844482]}, "time_fit": {"1203_BNG_pwLinear": [0.4786553382873535, 0.42733073234558105, 0.4088582992553711, 0.43282198905944824, 0.4129762649536133]}, "sizes": {"1203_BNG_pwLinear": []}, "tau": 0.5}, "DecisionTree": {"losses": {"1203_BNG_pwLinear": [0.033703023724904066, 0.03369896601356687, 0.03384341669437886, 0.034204317526378154, 0.03379570805894032]}, "coverage": {"1203_BNG_pwLinear": [0.0007620660457239858, 0.0014676827547276394, 0.0015382878432922409, 0.002667306443873696, 0.00038104377769621056]}, "complexity": {"1203_BNG_pwLinear": [4159, 4583, 4229, 4183, 4161]}, "time_all": {"1203_BNG_pwLinear": [13.312806844711304, 12.92428183555603, 13.247255325317383, 12.892905712127686, 13.191822528839111]}, "time_fit": {"1203_BNG_pwLinear": [0.6536655426025391, 0.6540913581848145, 0.6634864807128906, 0.6272087097167969, 0.6522064208984375]}, "sizes": {"1203_BNG_pwLinear": []}, "tau": 0.5}, "LinearQuantile": {"losses": {"1203_BNG_pwLinear": [0.040929135996177056, 0.04063873674657583, 0.04100131471105613, 0.041143395201955715, 0.04086918324046934]}, "coverage": {"1203_BNG_pwLinear": [0.0003386960203217715, 0.0005080440304826572, 0.0009737785430015133, 0.002554404583815506, 0.0027802083039318304]}, "complexity": {"1203_BNG_pwLinear": [29, 29, 29, 29, 29]}, "time_all": {"1203_BNG_pwLinear": [91.42276811599731, 98.50663828849792, 63.18905973434448, 73.32796311378479, 52.682358264923096]}, "time_fit": {"1203_BNG_pwLinear": [8.261809349060059, 8.88913607597351, 5.694701194763184, 6.621213912963867, 4.662928581237793]}, "sizes": {"1203_BNG_pwLinear": []}, "tau": 0.5}}
