{"SQR": {"losses": {"1201_BNG_breastTumor": [0.05618724443520978, 0.055233625927382964, 0.0545761447102568, 0.05592605970729285, 0.05623156646168086]}, "coverage": {"1201_BNG_breastTumor": [0.010330932784636482, 0.004458161865569299, 0.0014574759945130134, 0.009344993141289448, 0.008316186556927285]}, "complexity": {"1201_BNG_breastTumor": [3, 7, 9, 5, 3]}, "time_all": {"1201_BNG_breastTumor": [620.5799069404602, 604.4205520153046, 527.5792047977448, 522.2802970409393, 613.6977295875549]}, "time_fit": {"1201_BNG_breastTumor": [620.5799069404602, 604.4205520153046, 527.5792047977448, 522.2802970409393, 613.6977295875549]}, "sizes": {"1201_BNG_breastTumor": []}, "tau": 0.5}, "LightGBM": {"losses": {"1201_BNG_breastTumor": [0.05239310465007079, 0.052953146162567535, 0.052534538124692956, 0.0527961454201875, 0.05233945027649943]}, "coverage": {"1201_BNG_breastTumor": [0.018947187928669396, 0.015646433470507537, 0.010802469135802462, 0.0061299725651577375, 0.009173525377229097]}, "time_all": {"1201_BNG_breastTumor": [3.00766921043396, 3.0357959270477295, 2.9259696006774902, 2.961310625076294, 2.8778939247131348]}, "time_fit": {"1201_BNG_breastTumor": [0.6963591575622559, 0.8447921276092529, 0.7035706043243408, 0.8159265518188477, 0.7163584232330322]}, "sizes": {"1201_BNG_breastTumor": []}, "tau": 0.5}, "DecisionTree": {"losses": {"1201_BNG_breastTumor": [0.05138486799588715, 0.05186898442306321, 0.05132292947963988, 0.05182663073180475, 0.05115500797521449]}, "coverage": {"1201_BNG_breastTumor": [0.046124828532235984, 0.049597050754458194, 0.057398834019204426, 0.059199245541838086, 0.05641289437585739]}, "complexity": {"1201_BNG_breastTumor": [2991, 2967, 2941, 2927, 2979]}, "time_all": {"1201_BNG_breastTumor": [9.790898084640503, 9.67568063735962, 9.733099222183228, 9.657716035842896, 9.655019760131836]}, "time_fit": {"1201_BNG_breastTumor": [0.48209285736083984, 0.47046685218811035, 0.47421932220458984, 0.46996426582336426, 0.47584986686706543]}, "sizes": {"1201_BNG_breastTumor": []}, "tau": 0.5}, "LinearQuantile": {"losses": {"1201_BNG_breastTumor": [0.05447023343959278, 0.05493827788704041, 0.054598195139760136, 0.054777747991109745, 0.05440639569188133]}, "coverage": {"1201_BNG_breastTumor": [0.004115226337448541, 0.00462962962962965, 0.003300754458161914, 0.0011574074074074403, 0.004843964334705131]}, "complexity": {"1201_BNG_breastTumor": [21, 21, 21, 21, 21]}, "time_all": {"1201_BNG_breastTumor": [101.44490957260132, 89.97849798202515, 27.312407970428467, 84.91417574882507, 21.749120712280273]}, "time_fit": {"1201_BNG_breastTumor": [9.189424276351929, 8.018525838851929, 2.4472599029541016, 6.718888759613037, 1.8999135494232178]}, "sizes": {"1201_BNG_breastTumor": []}, "tau": 0.5}}
