{"SQR": {"losses": {"634_fri_c2_100_10": [0.05412271045776425, 0.05192916371743068, 0.06123633590101305, 0.03885470910451691, 0.022784740907400458]}, "coverage": {"634_fri_c2_100_10": [0.15000000000000002, 0.15000000000000002, 0.15000000000000002, 0.0, 0.09999999999999998]}, "complexity": {"634_fri_c2_100_10": [17, 13, 9, 13, 13]}, "time_all": {"634_fri_c2_100_10": [80.33487749099731, 67.86118960380554, 63.3787579536438, 64.84193825721741, 66.95891618728638]}, "time_fit": {"634_fri_c2_100_10": [80.33487749099731, 67.86118960380554, 63.3787579536438, 64.84193825721741, 66.95891618728638]}, "sizes": {"634_fri_c2_100_10": []}, "tau": 0.5}, "LightGBM": {"losses": {"634_fri_c2_100_10": [0.07159299969676439, 0.06099709801649817, 0.08185205494546417, 0.06151498098541625, 0.06558338108927624]}, "coverage": {"634_fri_c2_100_10": [0.04999999999999999, 0.19999999999999996, 0.050000000000000044, 0.15000000000000002, 0.0]}, "time_all": {"634_fri_c2_100_10": [0.12584853172302246, 0.08130168914794922, 0.08561396598815918, 0.0808861255645752, 0.09749174118041992]}, "time_fit": {"634_fri_c2_100_10": [0.01771068572998047, 0.017014741897583008, 0.016628265380859375, 0.01681804656982422, 0.020920515060424805]}, "sizes": {"634_fri_c2_100_10": []}, "tau": 0.5}, "DecisionTree": {"losses": {"634_fri_c2_100_10": [0.07788605889947738, 0.04883431943061704, 0.08504996476714485, 0.05911753063650647, 0.04191746442059528]}, "coverage": {"634_fri_c2_100_10": [0.04999999999999999, 0.0, 0.09999999999999998, 0.2, 0.09999999999999998]}, "complexity": {"634_fri_c2_100_10": [13, 31, 3, 13, 29]}, "time_all": {"634_fri_c2_100_10": [0.03497028350830078, 0.03484392166137695, 0.03237724304199219, 0.03278517723083496, 0.03590846061706543]}, "time_fit": {"634_fri_c2_100_10": [0.0028259754180908203, 0.004052877426147461, 0.0017852783203125, 0.0026645660400390625, 0.0039522647857666016]}, "sizes": {"634_fri_c2_100_10": []}, "tau": 0.5}, "LinearQuantile": {"losses": {"634_fri_c2_100_10": [0.10319716225921129, 0.05082016989103733, 0.07787782631991283, 0.0779371865865464, 0.06910568699831036]}, "coverage": {"634_fri_c2_100_10": [0.04999999999999999, 0.15000000000000002, 0.050000000000000044, 0.2, 0.0]}, "complexity": {"634_fri_c2_100_10": [10, 10, 10, 10, 10]}, "time_all": {"634_fri_c2_100_10": [3.4709572792053223, 0.1279599666595459, 1.0555572509765625, 1.4834949970245361, 0.08012914657592773]}, "time_fit": {"634_fri_c2_100_10": [0.13309979438781738, 0.01109457015991211, 0.07261347770690918, 0.11170077323913574, 0.006903648376464844]}, "sizes": {"634_fri_c2_100_10": []}, "tau": 0.5}}
