{"SQR": {"losses": {"656_fri_c1_100_5": [0.029797850702656437, 0.030573416724789738, 0.03913174210701049, 0.047170084959615714, 0.0340196898652214]}, "coverage": {"656_fri_c1_100_5": [0.19999999999999996, 0.0, 0.050000000000000044, 0.050000000000000044, 0.0]}, "complexity": {"656_fri_c1_100_5": [10, 11, 11, 13, 14]}, "time_all": {"656_fri_c1_100_5": [79.51785087585449, 67.52157855033875, 66.10340595245361, 64.86675357818604, 66.82382702827454]}, "time_fit": {"656_fri_c1_100_5": [79.51785087585449, 67.52157855033875, 66.10340595245361, 64.86675357818604, 66.82382702827454]}, "sizes": {"656_fri_c1_100_5": []}, "tau": 0.5}, "LightGBM": {"losses": {"656_fri_c1_100_5": [0.05194924603198065, 0.06932789361797288, 0.06593508160205527, 0.07107106880855046, 0.07178405806508875]}, "coverage": {"656_fri_c1_100_5": [0.19999999999999996, 0.15000000000000002, 0.25, 0.15000000000000002, 0.09999999999999998]}, "time_all": {"656_fri_c1_100_5": [0.12412118911743164, 0.09810423851013184, 0.07724785804748535, 0.08378171920776367, 0.08033442497253418]}, "time_fit": {"656_fri_c1_100_5": [0.016542673110961914, 0.020891666412353516, 0.016974925994873047, 0.019776105880737305, 0.01626753807067871]}, "sizes": {"656_fri_c1_100_5": []}, "tau": 0.5}, "DecisionTree": {"losses": {"656_fri_c1_100_5": [0.047593381080911434, 0.05138345690861137, 0.06795053202877441, 0.06208784926040439, 0.05233255566185132]}, "coverage": {"656_fri_c1_100_5": [0.15000000000000002, 0.0, 0.050000000000000044, 0.19999999999999996, 0.15000000000000002]}, "complexity": {"656_fri_c1_100_5": [29, 31, 3, 31, 31]}, "time_all": {"656_fri_c1_100_5": [0.03477787971496582, 0.033751726150512695, 0.032129764556884766, 0.03541111946105957, 0.033965110778808594]}, "time_fit": {"656_fri_c1_100_5": [0.003870725631713867, 0.0038459300994873047, 0.0017540454864501953, 0.003915071487426758, 0.0038957595825195312]}, "sizes": {"656_fri_c1_100_5": []}, "tau": 0.5}, "LinearQuantile": {"losses": {"656_fri_c1_100_5": [0.08301444263242481, 0.08132864318892341, 0.08480413345137093, 0.09584520283745539, 0.08120508008319204]}, "coverage": {"656_fri_c1_100_5": [0.050000000000000044, 0.0, 0.35, 0.04999999999999999, 0.04999999999999999]}, "complexity": {"656_fri_c1_100_5": [5, 5, 5, 5, 5]}, "time_all": {"656_fri_c1_100_5": [0.1151726245880127, 0.6199471950531006, 0.19301414489746094, 0.5699977874755859, 1.2921204566955566]}, "time_fit": {"656_fri_c1_100_5": [0.009524822235107422, 0.04610323905944824, 0.017019987106323242, 0.045543670654296875, 0.09092545509338379]}, "sizes": {"656_fri_c1_100_5": []}, "tau": 0.5}}
