{"SQR": {"losses": {"1201_BNG_breastTumor": [0.026068232726899766, 0.02631338490920976, 0.02607017180369236, 0.026194090900104456, 0.02601365121700735]}, "coverage": {"1201_BNG_breastTumor": [0.008864883401920376, 0.003978052126200282, 0.008907750342935561, 0.0003343621399176655, 0.009567901234567966]}, "complexity": {"1201_BNG_breastTumor": [4, 4, 4, 4, 4]}, "time_all": {"1201_BNG_breastTumor": [558.6644101142883, 584.8820436000824, 538.4232416152954, 541.8345332145691, 522.4123723506927]}, "time_fit": {"1201_BNG_breastTumor": [558.6644101142883, 584.8820436000824, 538.4232416152954, 541.8345332145691, 522.4123723506927]}, "sizes": {"1201_BNG_breastTumor": []}, "tau": 0.9}, "LightGBM": {"losses": {"1201_BNG_breastTumor": [0.02460876598112213, 0.024803201436330417, 0.024495992584355787, 0.024717091979968242, 0.024594696180269878]}, "coverage": {"1201_BNG_breastTumor": [0.006507201646090532, 0.002777777777777768, 0.00753600823045264, 0.00449245541838128, 0.00912208504801093]}, "time_all": {"1201_BNG_breastTumor": [3.296811103820801, 3.1805527210235596, 3.1175906658172607, 3.0234854221343994, 3.083996057510376]}, "time_fit": {"1201_BNG_breastTumor": [0.8950846195220947, 0.9106466770172119, 0.901566743850708, 0.8977375030517578, 0.8924121856689453]}, "sizes": {"1201_BNG_breastTumor": []}, "tau": 0.9}, "DecisionTree": {"losses": {"1201_BNG_breastTumor": [0.02449325108711275, 0.024654171174590463, 0.02423242535915977, 0.02443580073320931, 0.024417061996969813]}, "coverage": {"1201_BNG_breastTumor": [0.002580589849108361, 0.0024091220850480655, 0.001320301783264699, 0.002066186556927363, 0.002734910836762694]}, "complexity": {"1201_BNG_breastTumor": [2991, 2967, 2941, 2927, 2979]}, "time_all": {"1201_BNG_breastTumor": [11.584415197372437, 11.627648115158081, 11.6449875831604, 11.517943620681763, 11.461856365203857]}, "time_fit": {"1201_BNG_breastTumor": [0.5719122886657715, 0.5685524940490723, 0.5677390098571777, 0.5595850944519043, 0.5649628639221191]}, "sizes": {"1201_BNG_breastTumor": []}, "tau": 0.9}, "LinearQuantile": {"losses": {"1201_BNG_breastTumor": [0.02547021265381834, 0.02564207026412821, 0.025325303821042457, 0.02558693423693269, 0.025330756717029366]}, "coverage": {"1201_BNG_breastTumor": [0.0003943758573388134, 0.0036951303155007276, 0.0023062414266117326, 0.00266632373113862, 0.0037637174211248015]}, "complexity": {"1201_BNG_breastTumor": [21, 21, 21, 21, 21]}, "time_all": {"1201_BNG_breastTumor": [72.43423056602478, 64.09678721427917, 49.18787121772766, 71.91273021697998, 105.91525363922119]}, "time_fit": {"1201_BNG_breastTumor": [6.55850076675415, 5.580849647521973, 4.435378074645996, 7.673513174057007, 9.271379709243774]}, "sizes": {"1201_BNG_breastTumor": []}, "tau": 0.9}}
