{"SQR": {"losses": {"561_cpu": [0.0002509275491721735, 0.002075745468292903, 0.003469326415672027, 0.0035385315961716647, 0.0038935465129851065]}, "coverage": {"561_cpu": [0.033333333333333326, 0.00952380952380949, 0.06190476190476191, 0.15238095238095228, 0.04146341463414627]}, "complexity": {"561_cpu": [14, 18, 10, 12, 15]}, "time_all": {"561_cpu": [93.57010507583618, 76.30780720710754, 78.52458071708679, 76.5755341053009, 77.70158100128174]}, "time_fit": {"561_cpu": [93.57010507583618, 76.30780720710754, 78.52458071708679, 76.5755341053009, 77.70158100128174]}, "sizes": {"561_cpu": []}, "tau": 0.7}, "LightGBM": {"losses": {"561_cpu": [0.025304078962458534, 0.016328734391309694, 0.007892976586563917, 0.011324237539370669, 0.0042014508852171485]}, "coverage": {"561_cpu": [0.18095238095238098, 0.00952380952380949, 0.06190476190476191, 0.22857142857142865, 0.1048780487804879]}, "time_all": {"561_cpu": [0.1535661220550537, 0.12794089317321777, 0.12391304969787598, 0.12134337425231934, 0.1254255771636963]}, "time_fit": {"561_cpu": [0.023108720779418945, 0.02903127670288086, 0.02848076820373535, 0.0273892879486084, 0.02771306037902832]}, "sizes": {"561_cpu": []}, "tau": 0.7}, "DecisionTree": {"losses": {"561_cpu": [0.0203130475411751, 0.006486002414048206, 0.006991979130163923, 0.008255266129346262, 0.0049506411662644835]}, "coverage": {"561_cpu": [0.00952380952380949, 0.00952380952380949, 0.08095238095238089, 0.033333333333333326, 0.1634146341463414]}, "complexity": {"561_cpu": [69, 69, 63, 63, 65]}, "time_all": {"561_cpu": [0.04628324508666992, 0.046555280685424805, 0.04575085639953613, 0.045137882232666016, 0.045319557189941406]}, "time_fit": {"561_cpu": [0.0069234371185302734, 0.006755352020263672, 0.0063931941986083984, 0.0062792301177978516, 0.006501913070678711]}, "sizes": {"561_cpu": []}, "tau": 0.7}, "LinearQuantile": {"losses": {"561_cpu": [0.016585121124537375, 0.013212030564074802, 0.004587126112117005, 0.007487439992833215, 0.004535302762169266]}, "coverage": {"561_cpu": [0.06190476190476191, 0.00952380952380949, 0.03809523809523818, 0.13333333333333341, 0.056097560975609806]}, "complexity": {"561_cpu": [7, 7, 7, 7, 7]}, "time_all": {"561_cpu": [0.15020012855529785, 3.605133295059204, 0.27500295639038086, 0.23980283737182617, 0.25882959365844727]}, "time_fit": {"561_cpu": [0.012632131576538086, 0.3399658203125, 0.02416062355041504, 0.02026677131652832, 0.022221088409423828]}, "sizes": {"561_cpu": []}, "tau": 0.7}}
