{"SQR": {"losses": {"687_sleuth_ex1605": [0.08276673980716864, 0.05564105117717294, 0.058769687257619156, 0.05642032686363925, 0.1060735116465146]}, "coverage": {"687_sleuth_ex1605": [0.4692307692307692, 0.06923076923076932, 0.050000000000000044, 0.19999999999999996, 0.050000000000000044]}, "complexity": {"687_sleuth_ex1605": [8, 9, 13, 6, 7]}, "time_all": {"687_sleuth_ex1605": [79.27218961715698, 65.09299969673157, 63.81865453720093, 62.8139328956604, 63.887946128845215]}, "time_fit": {"687_sleuth_ex1605": [79.27218961715698, 65.09299969673157, 63.81865453720093, 62.8139328956604, 63.887946128845215]}, "sizes": {"687_sleuth_ex1605": []}, "tau": 0.7}, "LightGBM": {"losses": {"687_sleuth_ex1605": [0.07584070331861592, 0.06895437973036928, 0.05412473599339156, 0.07811884176842251, 0.05170970622809739]}, "coverage": {"687_sleuth_ex1605": [0.08461538461538454, 0.007692307692307665, 0.050000000000000044, 0.033333333333333326, 0.21666666666666667]}, "time_all": {"687_sleuth_ex1605": [0.10370945930480957, 0.05763959884643555, 0.057074785232543945, 0.05736231803894043, 0.05668973922729492]}, "time_fit": {"687_sleuth_ex1605": [0.012136220932006836, 0.011908292770385742, 0.012268543243408203, 0.011972188949584961, 0.01195383071899414]}, "sizes": {"687_sleuth_ex1605": []}, "tau": 0.7}, "DecisionTree": {"losses": {"687_sleuth_ex1605": [0.06510489510489512, 0.05377622377622378, 0.049747474747474756, 0.05233585858585857, 0.03636363636363636]}, "coverage": {"687_sleuth_ex1605": [0.16153846153846152, 0.06923076923076932, 0.050000000000000044, 0.11666666666666659, 0.050000000000000044]}, "complexity": {"687_sleuth_ex1605": [17, 7, 3, 19, 7]}, "time_all": {"687_sleuth_ex1605": [0.030399799346923828, 0.02628946304321289, 0.029723167419433594, 0.027544498443603516, 0.02674555778503418]}, "time_fit": {"687_sleuth_ex1605": [0.0028409957885742188, 0.0018672943115234375, 0.0016980171203613281, 0.0026903152465820312, 0.0018732547760009766]}, "sizes": {"687_sleuth_ex1605": []}, "tau": 0.7}, "LinearQuantile": {"losses": {"687_sleuth_ex1605": [0.05618740733638719, 0.05994223995352187, 0.07783051795003142, 0.048447405342260365, 0.039777803119843406]}, "coverage": {"687_sleuth_ex1605": [0.16153846153846152, 0.1461538461538462, 0.033333333333333326, 0.11666666666666659, 0.050000000000000044]}, "complexity": {"687_sleuth_ex1605": [5, 5, 5, 5, 5]}, "time_all": {"687_sleuth_ex1605": [0.1102440357208252, 0.08940911293029785, 0.2523922920227051, 0.36808061599731445, 0.20330524444580078]}, "time_fit": {"687_sleuth_ex1605": [0.009074687957763672, 0.007424354553222656, 0.022365331649780273, 0.029567480087280273, 0.01696324348449707]}, "sizes": {"687_sleuth_ex1605": []}, "tau": 0.7}}
