{"SQR": {"losses": {"579_fri_c0_250_5": [0.025933424770776165, 0.026976454873084445, 0.030451532225685203, 0.02445658575708206, 0.019899855738893607]}, "coverage": {"579_fri_c0_250_5": [0.08000000000000007, 0.019999999999999907, 0.0, 0.14, 0.019999999999999907]}, "complexity": {"579_fri_c0_250_5": [8, 8, 9, 12, 8]}, "time_all": {"579_fri_c0_250_5": [92.45974206924438, 78.69552230834961, 75.96534514427185, 77.71788811683655, 77.3730309009552]}, "time_fit": {"579_fri_c0_250_5": [92.45974206924438, 78.69552230834961, 75.96534514427185, 77.71788811683655, 77.3730309009552]}, "sizes": {"579_fri_c0_250_5": []}, "tau": 0.8}, "LightGBM": {"losses": {"579_fri_c0_250_5": [0.03536736684223734, 0.046114521445222996, 0.04577038595898196, 0.04097760169697664, 0.040870342780454025]}, "coverage": {"579_fri_c0_250_5": [0.16000000000000003, 0.020000000000000018, 0.040000000000000036, 0.0, 0.040000000000000036]}, "time_all": {"579_fri_c0_250_5": [0.1801445484161377, 0.12827563285827637, 0.14409255981445312, 0.13341474533081055, 0.15268683433532715]}, "time_fit": {"579_fri_c0_250_5": [0.03177976608276367, 0.03028273582458496, 0.032331228256225586, 0.030640602111816406, 0.037764787673950195]}, "sizes": {"579_fri_c0_250_5": []}, "tau": 0.8}, "DecisionTree": {"losses": {"579_fri_c0_250_5": [0.038108982382096694, 0.0408765389354715, 0.050017158515833625, 0.04305798159263406, 0.04426040209711845]}, "coverage": {"579_fri_c0_250_5": [0.08000000000000007, 0.06000000000000005, 0.24, 0.16000000000000003, 0.12]}, "complexity": {"579_fri_c0_250_5": [33, 33, 83, 75, 81]}, "time_all": {"579_fri_c0_250_5": [0.048082828521728516, 0.046526193618774414, 0.05076265335083008, 0.05034208297729492, 0.05096793174743652]}, "time_fit": {"579_fri_c0_250_5": [0.004483699798583984, 0.004378318786621094, 0.007963895797729492, 0.007562398910522461, 0.007888555526733398]}, "sizes": {"579_fri_c0_250_5": []}, "tau": 0.8}, "LinearQuantile": {"losses": {"579_fri_c0_250_5": [0.05270929108539303, 0.048127009951478686, 0.05805141942229902, 0.040359519451648604, 0.04145028697350831]}, "coverage": {"579_fri_c0_250_5": [0.4, 0.34, 0.32000000000000006, 0.32000000000000006, 0.4]}, "complexity": {"579_fri_c0_250_5": [5, 5, 5, 5, 5]}, "time_all": {"579_fri_c0_250_5": [0.7238774299621582, 0.1195230484008789, 0.2728145122528076, 0.17324328422546387, 0.13144540786743164]}, "time_fit": {"579_fri_c0_250_5": [0.0644218921661377, 0.010285615921020508, 0.02413034439086914, 0.01516103744506836, 0.01135110855102539]}, "sizes": {"579_fri_c0_250_5": []}, "tau": 0.8}}
