{"SQR": {"losses": {"1595_poker": [0.016238693473066754, 0.015127504769431834, 0.016234599168147987, 0.016066660848924646, 0.01608684576220808]}, "coverage": {"1595_poker": [0.003581428473868553, 0.04304933610403794, 0.0041716666178865935, 0.0036545984917220053, 0.004132642608364767]}, "complexity": {"1595_poker": [7, 11, 9, 7, 8]}, "time_all": {"1595_poker": [477.0741174221039, 500.71611976623535, 495.27241134643555, 500.256564617157, 485.144522190094]}, "time_fit": {"1595_poker": [477.0741174221039, 500.71611976623535, 495.27241134643555, 500.256564617157, 485.144522190094]}, "sizes": {"1595_poker": []}, "tau": 0.9}, "LightGBM": {"losses": {"1595_poker": [0.016822107068819588, 0.015417527658965952, 0.015428551367396688, 0.015844526668246747, 0.015350591659764982]}, "coverage": {"1595_poker": [0.024049521468083257, 0.032405537506951076, 0.029059228690451744, 0.026669008107237935, 0.031522619291519116]}, "time_all": {"1595_poker": [7.636779308319092, 5.371609926223755, 5.334205627441406, 5.79958701133728, 5.13602614402771]}, "time_fit": {"1595_poker": [1.6810383796691895, 1.089125156402588, 1.2449805736541748, 1.3414280414581299, 1.0698630809783936]}, "sizes": {"1595_poker": []}, "tau": 0.9}, "DecisionTree": {"losses": {"1595_poker": [0.013454324022855057, 0.013336921374208815, 0.013524003559856864, 0.01341429189308722, 0.013208890102969186]}, "coverage": {"1595_poker": [0.06197110272094908, 0.05964429615320821, 0.05702480951405353, 0.06168817865191556, 0.06170281265548627]}, "complexity": {"1595_poker": [25033, 33245, 38659, 27341, 27181]}, "time_all": {"1595_poker": [216.99752593040466, 214.78004121780396, 216.8577802181244, 213.62717843055725, 213.45299625396729]}, "time_fit": {"1595_poker": [9.517453670501709, 11.260194540023804, 12.433411359786987, 9.966323137283325, 10.010666131973267]}, "sizes": {"1595_poker": []}, "tau": 0.9}, "LinearQuantile": {"losses": {"1595_poker": [0.01744221901895303, 0.017296041957782927, 0.01748102619346622, 0.017430403273398443, 0.017279728036992816]}, "coverage": {"1595_poker": [0.02256173110506232, 0.022342221051501965, 0.02155198485868426, 0.02103003873132947, 0.022805631164574014]}, "complexity": {"1595_poker": [25, 25, 25, 25, 25]}, "time_all": {"1595_poker": [34.501275062561035, 34.44777035713196, 35.88596868515015, 34.71686625480652, 34.638957500457764]}, "time_fit": {"1595_poker": [3.0843665599823, 3.115274667739868, 3.1285250186920166, 3.167691707611084, 3.1599411964416504]}, "sizes": {"1595_poker": []}, "tau": 0.9}}
