{"SQR": {"losses": {"651_fri_c0_100_25": [0.05877084320726601, 0.06454781367853421, 0.052592309967124926, 0.049071322183585626, 0.07801836724755391]}, "coverage": {"651_fri_c0_100_25": [0.09999999999999998, 0.04999999999999999, 0.19999999999999996, 0.0, 0.0]}, "complexity": {"651_fri_c0_100_25": [12, 13, 8, 12, 8]}, "time_all": {"651_fri_c0_100_25": [82.6902723312378, 67.93237686157227, 67.5915858745575, 68.66520810127258, 68.99925780296326]}, "time_fit": {"651_fri_c0_100_25": [82.6902723312378, 67.93237686157227, 67.5915858745575, 68.66520810127258, 68.99925780296326]}, "sizes": {"651_fri_c0_100_25": []}, "tau": 0.5}, "LightGBM": {"losses": {"651_fri_c0_100_25": [0.0790884292918313, 0.08547999791267899, 0.083333983630285, 0.07769194922711631, 0.07071836864313619]}, "coverage": {"651_fri_c0_100_25": [0.050000000000000044, 0.0, 0.25, 0.25, 0.09999999999999998]}, "time_all": {"651_fri_c0_100_25": [0.12654495239257812, 0.08556485176086426, 0.0772714614868164, 0.09851694107055664, 0.085205078125]}, "time_fit": {"651_fri_c0_100_25": [0.01724410057067871, 0.017554759979248047, 0.011844158172607422, 0.020921707153320312, 0.01755356788635254]}, "sizes": {"651_fri_c0_100_25": []}, "tau": 0.5}, "DecisionTree": {"losses": {"651_fri_c0_100_25": [0.06828049588465293, 0.07279827169522966, 0.08783271587629997, 0.07775508361850664, 0.06318677684684033]}, "coverage": {"651_fri_c0_100_25": [0.050000000000000044, 0.050000000000000044, 0.15000000000000002, 0.04999999999999999, 0.0]}, "complexity": {"651_fri_c0_100_25": [11, 3, 13, 13, 3]}, "time_all": {"651_fri_c0_100_25": [0.03649115562438965, 0.035218238830566406, 0.0345768928527832, 0.03607344627380371, 0.033058881759643555]}, "time_fit": {"651_fri_c0_100_25": [0.002989053726196289, 0.0019299983978271484, 0.002997875213623047, 0.0030236244201660156, 0.0018126964569091797]}, "sizes": {"651_fri_c0_100_25": []}, "tau": 0.5}, "LinearQuantile": {"losses": {"651_fri_c0_100_25": [0.06629280209568471, 0.05174260224350461, 0.05173352840426638, 0.06649849279770333, 0.059352801563315016]}, "coverage": {"651_fri_c0_100_25": [0.09999999999999998, 0.0, 0.15000000000000002, 0.2, 0.09999999999999998]}, "complexity": {"651_fri_c0_100_25": [25, 25, 25, 25, 25]}, "time_all": {"651_fri_c0_100_25": [1.7425215244293213, 1.0796828269958496, 0.5962450504302979, 0.909651517868042, 0.4179074764251709]}, "time_fit": {"651_fri_c0_100_25": [0.1187131404876709, 0.0720362663269043, 0.0446319580078125, 0.061579227447509766, 0.032924652099609375]}, "sizes": {"651_fri_c0_100_25": []}, "tau": 0.5}}
