{"SQR": {"losses": {"654_fri_c0_500_10": [0.01863827402657901, 0.025590334530035192, 0.023683439897424507, 0.013718246678120681, 0.018428882846642368]}, "coverage": {"654_fri_c0_500_10": [0.029999999999999916, 0.13, 0.040000000000000036, 0.040000000000000036, 0.019999999999999907]}, "complexity": {"654_fri_c0_500_10": [11, 8, 8, 14, 14]}, "time_all": {"654_fri_c0_500_10": [106.13345646858215, 90.13740348815918, 89.48229932785034, 86.472238779068, 90.09647035598755]}, "time_fit": {"654_fri_c0_500_10": [106.13345646858215, 90.13740348815918, 89.48229932785034, 86.472238779068, 90.09647035598755]}, "sizes": {"654_fri_c0_500_10": []}, "tau": 0.7}, "LightGBM": {"losses": {"654_fri_c0_500_10": [0.03409278381836481, 0.038285511562206206, 0.03222025217151521, 0.036650665676863675, 0.03151201195178825]}, "coverage": {"654_fri_c0_500_10": [0.04999999999999993, 0.010000000000000009, 0.04999999999999993, 0.040000000000000036, 0.0]}, "time_all": {"654_fri_c0_500_10": [0.26940178871154785, 0.2488386631011963, 0.22600221633911133, 0.22003889083862305, 0.27770185470581055]}, "time_fit": {"654_fri_c0_500_10": [0.05168581008911133, 0.05046844482421875, 0.05132317543029785, 0.04995393753051758, 0.07126545906066895]}, "sizes": {"654_fri_c0_500_10": []}, "tau": 0.7}, "DecisionTree": {"losses": {"654_fri_c0_500_10": [0.038733591851809905, 0.03716624674554765, 0.04077514753363005, 0.0396143257618204, 0.04126986567692094]}, "coverage": {"654_fri_c0_500_10": [0.10999999999999999, 0.019999999999999907, 0.029999999999999916, 0.04999999999999993, 0.010000000000000009]}, "complexity": {"654_fri_c0_500_10": [73, 67, 29, 67, 15]}, "time_all": {"654_fri_c0_500_10": [0.09313130378723145, 0.08854317665100098, 0.0846259593963623, 0.08902692794799805, 0.08434247970581055]}, "time_fit": {"654_fri_c0_500_10": [0.010135412216186523, 0.009503841400146484, 0.006055355072021484, 0.009680747985839844, 0.0045626163482666016]}, "sizes": {"654_fri_c0_500_10": []}, "tau": 0.7}, "LinearQuantile": {"losses": {"654_fri_c0_500_10": [0.04840551086864374, 0.03922281971605867, 0.04236941759325094, 0.04030935971829717, 0.03875180737891567]}, "coverage": {"654_fri_c0_500_10": [0.24999999999999994, 0.26999999999999996, 0.25999999999999995, 0.15999999999999992, 0.19999999999999996]}, "complexity": {"654_fri_c0_500_10": [10, 10, 10, 10, 10]}, "time_all": {"654_fri_c0_500_10": [0.6551828384399414, 0.3294708728790283, 0.2413349151611328, 0.15912747383117676, 1.982023000717163]}, "time_fit": {"654_fri_c0_500_10": [0.058156728744506836, 0.02869415283203125, 0.02136540412902832, 0.01384592056274414, 0.11679625511169434]}, "sizes": {"654_fri_c0_500_10": []}, "tau": 0.7}}
