{"SQR": {"losses": {"1193_BNG_lowbwt": [0.04442173776419514, 0.04378241882885166, 0.043850175996873623, 0.04363627986703395, 0.043832036603896986]}, "coverage": {"1193_BNG_lowbwt": [0.009869795852756824, 0.01324545892943263, 0.008455232277768787, 0.0010287735090821482, 0.000803858520900369]}, "complexity": {"1193_BNG_lowbwt": [3, 3, 3, 3, 3]}, "time_all": {"1193_BNG_lowbwt": [541.7711634635925, 545.5763871669769, 599.6846671104431, 581.8570086956024, 569.7763793468475]}, "time_fit": {"1193_BNG_lowbwt": [541.7711634635925, 545.5763871669769, 599.6846671104431, 581.8570086956024, 569.7763793468475]}, "sizes": {"1193_BNG_lowbwt": []}, "tau": 0.6}, "LightGBM": {"losses": {"1193_BNG_lowbwt": [0.04029402022540918, 0.03982904628186821, 0.039744352300615036, 0.03954299606546429, 0.039866148496084636]}, "coverage": {"1193_BNG_lowbwt": [0.021443497829930935, 0.02192573541231313, 0.006172641054492889, 0.017264105449284695, 0.01028938906752419]}, "time_all": {"1193_BNG_lowbwt": [2.234421491622925, 2.069948196411133, 2.132343053817749, 1.8683545589447021, 2.1248788833618164]}, "time_fit": {"1193_BNG_lowbwt": [0.2701702117919922, 0.30677342414855957, 0.23299479484558105, 0.26361894607543945, 0.33371829986572266]}, "sizes": {"1193_BNG_lowbwt": []}, "tau": 0.6}, "DecisionTree": {"losses": {"1193_BNG_lowbwt": [0.040369020376659515, 0.03975687328163235, 0.03997448303123101, 0.03955556226019224, 0.03993683272297688]}, "coverage": {"1193_BNG_lowbwt": [9.64475164764167e-05, 0.0010287735090821482, 0.011509403632856463, 0.012795370519209093, 0.012861736334405127]}, "complexity": {"1193_BNG_lowbwt": [797, 789, 847, 793, 767]}, "time_all": {"1193_BNG_lowbwt": [2.3036632537841797, 2.298549175262451, 2.332376480102539, 2.290809154510498, 2.2984726428985596]}, "time_fit": {"1193_BNG_lowbwt": [0.12086606025695801, 0.12012505531311035, 0.12887263298034668, 0.12033939361572266, 0.11933255195617676]}, "sizes": {"1193_BNG_lowbwt": []}, "tau": 0.6}, "LinearQuantile": {"losses": {"1193_BNG_lowbwt": [0.04171446264166029, 0.04127900588016645, 0.04147440178856326, 0.04089859288014591, 0.04145444427903736]}, "coverage": {"1193_BNG_lowbwt": [0.0010287735090821482, 0.007137116219257389, 0.004436585757916722, 0.0003857900659057778, 0.004019292604501623]}, "complexity": {"1193_BNG_lowbwt": [23, 23, 23, 23, 23]}, "time_all": {"1193_BNG_lowbwt": [14.436205387115479, 16.266043663024902, 54.12560296058655, 27.38402032852173, 14.841428518295288]}, "time_fit": {"1193_BNG_lowbwt": [1.2600054740905762, 1.362074375152588, 2.491124153137207, 2.427717685699463, 1.2933032512664795]}, "sizes": {"1193_BNG_lowbwt": []}, "tau": 0.6}}
