{"SQR": {"losses": {"633_fri_c0_500_25": [0.016914921639776637, 0.023031682455318697, 0.028719718109745454, 0.02368290548457738, 0.01984976895956924]}, "coverage": {"633_fri_c0_500_25": [0.04999999999999993, 0.030000000000000027, 0.07000000000000006, 0.08000000000000007, 0.040000000000000036]}, "complexity": {"633_fri_c0_500_25": [14, 11, 8, 15, 17]}, "time_all": {"633_fri_c0_500_25": [107.78871607780457, 88.20707654953003, 90.76140522956848, 88.35917258262634, 87.03668737411499]}, "time_fit": {"633_fri_c0_500_25": [107.78871607780457, 88.20707654953003, 90.76140522956848, 88.35917258262634, 87.03668737411499]}, "sizes": {"633_fri_c0_500_25": []}, "tau": 0.6}, "LightGBM": {"losses": {"633_fri_c0_500_25": [0.03549299721959068, 0.0363608727660945, 0.036859708949648164, 0.044816108371411055, 0.04183222248486359]}, "coverage": {"633_fri_c0_500_25": [0.010000000000000009, 0.04999999999999993, 0.020000000000000018, 0.010000000000000009, 0.030000000000000027]}, "time_all": {"633_fri_c0_500_25": [0.2922990322113037, 0.2411060333251953, 0.2360517978668213, 0.22569060325622559, 0.25548577308654785]}, "time_fit": {"633_fri_c0_500_25": [0.05630826950073242, 0.05211758613586426, 0.0522913932800293, 0.048682451248168945, 0.05308699607849121]}, "sizes": {"633_fri_c0_500_25": []}, "tau": 0.6}, "DecisionTree": {"losses": {"633_fri_c0_500_25": [0.04299653809147155, 0.04564859810962664, 0.04212757581683186, 0.04390601610469506, 0.044864574448103184]}, "coverage": {"633_fri_c0_500_25": [0.10999999999999999, 0.06999999999999995, 0.050000000000000044, 0.010000000000000009, 0.010000000000000009]}, "complexity": {"633_fri_c0_500_25": [61, 15, 31, 31, 31]}, "time_all": {"633_fri_c0_500_25": [0.13030099868774414, 0.12488508224487305, 0.12929129600524902, 0.125244140625, 0.1292741298675537]}, "time_fit": {"633_fri_c0_500_25": [0.013993263244628906, 0.007337331771850586, 0.010538578033447266, 0.010114908218383789, 0.010378599166870117]}, "sizes": {"633_fri_c0_500_25": []}, "tau": 0.6}, "LinearQuantile": {"losses": {"633_fri_c0_500_25": [0.04041945566347324, 0.04045253612613102, 0.038771404281879245, 0.04474441976982654, 0.044331051278172016]}, "coverage": {"633_fri_c0_500_25": [0.13, 0.27999999999999997, 0.07999999999999996, 0.12, 0.10999999999999999]}, "complexity": {"633_fri_c0_500_25": [25, 25, 25, 25, 25]}, "time_all": {"633_fri_c0_500_25": [0.9890680313110352, 4.466460227966309, 1.2708516120910645, 0.8829834461212158, 0.8949079513549805]}, "time_fit": {"633_fri_c0_500_25": [0.08623790740966797, 0.3894474506378174, 0.10665678977966309, 0.07924389839172363, 0.07687926292419434]}, "sizes": {"633_fri_c0_500_25": []}, "tau": 0.6}}
