{"SQR": {"losses": {"706_sleuth_case1202": [0.06046507822735982, 0.04587539590955971, 0.06068454524325756, 0.045745195218665095, 0.04794644404815495]}, "coverage": {"706_sleuth_case1202": [0.2368421052631579, 0.2368421052631579, 0.07894736842105265, 0.0, 0.05555555555555558]}, "complexity": {"706_sleuth_case1202": [11, 12, 12, 11, 11]}, "time_all": {"706_sleuth_case1202": [82.79306221008301, 68.28701663017273, 69.07808327674866, 68.30120801925659, 68.51417231559753]}, "time_fit": {"706_sleuth_case1202": [82.79306221008301, 68.28701663017273, 69.07808327674866, 68.30120801925659, 68.51417231559753]}, "sizes": {"706_sleuth_case1202": []}, "tau": 0.5}, "LightGBM": {"losses": {"706_sleuth_case1202": [0.06431171778066418, 0.05261423515447579, 0.05779645315601721, 0.04962132168413101, 0.06632499637849737]}, "coverage": {"706_sleuth_case1202": [0.1842105263157895, 0.07894736842105265, 0.23684210526315785, 0.16666666666666663, 0.16666666666666669]}, "time_all": {"706_sleuth_case1202": [0.11268997192382812, 0.06944823265075684, 0.08108782768249512, 0.07848930358886719, 0.07355022430419922]}, "time_fit": {"706_sleuth_case1202": [0.015573263168334961, 0.01590442657470703, 0.01920318603515625, 0.01752305030822754, 0.015709400177001953]}, "sizes": {"706_sleuth_case1202": []}, "tau": 0.5}, "DecisionTree": {"losses": {"706_sleuth_case1202": [0.059918497029976515, 0.037729658792650916, 0.05504903992264125, 0.04494750656167979, 0.07252478856809565]}, "coverage": {"706_sleuth_case1202": [0.1842105263157895, 0.02631578947368418, 0.1842105263157895, 0.2222222222222222, 0.0]}, "complexity": {"706_sleuth_case1202": [11, 13, 5, 11, 5]}, "time_all": {"706_sleuth_case1202": [0.03268885612487793, 0.031386375427246094, 0.03271174430847168, 0.032508134841918945, 0.029325246810913086]}, "time_fit": {"706_sleuth_case1202": [0.0024445056915283203, 0.0024785995483398438, 0.0019066333770751953, 0.0023686885833740234, 0.0018029212951660156]}, "sizes": {"706_sleuth_case1202": []}, "tau": 0.5}, "LinearQuantile": {"losses": {"706_sleuth_case1202": [0.05179748255801997, 0.055994072466733553, 0.061810675107155086, 0.041151666239589525, 0.05586498658799267]}, "coverage": {"706_sleuth_case1202": [0.026315789473684237, 0.07894736842105265, 0.026315789473684237, 0.0, 0.1111111111111111]}, "complexity": {"706_sleuth_case1202": [11, 11, 11, 11, 11]}, "time_all": {"706_sleuth_case1202": [0.4857351779937744, 0.15961241722106934, 3.915621280670166, 1.3209292888641357, 0.30452966690063477]}, "time_fit": {"706_sleuth_case1202": [0.04240012168884277, 0.013500452041625977, 0.2642035484313965, 0.09348297119140625, 0.025054454803466797]}, "sizes": {"706_sleuth_case1202": []}, "tau": 0.5}}
