{"SQR": {"losses": {"611_fri_c3_100_5": [0.014970730068576344, 0.016036870222928292, 0.03888048912114659, 0.015911695699192017, 0.03239364839962331]}, "coverage": {"611_fri_c3_100_5": [0.24999999999999994, 0.050000000000000044, 0.1499999999999999, 0.20000000000000007, 0.24999999999999994]}, "complexity": {"611_fri_c3_100_5": [12, 14, 11, 12, 9]}, "time_all": {"611_fri_c3_100_5": [79.47364282608032, 66.59260749816895, 68.11144495010376, 65.51996612548828, 68.47004747390747]}, "time_fit": {"611_fri_c3_100_5": [79.47364282608032, 66.59260749816895, 68.11144495010376, 65.51996612548828, 68.47004747390747]}, "sizes": {"611_fri_c3_100_5": []}, "tau": 0.7}, "LightGBM": {"losses": {"611_fri_c3_100_5": [0.03947562963725199, 0.047907091113024984, 0.04894395257336984, 0.04110137888138199, 0.09997550220595036]}, "coverage": {"611_fri_c3_100_5": [0.10000000000000009, 0.050000000000000044, 0.24999999999999994, 0.10000000000000009, 0.09999999999999998]}, "time_all": {"611_fri_c3_100_5": [0.11798214912414551, 0.08796262741088867, 0.08084702491760254, 0.08044719696044922, 0.0787355899810791]}, "time_fit": {"611_fri_c3_100_5": [0.016997337341308594, 0.020837068557739258, 0.014914751052856445, 0.01581263542175293, 0.018035411834716797]}, "sizes": {"611_fri_c3_100_5": []}, "tau": 0.7}, "DecisionTree": {"losses": {"611_fri_c3_100_5": [0.04373141861136356, 0.03887648383735308, 0.045738664148181896, 0.0311186488700005, 0.05783055520720425]}, "coverage": {"611_fri_c3_100_5": [0.09999999999999998, 0.09999999999999998, 0.09999999999999998, 0.15000000000000002, 0.09999999999999998]}, "complexity": {"611_fri_c3_100_5": [13, 33, 13, 13, 35]}, "time_all": {"611_fri_c3_100_5": [0.0336606502532959, 0.03516268730163574, 0.031415462493896484, 0.03227400779724121, 0.03551077842712402]}, "time_fit": {"611_fri_c3_100_5": [0.002619028091430664, 0.00397491455078125, 0.0024542808532714844, 0.0025129318237304688, 0.0041124820709228516]}, "sizes": {"611_fri_c3_100_5": []}, "tau": 0.7}, "LinearQuantile": {"losses": {"611_fri_c3_100_5": [0.08161844355513057, 0.07132370112056156, 0.0781599372031641, 0.05482009965860648, 0.12220259503903237]}, "coverage": {"611_fri_c3_100_5": [0.19999999999999996, 0.1499999999999999, 0.29999999999999993, 0.24999999999999994, 0.24999999999999994]}, "complexity": {"611_fri_c3_100_5": [5, 5, 5, 5, 5]}, "time_all": {"611_fri_c3_100_5": [0.6696193218231201, 0.13063716888427734, 0.06617140769958496, 0.40506887435913086, 0.28049707412719727]}, "time_fit": {"611_fri_c3_100_5": [0.059484004974365234, 0.011324644088745117, 0.005377769470214844, 0.03278851509094238, 0.024570465087890625]}, "sizes": {"611_fri_c3_100_5": []}, "tau": 0.7}}
