{"SQR": {"losses": {"627_fri_c2_500_10": [0.012664743277696983, 0.015411509194529783, 0.011575355330234361, 0.011691505249401211, 0.02214498587588013]}, "coverage": {"627_fri_c2_500_10": [0.020000000000000018, 0.030000000000000027, 0.020000000000000018, 0.029999999999999916, 0.09000000000000008]}, "complexity": {"627_fri_c2_500_10": [18, 18, 18, 14, 11]}, "time_all": {"627_fri_c2_500_10": [107.728524684906, 87.44805121421814, 100.728031873703, 102.11640906333923, 92.80483150482178]}, "time_fit": {"627_fri_c2_500_10": [107.728524684906, 87.44805121421814, 100.728031873703, 102.11640906333923, 92.80483150482178]}, "sizes": {"627_fri_c2_500_10": []}, "tau": 0.8}, "LightGBM": {"losses": {"627_fri_c2_500_10": [0.031870534400432055, 0.02568280747491691, 0.027173572600221213, 0.0293492242008975, 0.031178322870285168]}, "coverage": {"627_fri_c2_500_10": [0.09000000000000008, 0.04999999999999993, 0.019999999999999907, 0.019999999999999907, 0.07000000000000006]}, "time_all": {"627_fri_c2_500_10": [0.2643253803253174, 0.24409842491149902, 0.2258896827697754, 0.22054696083068848, 0.23716998100280762]}, "time_fit": {"627_fri_c2_500_10": [0.05047035217285156, 0.047319889068603516, 0.04949188232421875, 0.05116415023803711, 0.04868912696838379]}, "sizes": {"627_fri_c2_500_10": []}, "tau": 0.8}, "DecisionTree": {"losses": {"627_fri_c2_500_10": [0.03488376812302021, 0.025941333487909935, 0.024239108891200296, 0.0265865615366197, 0.03748094390631493]}, "coverage": {"627_fri_c2_500_10": [0.27, 0.06000000000000005, 0.12, 0.040000000000000036, 0.10000000000000009]}, "complexity": {"627_fri_c2_500_10": [161, 71, 71, 71, 69]}, "time_all": {"627_fri_c2_500_10": [0.10178923606872559, 0.0925893783569336, 0.09224534034729004, 0.09057807922363281, 0.09155392646789551]}, "time_fit": {"627_fri_c2_500_10": [0.01727294921875, 0.010059356689453125, 0.010050535202026367, 0.009993553161621094, 0.009823083877563477]}, "sizes": {"627_fri_c2_500_10": []}, "tau": 0.8}, "LinearQuantile": {"losses": {"627_fri_c2_500_10": [0.07732507768528955, 0.06694457842364464, 0.07231485989228208, 0.0685374220388098, 0.08315910328276677]}, "coverage": {"627_fri_c2_500_10": [0.35000000000000003, 0.32000000000000006, 0.32000000000000006, 0.29000000000000004, 0.37000000000000005]}, "complexity": {"627_fri_c2_500_10": [10, 10, 10, 10, 10]}, "time_all": {"627_fri_c2_500_10": [3.1062042713165283, 0.5195918083190918, 0.1853947639465332, 0.911095380783081, 0.17442703247070312]}, "time_fit": {"627_fri_c2_500_10": [0.22646689414978027, 0.046655893325805664, 0.016295909881591797, 0.06471729278564453, 0.015389204025268555]}, "sizes": {"627_fri_c2_500_10": []}, "tau": 0.8}}
