{"SQR": {"losses": {"503_wind": [0.018891723862465473, 0.018382562063616124, 0.018370765584574195, 0.019447015458549786, 0.018920962257041957]}, "coverage": {"503_wind": [0.004942965779467734, 0.004942965779467734, 0.007984790874524639, 0.003422053231939226, 0.0019786910197869823]}, "complexity": {"503_wind": [3, 2, 3, 2, 2]}, "time_all": {"503_wind": [406.7804443836212, 400.5300245285034, 389.32279562950134, 358.07940125465393, 381.5334312915802]}, "time_fit": {"503_wind": [406.7804443836212, 400.5300245285034, 389.32279562950134, 358.07940125465393, 381.5334312915802]}, "sizes": {"503_wind": []}, "tau": 0.9}, "LightGBM": {"losses": {"503_wind": [0.01574702647201056, 0.015533077423269518, 0.01581350717416323, 0.016157617401009693, 0.01584371685544411]}, "coverage": {"503_wind": [0.01558935361216729, 0.017870722433460107, 0.011026615969581766, 0.018631178707224305, 0.018569254185692552]}, "time_all": {"503_wind": [0.8922989368438721, 0.8777945041656494, 0.875941276550293, 0.864558219909668, 0.8432557582855225]}, "time_fit": {"503_wind": [0.12551331520080566, 0.12118792533874512, 0.1226797103881836, 0.11911487579345703, 0.11832857131958008]}, "sizes": {"503_wind": []}, "tau": 0.9}, "DecisionTree": {"losses": {"503_wind": [0.01546163387971215, 0.01663879219853655, 0.01655104799798837, 0.01670880761275119, 0.016280145262808764]}, "coverage": {"503_wind": [0.025475285171102646, 0.040684410646387836, 0.04448669201520916, 0.042965779467680654, 0.027853881278538828]}, "complexity": {"503_wind": [185, 253, 185, 219, 181]}, "time_all": {"503_wind": [1.0802226066589355, 1.0392746925354004, 1.0624570846557617, 0.8804140090942383, 0.8375613689422607]}, "time_fit": {"503_wind": [0.049455881118774414, 0.052739620208740234, 0.049004554748535156, 0.042632341384887695, 0.03817629814147949]}, "sizes": {"503_wind": []}, "tau": 0.9}, "LinearQuantile": {"losses": {"503_wind": [0.014388399090132436, 0.014364533232151722, 0.015212865492558618, 0.014809387691366908, 0.014789693968774711]}, "coverage": {"503_wind": [0.01558935361216729, 0.0041825095057034245, 0.008745247148288948, 0.013307984790874583, 0.0012176560121766045]}, "complexity": {"503_wind": [14, 14, 14, 14, 14]}, "time_all": {"503_wind": [0.9923238754272461, 8.996280193328857, 1.9088256359100342, 3.498180389404297, 2.4532124996185303]}, "time_fit": {"503_wind": [0.08537650108337402, 0.6845500469207764, 0.15511751174926758, 0.2588155269622803, 0.14336776733398438]}, "sizes": {"503_wind": []}, "tau": 0.9}}
