{"SQR": {"losses": {"634_fri_c2_100_10": [0.03395584335459871, 0.031752982319239495, 0.03995666051969938, 0.03784743208526717, 0.035832687186055076]}, "coverage": {"634_fri_c2_100_10": [0.0, 0.0, 0.04999999999999993, 0.10000000000000009, 0.04999999999999993]}, "complexity": {"634_fri_c2_100_10": [13, 15, 4, 14, 11]}, "time_all": {"634_fri_c2_100_10": [83.13990139961243, 66.50828504562378, 64.06361150741577, 68.11642599105835, 66.53841352462769]}, "time_fit": {"634_fri_c2_100_10": [83.13990139961243, 66.50828504562378, 64.06361150741577, 68.11642599105835, 66.53841352462769]}, "sizes": {"634_fri_c2_100_10": []}, "tau": 0.7}, "LightGBM": {"losses": {"634_fri_c2_100_10": [0.07398272742427708, 0.06620985060787603, 0.07610526903283316, 0.0569750492677769, 0.0647160797568794]}, "coverage": {"634_fri_c2_100_10": [0.09999999999999998, 0.10000000000000009, 0.04999999999999993, 0.09999999999999998, 0.0]}, "time_all": {"634_fri_c2_100_10": [0.14057397842407227, 0.09979724884033203, 0.0817575454711914, 0.07792901992797852, 0.08043885231018066]}, "time_fit": {"634_fri_c2_100_10": [0.019875526428222656, 0.02128148078918457, 0.016732454299926758, 0.017113447189331055, 0.016414880752563477]}, "sizes": {"634_fri_c2_100_10": []}, "tau": 0.7}, "DecisionTree": {"losses": {"634_fri_c2_100_10": [0.06588946010739195, 0.038218900879356206, 0.07945343653957586, 0.04568745750271808, 0.03895805192333009]}, "coverage": {"634_fri_c2_100_10": [0.1499999999999999, 0.0, 0.050000000000000044, 0.1499999999999999, 0.10000000000000009]}, "complexity": {"634_fri_c2_100_10": [5, 31, 3, 13, 29]}, "time_all": {"634_fri_c2_100_10": [0.034755706787109375, 0.03523874282836914, 0.03234577178955078, 0.03309965133666992, 0.03435230255126953]}, "time_fit": {"634_fri_c2_100_10": [0.00199127197265625, 0.003972291946411133, 0.0017828941345214844, 0.0026814937591552734, 0.0038247108459472656]}, "sizes": {"634_fri_c2_100_10": []}, "tau": 0.7}, "LinearQuantile": {"losses": {"634_fri_c2_100_10": [0.10204466767528138, 0.04459829942595762, 0.09564126535016126, 0.08722641495884378, 0.06570234641695769]}, "coverage": {"634_fri_c2_100_10": [0.24999999999999994, 0.09999999999999998, 0.35, 0.39999999999999997, 0.19999999999999996]}, "complexity": {"634_fri_c2_100_10": [10, 10, 10, 10, 10]}, "time_all": {"634_fri_c2_100_10": [0.16703128814697266, 0.18784141540527344, 0.43161725997924805, 0.6570508480072021, 0.2231900691986084]}, "time_fit": {"634_fri_c2_100_10": [0.01425480842590332, 0.015785694122314453, 0.03687882423400879, 0.0508570671081543, 0.018855571746826172]}, "sizes": {"634_fri_c2_100_10": []}, "tau": 0.7}}
