{"SQR": {"losses": {"712_chscase_geyser1": [0.02435932451456698, 0.03872361667867077, 0.0233518611016258, 0.02327231429613131, 0.0202070454936801]}, "coverage": {"712_chscase_geyser1": [0.011111111111111183, 0.1444444444444445, 0.07727272727272727, 0.036363636363636376, 0.036363636363636376]}, "complexity": {"712_chscase_geyser1": [3, 6, 3, 3, 3]}, "time_all": {"712_chscase_geyser1": [83.91143989562988, 71.53923511505127, 70.5737578868866, 68.56462097167969, 69.50003576278687]}, "time_fit": {"712_chscase_geyser1": [83.91143989562988, 71.53923511505127, 70.5737578868866, 68.56462097167969, 69.50003576278687]}, "sizes": {"712_chscase_geyser1": []}, "tau": 0.9}, "LightGBM": {"losses": {"712_chscase_geyser1": [0.02368813916834304, 0.019285172748223257, 0.022196024643542134, 0.02606634376791057, 0.024881656226534626]}, "coverage": {"712_chscase_geyser1": [0.011111111111111183, 0.033333333333333326, 0.07727272727272727, 0.036363636363636376, 0.24090909090909096]}, "time_all": {"712_chscase_geyser1": [0.16321587562561035, 0.12966489791870117, 0.13578438758850098, 0.13453912734985352, 0.11637520790100098]}, "time_fit": {"712_chscase_geyser1": [0.025263547897338867, 0.028040409088134766, 0.03036642074584961, 0.029917001724243164, 0.025885581970214844]}, "sizes": {"712_chscase_geyser1": []}, "tau": 0.9}, "DecisionTree": {"losses": {"712_chscase_geyser1": [0.022675052410901463, 0.0209769392033543, 0.02074185248713551, 0.02306603773584905, 0.021826758147512858]}, "coverage": {"712_chscase_geyser1": [0.011111111111111072, 0.033333333333333326, 0.013636363636363669, 0.08181818181818179, 0.05909090909090908]}, "complexity": {"712_chscase_geyser1": [11, 7, 69, 31, 5]}, "time_all": {"712_chscase_geyser1": [0.0399632453918457, 0.03924441337585449, 0.04405093193054199, 0.04156231880187988, 0.03887224197387695]}, "time_fit": {"712_chscase_geyser1": [0.0023729801177978516, 0.0020232200622558594, 0.0063555240631103516, 0.0036971569061279297, 0.0018582344055175781]}, "sizes": {"712_chscase_geyser1": []}, "tau": 0.9}, "LinearQuantile": {"losses": {"712_chscase_geyser1": [0.04818203114873775, 0.06661998400610239, 0.051250439709849153, 0.06080148645086241, 0.06951551139708424]}, "coverage": {"712_chscase_geyser1": [0.033333333333333326, 0.25555555555555554, 0.013636363636363669, 0.10454545454545461, 0.12727272727272732]}, "complexity": {"712_chscase_geyser1": [2, 2, 2, 2, 2]}, "time_all": {"712_chscase_geyser1": [0.12403655052185059, 0.09805727005004883, 0.09733319282531738, 0.06555867195129395, 0.09990882873535156]}, "time_fit": {"712_chscase_geyser1": [0.010278701782226562, 0.008289098739624023, 0.008140087127685547, 0.005345821380615234, 0.008507490158081055]}, "sizes": {"712_chscase_geyser1": []}, "tau": 0.9}}
