{"SQR": {"losses": {"230_machine_cpu": [0.01863438166499146, 0.016353326371329358, 0.01978501258887779, 0.010238571926480417, 0.011932725032515494]}, "coverage": {"230_machine_cpu": [0.1952380952380952, 0.3142857142857143, 0.12380952380952381, 0.004761904761904745, 0.06341463414634141]}, "complexity": {"230_machine_cpu": [5, 8, 5, 6, 12]}, "time_all": {"230_machine_cpu": [90.75685548782349, 77.71720838546753, 76.40537357330322, 75.72300219535828, 75.25448513031006]}, "time_fit": {"230_machine_cpu": [90.75685548782349, 77.71720838546753, 76.40537357330322, 75.72300219535828, 75.25448513031006]}, "sizes": {"230_machine_cpu": []}, "tau": 0.6}, "LightGBM": {"losses": {"230_machine_cpu": [0.02852139465679916, 0.027013993211439897, 0.01053221765529214, 0.01319280898612564, 0.009446544766280028]}, "coverage": {"230_machine_cpu": [0.06666666666666665, 0.12380952380952381, 0.20952380952380956, 0.09047619047619049, 0.08292682926829276]}, "time_all": {"230_machine_cpu": [0.16703081130981445, 0.12791991233825684, 0.11759495735168457, 0.13747429847717285, 0.13441109657287598]}, "time_fit": {"230_machine_cpu": [0.028305768966674805, 0.028763294219970703, 0.027652978897094727, 0.030233144760131836, 0.030994653701782227]}, "sizes": {"230_machine_cpu": []}, "tau": 0.6}, "DecisionTree": {"losses": {"230_machine_cpu": [0.026545954045954043, 0.01883116883116883, 0.012020479520479521, 0.01276057276057276, 0.010057137983967252]}, "coverage": {"230_machine_cpu": [0.09047619047619049, 0.1952380952380952, 0.07619047619047614, 0.09047619047619049, 0.03902439024390236]}, "complexity": {"230_machine_cpu": [63, 67, 65, 65, 63]}, "time_all": {"230_machine_cpu": [0.04646134376525879, 0.046217918395996094, 0.044104814529418945, 0.04382133483886719, 0.046060800552368164]}, "time_fit": {"230_machine_cpu": [0.0065784454345703125, 0.006657123565673828, 0.006488800048828125, 0.00644993782043457, 0.006407499313354492]}, "sizes": {"230_machine_cpu": []}, "tau": 0.6}, "LinearQuantile": {"losses": {"230_machine_cpu": [0.02208506475157411, 0.02274272598378105, 0.01333568440515397, 0.013230111947178677, 0.010029228589970691]}, "coverage": {"230_machine_cpu": [0.13809523809523816, 0.1476190476190476, 0.11428571428571432, 0.13809523809523816, 0.13170731707317074]}, "complexity": {"230_machine_cpu": [6, 6, 6, 6, 6]}, "time_all": {"230_machine_cpu": [0.2700228691101074, 0.6389918327331543, 0.5286915302276611, 0.3766355514526367, 0.18084216117858887]}, "time_fit": {"230_machine_cpu": [0.023126602172851562, 0.05155634880065918, 0.045087575912475586, 0.03363227844238281, 0.01564478874206543]}, "sizes": {"230_machine_cpu": []}, "tau": 0.6}}
