{"SQR": {"losses": {"519_vinnie": [0.029283625140350877, 0.02769423633333333, 0.02979950505263157, 0.033230993736842095, 0.027134502456140346]}, "coverage": {"519_vinnie": [0.02894736842105261, 0.010526315789473717, 0.0026315789473684292, 0.042105263157894646, 0.02894736842105261]}, "complexity": {"519_vinnie": [2, 2, 2, 2, 2]}, "time_all": {"519_vinnie": [89.5068953037262, 81.35211825370789, 75.93956160545349, 78.98558855056763, 77.47678589820862]}, "time_fit": {"519_vinnie": [89.5068953037262, 81.35211825370789, 75.93956160545349, 78.98558855056763, 77.47678589820862]}, "sizes": {"519_vinnie": []}, "tau": 0.8}, "LightGBM": {"losses": {"519_vinnie": [0.03329109072571189, 0.030289337988559564, 0.031200316139163912, 0.032970909263389546, 0.031037971367075076]}, "coverage": {"519_vinnie": [0.010526315789473717, 0.015789473684210464, 0.0368421052631579, 0.02894736842105261, 0.0026315789473684292]}, "time_all": {"519_vinnie": [0.2019810676574707, 0.15218687057495117, 0.19222521781921387, 0.15539050102233887, 0.1788954734802246]}, "time_fit": {"519_vinnie": [0.03698301315307617, 0.034239768981933594, 0.04451322555541992, 0.03371143341064453, 0.04016733169555664]}, "sizes": {"519_vinnie": []}, "tau": 0.8}, "DecisionTree": {"losses": {"519_vinnie": [0.03533333333333332, 0.027859649122807018, 0.02964912280701754, 0.030526315789473683, 0.02929824561403508]}, "coverage": {"519_vinnie": [0.015789473684210464, 0.05526315789473679, 0.05526315789473679, 0.10789473684210527, 0.05526315789473679]}, "complexity": {"519_vinnie": [19, 21, 19, 13, 11]}, "time_all": {"519_vinnie": [0.04827451705932617, 0.04671931266784668, 0.046788692474365234, 0.047197818756103516, 0.04726123809814453]}, "time_fit": {"519_vinnie": [0.0030236244201660156, 0.003145933151245117, 0.002966642379760742, 0.0025641918182373047, 0.0024003982543945312]}, "sizes": {"519_vinnie": []}, "tau": 0.8}, "LinearQuantile": {"losses": {"519_vinnie": [0.030116956362606143, 0.02690475745147582, 0.028859647078012484, 0.032185005627013694, 0.027017543726454613]}, "coverage": {"519_vinnie": [0.023684210526315863, 0.015789473684210464, 0.06315789473684219, 0.02894736842105261, 0.0026315789473684292]}, "complexity": {"519_vinnie": [5, 5, 5, 5, 5]}, "time_all": {"519_vinnie": [0.2034151554107666, 0.26200318336486816, 0.24840736389160156, 0.12978720664978027, 1.3999583721160889]}, "time_fit": {"519_vinnie": [0.017397403717041016, 0.022673606872558594, 0.02199268341064453, 0.011200904846191406, 0.10346007347106934]}, "sizes": {"519_vinnie": []}, "tau": 0.8}}
