{"SQR": {"losses": {"1089_USCrime": [0.044371278003103864, 0.06748837875208964, 0.07465038516551059, 0.06454066622493407, 0.06902974884852996]}, "coverage": {"1089_USCrime": [0.19999999999999996, 0.19999999999999996, 0.15555555555555556, 0.15555555555555556, 0.15555555555555556]}, "complexity": {"1089_USCrime": [15, 13, 14, 14, 13]}, "time_all": {"1089_USCrime": [80.29066610336304, 65.92681193351746, 66.16271018981934, 65.966876745224, 65.03302550315857]}, "time_fit": {"1089_USCrime": [80.29066610336304, 65.92681193351746, 66.16271018981934, 65.966876745224, 65.03302550315857]}, "sizes": {"1089_USCrime": []}, "tau": 0.6}, "LightGBM": {"losses": {"1089_USCrime": [0.09746666666666667, 0.11666667073567709, 0.118666662145544, 0.1206814869068287, 0.12891850224247686]}, "coverage": {"1089_USCrime": [0.0, 0.09999999999999998, 0.0444444444444444, 0.06666666666666665, 0.26666666666666666]}, "time_all": {"1089_USCrime": [0.07972455024719238, 0.035466670989990234, 0.03588700294494629, 0.0361936092376709, 0.03197121620178223]}, "time_fit": {"1089_USCrime": [0.00401616096496582, 0.004455089569091797, 0.004438877105712891, 0.004570484161376953, 0.0037589073181152344]}, "sizes": {"1089_USCrime": []}, "tau": 0.6}, "DecisionTree": {"losses": {"1089_USCrime": [0.04391999999999999, 0.06765333333333333, 0.06598518518518519, 0.05958518518518518, 0.051288888888888905]}, "coverage": {"1089_USCrime": [0.3, 0.20000000000000007, 0.0444444444444444, 0.0444444444444444, 0.0444444444444444]}, "complexity": {"1089_USCrime": [5, 5, 5, 5, 15]}, "time_all": {"1089_USCrime": [0.028603076934814453, 0.027482032775878906, 0.027380704879760742, 0.02919483184814453, 0.027234315872192383]}, "time_fit": {"1089_USCrime": [0.0019235610961914062, 0.0018072128295898438, 0.0018084049224853516, 0.0019042491912841797, 0.0025577545166015625]}, "sizes": {"1089_USCrime": []}, "tau": 0.6}, "LinearQuantile": {"losses": {"1089_USCrime": [0.05103233816227171, 0.072583072385213, 0.050310462172094436, 0.06368948023201093, 0.06955861957409207]}, "coverage": {"1089_USCrime": [0.09999999999999998, 0.19999999999999996, 0.06666666666666665, 0.4, 0.26666666666666666]}, "complexity": {"1089_USCrime": [14, 14, 14, 14, 14]}, "time_all": {"1089_USCrime": [0.21271085739135742, 4.0743396282196045, 4.283936977386475, 1.01112699508667, 0.5497415065765381]}, "time_fit": {"1089_USCrime": [0.018168210983276367, 0.42880988121032715, 0.5512216091156006, 0.06953620910644531, 0.04173159599304199]}, "sizes": {"1089_USCrime": []}, "tau": 0.6}}
