{"SQR": {"losses": {"229_pwLinear": [0.03771392560739809, 0.046179038876527065, 0.050533221033289805, 0.04622828832221508, 0.037830047593447116]}, "coverage": {"229_pwLinear": [0.17500000000000004, 0.050000000000000044, 0.07500000000000001, 0.0, 0.04999999999999999]}, "complexity": {"229_pwLinear": [11, 9, 11, 11, 19]}, "time_all": {"229_pwLinear": [86.498863697052, 72.11677312850952, 73.34275650978088, 74.10937166213989, 75.36092281341553]}, "time_fit": {"229_pwLinear": [86.498863697052, 72.11677312850952, 73.34275650978088, 74.10937166213989, 75.36092281341553]}, "sizes": {"229_pwLinear": []}, "tau": 0.5}, "LightGBM": {"losses": {"229_pwLinear": [0.03203471754889782, 0.034680395406896644, 0.0455578764676981, 0.03959332342687008, 0.047490381779966506]}, "coverage": {"229_pwLinear": [0.025000000000000022, 0.050000000000000044, 0.04999999999999999, 0.09999999999999998, 0.050000000000000044]}, "time_all": {"229_pwLinear": [0.16832542419433594, 0.14289259910583496, 0.14251995086669922, 0.12002921104431152, 0.11458659172058105]}, "time_fit": {"229_pwLinear": [0.027483463287353516, 0.03291463851928711, 0.033681392669677734, 0.02776503562927246, 0.026284456253051758]}, "sizes": {"229_pwLinear": []}, "tau": 0.5}, "DecisionTree": {"losses": {"229_pwLinear": [0.03712336191929513, 0.03353438801402478, 0.03717521792235179, 0.03829421301657177, 0.03837063149996769]}, "coverage": {"229_pwLinear": [0.09999999999999998, 0.025000000000000022, 0.025000000000000022, 0.09999999999999998, 0.025000000000000022]}, "complexity": {"229_pwLinear": [61, 65, 61, 65, 65]}, "time_all": {"229_pwLinear": [0.04456758499145508, 0.04472208023071289, 0.043332815170288086, 0.04370832443237305, 0.04311323165893555]}, "time_fit": {"229_pwLinear": [0.0063953399658203125, 0.0065059661865234375, 0.0061604976654052734, 0.006433725357055664, 0.006477832794189453]}, "sizes": {"229_pwLinear": []}, "tau": 0.5}, "LinearQuantile": {"losses": {"229_pwLinear": [0.03444120936461722, 0.039570030773922536, 0.0455544804302528, 0.04350557441681292, 0.042171024868894506]}, "coverage": {"229_pwLinear": [0.0, 0.175, 0.04999999999999999, 0.0, 0.17500000000000004]}, "complexity": {"229_pwLinear": [29, 29, 29, 29, 29]}, "time_all": {"229_pwLinear": [0.8467161655426025, 1.0921499729156494, 1.5564284324645996, 1.4518511295318604, 1.0049986839294434]}, "time_fit": {"229_pwLinear": [0.07541561126708984, 0.07225751876831055, 0.1149137020111084, 0.10237956047058105, 0.0688018798828125]}, "sizes": {"229_pwLinear": []}, "tau": 0.5}}
