{"SQR": {"losses": {"597_fri_c2_500_5": [0.01685474573114513, 0.015087858025145142, 0.00871208363921091, 0.008419524573976359, 0.015384235079230136]}, "coverage": {"597_fri_c2_500_5": [0.010000000000000009, 0.020000000000000018, 0.050000000000000044, 0.0, 0.07000000000000006]}, "complexity": {"597_fri_c2_500_5": [9, 8, 15, 14, 10]}, "time_all": {"597_fri_c2_500_5": [105.06088089942932, 98.57445740699768, 94.96933126449585, 92.98601031303406, 95.20986700057983]}, "time_fit": {"597_fri_c2_500_5": [105.06088089942932, 98.57445740699768, 94.96933126449585, 92.98601031303406, 95.20986700057983]}, "sizes": {"597_fri_c2_500_5": []}, "tau": 0.9}, "LightGBM": {"losses": {"597_fri_c2_500_5": [0.021032466888065097, 0.023746409446968157, 0.020179694721962866, 0.01771209811956029, 0.021526502953704667]}, "coverage": {"597_fri_c2_500_5": [0.010000000000000009, 0.0, 0.020000000000000018, 0.040000000000000036, 0.040000000000000036]}, "time_all": {"597_fri_c2_500_5": [0.2344062328338623, 0.21057724952697754, 0.22160840034484863, 0.21408963203430176, 0.2144944667816162]}, "time_fit": {"597_fri_c2_500_5": [0.04501986503601074, 0.04322648048400879, 0.05160713195800781, 0.043503522872924805, 0.047068119049072266]}, "sizes": {"597_fri_c2_500_5": []}, "tau": 0.9}, "DecisionTree": {"losses": {"597_fri_c2_500_5": [0.01872812682359388, 0.021475894242056013, 0.020542103057746997, 0.019080749102685098, 0.0185189638184295]}, "coverage": {"597_fri_c2_500_5": [0.030000000000000027, 0.020000000000000018, 0.14, 0.010000000000000009, 0.06000000000000005]}, "complexity": {"597_fri_c2_500_5": [29, 27, 67, 11, 29]}, "time_all": {"597_fri_c2_500_5": [0.07480120658874512, 0.07256054878234863, 0.07598710060119629, 0.06965804100036621, 0.07247781753540039]}, "time_fit": {"597_fri_c2_500_5": [0.004923582077026367, 0.0047037601470947266, 0.007886648178100586, 0.003103017807006836, 0.004857778549194336]}, "sizes": {"597_fri_c2_500_5": []}, "tau": 0.9}, "LinearQuantile": {"losses": {"597_fri_c2_500_5": [0.07583577632745195, 0.06952364089564707, 0.07930448490471974, 0.08595756413332294, 0.0879606785423769]}, "coverage": {"597_fri_c2_500_5": [0.36, 0.4, 0.43000000000000005, 0.46, 0.44]}, "complexity": {"597_fri_c2_500_5": [5, 5, 5, 5, 5]}, "time_all": {"597_fri_c2_500_5": [0.26133298873901367, 0.27092909812927246, 0.2061614990234375, 0.5485508441925049, 0.4377157688140869]}, "time_fit": {"597_fri_c2_500_5": [0.02247762680053711, 0.02378535270690918, 0.018123149871826172, 0.04927349090576172, 0.037189483642578125]}, "sizes": {"597_fri_c2_500_5": []}, "tau": 0.9}}
