{"SQR": {"losses": {"218_house_8L": [0.016601971888296832, 0.021690057818857723, 0.022119959033069726, 0.017759471629828327, 0.022461077750645052]}, "coverage": {"218_house_8L": [0.008470484968180814, 0.023129251700680253, 0.006232170287469807, 0.015931533903884132, 0.010359964881474948]}, "complexity": {"218_house_8L": [9, 5, 4, 9, 5]}, "time_all": {"218_house_8L": [524.3755946159363, 474.18621611595154, 487.6123535633087, 528.8597466945648, 525.9428956508636]}, "time_fit": {"218_house_8L": [524.3755946159363, 474.18621611595154, 487.6123535633087, 528.8597466945648, 525.9428956508636]}, "sizes": {"218_house_8L": []}, "tau": 0.8}, "LightGBM": {"losses": {"218_house_8L": [0.01512700378015532, 0.015509674915739674, 0.015247688199077668, 0.015540724539249056, 0.015396683811449294]}, "coverage": {"218_house_8L": [0.04639016897081405, 0.04990125082290975, 0.048145709896861955, 0.04770682466534992, 0.040430201931518805]}, "time_all": {"218_house_8L": [1.6993858814239502, 1.6252706050872803, 1.6469755172729492, 1.577911615371704, 1.603541612625122]}, "time_fit": {"218_house_8L": [0.44820475578308105, 0.4253063201904297, 0.4175100326538086, 0.4017367362976074, 0.40701889991760254]}, "sizes": {"218_house_8L": []}, "tau": 0.8}, "DecisionTree": {"losses": {"218_house_8L": [0.01478096934084824, 0.014959947784734667, 0.015082278073319645, 0.015505160211974947, 0.015181846616113616]}, "coverage": {"218_house_8L": [0.015492648672372211, 0.021198156682027736, 0.014175992977836338, 0.03524248409041042, 0.024539069359087007]}, "complexity": {"218_house_8L": [629, 635, 633, 623, 581]}, "time_all": {"218_house_8L": [3.0381832122802734, 3.087116003036499, 2.9858298301696777, 2.959444046020508, 2.932533025741577]}, "time_fit": {"218_house_8L": [0.18726730346679688, 0.1943678855895996, 0.1849977970123291, 0.18494391441345215, 0.1823134422302246]}, "sizes": {"218_house_8L": []}, "tau": 0.8}, "LinearQuantile": {"losses": {"218_house_8L": [0.02163571981671301, 0.022370602994628896, 0.021661781703932927, 0.022582131343851886, 0.022037237734531617]}, "coverage": {"218_house_8L": [0.001404432740838235, 0.01588764538073284, 0.005354399824445855, 0.0007461048935702985, 0.007726075504828733]}, "complexity": {"218_house_8L": [8, 8, 8, 8, 8]}, "time_all": {"218_house_8L": [25.649171113967896, 23.57536292076111, 23.94430160522461, 25.597346305847168, 26.29388737678528]}, "time_fit": {"218_house_8L": [2.8718740940093994, 0.9127752780914307, 1.2047722339630127, 2.890782356262207, 3.526660442352295]}, "sizes": {"218_house_8L": []}, "tau": 0.8}}
