{"SQR": {"losses": {"229_pwLinear": [0.03579544284899235, 0.03525977276558682, 0.036497633526962406, 0.02633801219691396, 0.034482540811695044]}, "coverage": {"229_pwLinear": [0.10000000000000009, 0.10000000000000009, 0.17500000000000004, 0.07500000000000007, 0.02499999999999991]}, "complexity": {"229_pwLinear": [15, 10, 12, 17, 7]}, "time_all": {"229_pwLinear": [88.4120740890503, 74.96973443031311, 73.72132015228271, 72.88572549819946, 73.57986664772034]}, "time_fit": {"229_pwLinear": [88.4120740890503, 74.96973443031311, 73.72132015228271, 72.88572549819946, 73.57986664772034]}, "sizes": {"229_pwLinear": []}, "tau": 0.8}, "LightGBM": {"losses": {"229_pwLinear": [0.03016246876826575, 0.027294936561652286, 0.037392923986854745, 0.02947446420960592, 0.035637611057466725]}, "coverage": {"229_pwLinear": [0.09999999999999998, 0.0, 0.10000000000000009, 0.04999999999999993, 0.0]}, "time_all": {"229_pwLinear": [0.16643071174621582, 0.11832880973815918, 0.11549091339111328, 0.11456489562988281, 0.11448001861572266]}, "time_fit": {"229_pwLinear": [0.027271509170532227, 0.02554774284362793, 0.02687239646911621, 0.026422739028930664, 0.025670528411865234]}, "sizes": {"229_pwLinear": []}, "tau": 0.8}, "DecisionTree": {"losses": {"229_pwLinear": [0.02521309923905537, 0.029784279027934995, 0.030399563241217575, 0.027831877533952158, 0.029923580278595794]}, "coverage": {"229_pwLinear": [0.04999999999999993, 0.10000000000000009, 0.17500000000000004, 0.125, 0.0]}, "complexity": {"229_pwLinear": [11, 25, 25, 27, 25]}, "time_all": {"229_pwLinear": [0.04082036018371582, 0.040842294692993164, 0.039855003356933594, 0.04132485389709473, 0.04016613960266113]}, "time_fit": {"229_pwLinear": [0.0025708675384521484, 0.003572702407836914, 0.003566741943359375, 0.003719806671142578, 0.003568887710571289]}, "sizes": {"229_pwLinear": []}, "tau": 0.8}, "LinearQuantile": {"losses": {"229_pwLinear": [0.023997065855072403, 0.028096775923606095, 0.038245877017292394, 0.031952936678527576, 0.03161598974746212]}, "coverage": {"229_pwLinear": [0.02499999999999991, 0.10000000000000009, 0.15000000000000002, 0.07500000000000007, 0.04999999999999993]}, "complexity": {"229_pwLinear": [29, 29, 29, 29, 29]}, "time_all": {"229_pwLinear": [0.3561410903930664, 0.4826831817626953, 0.49475955963134766, 4.281439781188965, 1.7898809909820557]}, "time_fit": {"229_pwLinear": [0.0313413143157959, 0.04035663604736328, 0.03896355628967285, 0.3918602466583252, 0.13493800163269043]}, "sizes": {"229_pwLinear": []}, "tau": 0.8}}
