{"SQR": {"losses": {"611_fri_c3_100_5": [0.020488839417206983, 0.013531088711863773, 0.03298226234816228, 0.017366825640680508, 0.024597572123625476]}, "coverage": {"611_fri_c3_100_5": [0.15000000000000002, 0.050000000000000044, 0.20000000000000007, 0.09999999999999998, 0.35000000000000003]}, "complexity": {"611_fri_c3_100_5": [9, 15, 13, 10, 16]}, "time_all": {"611_fri_c3_100_5": [80.39129304885864, 66.94197034835815, 67.07706332206726, 66.25162625312805, 65.1725594997406]}, "time_fit": {"611_fri_c3_100_5": [80.39129304885864, 66.94197034835815, 67.07706332206726, 66.25162625312805, 65.1725594997406]}, "sizes": {"611_fri_c3_100_5": []}, "tau": 0.8}, "LightGBM": {"losses": {"611_fri_c3_100_5": [0.03129225594555962, 0.04205839633574021, 0.03525211958589411, 0.03373577093127452, 0.0900158474782794]}, "coverage": {"611_fri_c3_100_5": [0.09999999999999998, 0.1499999999999999, 0.30000000000000004, 0.1499999999999999, 0.15000000000000002]}, "time_all": {"611_fri_c3_100_5": [0.11634397506713867, 0.08574175834655762, 0.08752322196960449, 0.07730913162231445, 0.05811262130737305]}, "time_fit": {"611_fri_c3_100_5": [0.016997337341308594, 0.020105838775634766, 0.019728422164916992, 0.015402555465698242, 0.0038933753967285156]}, "sizes": {"611_fri_c3_100_5": []}, "tau": 0.8}, "DecisionTree": {"losses": {"611_fri_c3_100_5": [0.035431395563838675, 0.033538263164169406, 0.032806584395697044, 0.027688774578799744, 0.0560793061677452]}, "coverage": {"611_fri_c3_100_5": [0.0, 0.15000000000000002, 0.10000000000000009, 0.09999999999999998, 0.20000000000000007]}, "complexity": {"611_fri_c3_100_5": [3, 33, 3, 13, 35]}, "time_all": {"611_fri_c3_100_5": [0.03284049034118652, 0.03452730178833008, 0.031696319580078125, 0.03155183792114258, 0.03424215316772461]}, "time_fit": {"611_fri_c3_100_5": [0.0019135475158691406, 0.0039098262786865234, 0.0016632080078125, 0.0024688243865966797, 0.004111766815185547]}, "sizes": {"611_fri_c3_100_5": []}, "tau": 0.8}, "LinearQuantile": {"losses": {"611_fri_c3_100_5": [0.07875958547285289, 0.07039745075396164, 0.09196001898137249, 0.052057571520195654, 0.13985678805484195]}, "coverage": {"611_fri_c3_100_5": [0.30000000000000004, 0.30000000000000004, 0.4, 0.35000000000000003, 0.35000000000000003]}, "complexity": {"611_fri_c3_100_5": [5, 5, 5, 5, 5]}, "time_all": {"611_fri_c3_100_5": [0.49938368797302246, 0.1454787254333496, 0.4409329891204834, 0.9635615348815918, 0.17420268058776855]}, "time_fit": {"611_fri_c3_100_5": [0.04394841194152832, 0.012354135513305664, 0.03477191925048828, 0.06489872932434082, 0.015191316604614258]}, "sizes": {"611_fri_c3_100_5": []}, "tau": 0.8}}
