{"SQR": {"losses": {"613_fri_c3_250_5": [0.00966149381110771, 0.017752204887530574, 0.011581997838061278, 0.006237165709623865, 0.007326003372473403]}, "coverage": {"613_fri_c3_250_5": [0.14, 0.20000000000000007, 0.040000000000000036, 0.020000000000000018, 0.08000000000000007]}, "complexity": {"613_fri_c3_250_5": [13, 10, 11, 16, 15]}, "time_all": {"613_fri_c3_250_5": [92.23125648498535, 78.26218557357788, 74.28651237487793, 76.34878373146057, 77.99088907241821]}, "time_fit": {"613_fri_c3_250_5": [92.23125648498535, 78.26218557357788, 74.28651237487793, 76.34878373146057, 77.99088907241821]}, "sizes": {"613_fri_c3_250_5": []}, "tau": 0.9}, "LightGBM": {"losses": {"613_fri_c3_250_5": [0.020079574864997847, 0.024755060003756442, 0.022645764773368552, 0.02041108057915603, 0.018866950627608008]}, "coverage": {"613_fri_c3_250_5": [0.14, 0.020000000000000018, 0.020000000000000018, 0.020000000000000018, 0.020000000000000018]}, "time_all": {"613_fri_c3_250_5": [0.20196962356567383, 0.11668157577514648, 0.12105083465576172, 0.12642240524291992, 0.12653040885925293]}, "time_fit": {"613_fri_c3_250_5": [0.03713822364807129, 0.020114421844482422, 0.02695631980895996, 0.02782297134399414, 0.029914140701293945]}, "sizes": {"613_fri_c3_250_5": []}, "tau": 0.9}, "DecisionTree": {"losses": {"613_fri_c3_250_5": [0.021123171556074506, 0.023975640618658065, 0.02279403968657638, 0.02577046253051413, 0.017795159980895033]}, "coverage": {"613_fri_c3_250_5": [0.08000000000000007, 0.26, 0.06000000000000005, 0.020000000000000018, 0.040000000000000036]}, "complexity": {"613_fri_c3_250_5": [37, 81, 29, 7, 17]}, "time_all": {"613_fri_c3_250_5": [0.05029177665710449, 0.05087471008300781, 0.046796321868896484, 0.04565739631652832, 0.04578137397766113]}, "time_fit": {"613_fri_c3_250_5": [0.004746437072753906, 0.008015632629394531, 0.004158735275268555, 0.0022602081298828125, 0.003141164779663086]}, "sizes": {"613_fri_c3_250_5": []}, "tau": 0.9}, "LinearQuantile": {"losses": {"613_fri_c3_250_5": [0.06872576316832549, 0.07812482862216237, 0.05410103791790163, 0.08285728844315579, 0.054064046683560366]}, "coverage": {"613_fri_c3_250_5": [0.48000000000000004, 0.4, 0.36, 0.5, 0.36]}, "complexity": {"613_fri_c3_250_5": [5, 5, 5, 5, 5]}, "time_all": {"613_fri_c3_250_5": [0.14748072624206543, 0.3259258270263672, 0.1053924560546875, 0.30451536178588867, 0.1630251407623291]}, "time_fit": {"613_fri_c3_250_5": [0.01221609115600586, 0.028622865676879883, 0.008980989456176758, 0.02709174156188965, 0.014256715774536133]}, "sizes": {"613_fri_c3_250_5": []}, "tau": 0.9}}
