{"SQR": {"losses": {"titanic": [0.11071428571428571, 0.09047619047619047, 0.10714285714285714, 0.11785714285714285, 0.10739856801909307]}, "coverage": {"titanic": [0.3666666666666667, 0.3761904761904762, 0.3119047619047619, 0.3380952380952381, 0.30429594272076377]}, "complexity": {"titanic": [2, 2, 5, 2, 5]}, "time_all": {"titanic": [111.76881766319275, 98.2262806892395, 99.601243019104, 97.58805847167969, 101.69488167762756]}, "time_fit": {"titanic": [111.76881766319275, 98.2262806892395, 99.601243019104, 97.58805847167969, 101.69488167762756]}, "sizes": {"titanic": []}, "tau": 0.5}, "LightGBM": {"losses": {"titanic": [0.11326154109645405, 0.0926321709834491, 0.10761470233095896, 0.1217836125050281, 0.1035193040302299]}, "coverage": {"titanic": [0.2047619047619048, 0.1880952380952381, 0.16666666666666663, 0.14047619047619042, 0.17780429594272074]}, "time_all": {"titanic": [0.6254146099090576, 0.6337482929229736, 0.6188898086547852, 0.6093072891235352, 0.6701242923736572]}, "time_fit": {"titanic": [0.08851933479309082, 0.10859942436218262, 0.08785414695739746, 0.08318543434143066, 0.08703470230102539]}, "sizes": {"titanic": []}, "tau": 0.5}, "DecisionTree": {"losses": {"titanic": [0.0988095238095238, 0.075, 0.0988095238095238, 0.10714285714285714, 0.09844868735083533]}, "coverage": {"titanic": [0.3571428571428571, 0.38095238095238093, 0.3571428571428571, 0.3142857142857143, 0.34248210023866343]}, "complexity": {"titanic": [227, 77, 245, 53, 113]}, "time_all": {"titanic": [0.19166159629821777, 0.16977548599243164, 0.1768190860748291, 0.16005277633666992, 0.1851334571838379]}, "time_fit": {"titanic": [0.022688627243041992, 0.00997614860534668, 0.020738840103149414, 0.007987260818481445, 0.014105796813964844]}, "sizes": {"titanic": []}, "tau": 0.5}, "LinearQuantile": {"losses": {"titanic": [0.11428576931251407, 0.09047626261188836, 0.10476257626103508, 0.12066425815223329, 0.10918763280375308]}, "coverage": {"titanic": [0.16428571428571426, 0.16666666666666663, 0.1523809523809524, 0.12857142857142856, 0.13245823389021483]}, "complexity": {"titanic": [31, 31, 31, 31, 31]}, "time_all": {"titanic": [0.6475415229797363, 0.7197721004486084, 0.8718745708465576, 0.6074540615081787, 0.702153205871582]}, "time_fit": {"titanic": [0.05487322807312012, 0.053061723709106445, 0.06557083129882812, 0.040680885314941406, 0.051447391510009766]}, "sizes": {"titanic": []}, "tau": 0.5}}
