{"SQR": {"losses": {"647_fri_c1_250_10": [0.02861616422061079, 0.02875964032150534, 0.028857142313987946, 0.02455564749411697, 0.015125734460197148]}, "coverage": {"647_fri_c1_250_10": [0.12, 0.07999999999999996, 0.14, 0.07999999999999996, 0.16000000000000003]}, "complexity": {"647_fri_c1_250_10": [10, 14, 9, 12, 12]}, "time_all": {"647_fri_c1_250_10": [86.08657693862915, 76.5554256439209, 72.83817505836487, 70.23144698143005, 77.24960827827454]}, "time_fit": {"647_fri_c1_250_10": [86.08657693862915, 76.5554256439209, 72.83817505836487, 70.23144698143005, 77.24960827827454]}, "sizes": {"647_fri_c1_250_10": []}, "tau": 0.5}, "LightGBM": {"losses": {"647_fri_c1_250_10": [0.04428316596890411, 0.05077612272843144, 0.03585025966100123, 0.049700387521695755, 0.040472807584263984]}, "coverage": {"647_fri_c1_250_10": [0.040000000000000036, 0.07999999999999996, 0.08000000000000002, 0.040000000000000036, 0.06000000000000005]}, "time_all": {"647_fri_c1_250_10": [0.18294930458068848, 0.1617269515991211, 0.14015436172485352, 0.1619877815246582, 0.14244365692138672]}, "time_fit": {"647_fri_c1_250_10": [0.03295421600341797, 0.037445068359375, 0.032974958419799805, 0.03766155242919922, 0.03214859962463379]}, "sizes": {"647_fri_c1_250_10": []}, "tau": 0.5}, "DecisionTree": {"losses": {"647_fri_c1_250_10": [0.0489942682285823, 0.04530469384045427, 0.04277777891208232, 0.039643843668826735, 0.04126194455424958]}, "coverage": {"647_fri_c1_250_10": [0.07999999999999996, 0.020000000000000018, 0.040000000000000036, 0.06, 0.0]}, "complexity": {"647_fri_c1_250_10": [33, 33, 9, 81, 33]}, "time_all": {"647_fri_c1_250_10": [0.05415749549865723, 0.0513765811920166, 0.049889326095581055, 0.0554203987121582, 0.05101895332336426]}, "time_fit": {"647_fri_c1_250_10": [0.0051457881927490234, 0.004961729049682617, 0.0027933120727539062, 0.00855255126953125, 0.004975080490112305]}, "sizes": {"647_fri_c1_250_10": []}, "tau": 0.5}, "LinearQuantile": {"losses": {"647_fri_c1_250_10": [0.0688028511960505, 0.08111824951023038, 0.08137688226710259, 0.07681694083905799, 0.09002411117087328]}, "coverage": {"647_fri_c1_250_10": [0.09999999999999998, 0.03999999999999998, 0.020000000000000018, 0.020000000000000018, 0.0]}, "complexity": {"647_fri_c1_250_10": [10, 10, 10, 10, 10]}, "time_all": {"647_fri_c1_250_10": [0.7202954292297363, 0.8461434841156006, 0.28183484077453613, 0.4298434257507324, 0.30063891410827637]}, "time_fit": {"647_fri_c1_250_10": [0.06432127952575684, 0.07539200782775879, 0.024919748306274414, 0.038411617279052734, 0.025732755661010742]}, "sizes": {"647_fri_c1_250_10": []}, "tau": 0.5}}
