{"SQR": {"losses": {"609_fri_c0_1000_5": [0.019933462813464874, 0.019186301229943227, 0.027354050839310026, 0.01975725897842736, 0.019500321861453476]}, "coverage": {"609_fri_c0_1000_5": [0.04500000000000004, 0.0, 0.05499999999999994, 0.015000000000000013, 0.11499999999999999]}, "complexity": {"609_fri_c0_1000_5": [11, 11, 11, 11, 13]}, "time_all": {"609_fri_c0_1000_5": [101.26476192474365, 95.79234671592712, 92.33150553703308, 92.51228928565979, 96.92984390258789]}, "time_fit": {"609_fri_c0_1000_5": [101.26476192474365, 95.79234671592712, 92.33150553703308, 92.51228928565979, 96.92984390258789]}, "sizes": {"609_fri_c0_1000_5": []}, "tau": 0.6}, "LightGBM": {"losses": {"609_fri_c0_1000_5": [0.03643295366093164, 0.0385383045054066, 0.033002185611123946, 0.03414060158252097, 0.031001500788642253]}, "coverage": {"609_fri_c0_1000_5": [0.030000000000000027, 0.015000000000000013, 0.020000000000000018, 0.03500000000000003, 0.010000000000000009]}, "time_all": {"609_fri_c0_1000_5": [0.42491817474365234, 0.3786196708679199, 0.3844113349914551, 0.3757903575897217, 0.39679503440856934]}, "time_fit": {"609_fri_c0_1000_5": [0.07530975341796875, 0.07422971725463867, 0.07439422607421875, 0.06909823417663574, 0.06891274452209473]}, "sizes": {"609_fri_c0_1000_5": []}, "tau": 0.6}, "DecisionTree": {"losses": {"609_fri_c0_1000_5": [0.03919751307814037, 0.04007515780273828, 0.037651734539154366, 0.042273060040435975, 0.035485014159155906]}, "coverage": {"609_fri_c0_1000_5": [0.03500000000000003, 0.07499999999999996, 0.03500000000000003, 0.06499999999999995, 0.0050000000000000044]}, "complexity": {"609_fri_c0_1000_5": [321, 317, 323, 327, 63]}, "time_all": {"609_fri_c0_1000_5": [0.1479649543762207, 0.14695167541503906, 0.1479201316833496, 0.1473710536956787, 0.12862443923950195]}, "time_fit": {"609_fri_c0_1000_5": [0.028708696365356445, 0.028171300888061523, 0.02835559844970703, 0.02876591682434082, 0.009424686431884766]}, "sizes": {"609_fri_c0_1000_5": []}, "tau": 0.6}, "LinearQuantile": {"losses": {"609_fri_c0_1000_5": [0.04076084128666045, 0.041553638847907824, 0.03654138339546988, 0.04234466847297018, 0.035206537038518865]}, "coverage": {"609_fri_c0_1000_5": [0.09499999999999997, 0.14999999999999997, 0.015000000000000013, 0.13999999999999996, 0.10499999999999998]}, "complexity": {"609_fri_c0_1000_5": [5, 5, 5, 5, 5]}, "time_all": {"609_fri_c0_1000_5": [0.19801115989685059, 0.12605047225952148, 0.220994234085083, 0.1991581916809082, 0.5015413761138916]}, "time_fit": {"609_fri_c0_1000_5": [0.016686677932739258, 0.010620832443237305, 0.01883554458618164, 0.017030000686645508, 0.044995784759521484]}, "sizes": {"609_fri_c0_1000_5": []}, "tau": 0.6}}
