{"SQR": {"losses": {"1096_FacultySalaries": [0.043689942843522546, 0.05468761195183204, 0.00025889734541194363, 0.04940206620249962, 0.002388248135256228]}, "coverage": {"1096_FacultySalaries": [0.09999999999999998, 0.09999999999999998, 0.4, 0.0, 0.09999999999999998]}, "complexity": {"1096_FacultySalaries": [7, 10, 14, 16, 14]}, "time_all": {"1096_FacultySalaries": [77.69328355789185, 63.94481945037842, 65.16467308998108, 65.59464740753174, 65.85096859931946]}, "time_fit": {"1096_FacultySalaries": [77.69328355789185, 63.94481945037842, 65.16467308998108, 65.59464740753174, 65.85096859931946]}, "sizes": {"1096_FacultySalaries": []}, "tau": 0.5}, "LightGBM": {"losses": {"1096_FacultySalaries": [0.07654027424958494, 0.10962083721206045, 0.09194312522022641, 0.03720377116230195, 0.07890995127854716]}, "coverage": {"1096_FacultySalaries": [0.09999999999999998, 0.09999999999999998, 0.09999999999999998, 0.09999999999999998, 0.0]}, "time_all": {"1096_FacultySalaries": [0.07970833778381348, 0.03525948524475098, 0.03635096549987793, 0.03573966026306152, 0.03149008750915527]}, "time_fit": {"1096_FacultySalaries": [0.004039764404296875, 0.004397392272949219, 0.00457310676574707, 0.0044498443603515625, 0.004101991653442383]}, "sizes": {"1096_FacultySalaries": []}, "tau": 0.5}, "DecisionTree": {"losses": {"1096_FacultySalaries": [0.030568720679037733, 0.0445734445754378, 0.04905212014884909, 0.03139809633971701, 0.04419429353893406]}, "coverage": {"1096_FacultySalaries": [0.0, 0.09999999999999998, 0.30000000000000004, 0.09999999999999998, 0.19999999999999996]}, "complexity": {"1096_FacultySalaries": [7, 15, 5, 15, 15]}, "time_all": {"1096_FacultySalaries": [0.029404163360595703, 0.02848339080810547, 0.028921127319335938, 0.030213356018066406, 0.027180194854736328]}, "time_fit": {"1096_FacultySalaries": [0.002034425735473633, 0.00246429443359375, 0.0018782615661621094, 0.002579927444458008, 0.0024518966674804688]}, "sizes": {"1096_FacultySalaries": []}, "tau": 0.5}, "LinearQuantile": {"losses": {"1096_FacultySalaries": [0.011245794107004081, 0.00022584012635518287, 0.0002156123337349288, 0.0488647793725452, 0.0001907111795750156]}, "coverage": {"1096_FacultySalaries": [0.0, 0.09999999999999998, 0.09999999999999998, 0.0, 0.09999999999999998]}, "complexity": {"1096_FacultySalaries": [5, 5, 5, 5, 5]}, "time_all": {"1096_FacultySalaries": [0.1380476951599121, 0.08933067321777344, 0.28496503829956055, 0.17586350440979004, 0.10574054718017578]}, "time_fit": {"1096_FacultySalaries": [0.011536836624145508, 0.007328510284423828, 0.025076866149902344, 0.015430688858032227, 0.008839130401611328]}, "sizes": {"1096_FacultySalaries": []}, "tau": 0.5}}
