{"SQR": {"losses": {"596_fri_c2_250_5": [0.028864900395447316, 0.03203292847534707, 0.023431012823371775, 0.022199925399170328, 0.042828081258093835]}, "coverage": {"596_fri_c2_250_5": [0.039999999999999925, 0.30000000000000004, 0.14, 0.0, 0.0]}, "complexity": {"596_fri_c2_250_5": [11, 10, 16, 11, 8]}, "time_all": {"596_fri_c2_250_5": [92.96404790878296, 76.28522682189941, 73.87310647964478, 72.198490858078, 70.56192588806152]}, "time_fit": {"596_fri_c2_250_5": [92.96404790878296, 76.28522682189941, 73.87310647964478, 72.198490858078, 70.56192588806152]}, "sizes": {"596_fri_c2_250_5": []}, "tau": 0.6}, "LightGBM": {"losses": {"596_fri_c2_250_5": [0.05787855959338405, 0.03833542443506994, 0.051413638470844604, 0.05275236019430119, 0.03948638015567752]}, "coverage": {"596_fri_c2_250_5": [0.05999999999999994, 0.020000000000000018, 0.0, 0.06000000000000005, 0.09999999999999998]}, "time_all": {"596_fri_c2_250_5": [0.1819603443145752, 0.13476037979125977, 0.1651597023010254, 0.13414883613586426, 0.1621851921081543]}, "time_fit": {"596_fri_c2_250_5": [0.032134294509887695, 0.030731916427612305, 0.04016733169555664, 0.031286001205444336, 0.038419246673583984]}, "sizes": {"596_fri_c2_250_5": []}, "tau": 0.6}, "DecisionTree": {"losses": {"596_fri_c2_250_5": [0.06260674895848412, 0.04290514524143094, 0.05795055846611439, 0.05592145485871335, 0.03886198494723316]}, "coverage": {"596_fri_c2_250_5": [0.15999999999999998, 0.040000000000000036, 0.039999999999999925, 0.08000000000000007, 0.0]}, "complexity": {"596_fri_c2_250_5": [77, 9, 81, 35, 35]}, "time_all": {"596_fri_c2_250_5": [0.0534515380859375, 0.04685068130493164, 0.05195879936218262, 0.04851984977722168, 0.04878997802734375]}, "time_fit": {"596_fri_c2_250_5": [0.008028268814086914, 0.002499818801879883, 0.007873058319091797, 0.004620552062988281, 0.004542350769042969]}, "sizes": {"596_fri_c2_250_5": []}, "tau": 0.6}, "LinearQuantile": {"losses": {"596_fri_c2_250_5": [0.09154134508356837, 0.07987592497076047, 0.09484229543541729, 0.07960778228552143, 0.08679824589620318]}, "coverage": {"596_fri_c2_250_5": [0.07999999999999996, 0.12, 0.07999999999999996, 0.0, 0.21999999999999997]}, "complexity": {"596_fri_c2_250_5": [5, 5, 5, 5, 5]}, "time_all": {"596_fri_c2_250_5": [0.16243433952331543, 0.23392939567565918, 0.14415788650512695, 1.0457711219787598, 0.41089582443237305]}, "time_fit": {"596_fri_c2_250_5": [0.013612747192382812, 0.020556926727294922, 0.012571096420288086, 0.06955695152282715, 0.0357663631439209]}, "sizes": {"596_fri_c2_250_5": []}, "tau": 0.6}}
