{"SQR": {"losses": {"1029_LEV": [0.07625, 0.07125, 0.07375, 0.0825, 0.070625]}, "coverage": {"1029_LEV": [0.19499999999999995, 0.32499999999999996, 0.18999999999999995, 0.25, 0.275]}, "complexity": {"1029_LEV": [6, 7, 5, 3, 6]}, "time_all": {"1029_LEV": [99.4396390914917, 81.45222616195679, 85.49018430709839, 83.2721631526947, 82.4948205947876]}, "time_fit": {"1029_LEV": [99.4396390914917, 81.45222616195679, 85.49018430709839, 83.2721631526947, 82.4948205947876]}, "sizes": {"1029_LEV": []}, "tau": 0.5}, "LightGBM": {"losses": {"1029_LEV": [0.0676338824688943, 0.0641968982293419, 0.06480703525507796, 0.06753785037244704, 0.06619738926178854]}, "coverage": {"1029_LEV": [0.030000000000000027, 0.04500000000000004, 0.040000000000000036, 0.09499999999999997, 0.050000000000000044]}, "time_all": {"1029_LEV": [0.3910501003265381, 0.39338183403015137, 0.3826148509979248, 0.360914945602417, 0.3650634288787842]}, "time_fit": {"1029_LEV": [0.10965251922607422, 0.1168057918548584, 0.11532425880432129, 0.11316895484924316, 0.11267423629760742]}, "sizes": {"1029_LEV": []}, "tau": 0.5}, "DecisionTree": {"losses": {"1029_LEV": [0.05875, 0.0490625, 0.04375, 0.0490625, 0.0484375]}, "coverage": {"1029_LEV": [0.235, 0.32499999999999996, 0.33999999999999997, 0.275, 0.32999999999999996]}, "complexity": {"1029_LEV": [179, 183, 175, 117, 175]}, "time_all": {"1029_LEV": [0.09772753715515137, 0.09616351127624512, 0.09618711471557617, 0.09078621864318848, 0.09437251091003418]}, "time_fit": {"1029_LEV": [0.015365362167358398, 0.01569342613220215, 0.015206575393676758, 0.010906219482421875, 0.015057802200317383]}, "sizes": {"1029_LEV": []}, "tau": 0.5}, "LinearQuantile": {"losses": {"1029_LEV": [0.06696253078753248, 0.061123995701265595, 0.05421907546019102, 0.060181029359800034, 0.05895832516546939]}, "coverage": {"1029_LEV": [0.04999999999999999, 0.0050000000000000044, 0.07499999999999996, 0.0050000000000000044, 0.020000000000000018]}, "complexity": {"1029_LEV": [20, 20, 20, 20, 20]}, "time_all": {"1029_LEV": [0.8233358860015869, 1.5696766376495361, 0.7866621017456055, 0.7788259983062744, 2.0292980670928955]}, "time_fit": {"1029_LEV": [0.07152795791625977, 0.11476492881774902, 0.0580899715423584, 0.06315112113952637, 0.13243341445922852]}, "sizes": {"1029_LEV": []}, "tau": 0.5}}
