{"SQR": {"losses": {"712_chscase_geyser1": [0.04527666612568025, 0.047455638828668475, 0.044040644939965706, 0.04096071922086363, 0.06120049701180696]}, "coverage": {"712_chscase_geyser1": [0.18888888888888888, 0.07777777777777778, 0.20454545454545459, 0.15909090909090912, 0.20454545454545453]}, "complexity": {"712_chscase_geyser1": [3, 3, 3, 4, 3]}, "time_all": {"712_chscase_geyser1": [85.7565279006958, 71.54967522621155, 70.43141651153564, 73.51619243621826, 71.04485011100769]}, "time_fit": {"712_chscase_geyser1": [85.7565279006958, 71.54967522621155, 70.43141651153564, 73.51619243621826, 71.04485011100769]}, "sizes": {"712_chscase_geyser1": []}, "tau": 0.5}, "LightGBM": {"losses": {"712_chscase_geyser1": [0.04474488355441143, 0.047231903686814604, 0.0455057764176037, 0.0433969270828186, 0.06281985778770202]}, "coverage": {"712_chscase_geyser1": [0.09999999999999998, 0.033333333333333326, 0.25, 0.022727272727272707, 0.18181818181818182]}, "time_all": {"712_chscase_geyser1": [0.16886043548583984, 0.12169384956359863, 0.1454908847808838, 0.11646199226379395, 0.1326584815979004]}, "time_fit": {"712_chscase_geyser1": [0.02680659294128418, 0.02583909034729004, 0.032456159591674805, 0.025839805603027344, 0.022518396377563477]}, "sizes": {"712_chscase_geyser1": []}, "tau": 0.5}, "DecisionTree": {"losses": {"712_chscase_geyser1": [0.041614255765199164, 0.046226415094339626, 0.042774442538593485, 0.04309605488850772, 0.05874785591766724]}, "coverage": {"712_chscase_geyser1": [0.16666666666666663, 0.033333333333333326, 0.18181818181818177, 0.0, 0.18181818181818182]}, "complexity": {"712_chscase_geyser1": [27, 7, 11, 7, 7]}, "time_all": {"712_chscase_geyser1": [0.041941165924072266, 0.0391383171081543, 0.04060721397399902, 0.03904891014099121, 0.040383100509643555]}, "time_fit": {"712_chscase_geyser1": [0.003609180450439453, 0.0020537376403808594, 0.0023546218872070312, 0.0020494461059570312, 0.0020322799682617188]}, "sizes": {"712_chscase_geyser1": []}, "tau": 0.5}, "LinearQuantile": {"losses": {"712_chscase_geyser1": [0.07496156446633445, 0.10455371631578189, 0.0765691881434315, 0.08910974870802543, 0.09596011076885824]}, "coverage": {"712_chscase_geyser1": [0.011111111111111127, 0.07777777777777778, 0.022727272727272707, 0.18181818181818182, 0.15909090909090912]}, "complexity": {"712_chscase_geyser1": [2, 2, 2, 2, 2]}, "time_all": {"712_chscase_geyser1": [0.3917067050933838, 0.18402624130249023, 0.06886148452758789, 0.1228938102722168, 0.11520886421203613]}, "time_fit": {"712_chscase_geyser1": [0.034319400787353516, 0.015955448150634766, 0.005710124969482422, 0.010576009750366211, 0.009901762008666992]}, "sizes": {"712_chscase_geyser1": []}, "tau": 0.5}}
