{"SQR": {"losses": {"647_fri_c1_250_10": [0.01932152018687309, 0.012601644061769642, 0.023756885693721544, 0.024601363623317073, 0.03264095084953529]}, "coverage": {"647_fri_c1_250_10": [0.020000000000000018, 0.040000000000000036, 0.039999999999999925, 0.0, 0.05999999999999994]}, "complexity": {"647_fri_c1_250_10": [15, 14, 13, 11, 9]}, "time_all": {"647_fri_c1_250_10": [90.55291771888733, 78.98464584350586, 77.38814735412598, 74.19203615188599, 69.81042098999023]}, "time_fit": {"647_fri_c1_250_10": [90.55291771888733, 78.98464584350586, 77.38814735412598, 74.19203615188599, 69.81042098999023]}, "sizes": {"647_fri_c1_250_10": []}, "tau": 0.6}, "LightGBM": {"losses": {"647_fri_c1_250_10": [0.040571798756829654, 0.046930036074187456, 0.03518737706181066, 0.0475530149785636, 0.03920445117242494]}, "coverage": {"647_fri_c1_250_10": [0.0, 0.040000000000000036, 0.0, 0.020000000000000018, 0.020000000000000018]}, "time_all": {"647_fri_c1_250_10": [0.18352103233337402, 0.16907691955566406, 0.13584136962890625, 0.14288997650146484, 0.17148280143737793]}, "time_fit": {"647_fri_c1_250_10": [0.03348898887634277, 0.044373273849487305, 0.03174543380737305, 0.03288412094116211, 0.04288530349731445]}, "sizes": {"647_fri_c1_250_10": []}, "tau": 0.6}, "DecisionTree": {"losses": {"647_fri_c1_250_10": [0.046322779375383316, 0.045462991012894985, 0.04099319507226724, 0.038636948433097916, 0.03861926556126839]}, "coverage": {"647_fri_c1_250_10": [0.0, 0.039999999999999925, 0.0, 0.13999999999999996, 0.020000000000000018]}, "complexity": {"647_fri_c1_250_10": [33, 33, 9, 81, 33]}, "time_all": {"647_fri_c1_250_10": [0.05481433868408203, 0.05272412300109863, 0.05065298080444336, 0.058135986328125, 0.052976369857788086]}, "time_fit": {"647_fri_c1_250_10": [0.0052509307861328125, 0.00501561164855957, 0.002834320068359375, 0.008701324462890625, 0.005082845687866211]}, "sizes": {"647_fri_c1_250_10": []}, "tau": 0.6}, "LinearQuantile": {"losses": {"647_fri_c1_250_10": [0.0724990947394911, 0.07927828922430837, 0.08143305324251503, 0.07558491645021834, 0.0895705037487052]}, "coverage": {"647_fri_c1_250_10": [0.19999999999999996, 0.13999999999999996, 0.07999999999999996, 0.12, 0.09999999999999998]}, "complexity": {"647_fri_c1_250_10": [10, 10, 10, 10, 10]}, "time_all": {"647_fri_c1_250_10": [0.16286540031433105, 0.1632680892944336, 0.7634880542755127, 0.8414318561553955, 0.6619679927825928]}, "time_fit": {"647_fri_c1_250_10": [0.013720273971557617, 0.01419830322265625, 0.060599327087402344, 0.06777381896972656, 0.05974912643432617]}, "sizes": {"647_fri_c1_250_10": []}, "tau": 0.6}}
