{"SQR": {"losses": {"227_cpu_small": [0.006401322563184081, 0.006530098508147352, 0.006487702722284851, 0.0064544315164352575, 0.006569780218542671]}, "coverage": {"227_cpu_small": [0.012141549725442347, 0.007382550335570448, 0.009279609279609247, 0.012698412698412653, 0.010866910866910828]}, "complexity": {"227_cpu_small": [4, 4, 4, 4, 4]}, "time_all": {"227_cpu_small": [486.66461992263794, 518.8272080421448, 525.048919916153, 513.6245653629303, 525.364066362381]}, "time_fit": {"227_cpu_small": [486.66461992263794, 518.8272080421448, 525.048919916153, 513.6245653629303, 525.364066362381]}, "sizes": {"227_cpu_small": []}, "tau": 0.9}, "LightGBM": {"losses": {"227_cpu_small": [0.008710242803357566, 0.00916250504074613, 0.009165276715070976, 0.009599249798530395, 0.010202332670121318]}, "coverage": {"227_cpu_small": [0.006162294081757169, 0.011531421598535707, 0.0031746031746031633, 0.018803418803418737, 0.03284493284493284]}, "time_all": {"227_cpu_small": [0.9696269035339355, 0.9275805950164795, 0.8990302085876465, 0.9202067852020264, 0.9137880802154541]}, "time_fit": {"227_cpu_small": [0.14496850967407227, 0.1385183334350586, 0.13754796981811523, 0.1398630142211914, 0.14730358123779297]}, "sizes": {"227_cpu_small": []}, "tau": 0.9}, "DecisionTree": {"losses": {"227_cpu_small": [0.005075711353929779, 0.0047612796667098065, 0.004859461526128192, 0.004578384578384578, 0.004772511439178105]}, "coverage": {"227_cpu_small": [0.007382550335570448, 0.001159243441122615, 0.007814407814407787, 0.01819291819291813, 0.02124542124542117]}, "complexity": {"227_cpu_small": [209, 313, 215, 225, 277]}, "time_all": {"227_cpu_small": [1.2739732265472412, 1.0474741458892822, 1.0081191062927246, 1.062448263168335, 1.3058183193206787]}, "time_fit": {"227_cpu_small": [0.06177973747253418, 0.07082176208496094, 0.06274700164794922, 0.06415915489196777, 0.06978535652160645]}, "sizes": {"227_cpu_small": []}, "tau": 0.9}, "LinearQuantile": {"losses": {"227_cpu_small": [0.033895035216421954, 0.03230507291279727, 0.03167368482457748, 0.032113803835288425, 0.031219120916313008]}, "coverage": {"227_cpu_small": [0.02934716290420991, 0.03239780353874311, 0.039804639804639774, 0.04285714285714293, 0.025763125763125783]}, "complexity": {"227_cpu_small": [12, 12, 12, 12, 12]}, "time_all": {"227_cpu_small": [14.490823745727539, 26.2416090965271, 25.07453227043152, 25.157817125320435, 3.010236978530884]}, "time_fit": {"227_cpu_small": [0.813483476638794, 3.0748395919799805, 0.8115036487579346, 1.719409465789795, 0.2549927234649658]}, "sizes": {"227_cpu_small": []}, "tau": 0.9}}
