{"SQR": {"losses": {"628_fri_c3_1000_5": [0.024521999846112478, 0.012145683107281015, 0.02433086635925903, 0.021805935619988073, 0.016806805073554306]}, "coverage": {"628_fri_c3_1000_5": [0.08500000000000002, 0.10499999999999998, 0.15999999999999998, 0.11499999999999999, 0.09499999999999997]}, "complexity": {"628_fri_c3_1000_5": [9, 10, 10, 13, 12]}, "time_all": {"628_fri_c3_1000_5": [114.1589093208313, 102.95978593826294, 106.62441754341125, 103.18045830726624, 102.91370129585266]}, "time_fit": {"628_fri_c3_1000_5": [114.1589093208313, 102.95978593826294, 106.62441754341125, 103.18045830726624, 102.91370129585266]}, "sizes": {"628_fri_c3_1000_5": []}, "tau": 0.5}, "LightGBM": {"losses": {"628_fri_c3_1000_5": [0.026614903885517942, 0.02211133059430822, 0.024022972092578858, 0.022809969449594257, 0.026021468144342606]}, "coverage": {"628_fri_c3_1000_5": [0.010000000000000009, 0.0, 0.015000000000000013, 0.050000000000000044, 0.05499999999999999]}, "time_all": {"628_fri_c3_1000_5": [0.4289133548736572, 0.3761298656463623, 0.40210437774658203, 0.37394118309020996, 0.38923001289367676]}, "time_fit": {"628_fri_c3_1000_5": [0.07976436614990234, 0.07377195358276367, 0.07616543769836426, 0.07209157943725586, 0.07568621635437012]}, "sizes": {"628_fri_c3_1000_5": []}, "tau": 0.5}, "DecisionTree": {"losses": {"628_fri_c3_1000_5": [0.02618529542577525, 0.02720407415520684, 0.026384740751636944, 0.02374197493656487, 0.026332012376527603]}, "coverage": {"628_fri_c3_1000_5": [0.015000000000000013, 0.010000000000000009, 0.06, 0.09999999999999998, 0.020000000000000018]}, "complexity": {"628_fri_c3_1000_5": [323, 313, 323, 315, 329]}, "time_all": {"628_fri_c3_1000_5": [0.15901875495910645, 0.1498558521270752, 0.15286731719970703, 0.15375661849975586, 0.15218472480773926]}, "time_fit": {"628_fri_c3_1000_5": [0.028789043426513672, 0.028356313705444336, 0.02909564971923828, 0.02866959571838379, 0.02951335906982422]}, "sizes": {"628_fri_c3_1000_5": []}, "tau": 0.5}, "LinearQuantile": {"losses": {"628_fri_c3_1000_5": [0.06350780021707704, 0.060143840689890087, 0.057849171638724044, 0.06054298036874835, 0.06250666352818858]}, "coverage": {"628_fri_c3_1000_5": [0.030000000000000027, 0.030000000000000027, 0.015000000000000013, 0.04999999999999999, 0.0050000000000000044]}, "complexity": {"628_fri_c3_1000_5": [5, 5, 5, 5, 5]}, "time_all": {"628_fri_c3_1000_5": [0.31179094314575195, 0.192704439163208, 0.21878981590270996, 0.47255563735961914, 0.2892906665802002]}, "time_fit": {"628_fri_c3_1000_5": [0.02706146240234375, 0.016505956649780273, 0.019392728805541992, 0.037934064865112305, 0.02578139305114746]}, "sizes": {"628_fri_c3_1000_5": []}, "tau": 0.5}}
