{"SQR": {"losses": {"657_fri_c2_250_10": [0.01612534389040502, 0.009069046831739511, 0.015946213542989477, 0.011936887065388592, 0.01264868586511835]}, "coverage": {"657_fri_c2_250_10": [0.09999999999999998, 0.020000000000000018, 0.0, 0.12, 0.040000000000000036]}, "complexity": {"657_fri_c2_250_10": [13, 12, 8, 14, 10]}, "time_all": {"657_fri_c2_250_10": [93.49439764022827, 76.22392058372498, 73.5727903842926, 79.47739386558533, 72.27665948867798]}, "time_fit": {"657_fri_c2_250_10": [93.49439764022827, 76.22392058372498, 73.5727903842926, 79.47739386558533, 72.27665948867798]}, "sizes": {"657_fri_c2_250_10": []}, "tau": 0.9}, "LightGBM": {"losses": {"657_fri_c2_250_10": [0.025570742201666347, 0.024838306817715382, 0.028907122773928637, 0.028926660845908198, 0.023529468147998195]}, "coverage": {"657_fri_c2_250_10": [0.08000000000000007, 0.040000000000000036, 0.06000000000000005, 0.0, 0.020000000000000018]}, "time_all": {"657_fri_c2_250_10": [0.17311310768127441, 0.1354389190673828, 0.1474769115447998, 0.14713215827941895, 0.14998197555541992]}, "time_fit": {"657_fri_c2_250_10": [0.029280424118041992, 0.028635025024414062, 0.03463029861450195, 0.033663034439086914, 0.03405952453613281]}, "sizes": {"657_fri_c2_250_10": []}, "tau": 0.9}, "DecisionTree": {"losses": {"657_fri_c2_250_10": [0.018835203281114137, 0.025345679155948632, 0.031110824836280766, 0.02439431814232025, 0.017426632885831083]}, "coverage": {"657_fri_c2_250_10": [0.020000000000000018, 0.09999999999999998, 0.09999999999999998, 0.08000000000000007, 0.12]}, "complexity": {"657_fri_c2_250_10": [17, 15, 13, 81, 35]}, "time_all": {"657_fri_c2_250_10": [0.053064584732055664, 0.05141949653625488, 0.0493931770324707, 0.05663704872131348, 0.05240821838378906]}, "time_fit": {"657_fri_c2_250_10": [0.003702878952026367, 0.0034940242767333984, 0.0032227039337158203, 0.008661031723022461, 0.005227565765380859]}, "sizes": {"657_fri_c2_250_10": []}, "tau": 0.9}, "LinearQuantile": {"losses": {"657_fri_c2_250_10": [0.08694505314216276, 0.08485696015681198, 0.0852298773036173, 0.08551464151025129, 0.08574325040854412]}, "coverage": {"657_fri_c2_250_10": [0.54, 0.36, 0.46, 0.46, 0.48000000000000004]}, "complexity": {"657_fri_c2_250_10": [10, 10, 10, 10, 10]}, "time_all": {"657_fri_c2_250_10": [0.6363358497619629, 0.16566681861877441, 0.33134961128234863, 0.23644781112670898, 0.38376307487487793]}, "time_fit": {"657_fri_c2_250_10": [0.05669665336608887, 0.014494180679321289, 0.029479503631591797, 0.020852327346801758, 0.034285783767700195]}, "sizes": {"657_fri_c2_250_10": []}, "tau": 0.9}}
