{"SQR": {"losses": {"588_fri_c4_1000_100": [0.011048675291385706, 0.00958330731653545, 0.017857854678314553, 0.010372201118784799, 0.013182733497076703]}, "coverage": {"588_fri_c4_1000_100": [0.03499999999999992, 0.06499999999999995, 0.010000000000000009, 0.11499999999999999, 0.06999999999999995]}, "complexity": {"588_fri_c4_1000_100": [11, 17, 9, 14, 16]}, "time_all": {"588_fri_c4_1000_100": [124.50493431091309, 116.80507063865662, 112.57627964019775, 104.015145778656, 125.66260361671448]}, "time_fit": {"588_fri_c4_1000_100": [124.50493431091309, 116.80507063865662, 112.57627964019775, 104.015145778656, 125.66260361671448]}, "sizes": {"588_fri_c4_1000_100": []}, "tau": 0.7}, "LightGBM": {"losses": {"588_fri_c4_1000_100": [0.02386207049467544, 0.022357126875820896, 0.02377251587614307, 0.021912205035787512, 0.02353183278533634]}, "coverage": {"588_fri_c4_1000_100": [0.014999999999999902, 0.05499999999999994, 0.07000000000000006, 0.010000000000000009, 0.010000000000000009]}, "time_all": {"588_fri_c4_1000_100": [0.5620315074920654, 0.554072380065918, 0.48310208320617676, 0.4949371814727783, 0.47104430198669434]}, "time_fit": {"588_fri_c4_1000_100": [0.08523893356323242, 0.0830538272857666, 0.07991433143615723, 0.07662057876586914, 0.07897400856018066]}, "sizes": {"588_fri_c4_1000_100": []}, "tau": 0.7}, "DecisionTree": {"losses": {"588_fri_c4_1000_100": [0.0246265095670672, 0.027031451467777634, 0.022925607660019498, 0.02384705825747204, 0.024509767601493312]}, "coverage": {"588_fri_c4_1000_100": [0.08999999999999997, 0.1449999999999999, 0.09999999999999998, 0.06499999999999995, 0.06499999999999995]}, "complexity": {"588_fri_c4_1000_100": [133, 135, 311, 141, 143]}, "time_all": {"588_fri_c4_1000_100": [1.0162091255187988, 0.989234447479248, 0.7870814800262451, 0.813582181930542, 0.8373403549194336]}, "time_fit": {"588_fri_c4_1000_100": [0.10169029235839844, 0.1074366569519043, 0.08219718933105469, 0.0699317455291748, 0.07502937316894531]}, "sizes": {"588_fri_c4_1000_100": []}, "tau": 0.7}, "LinearQuantile": {"losses": {"588_fri_c4_1000_100": [0.06268747494991377, 0.060162326279396376, 0.05839067997183199, 0.06107536385727058, 0.06052067418124721]}, "coverage": {"588_fri_c4_1000_100": [0.21999999999999997, 0.23499999999999993, 0.25999999999999995, 0.22499999999999998, 0.19999999999999996]}, "complexity": {"588_fri_c4_1000_100": [100, 100, 100, 100, 100]}, "time_all": {"588_fri_c4_1000_100": [31.142552137374878, 91.89034652709961, 124.91946148872375, 27.69657015800476, 67.08897614479065]}, "time_fit": {"588_fri_c4_1000_100": [2.7716259956359863, 5.991576433181763, 12.92578649520874, 2.4450507164001465, 5.8632965087890625]}, "sizes": {"588_fri_c4_1000_100": []}, "tau": 0.7}}
