{"SQR": {"losses": {"560_bodyfat": [0.0002730789329966584, 0.0018718991505781452, 0.008199156608023046, 0.00048214301779972137, 0.0018655814442064458]}, "coverage": {"560_bodyfat": [0.01764705882352946, 0.021568627450980316, 0.09999999999999998, 0.039999999999999925, 0.040000000000000036]}, "complexity": {"560_bodyfat": [10, 14, 14, 12, 9]}, "time_all": {"560_bodyfat": [89.11674499511719, 81.38629531860352, 76.58836793899536, 74.06041979789734, 66.87131667137146]}, "time_fit": {"560_bodyfat": [89.11674499511719, 81.38629531860352, 76.58836793899536, 74.06041979789734, 66.87131667137146]}, "sizes": {"560_bodyfat": []}, "tau": 0.9}, "LightGBM": {"losses": {"560_bodyfat": [0.017385827259112936, 0.021663519813585864, 0.01372594547770319, 0.016956325362542133, 0.016873279095891057]}, "coverage": {"560_bodyfat": [0.0607843137254902, 0.056862745098039236, 0.07999999999999996, 0.07999999999999996, 0.020000000000000018]}, "time_all": {"560_bodyfat": [0.1313633918762207, 0.10261797904968262, 0.09027552604675293, 0.08663129806518555, 0.10504436492919922]}, "time_fit": {"560_bodyfat": [0.017304658889770508, 0.02067399024963379, 0.01744556427001953, 0.016826629638671875, 0.021030187606811523]}, "sizes": {"560_bodyfat": []}, "tau": 0.9}, "DecisionTree": {"losses": {"560_bodyfat": [0.0028928809997590065, 0.009112486267483517, 0.006246315757349918, 0.0032901041236676662, 0.0021637874482807367]}, "coverage": {"560_bodyfat": [0.27254901960784317, 0.1941176470588235, 0.14, 0.20000000000000007, 0.12]}, "complexity": {"560_bodyfat": [75, 81, 33, 83, 81]}, "time_all": {"560_bodyfat": [0.05738639831542969, 0.05806708335876465, 0.05312919616699219, 0.05617928504943848, 0.0574193000793457]}, "time_fit": {"560_bodyfat": [0.008665323257446289, 0.008745908737182617, 0.005125999450683594, 0.00887918472290039, 0.008593320846557617]}, "sizes": {"560_bodyfat": []}, "tau": 0.9}, "LinearQuantile": {"losses": {"560_bodyfat": [0.012188515533091604, 0.013300459102908608, 0.023099252075744196, 0.013025391932124052, 0.016285722566226787]}, "coverage": {"560_bodyfat": [0.0607843137254902, 0.0019607843137254832, 0.06000000000000005, 0.08000000000000007, 0.020000000000000018]}, "complexity": {"560_bodyfat": [14, 14, 14, 14, 14]}, "time_all": {"560_bodyfat": [1.1713578701019287, 1.215620756149292, 0.5606422424316406, 1.1353991031646729, 0.7261555194854736]}, "time_fit": {"560_bodyfat": [0.10420107841491699, 0.08763647079467773, 0.04451417922973633, 0.07729339599609375, 0.05340218544006348]}, "sizes": {"560_bodyfat": []}, "tau": 0.9}}
