{"SQR": {"losses": {"690_visualizing_galaxy": [0.02345892811349763, 0.02897720617018491, 0.019775707530377645, 0.01816223149538469, 0.020884498617178025]}, "coverage": {"690_visualizing_galaxy": [0.07692307692307687, 0.09230769230769231, 0.06153846153846154, 0.009375000000000022, 0.19687500000000002]}, "complexity": {"690_visualizing_galaxy": [6, 7, 6, 6, 8]}, "time_all": {"690_visualizing_galaxy": [94.35461497306824, 78.8575587272644, 75.91525220870972, 81.05347394943237, 77.25368142127991]}, "time_fit": {"690_visualizing_galaxy": [94.35461497306824, 78.8575587272644, 75.91525220870972, 81.05347394943237, 77.25368142127991]}, "sizes": {"690_visualizing_galaxy": []}, "tau": 0.6}, "LightGBM": {"losses": {"690_visualizing_galaxy": [0.021399137196222166, 0.02701528745865977, 0.02529088734010718, 0.02452755427178116, 0.025201338451694817]}, "coverage": {"690_visualizing_galaxy": [0.01538461538461533, 0.03076923076923077, 0.03076923076923077, 0.03749999999999998, 0.15000000000000002]}, "time_all": {"690_visualizing_galaxy": [0.18926572799682617, 0.14594054222106934, 0.1437666416168213, 0.17583441734313965, 0.17804980278015137]}, "time_fit": {"690_visualizing_galaxy": [0.03299093246459961, 0.032883644104003906, 0.033802032470703125, 0.041541099548339844, 0.04274344444274902]}, "sizes": {"690_visualizing_galaxy": []}, "tau": 0.6}, "DecisionTree": {"losses": {"690_visualizing_galaxy": [0.016640605296343026, 0.02055653635981507, 0.01971920975199665, 0.01507001366120219, 0.014480874316939903]}, "coverage": {"690_visualizing_galaxy": [0.07692307692307687, 0.015384615384615441, 0.09230769230769231, 0.11562499999999998, 0.05625000000000002]}, "complexity": {"690_visualizing_galaxy": [43, 109, 105, 103, 97]}, "time_all": {"690_visualizing_galaxy": [0.054303646087646484, 0.05775046348571777, 0.05895376205444336, 0.057951927185058594, 0.056867122650146484]}, "time_fit": {"690_visualizing_galaxy": [0.005261421203613281, 0.00976872444152832, 0.009444236755371094, 0.00936436653137207, 0.008874654769897461]}, "sizes": {"690_visualizing_galaxy": []}, "tau": 0.6}, "LinearQuantile": {"losses": {"690_visualizing_galaxy": [0.03332372564440152, 0.038520558583197285, 0.03344020366924679, 0.03187353277447873, 0.029402308153872382]}, "coverage": {"690_visualizing_galaxy": [0.015384615384615441, 0.0461538461538461, 0.015384615384615441, 0.009375000000000022, 0.025000000000000022]}, "complexity": {"690_visualizing_galaxy": [10, 10, 10, 10, 10]}, "time_all": {"690_visualizing_galaxy": [0.33937621116638184, 1.6021034717559814, 0.19038653373718262, 0.13030266761779785, 1.080214023590088]}, "time_fit": {"690_visualizing_galaxy": [0.029433250427246094, 0.0993494987487793, 0.0169677734375, 0.011274337768554688, 0.07052779197692871]}, "sizes": {"690_visualizing_galaxy": []}, "tau": 0.6}}
