{"SQR": {"losses": {"645_fri_c3_500_50": [0.011323571542842319, 0.017834497642197283, 0.008397543055308992, 0.008728511053879758, 0.008016871076299168]}, "coverage": {"645_fri_c3_500_50": [0.09999999999999998, 0.050000000000000044, 0.010000000000000009, 0.010000000000000009, 0.010000000000000009]}, "complexity": {"645_fri_c3_500_50": [10, 8, 14, 13, 14]}, "time_all": {"645_fri_c3_500_50": [104.09988522529602, 85.94330596923828, 91.44458675384521, 91.03350067138672, 99.61889243125916]}, "time_fit": {"645_fri_c3_500_50": [104.09988522529602, 85.94330596923828, 91.44458675384521, 91.03350067138672, 99.61889243125916]}, "sizes": {"645_fri_c3_500_50": []}, "tau": 0.8}, "LightGBM": {"losses": {"645_fri_c3_500_50": [0.019580107623799116, 0.023178408244305424, 0.02554978380496078, 0.021390132902586456, 0.02927754573613293]}, "coverage": {"645_fri_c3_500_50": [0.010000000000000009, 0.030000000000000027, 0.06000000000000005, 0.029999999999999916, 0.029999999999999916]}, "time_all": {"645_fri_c3_500_50": [0.29353976249694824, 0.24768924713134766, 0.25754666328430176, 0.24402546882629395, 0.2641134262084961]}, "time_fit": {"645_fri_c3_500_50": [0.05308985710144043, 0.05128121376037598, 0.05102038383483887, 0.05141592025756836, 0.05059242248535156]}, "sizes": {"645_fri_c3_500_50": []}, "tau": 0.8}, "DecisionTree": {"losses": {"645_fri_c3_500_50": [0.023592976447070653, 0.02279243232339421, 0.02192407799938487, 0.026195289649666675, 0.020991617673705824]}, "coverage": {"645_fri_c3_500_50": [0.10000000000000009, 0.19000000000000006, 0.040000000000000036, 0.06000000000000005, 0.08000000000000007]}, "complexity": {"645_fri_c3_500_50": [67, 67, 31, 71, 65]}, "time_all": {"645_fri_c3_500_50": [0.2253570556640625, 0.21871304512023926, 0.2108137607574463, 0.22353625297546387, 0.21799159049987793]}, "time_fit": {"645_fri_c3_500_50": [0.025719642639160156, 0.025597095489501953, 0.019330501556396484, 0.026804685592651367, 0.024393081665039062]}, "sizes": {"645_fri_c3_500_50": []}, "tau": 0.8}, "LinearQuantile": {"losses": {"645_fri_c3_500_50": [0.06225313023115998, 0.06546286775463253, 0.06764836830570566, 0.048955491651755556, 0.05261525756633806]}, "coverage": {"645_fri_c3_500_50": [0.39000000000000007, 0.39000000000000007, 0.44000000000000006, 0.36000000000000004, 0.29000000000000004]}, "complexity": {"645_fri_c3_500_50": [50, 50, 50, 50, 50]}, "time_all": {"645_fri_c3_500_50": [17.024784564971924, 5.33226752281189, 21.56966757774353, 24.181740283966064, 34.64228296279907]}, "time_fit": {"645_fri_c3_500_50": [1.5267016887664795, 0.4212985038757324, 1.9349424839019775, 2.1719346046447754, 3.420565128326416]}, "sizes": {"645_fri_c3_500_50": []}, "tau": 0.8}}
