{"SQR": {"losses": {"650_fri_c0_500_50": [0.020314429879728563, 0.020199772076663382, 0.024090249204207888, 0.014674871435629509, 0.017578823737998378]}, "coverage": {"650_fri_c0_500_50": [0.0, 0.039999999999999925, 0.020000000000000018, 0.04999999999999993, 0.0]}, "complexity": {"650_fri_c0_500_50": [12, 11, 10, 14, 12]}, "time_all": {"650_fri_c0_500_50": [104.46606874465942, 86.91990780830383, 93.46957302093506, 89.55770683288574, 88.259113073349]}, "time_fit": {"650_fri_c0_500_50": [104.46606874465942, 86.91990780830383, 93.46957302093506, 89.55770683288574, 88.259113073349]}, "sizes": {"650_fri_c0_500_50": []}, "tau": 0.7}, "LightGBM": {"losses": {"650_fri_c0_500_50": [0.03522820109945263, 0.03860638870701056, 0.03659965947805656, 0.036508182700126006, 0.0392667661031469]}, "coverage": {"650_fri_c0_500_50": [0.029999999999999916, 0.010000000000000009, 0.04999999999999993, 0.019999999999999907, 0.010000000000000009]}, "time_all": {"650_fri_c0_500_50": [0.3297581672668457, 0.3045966625213623, 0.2930107116699219, 0.30431175231933594, 0.2790060043334961]}, "time_fit": {"650_fri_c0_500_50": [0.06457686424255371, 0.061743736267089844, 0.06399416923522949, 0.06310176849365234, 0.06418156623840332]}, "sizes": {"650_fri_c0_500_50": []}, "tau": 0.7}, "DecisionTree": {"losses": {"650_fri_c0_500_50": [0.03937867352695574, 0.048778501053947904, 0.03655323266155257, 0.04065874903943311, 0.042299001929808976]}, "coverage": {"650_fri_c0_500_50": [0.040000000000000036, 0.1399999999999999, 0.029999999999999916, 0.05999999999999994, 0.07999999999999996]}, "complexity": {"650_fri_c0_500_50": [33, 19, 19, 13, 29]}, "time_all": {"650_fri_c0_500_50": [0.19610929489135742, 0.1931476593017578, 0.1944429874420166, 0.19470643997192383, 0.2008512020111084]}, "time_fit": {"650_fri_c0_500_50": [0.016562938690185547, 0.013556480407714844, 0.013690471649169922, 0.011606693267822266, 0.016872644424438477]}, "sizes": {"650_fri_c0_500_50": []}, "tau": 0.7}, "LinearQuantile": {"losses": {"650_fri_c0_500_50": [0.04409336009584164, 0.03907108394305773, 0.041954409032983454, 0.038924901535846455, 0.04341391021924767]}, "coverage": {"650_fri_c0_500_50": [0.31999999999999995, 0.30999999999999994, 0.27999999999999997, 0.23999999999999994, 0.23999999999999994]}, "complexity": {"650_fri_c0_500_50": [50, 50, 50, 50, 50]}, "time_all": {"650_fri_c0_500_50": [3.8704822063446045, 11.084972381591797, 6.691535234451294, 8.950037717819214, 4.765361785888672]}, "time_fit": {"650_fri_c0_500_50": [0.30873966217041016, 0.9339616298675537, 0.48499107360839844, 0.5877723693847656, 0.35961341857910156]}, "sizes": {"650_fri_c0_500_50": []}, "tau": 0.7}}
