{"SQR": {"losses": {"1029_LEV": [0.027374999999999997, 0.031125027499999996, 0.028000039, 0.03362510125, 0.030375007875]}, "coverage": {"1029_LEV": [0.06499999999999995, 0.05499999999999994, 0.05999999999999994, 0.04499999999999993, 0.04499999999999993]}, "complexity": {"1029_LEV": [4, 4, 4, 4, 4]}, "time_all": {"1029_LEV": [99.51887631416321, 85.08206915855408, 87.48245787620544, 86.1616485118866, 88.3230390548706]}, "time_fit": {"1029_LEV": [99.51887631416321, 85.08206915855408, 87.48245787620544, 86.1616485118866, 88.3230390548706]}, "sizes": {"1029_LEV": []}, "tau": 0.9}, "LightGBM": {"losses": {"1029_LEV": [0.027760094816986824, 0.030983229297781804, 0.029743355494453675, 0.028077458473769978, 0.031266653009890726]}, "coverage": {"1029_LEV": [0.015000000000000013, 0.025000000000000022, 0.0050000000000000044, 0.0050000000000000044, 0.015000000000000013]}, "time_all": {"1029_LEV": [0.3648204803466797, 0.340073823928833, 0.26410508155822754, 0.34645986557006836, 0.2644789218902588]}, "time_fit": {"1029_LEV": [0.09898686408996582, 0.09430980682373047, 0.05517077445983887, 0.10061192512512207, 0.05727052688598633]}, "sizes": {"1029_LEV": []}, "tau": 0.9}, "DecisionTree": {"losses": {"1029_LEV": [0.027150000000000004, 0.026775000000000004, 0.025824999999999997, 0.0218375, 0.026037499999999998]}, "coverage": {"1029_LEV": [0.05999999999999994, 0.07499999999999996, 0.07999999999999996, 0.06499999999999995, 0.04999999999999993]}, "complexity": {"1029_LEV": [23, 57, 21, 117, 31]}, "time_all": {"1029_LEV": [0.08591198921203613, 0.08655381202697754, 0.0844259262084961, 0.09014129638671875, 0.08373093605041504]}, "time_fit": {"1029_LEV": [0.004073381423950195, 0.0065517425537109375, 0.0038537979125976562, 0.010835647583007812, 0.004618167877197266]}, "sizes": {"1029_LEV": []}, "tau": 0.9}, "LinearQuantile": {"losses": {"1029_LEV": [0.02701982970506898, 0.031166536302070617, 0.03109367614213687, 0.029265484826624954, 0.02868748875176987]}, "coverage": {"1029_LEV": [0.04500000000000004, 0.040000000000000036, 0.025000000000000022, 0.04500000000000004, 0.0050000000000000044]}, "complexity": {"1029_LEV": [20, 20, 20, 20, 20]}, "time_all": {"1029_LEV": [2.234673023223877, 1.0173330307006836, 0.5975778102874756, 1.5988805294036865, 0.40192222595214844]}, "time_fit": {"1029_LEV": [0.13936424255371094, 0.06920886039733887, 0.04878950119018555, 0.10252022743225098, 0.03492307662963867]}, "sizes": {"1029_LEV": []}, "tau": 0.9}}
