{"SQR": {"losses": {"624_fri_c0_100_5": [0.032570414067248414, 0.03954821718540985, 0.037814038231398395, 0.056336038676600614, 0.04418997652642115]}, "coverage": {"624_fri_c0_100_5": [0.09999999999999998, 0.14999999999999997, 0.25, 0.19999999999999996, 0.09999999999999998]}, "complexity": {"624_fri_c0_100_5": [15, 10, 11, 12, 8]}, "time_all": {"624_fri_c0_100_5": [83.37557220458984, 69.50169038772583, 67.58396649360657, 67.75567936897278, 70.09417533874512]}, "time_fit": {"624_fri_c0_100_5": [83.37557220458984, 69.50169038772583, 67.58396649360657, 67.75567936897278, 70.09417533874512]}, "sizes": {"624_fri_c0_100_5": []}, "tau": 0.6}, "LightGBM": {"losses": {"624_fri_c0_100_5": [0.05773168592800271, 0.05908823507853337, 0.06516902374657658, 0.053601727898496584, 0.0536584647247008]}, "coverage": {"624_fri_c0_100_5": [0.09999999999999998, 0.20000000000000007, 0.19999999999999996, 0.050000000000000044, 0.19999999999999996]}, "time_all": {"624_fri_c0_100_5": [0.12403059005737305, 0.08393359184265137, 0.09131479263305664, 0.083282470703125, 0.09316682815551758]}, "time_fit": {"624_fri_c0_100_5": [0.016346454620361328, 0.019716978073120117, 0.018850088119506836, 0.02001214027404785, 0.019217252731323242]}, "sizes": {"624_fri_c0_100_5": []}, "tau": 0.6}, "DecisionTree": {"losses": {"624_fri_c0_100_5": [0.048342221650047194, 0.056359253763926566, 0.050883049097176, 0.05484399121074209, 0.056029330883815946]}, "coverage": {"624_fri_c0_100_5": [0.04999999999999993, 0.050000000000000044, 0.04999999999999993, 0.050000000000000044, 0.04999999999999993]}, "complexity": {"624_fri_c0_100_5": [31, 33, 13, 13, 11]}, "time_all": {"624_fri_c0_100_5": [0.034914493560791016, 0.03484654426574707, 0.0335848331451416, 0.035512447357177734, 0.032950401306152344]}, "time_fit": {"624_fri_c0_100_5": [0.004042148590087891, 0.004060506820678711, 0.0025730133056640625, 0.002550363540649414, 0.002403736114501953]}, "sizes": {"624_fri_c0_100_5": []}, "tau": 0.6}, "LinearQuantile": {"losses": {"624_fri_c0_100_5": [0.04593947646625044, 0.03619281392771367, 0.04627795257075077, 0.036884512076450854, 0.04906251951784035]}, "coverage": {"624_fri_c0_100_5": [0.04999999999999993, 0.25, 0.25, 0.25, 0.04999999999999993]}, "complexity": {"624_fri_c0_100_5": [5, 5, 5, 5, 5]}, "time_all": {"624_fri_c0_100_5": [0.3572807312011719, 0.5106101036071777, 0.13626480102539062, 0.17353558540344238, 0.10233092308044434]}, "time_fit": {"624_fri_c0_100_5": [0.03126335144042969, 0.041609764099121094, 0.01186513900756836, 0.0152130126953125, 0.00871586799621582]}, "sizes": {"624_fri_c0_100_5": []}, "tau": 0.6}}
