{"SQR": {"losses": {"594_fri_c2_100_5": [0.027586952160980435, 0.016037839628038425, 0.01131629529721792, 0.055890715537109364, 0.01520515894564961]}, "coverage": {"594_fri_c2_100_5": [0.050000000000000044, 0.04999999999999993, 0.04999999999999993, 0.25, 0.050000000000000044]}, "complexity": {"594_fri_c2_100_5": [9, 6, 12, 12, 12]}, "time_all": {"594_fri_c2_100_5": [81.31824779510498, 65.99344062805176, 65.77991342544556, 65.91179370880127, 68.00756025314331]}, "time_fit": {"594_fri_c2_100_5": [81.31824779510498, 65.99344062805176, 65.77991342544556, 65.91179370880127, 68.00756025314331]}, "sizes": {"594_fri_c2_100_5": []}, "tau": 0.9}, "LightGBM": {"losses": {"594_fri_c2_100_5": [0.034154922814534604, 0.028023668379082812, 0.01895364131027241, 0.030256256382700273, 0.029362490104393603]}, "coverage": {"594_fri_c2_100_5": [0.0, 0.0, 0.050000000000000044, 0.09999999999999998, 0.04999999999999993]}, "time_all": {"594_fri_c2_100_5": [0.12549853324890137, 0.07291436195373535, 0.09286260604858398, 0.0943448543548584, 0.08410143852233887]}, "time_fit": {"594_fri_c2_100_5": [0.016699552536010742, 0.015350818634033203, 0.019292593002319336, 0.019867420196533203, 0.020120620727539062]}, "sizes": {"594_fri_c2_100_5": []}, "tau": 0.9}, "DecisionTree": {"losses": {"594_fri_c2_100_5": [0.020290060476459575, 0.02810267210090657, 0.014827885976587588, 0.026980049703639843, 0.031061185910847843]}, "coverage": {"594_fri_c2_100_5": [0.050000000000000044, 0.050000000000000044, 0.0, 0.050000000000000044, 0.04999999999999993]}, "complexity": {"594_fri_c2_100_5": [33, 1, 1, 5, 5]}, "time_all": {"594_fri_c2_100_5": [0.035097360610961914, 0.031049013137817383, 0.03244304656982422, 0.03272604942321777, 0.032360076904296875]}, "time_fit": {"594_fri_c2_100_5": [0.004101991653442383, 0.001486063003540039, 0.0015172958374023438, 0.001916646957397461, 0.0018992424011230469]}, "sizes": {"594_fri_c2_100_5": []}, "tau": 0.9}, "LinearQuantile": {"losses": {"594_fri_c2_100_5": [0.0608523775297252, 0.13155675659079216, 0.15273574660039502, 0.1158614260663608, 0.06784670008013839]}, "coverage": {"594_fri_c2_100_5": [0.20000000000000007, 0.75, 0.7, 0.45, 0.35]}, "complexity": {"594_fri_c2_100_5": [5, 5, 5, 5, 5]}, "time_all": {"594_fri_c2_100_5": [0.3535597324371338, 0.7953968048095703, 0.54819655418396, 0.11623692512512207, 0.15175557136535645]}, "time_fit": {"594_fri_c2_100_5": [0.030869245529174805, 0.056046485900878906, 0.04218101501464844, 0.010074138641357422, 0.013032197952270508]}, "sizes": {"594_fri_c2_100_5": []}, "tau": 0.9}}
