{"SQR": {"losses": {"621_fri_c0_100_10": [0.020112852569242345, 0.021692671364271002, 0.02149448232478728, 0.038862898503476115, 0.022612534449067422]}, "coverage": {"621_fri_c0_100_10": [0.09999999999999998, 0.0, 0.15000000000000002, 0.20000000000000007, 0.15000000000000002]}, "complexity": {"621_fri_c0_100_10": [10, 13, 10, 15, 15]}, "time_all": {"621_fri_c0_100_10": [84.97704076766968, 70.54271936416626, 68.73973155021667, 69.88375544548035, 69.21961164474487]}, "time_fit": {"621_fri_c0_100_10": [84.97704076766968, 70.54271936416626, 68.73973155021667, 69.88375544548035, 69.21961164474487]}, "sizes": {"621_fri_c0_100_10": []}, "tau": 0.8}, "LightGBM": {"losses": {"621_fri_c0_100_10": [0.057300294206517444, 0.050336904437476376, 0.038442117254074426, 0.0328315792718585, 0.056354036162823445]}, "coverage": {"621_fri_c0_100_10": [0.09999999999999998, 0.0, 0.09999999999999998, 0.0, 0.20000000000000007]}, "time_all": {"621_fri_c0_100_10": [0.12645363807678223, 0.08482170104980469, 0.09591937065124512, 0.09448003768920898, 0.0886228084564209]}, "time_fit": {"621_fri_c0_100_10": [0.01690983772277832, 0.020186901092529297, 0.019908905029296875, 0.019514083862304688, 0.014425277709960938]}, "sizes": {"621_fri_c0_100_10": []}, "tau": 0.8}, "DecisionTree": {"losses": {"621_fri_c0_100_10": [0.04234538772752848, 0.051386733803111775, 0.04045899844770278, 0.03416482827078344, 0.05894194551747602]}, "coverage": {"621_fri_c0_100_10": [0.0, 0.10000000000000009, 0.0, 0.050000000000000044, 0.15000000000000002]}, "complexity": {"621_fri_c0_100_10": [13, 13, 5, 13, 7]}, "time_all": {"621_fri_c0_100_10": [0.0346982479095459, 0.03351998329162598, 0.03354382514953613, 0.03459978103637695, 0.03332638740539551]}, "time_fit": {"621_fri_c0_100_10": [0.0027620792388916016, 0.0025947093963623047, 0.0019693374633789062, 0.0026884078979492188, 0.002131938934326172]}, "sizes": {"621_fri_c0_100_10": []}, "tau": 0.8}, "LinearQuantile": {"losses": {"621_fri_c0_100_10": [0.044563267366456744, 0.05775525451665337, 0.041094911066526435, 0.04653065861438867, 0.07190366840493242]}, "coverage": {"621_fri_c0_100_10": [0.30000000000000004, 0.45000000000000007, 0.35000000000000003, 0.30000000000000004, 0.35000000000000003]}, "complexity": {"621_fri_c0_100_10": [10, 10, 10, 10, 10]}, "time_all": {"621_fri_c0_100_10": [0.23444390296936035, 0.13881325721740723, 0.26053547859191895, 3.220048189163208, 0.1147913932800293]}, "time_fit": {"621_fri_c0_100_10": [0.020095348358154297, 0.011704206466674805, 0.023144960403442383, 0.13110637664794922, 0.00998234748840332]}, "sizes": {"621_fri_c0_100_10": []}, "tau": 0.8}}
