{"SQR": {"losses": {"537_houses": [0.04671241415590541, 0.04630884052142295, 0.04537779510955976, 0.04465144914692939, 0.057522657541415376]}, "coverage": {"537_houses": [0.01342054263565895, 0.00300387596899232, 0.013953488372092981, 0.004748062015503818, 0.04370155038759693]}, "complexity": {"537_houses": [6, 7, 6, 6, 2]}, "time_all": {"537_houses": [588.4980254173279, 505.447940826416, 571.3075375556946, 545.7863910198212, 506.528915643692]}, "time_fit": {"537_houses": [588.4980254173279, 505.447940826416, 571.3075375556946, 545.7863910198212, 506.528915643692]}, "sizes": {"537_houses": []}, "tau": 0.8}, "LightGBM": {"losses": {"537_houses": [0.04275450283256471, 0.042886326583745735, 0.04210736527330216, 0.04132919266022597, 0.043342543656254576]}, "coverage": {"537_houses": [0.024127906976744162, 0.01128875968992249, 0.02122093023255811, 0.01782945736434105, 0.01782945736434105]}, "time_all": {"537_houses": [1.518907070159912, 1.358816385269165, 1.3469195365905762, 1.3277318477630615, 1.3696107864379883]}, "time_fit": {"537_houses": [0.409743070602417, 0.34197545051574707, 0.3281590938568115, 0.330702543258667, 0.3491051197052002]}, "sizes": {"537_houses": []}, "tau": 0.8}, "DecisionTree": {"losses": {"537_houses": [0.03292606133742788, 0.033262144963103965, 0.032988453551969686, 0.03090402616097259, 0.0326559443541334]}, "coverage": {"537_houses": [0.032800387596899294, 0.03183139534883728, 0.042732558139534915, 0.038856589147286846, 0.029166666666666674]}, "complexity": {"537_houses": [1277, 1279, 1271, 1265, 1267]}, "time_all": {"537_houses": [2.1893656253814697, 2.0301036834716797, 2.031501054763794, 2.013770341873169, 2.1063544750213623]}, "time_fit": {"537_houses": [0.16050028800964355, 0.1620163917541504, 0.16262197494506836, 0.16312074661254883, 0.1609482765197754]}, "sizes": {"537_houses": []}, "tau": 0.8}, "LinearQuantile": {"losses": {"537_houses": [0.0464164477917989, 0.04600910201494611, 0.04523688305343017, 0.04364970143965745, 0.04716873569660968]}, "coverage": {"537_houses": [0.0003875968992247403, 0.003972868217054337, 0.004505813953488369, 0.0003875968992247403, 0.0008720930232557489]}, "complexity": {"537_houses": [8, 8, 8, 8, 8]}, "time_all": {"537_houses": [1.3824234008789062, 2.544638156890869, 1.8737497329711914, 4.393030643463135, 1.28806471824646]}, "time_fit": {"537_houses": [0.12101149559020996, 0.2280867099761963, 0.16759228706359863, 0.39343738555908203, 0.11681699752807617]}, "sizes": {"537_houses": []}, "tau": 0.8}}
