{"SQR": {"losses": {"612_fri_c1_1000_5": [0.007606503184151064, 0.010530009478677722, 0.008939778672512612, 0.004942410007434694, 0.005218872802313185]}, "coverage": {"612_fri_c1_1000_5": [0.010000000000000009, 0.015000000000000013, 0.015000000000000013, 0.020000000000000018, 0.050000000000000044]}, "complexity": {"612_fri_c1_1000_5": [14, 10, 16, 15, 15]}, "time_all": {"612_fri_c1_1000_5": [115.95835185050964, 104.74970483779907, 100.01940250396729, 111.0151948928833, 107.55591225624084]}, "time_fit": {"612_fri_c1_1000_5": [115.95835185050964, 104.74970483779907, 100.01940250396729, 111.0151948928833, 107.55591225624084]}, "sizes": {"612_fri_c1_1000_5": []}, "tau": 0.9}, "LightGBM": {"losses": {"612_fri_c1_1000_5": [0.017532728777970182, 0.020155119108495687, 0.019391886948660092, 0.01919053747104464, 0.020426565255087823]}, "coverage": {"612_fri_c1_1000_5": [0.0, 0.0050000000000000044, 0.020000000000000018, 0.015000000000000013, 0.015000000000000013]}, "time_all": {"612_fri_c1_1000_5": [0.3449990749359131, 0.290968656539917, 0.3040432929992676, 0.3152279853820801, 0.32608699798583984]}, "time_fit": {"612_fri_c1_1000_5": [0.06011056900024414, 0.05961132049560547, 0.0566401481628418, 0.05676770210266113, 0.056021690368652344]}, "sizes": {"612_fri_c1_1000_5": []}, "tau": 0.9}, "DecisionTree": {"losses": {"612_fri_c1_1000_5": [0.016235451869364762, 0.017798766032713288, 0.01686074871382217, 0.017282119959873856, 0.018769461771355276]}, "coverage": {"612_fri_c1_1000_5": [0.0, 0.08999999999999997, 0.19500000000000006, 0.010000000000000009, 0.08000000000000007]}, "complexity": {"612_fri_c1_1000_5": [31, 39, 331, 23, 59]}, "time_all": {"612_fri_c1_1000_5": [0.13015532493591309, 0.1281285285949707, 0.1493513584136963, 0.12512540817260742, 0.13016200065612793]}, "time_fit": {"612_fri_c1_1000_5": [0.006826639175415039, 0.007641792297363281, 0.029700517654418945, 0.00584721565246582, 0.00952005386352539]}, "sizes": {"612_fri_c1_1000_5": []}, "tau": 0.9}, "LinearQuantile": {"losses": {"612_fri_c1_1000_5": [0.07745083441842866, 0.06807662308226957, 0.07006140566670611, 0.06636107825919196, 0.06662932893853618]}, "coverage": {"612_fri_c1_1000_5": [0.47000000000000003, 0.4, 0.44, 0.42500000000000004, 0.435]}, "complexity": {"612_fri_c1_1000_5": [5, 5, 5, 5, 5]}, "time_all": {"612_fri_c1_1000_5": [0.40189456939697266, 0.8089621067047119, 0.5120110511779785, 0.21825003623962402, 0.16719603538513184]}, "time_fit": {"612_fri_c1_1000_5": [0.03540682792663574, 0.05783224105834961, 0.04622507095336914, 0.019338130950927734, 0.014536619186401367]}, "sizes": {"612_fri_c1_1000_5": []}, "tau": 0.9}}
