{"SQR": {"losses": {"627_fri_c2_500_10": [0.03454432700350304, 0.025282029675113636, 0.017320148899818536, 0.020502427861029265, 0.030875519945900445]}, "coverage": {"627_fri_c2_500_10": [0.03999999999999998, 0.050000000000000044, 0.020000000000000018, 0.020000000000000018, 0.010000000000000009]}, "complexity": {"627_fri_c2_500_10": [8, 13, 17, 13, 11]}, "time_all": {"627_fri_c2_500_10": [99.7456431388855, 81.40031409263611, 93.6803789138794, 82.39357686042786, 86.62887239456177]}, "time_fit": {"627_fri_c2_500_10": [99.7456431388855, 81.40031409263611, 93.6803789138794, 82.39357686042786, 86.62887239456177]}, "sizes": {"627_fri_c2_500_10": []}, "tau": 0.5}, "LightGBM": {"losses": {"627_fri_c2_500_10": [0.035800527679641626, 0.027902605573001595, 0.03601839293055584, 0.03384149081309479, 0.03868376936669027]}, "coverage": {"627_fri_c2_500_10": [0.12, 0.030000000000000027, 0.03999999999999998, 0.13, 0.0]}, "time_all": {"627_fri_c2_500_10": [0.2811431884765625, 0.238724946975708, 0.25726318359375, 0.2362074851989746, 0.23447656631469727]}, "time_fit": {"627_fri_c2_500_10": [0.05811929702758789, 0.055931806564331055, 0.05554938316345215, 0.05537772178649902, 0.05434465408325195]}, "sizes": {"627_fri_c2_500_10": []}, "tau": 0.5}, "DecisionTree": {"losses": {"627_fri_c2_500_10": [0.03641981925545622, 0.037567804913862024, 0.03791246785100529, 0.037956012553642365, 0.0399853156404302]}, "coverage": {"627_fri_c2_500_10": [0.07, 0.03999999999999998, 0.0, 0.14, 0.020000000000000018]}, "complexity": {"627_fri_c2_500_10": [161, 71, 159, 71, 163]}, "time_all": {"627_fri_c2_500_10": [0.10178184509277344, 0.09150195121765137, 0.09759640693664551, 0.09035086631774902, 0.0986475944519043]}, "time_fit": {"627_fri_c2_500_10": [0.017632007598876953, 0.010035514831542969, 0.01657271385192871, 0.00992894172668457, 0.016965389251708984]}, "sizes": {"627_fri_c2_500_10": []}, "tau": 0.5}, "LinearQuantile": {"losses": {"627_fri_c2_500_10": [0.0732769965418293, 0.06336127996582917, 0.07284476016553856, 0.07356919623834685, 0.07761489928986477]}, "coverage": {"627_fri_c2_500_10": [0.030000000000000027, 0.010000000000000009, 0.020000000000000018, 0.010000000000000009, 0.07]}, "complexity": {"627_fri_c2_500_10": [10, 10, 10, 10, 10]}, "time_all": {"627_fri_c2_500_10": [0.17380404472351074, 0.22668981552124023, 0.23662686347961426, 0.14743971824645996, 0.5717430114746094]}, "time_fit": {"627_fri_c2_500_10": [0.01469564437866211, 0.019438982009887695, 0.020847082138061523, 0.012688636779785156, 0.047286033630371094]}, "sizes": {"627_fri_c2_500_10": []}, "tau": 0.5}}
