{"SQR": {"losses": {"650_fri_c0_500_50": [0.008191719046077465, 0.012954093293777145, 0.006506688038104796, 0.01266960314873745, 0.015116843486077447]}, "coverage": {"650_fri_c0_500_50": [0.030000000000000027, 0.010000000000000009, 0.010000000000000009, 0.0, 0.030000000000000027]}, "complexity": {"650_fri_c0_500_50": [12, 11, 15, 8, 11]}, "time_all": {"650_fri_c0_500_50": [106.45725345611572, 88.78975772857666, 85.03760528564453, 90.99180221557617, 91.26907420158386]}, "time_fit": {"650_fri_c0_500_50": [106.45725345611572, 88.78975772857666, 85.03760528564453, 90.99180221557617, 91.26907420158386]}, "sizes": {"650_fri_c0_500_50": []}, "tau": 0.9}, "LightGBM": {"losses": {"650_fri_c0_500_50": [0.024617130658890082, 0.023951943313994153, 0.02061551252348671, 0.025540388986661673, 0.024744486418246326]}, "coverage": {"650_fri_c0_500_50": [0.0, 0.07000000000000006, 0.010000000000000009, 0.0, 0.030000000000000027]}, "time_all": {"650_fri_c0_500_50": [0.26913952827453613, 0.22886872291564941, 0.23621177673339844, 0.2373347282409668, 0.23343968391418457]}, "time_fit": {"650_fri_c0_500_50": [0.0551753044128418, 0.04920053482055664, 0.05255317687988281, 0.05199098587036133, 0.04140806198120117]}, "sizes": {"650_fri_c0_500_50": []}, "tau": 0.9}, "DecisionTree": {"losses": {"650_fri_c0_500_50": [0.02321261227019565, 0.02428672124471082, 0.017179950636115975, 0.022541624760189092, 0.021289647595325888]}, "coverage": {"650_fri_c0_500_50": [0.06000000000000005, 0.09999999999999998, 0.020000000000000018, 0.030000000000000027, 0.020000000000000018]}, "complexity": {"650_fri_c0_500_50": [33, 19, 17, 17, 19]}, "time_all": {"650_fri_c0_500_50": [0.19736123085021973, 0.19471263885498047, 0.1949460506439209, 0.19601798057556152, 0.20012164115905762]}, "time_fit": {"650_fri_c0_500_50": [0.016571760177612305, 0.013803720474243164, 0.013176202774047852, 0.013203144073486328, 0.014331579208374023]}, "sizes": {"650_fri_c0_500_50": []}, "tau": 0.9}, "LinearQuantile": {"losses": {"650_fri_c0_500_50": [0.05159437110792376, 0.0440999390877978, 0.044698864081808405, 0.041471837337151506, 0.0439839474118962]}, "coverage": {"650_fri_c0_500_50": [0.51, 0.47000000000000003, 0.46, 0.42000000000000004, 0.44]}, "complexity": {"650_fri_c0_500_50": [50, 50, 50, 50, 50]}, "time_all": {"650_fri_c0_500_50": [4.557613134384155, 22.69424843788147, 7.193193674087524, 24.796313047409058, 31.630696058273315]}, "time_fit": {"650_fri_c0_500_50": [0.3824307918548584, 2.004767894744873, 0.6280407905578613, 1.2209765911102295, 2.2074544429779053]}, "sizes": {"650_fri_c0_500_50": []}, "tau": 0.9}}
