{"SQR": {"losses": {"519_vinnie": [0.0376554887631579, 0.03586370004385966, 0.0388457496491228, 0.041855799147368415, 0.03527910745614035]}, "coverage": {"519_vinnie": [0.07631578947368423, 0.0368421052631579, 0.02894736842105261, 0.08947368421052637, 0.050000000000000044]}, "complexity": {"519_vinnie": [2, 2, 2, 2, 2]}, "time_all": {"519_vinnie": [90.04557752609253, 75.40349411964417, 80.06767392158508, 81.74509382247925, 80.05610394477844]}, "time_fit": {"519_vinnie": [90.04557752609253, 75.40349411964417, 80.06767392158508, 81.74509382247925, 80.05610394477844]}, "sizes": {"519_vinnie": []}, "tau": 0.7}, "LightGBM": {"losses": {"519_vinnie": [0.04266601972746004, 0.03603233758503382, 0.03785056852608111, 0.038961787157919536, 0.03681225263629025]}, "coverage": {"519_vinnie": [0.02894736842105261, 0.010526315789473717, 0.05526315789473679, 0.0368421052631579, 0.0026315789473684292]}, "time_all": {"519_vinnie": [0.20666217803955078, 0.17143940925598145, 0.18970847129821777, 0.16194605827331543, 0.16027355194091797]}, "time_fit": {"519_vinnie": [0.03791475296020508, 0.04284954071044922, 0.042856693267822266, 0.03848743438720703, 0.0295565128326416]}, "sizes": {"519_vinnie": []}, "tau": 0.7}, "DecisionTree": {"losses": {"519_vinnie": [0.04143859649122807, 0.03478070175438597, 0.03650877192982457, 0.038754385964912284, 0.03457894736842105]}, "coverage": {"519_vinnie": [0.0368421052631579, 0.07631578947368423, 0.023684210526315863, 0.07631578947368423, 0.07631578947368423]}, "complexity": {"519_vinnie": [19, 21, 97, 13, 21]}, "time_all": {"519_vinnie": [0.04852652549743652, 0.0461726188659668, 0.05201268196105957, 0.046610355377197266, 0.04678153991699219]}, "time_fit": {"519_vinnie": [0.003056764602661133, 0.0030939579010009766, 0.008495807647705078, 0.0024955272674560547, 0.003067493438720703]}, "sizes": {"519_vinnie": []}, "tau": 0.7}, "LinearQuantile": {"losses": {"519_vinnie": [0.037953215920955574, 0.034066415034406, 0.036752574285542794, 0.03993074912141213, 0.03341307005301707]}, "coverage": {"519_vinnie": [0.015789473684210464, 0.02894736842105261, 0.05526315789473679, 0.07631578947368423, 0.0026315789473684292]}, "complexity": {"519_vinnie": [5, 5, 5, 5, 5]}, "time_all": {"519_vinnie": [0.1858513355255127, 0.16034317016601562, 0.2562520503997803, 0.11037087440490723, 0.44451427459716797]}, "time_fit": {"519_vinnie": [0.01569199562072754, 0.013915300369262695, 0.022680997848510742, 0.009490966796875, 0.03759193420410156]}, "sizes": {"519_vinnie": []}, "tau": 0.7}}
