{"SQR": {"losses": {"1027_ESL": [0.030229591836734692, 0.03520408163265306, 0.026275510204081635, 0.02396907216494845, 0.02912372822164949]}, "coverage": {"1027_ESL": [0.15714285714285714, 0.17755102040816328, 0.19795918367346943, 0.22783505154639183, 0.13505154639175265]}, "complexity": {"1027_ESL": [10, 10, 9, 9, 9]}, "time_all": {"1027_ESL": [102.16579294204712, 86.35324597358704, 85.7246606349945, 85.86210107803345, 85.14572477340698]}, "time_fit": {"1027_ESL": [102.16579294204712, 86.35324597358704, 85.7246606349945, 85.86210107803345, 85.14572477340698]}, "sizes": {"1027_ESL": []}, "tau": 0.7}, "LightGBM": {"losses": {"1027_ESL": [0.030507811251783336, 0.0377018739201991, 0.035438626202887694, 0.03544757553785273, 0.027248383420246367]}, "coverage": {"1027_ESL": [0.01632653061224487, 0.0775510204081632, 0.06734693877551012, 0.031958762886597936, 0.10412371134020626]}, "time_all": {"1027_ESL": [0.22520184516906738, 0.2087550163269043, 0.18626976013183594, 0.17176508903503418, 0.19986557960510254]}, "time_fit": {"1027_ESL": [0.034028053283691406, 0.03629565238952637, 0.034163713455200195, 0.031777143478393555, 0.03228592872619629]}, "sizes": {"1027_ESL": []}, "tau": 0.7}, "DecisionTree": {"losses": {"1027_ESL": [0.02224489795918368, 0.028252551020408165, 0.028201530612244896, 0.023646907216494848, 0.019355670103092783]}, "coverage": {"1027_ESL": [0.15714285714285714, 0.17755102040816328, 0.14693877551020418, 0.17628865979381447, 0.14536082474226808]}, "complexity": {"1027_ESL": [129, 67, 127, 121, 133]}, "time_all": {"1027_ESL": [0.06779170036315918, 0.06233954429626465, 0.0655677318572998, 0.06536531448364258, 0.06741571426391602]}, "time_fit": {"1027_ESL": [0.011521100997924805, 0.006857633590698242, 0.011083126068115234, 0.010743856430053711, 0.01175546646118164]}, "sizes": {"1027_ESL": []}, "tau": 0.7}, "LinearQuantile": {"losses": {"1027_ESL": [0.02470231558155308, 0.025197931031525494, 0.024234635563104723, 0.022059674769731707, 0.019072175051502094]}, "coverage": {"1027_ESL": [0.0775510204081632, 0.006122448979591799, 0.03673469387755102, 0.009278350515463885, 0.04020618556701028]}, "complexity": {"1027_ESL": [34, 34, 34, 34, 34]}, "time_all": {"1027_ESL": [1.1299946308135986, 2.538773536682129, 1.0497567653656006, 2.3006856441497803, 2.452378034591675]}, "time_fit": {"1027_ESL": [0.097259521484375, 0.17145276069641113, 0.07068181037902832, 0.17285656929016113, 0.1638178825378418]}, "sizes": {"1027_ESL": []}, "tau": 0.7}}
