{"SQR": {"losses": {"titanic": [0.0683333333333333, 0.06857142857142856, 0.06357142857142856, 0.06619047619047617, 0.06157517899761334]}, "coverage": {"titanic": [0.09999999999999998, 0.0976190476190476, 0.09999999999999998, 0.09523809523809523, 0.09522673031026252]}, "complexity": {"titanic": [4, 3, 3, 3, 6]}, "time_all": {"titanic": [111.5616717338562, 111.99192380905151, 112.35789036750793, 102.33400917053223, 114.4178454875946]}, "time_fit": {"titanic": [111.5616717338562, 111.99192380905151, 112.35789036750793, 102.33400917053223, 114.4178454875946]}, "sizes": {"titanic": []}, "tau": 0.9}, "LightGBM": {"losses": {"titanic": [0.07047619047619046, 0.06880952380952379, 0.06666666666666665, 0.06404761904761903, 0.06778042959427205]}, "coverage": {"titanic": [0.09999999999999998, 0.09999999999999998, 0.09999999999999998, 0.09999999999999998, 0.09999999999999998]}, "time_all": {"titanic": [0.17581939697265625, 0.08164525032043457, 0.136810302734375, 0.0917658805847168, 0.14654874801635742]}, "time_fit": {"titanic": [0.026149749755859375, 0.01593947410583496, 0.02904033660888672, 0.018023967742919922, 0.031865835189819336]}, "sizes": {"titanic": []}, "tau": 0.9}, "DecisionTree": {"losses": {"titanic": [0.07292857142857141, 0.060428571428571415, 0.06842857142857141, 0.0788095238095238, 0.07050119331742244]}, "coverage": {"titanic": [0.06428571428571428, 0.08333333333333326, 0.06904761904761902, 0.06428571428571428, 0.06420047732696899]}, "complexity": {"titanic": [77, 77, 117, 53, 113]}, "time_all": {"titanic": [0.18476486206054688, 0.18740367889404297, 0.18692970275878906, 0.1804344654083252, 0.18989825248718262]}, "time_fit": {"titanic": [0.011517047882080078, 0.011490821838378906, 0.01452016830444336, 0.009296417236328125, 0.014311552047729492]}, "sizes": {"titanic": []}, "tau": 0.9}, "LinearQuantile": {"losses": {"titanic": [0.06666670890331652, 0.06761906742512895, 0.06261909657394356, 0.06785719796096912, 0.06300723810902417]}, "coverage": {"titanic": [0.0976190476190476, 0.09999999999999998, 0.1071428571428572, 0.15476190476190477, 0.1386634844868735]}, "complexity": {"titanic": [31, 31, 31, 31, 31]}, "time_all": {"titanic": [0.8669323921203613, 0.465334415435791, 0.5274436473846436, 1.047668695449829, 2.9328043460845947]}, "time_fit": {"titanic": [0.07757830619812012, 0.04221343994140625, 0.04639744758605957, 0.10067081451416016, 0.3076450824737549]}, "sizes": {"titanic": []}, "tau": 0.9}}
