{"SQR": {"losses": {"695_chatfield_4": [0.021868504532795166, 0.02138704627447453, 0.01821222658607725, 0.019222584687268132, 0.023054000663024772]}, "coverage": {"695_chatfield_4": [0.09787234042553195, 0.03404255319148941, 0.11489361702127654, 0.11914893617021283, 0.012765957446808529]}, "complexity": {"695_chatfield_4": [2, 3, 2, 3, 2]}, "time_all": {"695_chatfield_4": [85.28966617584229, 77.97988080978394, 68.95748519897461, 75.6825487613678, 73.38796424865723]}, "time_fit": {"695_chatfield_4": [85.28966617584229, 77.97988080978394, 68.95748519897461, 75.6825487613678, 73.38796424865723]}, "sizes": {"695_chatfield_4": []}, "tau": 0.8}, "LightGBM": {"losses": {"695_chatfield_4": [0.02769271802810535, 0.022139399913340897, 0.018061552388066872, 0.024533581886811325, 0.02714368515743713]}, "coverage": {"695_chatfield_4": [0.012765957446808529, 0.012765957446808529, 0.09361702127659566, 0.07234042553191489, 0.008510638297872242]}, "time_all": {"695_chatfield_4": [0.15913915634155273, 0.13933658599853516, 0.1355609893798828, 0.11696195602416992, 0.13622307777404785]}, "time_fit": {"695_chatfield_4": [0.02629995346069336, 0.03133440017700195, 0.030782222747802734, 0.025460243225097656, 0.03182697296142578]}, "sizes": {"695_chatfield_4": []}, "tau": 0.8}, "DecisionTree": {"losses": {"695_chatfield_4": [0.021568818030210508, 0.021750831902998678, 0.018270499270806893, 0.02541104562386454, 0.02613199627317479]}, "coverage": {"695_chatfield_4": [0.03404255319148941, 0.07659574468085106, 0.07659574468085106, 0.09787234042553195, 0.05531914893617029]}, "complexity": {"695_chatfield_4": [13, 7, 75, 35, 9]}, "time_all": {"695_chatfield_4": [0.05172419548034668, 0.04993176460266113, 0.05363345146179199, 0.051785945892333984, 0.05007028579711914]}, "time_fit": {"695_chatfield_4": [0.003365755081176758, 0.002638101577758789, 0.008236408233642578, 0.005181789398193359, 0.0028884410858154297]}, "sizes": {"695_chatfield_4": []}, "tau": 0.8}, "LinearQuantile": {"losses": {"695_chatfield_4": [0.01748084625021989, 0.02363243817413892, 0.01762400628707114, 0.019598755420362088, 0.02156927696949827]}, "coverage": {"695_chatfield_4": [0.012765957446808529, 0.11914893617021283, 0.07234042553191489, 0.029787234042553123, 0.029787234042553123]}, "complexity": {"695_chatfield_4": [12, 12, 12, 12, 12]}, "time_all": {"695_chatfield_4": [0.4777672290802002, 0.37714719772338867, 0.20694208145141602, 0.29694199562072754, 0.4401214122772217]}, "time_fit": {"695_chatfield_4": [0.04215526580810547, 0.031470537185668945, 0.01825237274169922, 0.02528095245361328, 0.03612828254699707]}, "sizes": {"695_chatfield_4": []}, "tau": 0.8}}
