{"SQR": {"losses": {"562_cpu_small": [0.010961537816898969, 0.011282111945168233, 0.011159016400191782, 0.01128350159570559, 0.00908455483271869]}, "coverage": {"562_cpu_small": [0.01452104942037824, 0.008053691275167862, 0.0026862026862026767, 0.02844932844932846, 0.014407814407814357]}, "complexity": {"562_cpu_small": [4, 4, 4, 4, 6]}, "time_all": {"562_cpu_small": [522.3127403259277, 528.3473496437073, 477.2971806526184, 506.4656355381012, 474.73230028152466]}, "time_fit": {"562_cpu_small": [522.3127403259277, 528.3473496437073, 477.2971806526184, 506.4656355381012, 474.73230028152466]}, "sizes": {"562_cpu_small": []}, "tau": 0.8}, "LightGBM": {"losses": {"562_cpu_small": [0.013826171069682515, 0.014839531000479524, 0.01497479380524636, 0.01563234671502058, 0.01685562157822721]}, "coverage": {"562_cpu_small": [0.02208663819402079, 0.02611348383160461, 0.021733821733821657, 0.03821733821733819, 0.03943833943833941]}, "time_all": {"562_cpu_small": [1.2476699352264404, 1.1123673915863037, 1.0355567932128906, 1.1846964359283447, 1.1167731285095215]}, "time_fit": {"562_cpu_small": [0.3110921382904053, 0.2622189521789551, 0.15056991577148438, 0.29248690605163574, 0.2763407230377197]}, "sizes": {"562_cpu_small": []}, "tau": 0.8}, "DecisionTree": {"losses": {"562_cpu_small": [0.008091161770234372, 0.007897153351698804, 0.008043808043808042, 0.00750681417348084, 0.007716234382901048]}, "coverage": {"562_cpu_small": [0.013544844417327728, 0.02794386821232453, 0.029059829059829068, 0.025396825396825307, 0.05775335775335766]}, "complexity": {"562_cpu_small": [483, 265, 215, 499, 277]}, "time_all": {"562_cpu_small": [1.187673807144165, 0.9276022911071777, 0.9399633407592773, 1.0957865715026855, 0.9739232063293457]}, "time_fit": {"562_cpu_small": [0.06883597373962402, 0.05578470230102539, 0.05231165885925293, 0.06971383094787598, 0.0581049919128418]}, "sizes": {"562_cpu_small": []}, "tau": 0.8}, "LinearQuantile": {"losses": {"562_cpu_small": [0.05292303162723405, 0.05253012593883591, 0.051071520523863434, 0.05202418771094599, 0.049972310198952694]}, "coverage": {"562_cpu_small": [0.06113483831604638, 0.056253813300793265, 0.055189255189255215, 0.04175824175824183, 0.05457875457875461]}, "complexity": {"562_cpu_small": [12, 12, 12, 12, 12]}, "time_all": {"562_cpu_small": [7.475250720977783, 2.0481410026550293, 22.27922248840332, 21.80640935897827, 22.397843599319458]}, "time_fit": {"562_cpu_small": [0.6500556468963623, 0.23803186416625977, 2.016493797302246, 2.4472451210021973, 1.472320318222046]}, "sizes": {"562_cpu_small": []}, "tau": 0.8}}
