{"SQR": {"losses": {"620_fri_c1_1000_25": [0.01146328140756324, 0.011347434746109077, 0.015333748518582336, 0.014796185838049748, 0.011847908942894763]}, "coverage": {"620_fri_c1_1000_25": [0.010000000000000009, 0.010000000000000009, 0.14500000000000002, 0.09499999999999997, 0.0]}, "complexity": {"620_fri_c1_1000_25": [14, 14, 13, 18, 15]}, "time_all": {"620_fri_c1_1000_25": [121.57398676872253, 101.19148302078247, 101.5301570892334, 115.10337853431702, 101.04743790626526]}, "time_fit": {"620_fri_c1_1000_25": [121.57398676872253, 101.19148302078247, 101.5301570892334, 115.10337853431702, 101.04743790626526]}, "sizes": {"620_fri_c1_1000_25": []}, "tau": 0.5}, "LightGBM": {"losses": {"620_fri_c1_1000_25": [0.03207007636514041, 0.03612779304907345, 0.0322484761682763, 0.027400719821977976, 0.03288213865282865]}, "coverage": {"620_fri_c1_1000_25": [0.025000000000000022, 0.06499999999999995, 0.020000000000000018, 0.010000000000000009, 0.010000000000000009]}, "time_all": {"620_fri_c1_1000_25": [0.46835899353027344, 0.407855749130249, 0.4393045902252197, 0.45236730575561523, 0.4575028419494629]}, "time_fit": {"620_fri_c1_1000_25": [0.08219051361083984, 0.07866787910461426, 0.07964611053466797, 0.08032655715942383, 0.08033990859985352]}, "sizes": {"620_fri_c1_1000_25": []}, "tau": 0.5}, "DecisionTree": {"losses": {"620_fri_c1_1000_25": [0.0318616259131207, 0.03720723867630966, 0.03893365651322837, 0.03704395969957264, 0.035777486399824074]}, "coverage": {"620_fri_c1_1000_25": [0.06, 0.04500000000000004, 0.0, 0.030000000000000027, 0.015000000000000013]}, "complexity": {"620_fri_c1_1000_25": [135, 41, 135, 139, 61]}, "time_all": {"620_fri_c1_1000_25": [0.2917342185974121, 0.27093005180358887, 0.2630186080932617, 0.28792572021484375, 0.2809760570526123]}, "time_fit": {"620_fri_c1_1000_25": [0.03217577934265137, 0.018981218338012695, 0.027538537979125977, 0.03258705139160156, 0.023407936096191406]}, "sizes": {"620_fri_c1_1000_25": []}, "tau": 0.5}, "LinearQuantile": {"losses": {"620_fri_c1_1000_25": [0.06883512118882189, 0.0714323807088211, 0.06947665858010577, 0.06761916743187552, 0.07081987117059614]}, "coverage": {"620_fri_c1_1000_25": [0.015000000000000013, 0.020000000000000018, 0.015000000000000013, 0.030000000000000027, 0.03999999999999998]}, "complexity": {"620_fri_c1_1000_25": [25, 25, 25, 25, 25]}, "time_all": {"620_fri_c1_1000_25": [2.033831834793091, 0.7144105434417725, 0.59159255027771, 1.6559851169586182, 1.7460711002349854]}, "time_fit": {"620_fri_c1_1000_25": [0.13348865509033203, 0.06638288497924805, 0.0552983283996582, 0.10832786560058594, 0.11647152900695801]}, "sizes": {"620_fri_c1_1000_25": []}, "tau": 0.5}}
