{"SQR": {"losses": {"624_fri_c0_100_5": [0.029983908635238216, 0.030630699375792075, 0.011651010641818851, 0.03889897949939012, 0.017100445802168414]}, "coverage": {"624_fri_c0_100_5": [0.09999999999999998, 0.20000000000000007, 0.050000000000000044, 0.30000000000000004, 0.04999999999999993]}, "complexity": {"624_fri_c0_100_5": [13, 10, 9, 11, 9]}, "time_all": {"624_fri_c0_100_5": [84.13788414001465, 67.23833537101746, 69.05044627189636, 68.50605297088623, 67.74603486061096]}, "time_fit": {"624_fri_c0_100_5": [84.13788414001465, 67.23833537101746, 69.05044627189636, 68.50605297088623, 67.74603486061096]}, "sizes": {"624_fri_c0_100_5": []}, "tau": 0.9}, "LightGBM": {"losses": {"624_fri_c0_100_5": [0.030901555330205013, 0.03121501863022394, 0.025767561882234027, 0.024950751266239062, 0.028178837477059942]}, "coverage": {"624_fri_c0_100_5": [0.050000000000000044, 0.04999999999999993, 0.20000000000000007, 0.0, 0.050000000000000044]}, "time_all": {"624_fri_c0_100_5": [0.1210927963256836, 0.08263778686523438, 0.07637190818786621, 0.08735990524291992, 0.08211779594421387]}, "time_fit": {"624_fri_c0_100_5": [0.015171527862548828, 0.017459392547607422, 0.015288829803466797, 0.02094721794128418, 0.01699686050415039]}, "sizes": {"624_fri_c0_100_5": []}, "tau": 0.9}, "DecisionTree": {"losses": {"624_fri_c0_100_5": [0.01918382362254947, 0.029964398806103472, 0.028534558238948245, 0.026791214373538492, 0.03348619570539137]}, "coverage": {"624_fri_c0_100_5": [0.09999999999999998, 0.09999999999999998, 0.050000000000000044, 0.09999999999999998, 0.0]}, "complexity": {"624_fri_c0_100_5": [31, 5, 3, 3, 1]}, "time_all": {"624_fri_c0_100_5": [0.03474855422973633, 0.0315098762512207, 0.031133174896240234, 0.03278923034667969, 0.030570030212402344]}, "time_fit": {"624_fri_c0_100_5": [0.003998279571533203, 0.0018842220306396484, 0.0017304420471191406, 0.0017244815826416016, 0.0015163421630859375]}, "sizes": {"624_fri_c0_100_5": []}, "tau": 0.9}, "LinearQuantile": {"losses": {"624_fri_c0_100_5": [0.05409655127437101, 0.03605058678484184, 0.05010355049199846, 0.048328469512556926, 0.04783770852161275]}, "coverage": {"624_fri_c0_100_5": [0.35, 0.45, 0.5, 0.65, 0.45]}, "complexity": {"624_fri_c0_100_5": [5, 5, 5, 5, 5]}, "time_all": {"624_fri_c0_100_5": [0.23472332954406738, 0.22614073753356934, 0.21186089515686035, 1.0426051616668701, 0.1643354892730713]}, "time_fit": {"624_fri_c0_100_5": [0.01990818977355957, 0.019989728927612305, 0.018389225006103516, 0.06894254684448242, 0.01407766342163086]}, "sizes": {"624_fri_c0_100_5": []}, "tau": 0.9}}
