{"SQR": {"losses": {"230_machine_cpu": [0.01098452091523981, 0.008449826526976355, 0.007635897704940483, 0.007626051426325199, 0.005851271145439086]}, "coverage": {"230_machine_cpu": [0.09047619047619049, 0.11428571428571432, 0.02857142857142858, 0.06666666666666665, 0.09512195121951217]}, "complexity": {"230_machine_cpu": [6, 7, 7, 8, 8]}, "time_all": {"230_machine_cpu": [89.89735984802246, 76.96534037590027, 75.92208790779114, 75.12588477134705, 77.49656963348389]}, "time_fit": {"230_machine_cpu": [89.89735984802246, 76.96534037590027, 75.92208790779114, 75.12588477134705, 77.49656963348389]}, "sizes": {"230_machine_cpu": []}, "tau": 0.9}, "LightGBM": {"losses": {"230_machine_cpu": [0.02730975381868193, 0.01932285988660084, 0.010677201972208901, 0.00918423584024432, 0.00796788667047888]}, "coverage": {"230_machine_cpu": [0.02857142857142858, 0.01904761904761909, 0.09999999999999998, 0.052380952380952306, 0.051219512195121886]}, "time_all": {"230_machine_cpu": [0.14855313301086426, 0.11493897438049316, 0.10550069808959961, 0.09277987480163574, 0.11232137680053711]}, "time_fit": {"230_machine_cpu": [0.021075010299682617, 0.024849414825439453, 0.021786928176879883, 0.01920294761657715, 0.02228856086730957]}, "sizes": {"230_machine_cpu": []}, "tau": 0.9}, "DecisionTree": {"losses": {"230_machine_cpu": [0.015736555111555108, 0.014701548451548451, 0.0056408175158175165, 0.008125624375624375, 0.0056332082551594775]}, "coverage": {"230_machine_cpu": [0.06666666666666665, 0.3285714285714286, 0.18571428571428572, 0.01904761904761909, 0.0024390243902439046]}, "complexity": {"230_machine_cpu": [63, 67, 65, 27, 7]}, "time_all": {"230_machine_cpu": [0.04577517509460449, 0.04617786407470703, 0.04407501220703125, 0.04099106788635254, 0.041095733642578125]}, "time_fit": {"230_machine_cpu": [0.006536245346069336, 0.006590366363525391, 0.00645136833190918, 0.0036787986755371094, 0.0021080970764160156]}, "sizes": {"230_machine_cpu": []}, "tau": 0.9}, "LinearQuantile": {"losses": {"230_machine_cpu": [0.012878165829723275, 0.011503055026203725, 0.008233373860178082, 0.008091254822235576, 0.0077110404030258945]}, "coverage": {"230_machine_cpu": [0.004761904761904745, 0.06666666666666665, 0.02857142857142858, 0.052380952380952306, 0.09512195121951217]}, "complexity": {"230_machine_cpu": [6, 6, 6, 6, 6]}, "time_all": {"230_machine_cpu": [0.7381341457366943, 0.21573281288146973, 0.8862705230712891, 0.2692606449127197, 0.31128406524658203]}, "time_fit": {"230_machine_cpu": [0.06586647033691406, 0.018811464309692383, 0.06326627731323242, 0.02310490608215332, 0.026000499725341797]}, "sizes": {"230_machine_cpu": []}, "tau": 0.9}}
