{"SQR": {"losses": {"344_mv": [0.0005750646542725953, 0.0006223122280493668, 0.0005297911089214819, 0.0005122125483216087, 0.0005873588892357694]}, "coverage": {"344_mv": [0.03171449595290654, 0.07314201618837379, 0.04471425067451562, 0.05632282595363669, 0.05970808291426466]}, "complexity": {"344_mv": [10, 9, 10, 12, 10]}, "time_all": {"344_mv": [559.9916834831238, 568.8313267230988, 515.1363127231598, 542.1853995323181, 561.896721124649]}, "time_fit": {"344_mv": [559.9916834831238, 568.8313267230988, 515.1363127231598, 542.1853995323181, 561.896721124649]}, "sizes": {"344_mv": []}, "tau": 0.6}, "LightGBM": {"losses": {"344_mv": [0.016242125062343273, 0.015938240650651136, 0.015317175079276563, 0.015619859699521309, 0.01612863158987357]}, "coverage": {"344_mv": [0.021780721118469515, 0.01172430708854555, 0.001054697081187217, 0.02345149024898807, 0.020998405494909833]}, "time_all": {"344_mv": [2.093388080596924, 1.9839756488800049, 1.990142822265625, 1.8438160419464111, 1.9786596298217773]}, "time_fit": {"344_mv": [0.323519229888916, 0.25974559783935547, 0.2728440761566162, 0.2853221893310547, 0.2919800281524658]}, "sizes": {"344_mv": []}, "tau": 0.6}, "DecisionTree": {"losses": {"344_mv": [0.0009607544091898401, 0.000957343535491716, 0.0009570873930736699, 0.0009732220630890875, 0.0009751960403457354]}, "coverage": {"344_mv": [0.03978415501594312, 0.04616139318126067, 0.043095413294088725, 0.03689439470133693, 0.040328713357046464]}, "complexity": {"344_mv": [12751, 12777, 12751, 12789, 12753]}, "time_all": {"344_mv": [5.061477899551392, 5.0205137729644775, 5.050645112991333, 5.044846057891846, 5.030428886413574]}, "time_fit": {"344_mv": [0.8789958953857422, 0.8774850368499756, 0.8802900314331055, 0.8798327445983887, 0.8754603862762451]}, "sizes": {"344_mv": []}, "tau": 0.6}, "LinearQuantile": {"losses": {"344_mv": [0.029308583015897453, 0.030060146621942813, 0.03000998754539665, 0.02907649880592857, 0.03002112391340749]}, "coverage": {"344_mv": [0.0018886436104978976, 0.005347068923227893, 0.00041697326465539586, 0.0003434318655709534, 0.00807064884091746]}, "complexity": {"344_mv": [14, 14, 14, 14, 14]}, "time_all": {"344_mv": [4.816895008087158, 5.22038197517395, 4.511660814285278, 5.133538246154785, 4.586793422698975]}, "time_fit": {"344_mv": [0.40165042877197266, 0.4423387050628662, 0.3784778118133545, 0.4354438781738281, 0.3833580017089844]}, "sizes": {"344_mv": []}, "tau": 0.6}}
