{"SQR": {"losses": {"606_fri_c2_1000_10": [0.01931960993363831, 0.021617887690939423, 0.030810813965992816, 0.02612615596193498, 0.021001687893957035]}, "coverage": {"606_fri_c2_1000_10": [0.020000000000000018, 0.0, 0.010000000000000009, 0.030000000000000027, 0.05999999999999994]}, "complexity": {"606_fri_c2_1000_10": [15, 10, 9, 10, 12]}, "time_all": {"606_fri_c2_1000_10": [114.00653433799744, 112.49637770652771, 100.90732479095459, 100.9848039150238, 102.29831337928772]}, "time_fit": {"606_fri_c2_1000_10": [114.00653433799744, 112.49637770652771, 100.90732479095459, 100.9848039150238, 102.29831337928772]}, "sizes": {"606_fri_c2_1000_10": []}, "tau": 0.6}, "LightGBM": {"losses": {"606_fri_c2_1000_10": [0.034847172596420097, 0.03088415448906683, 0.029885708902814195, 0.032470358596701415, 0.02819268976433502]}, "coverage": {"606_fri_c2_1000_10": [0.040000000000000036, 0.04500000000000004, 0.010000000000000009, 0.010000000000000009, 0.03500000000000003]}, "time_all": {"606_fri_c2_1000_10": [0.42661428451538086, 0.40822482109069824, 0.37876415252685547, 0.37722063064575195, 0.40756773948669434]}, "time_fit": {"606_fri_c2_1000_10": [0.07443618774414062, 0.07498741149902344, 0.07468795776367188, 0.0741872787475586, 0.07827377319335938]}, "sizes": {"606_fri_c2_1000_10": []}, "tau": 0.6}, "DecisionTree": {"losses": {"606_fri_c2_1000_10": [0.033171999591989354, 0.03589400138592142, 0.03144182924996879, 0.03102712722727933, 0.03513562924099485]}, "coverage": {"606_fri_c2_1000_10": [0.030000000000000027, 0.08499999999999996, 0.06499999999999995, 0.0050000000000000044, 0.07999999999999996]}, "complexity": {"606_fri_c2_1000_10": [139, 139, 325, 139, 145]}, "time_all": {"606_fri_c2_1000_10": [0.18228507041931152, 0.1766977310180664, 0.18560576438903809, 0.17728400230407715, 0.17810821533203125]}, "time_fit": {"606_fri_c2_1000_10": [0.02017498016357422, 0.01983022689819336, 0.03217959403991699, 0.01996445655822754, 0.019713163375854492]}, "sizes": {"606_fri_c2_1000_10": []}, "tau": 0.6}, "LinearQuantile": {"losses": {"606_fri_c2_1000_10": [0.0708784256868244, 0.07287814073052647, 0.06981470054383661, 0.07051631506753929, 0.07073106545987012]}, "coverage": {"606_fri_c2_1000_10": [0.10999999999999999, 0.09999999999999998, 0.175, 0.09999999999999998, 0.16499999999999998]}, "complexity": {"606_fri_c2_1000_10": [10, 10, 10, 10, 10]}, "time_all": {"606_fri_c2_1000_10": [0.629657506942749, 0.5704119205474854, 0.1976020336151123, 0.4606156349182129, 0.37668943405151367]}, "time_fit": {"606_fri_c2_1000_10": [0.05590105056762695, 0.04793715476989746, 0.016497373580932617, 0.03646230697631836, 0.030243396759033203]}, "sizes": {"606_fri_c2_1000_10": []}, "tau": 0.6}}
