{"SQR": {"losses": {"627_fri_c2_500_10": [0.007695774511017896, 0.01123722813791473, 0.013933951087251496, 0.01463730630615147, 0.015222697531067298]}, "coverage": {"627_fri_c2_500_10": [0.050000000000000044, 0.0, 0.040000000000000036, 0.010000000000000009, 0.020000000000000018]}, "complexity": {"627_fri_c2_500_10": [15, 16, 11, 11, 7]}, "time_all": {"627_fri_c2_500_10": [118.76199793815613, 98.19574689865112, 86.77386093139648, 101.37663316726685, 91.10443091392517]}, "time_fit": {"627_fri_c2_500_10": [118.76199793815613, 98.19574689865112, 86.77386093139648, 101.37663316726685, 91.10443091392517]}, "sizes": {"627_fri_c2_500_10": []}, "tau": 0.9}, "LightGBM": {"losses": {"627_fri_c2_500_10": [0.022128652800092814, 0.020482054024174686, 0.019551932498728143, 0.02129492620413779, 0.021908265670483783]}, "coverage": {"627_fri_c2_500_10": [0.08000000000000007, 0.020000000000000018, 0.010000000000000009, 0.010000000000000009, 0.050000000000000044]}, "time_all": {"627_fri_c2_500_10": [0.2449355125427246, 0.1921374797821045, 0.23189377784729004, 0.22095394134521484, 0.21487784385681152]}, "time_fit": {"627_fri_c2_500_10": [0.04583120346069336, 0.042919158935546875, 0.04632925987243652, 0.04450559616088867, 0.04299211502075195]}, "sizes": {"627_fri_c2_500_10": []}, "tau": 0.9}, "DecisionTree": {"losses": {"627_fri_c2_500_10": [0.022625277304820956, 0.017324158362393722, 0.015650434155926488, 0.01792039561481153, 0.024501198407280773]}, "coverage": {"627_fri_c2_500_10": [0.08999999999999997, 0.020000000000000018, 0.12, 0.0, 0.08000000000000007]}, "complexity": {"627_fri_c2_500_10": [13, 29, 71, 21, 31]}, "time_all": {"627_fri_c2_500_10": [0.08900570869445801, 0.08813667297363281, 0.09192442893981934, 0.0870358943939209, 0.08861351013183594]}, "time_fit": {"627_fri_c2_500_10": [0.004312753677368164, 0.006308555603027344, 0.010035514831542969, 0.0053098201751708984, 0.006484508514404297]}, "sizes": {"627_fri_c2_500_10": []}, "tau": 0.9}, "LinearQuantile": {"losses": {"627_fri_c2_500_10": [0.07922308557112054, 0.06794355355581763, 0.07323744030759567, 0.06731971484406274, 0.08515134531425919]}, "coverage": {"627_fri_c2_500_10": [0.45, 0.43000000000000005, 0.4, 0.4, 0.47000000000000003]}, "complexity": {"627_fri_c2_500_10": [10, 10, 10, 10, 10]}, "time_all": {"627_fri_c2_500_10": [0.40309810638427734, 0.42384886741638184, 0.34340906143188477, 1.1029200553894043, 0.2304694652557373]}, "time_fit": {"627_fri_c2_500_10": [0.03551530838012695, 0.036867618560791016, 0.030764341354370117, 0.0937037467956543, 0.020295143127441406]}, "sizes": {"627_fri_c2_500_10": []}, "tau": 0.9}}
