{"SQR": {"losses": {"230_machine_cpu": [0.01668331235883577, 0.012496169680091752, 0.007696632227348935, 0.010680465343754542, 0.008593448622518075]}, "coverage": {"230_machine_cpu": [0.10952380952380958, 0.3952380952380953, 0.05714285714285705, 0.00952380952380949, 0.019512195121951237]}, "complexity": {"230_machine_cpu": [5, 9, 12, 6, 7]}, "time_all": {"230_machine_cpu": [94.82510447502136, 76.22399568557739, 79.71712231636047, 76.53761434555054, 74.43804502487183]}, "time_fit": {"230_machine_cpu": [94.82510447502136, 76.22399568557739, 79.71712231636047, 76.53761434555054, 74.43804502487183]}, "sizes": {"230_machine_cpu": []}, "tau": 0.8}, "LightGBM": {"losses": {"230_machine_cpu": [0.030115516143314605, 0.024011801848339683, 0.009933543094586123, 0.01389516731337329, 0.008696292791144975]}, "coverage": {"230_machine_cpu": [0.05714285714285705, 0.06190476190476191, 0.15238095238095228, 0.08095238095238089, 0.10243902439024388]}, "time_all": {"230_machine_cpu": [0.15821409225463867, 0.12912893295288086, 0.11471128463745117, 0.13010406494140625, 0.10637974739074707]}, "time_fit": {"230_machine_cpu": [0.024561166763305664, 0.02941751480102539, 0.026523828506469727, 0.030147075653076172, 0.02369832992553711]}, "sizes": {"230_machine_cpu": []}, "tau": 0.8}, "DecisionTree": {"losses": {"230_machine_cpu": [0.021982184482184475, 0.016956376956376952, 0.008798701298701297, 0.011640859140859142, 0.009497697424526693]}, "coverage": {"230_machine_cpu": [0.014285714285714346, 0.2523809523809524, 0.13333333333333341, 0.05714285714285705, 0.1658536585365854]}, "complexity": {"230_machine_cpu": [63, 67, 65, 27, 63]}, "time_all": {"230_machine_cpu": [0.046135663986206055, 0.04563140869140625, 0.04397773742675781, 0.04196476936340332, 0.04426217079162598]}, "time_fit": {"230_machine_cpu": [0.006525993347167969, 0.006533384323120117, 0.006427288055419922, 0.0036695003509521484, 0.006300926208496094]}, "sizes": {"230_machine_cpu": []}, "tau": 0.8}, "LinearQuantile": {"losses": {"230_machine_cpu": [0.01749528654812197, 0.020159037160215446, 0.01201628678357026, 0.01220490674997887, 0.01100108673340393]}, "coverage": {"230_machine_cpu": [0.033333333333333326, 0.13333333333333341, 0.05714285714285705, 0.08095238095238089, 0.004878048780487809]}, "complexity": {"230_machine_cpu": [6, 6, 6, 6, 6]}, "time_all": {"230_machine_cpu": [0.64809250831604, 0.13086318969726562, 0.38779520988464355, 0.9093303680419922, 0.6368577480316162]}, "time_fit": {"230_machine_cpu": [0.0575101375579834, 0.011387825012207031, 0.033429622650146484, 0.0650484561920166, 0.05207037925720215]}, "sizes": {"230_machine_cpu": []}, "tau": 0.8}}
