{"SQR": {"losses": {"631_fri_c1_500_5": [0.013096596142681617, 0.012720365764593917, 0.011862147806619497, 0.013504506585472465, 0.019066320384060007]}, "coverage": {"631_fri_c1_500_5": [0.13, 0.06999999999999995, 0.030000000000000027, 0.05999999999999994, 0.030000000000000027]}, "complexity": {"631_fri_c1_500_5": [13, 13, 12, 16, 12]}, "time_all": {"631_fri_c1_500_5": [106.30692911148071, 86.47831702232361, 96.47661590576172, 95.3189344406128, 88.23815083503723]}, "time_fit": {"631_fri_c1_500_5": [106.30692911148071, 86.47831702232361, 96.47661590576172, 95.3189344406128, 88.23815083503723]}, "sizes": {"631_fri_c1_500_5": []}, "tau": 0.6}, "LightGBM": {"losses": {"631_fri_c1_500_5": [0.033746276802898136, 0.038429164381397325, 0.03773736908270031, 0.03645681935769973, 0.0390445402482464]}, "coverage": {"631_fri_c1_500_5": [0.030000000000000027, 0.030000000000000027, 0.010000000000000009, 0.08000000000000007, 0.010000000000000009]}, "time_all": {"631_fri_c1_500_5": [0.2777113914489746, 0.22823786735534668, 0.21653127670288086, 0.24906134605407715, 0.21465802192687988]}, "time_fit": {"631_fri_c1_500_5": [0.05330371856689453, 0.05457878112792969, 0.049242258071899414, 0.05378270149230957, 0.047321319580078125]}, "sizes": {"631_fri_c1_500_5": []}, "tau": 0.6}, "DecisionTree": {"losses": {"631_fri_c1_500_5": [0.03820383475400883, 0.04248304512981962, 0.03683056794757138, 0.03516259500470652, 0.04242898319956329]}, "coverage": {"631_fri_c1_500_5": [0.039999999999999925, 0.010000000000000009, 0.020000000000000018, 0.04999999999999993, 0.13999999999999996]}, "complexity": {"631_fri_c1_500_5": [161, 69, 169, 69, 157]}, "time_all": {"631_fri_c1_500_5": [0.08548307418823242, 0.07576823234558105, 0.08244705200195312, 0.07417631149291992, 0.0807194709777832]}, "time_fit": {"631_fri_c1_500_5": [0.015272855758666992, 0.008051156997680664, 0.015232563018798828, 0.007898092269897461, 0.014297723770141602]}, "sizes": {"631_fri_c1_500_5": []}, "tau": 0.6}, "LinearQuantile": {"losses": {"631_fri_c1_500_5": [0.07982502411755216, 0.07000131790540869, 0.07342452270011825, 0.06986355760053896, 0.07381230458125312]}, "coverage": {"631_fri_c1_500_5": [0.09999999999999998, 0.07999999999999996, 0.09999999999999998, 0.04999999999999993, 0.12]}, "complexity": {"631_fri_c1_500_5": [5, 5, 5, 5, 5]}, "time_all": {"631_fri_c1_500_5": [0.1506807804107666, 0.5693182945251465, 1.3215532302856445, 0.22700953483581543, 0.10202646255493164]}, "time_fit": {"631_fri_c1_500_5": [0.012549877166748047, 0.04513978958129883, 0.08395648002624512, 0.02019524574279785, 0.008701086044311523]}, "sizes": {"631_fri_c1_500_5": []}, "tau": 0.6}}
