{"SQR": {"losses": {"1029_LEV": [0.064, 0.075, 0.07950000000000002, 0.07375, 0.0655]}, "coverage": {"1029_LEV": [0.21000000000000008, 0.255, 0.28, 0.235, 0.235]}, "complexity": {"1029_LEV": [7, 5, 2, 4, 8]}, "time_all": {"1029_LEV": [102.0043203830719, 84.0831298828125, 83.66026663780212, 85.40130734443665, 80.25690793991089]}, "time_fit": {"1029_LEV": [102.0043203830719, 84.0831298828125, 83.66026663780212, 85.40130734443665, 80.25690793991089]}, "sizes": {"1029_LEV": []}, "tau": 0.6}, "LightGBM": {"losses": {"1029_LEV": [0.06417844105999362, 0.06316208981733541, 0.062369065275598136, 0.06452355499946993, 0.06547323055311319]}, "coverage": {"1029_LEV": [0.04999999999999993, 0.0050000000000000044, 0.0, 0.020000000000000018, 0.020000000000000018]}, "time_all": {"1029_LEV": [0.3986961841583252, 0.3616969585418701, 0.3568089008331299, 0.34995055198669434, 0.3714907169342041]}, "time_fit": {"1029_LEV": [0.11999201774597168, 0.12191581726074219, 0.1190800666809082, 0.11806273460388184, 0.11663937568664551]}, "sizes": {"1029_LEV": []}, "tau": 0.6}, "DecisionTree": {"losses": {"1029_LEV": [0.0585, 0.051449999999999996, 0.0518, 0.049550000000000004, 0.0496]}, "coverage": {"1029_LEV": [0.14500000000000002, 0.235, 0.26, 0.21999999999999997, 0.25]}, "complexity": {"1029_LEV": [107, 183, 175, 55, 175]}, "time_all": {"1029_LEV": [0.09065842628479004, 0.09491825103759766, 0.09422159194946289, 0.08551740646362305, 0.09306812286376953]}, "time_fit": {"1029_LEV": [0.010115385055541992, 0.015397071838378906, 0.014789104461669922, 0.006370067596435547, 0.014760017395019531]}, "sizes": {"1029_LEV": []}, "tau": 0.6}, "LinearQuantile": {"losses": {"1029_LEV": [0.06254651120292869, 0.056714409322072556, 0.054917720008306636, 0.05793761282846889, 0.055187361197487454]}, "coverage": {"1029_LEV": [0.10999999999999999, 0.0050000000000000044, 0.050000000000000044, 0.020000000000000018, 0.0]}, "complexity": {"1029_LEV": [20, 20, 20, 20, 20]}, "time_all": {"1029_LEV": [0.8572690486907959, 2.071800708770752, 3.9432790279388428, 1.089766263961792, 1.3392810821533203]}, "time_fit": {"1029_LEV": [0.0745842456817627, 0.14510416984558105, 0.3203856945037842, 0.07168698310852051, 0.09155058860778809]}, "sizes": {"1029_LEV": []}, "tau": 0.6}}
