{"SQR": {"losses": {"643_fri_c2_500_25": [0.014340854978963778, 0.01719803747922575, 0.03043744633991496, 0.020336256945873748, 0.03748642990140125]}, "coverage": {"643_fri_c2_500_25": [0.0, 0.020000000000000018, 0.020000000000000018, 0.030000000000000027, 0.020000000000000018]}, "complexity": {"643_fri_c2_500_25": [16, 18, 11, 13, 5]}, "time_all": {"643_fri_c2_500_25": [109.31766653060913, 99.79942560195923, 98.61661577224731, 91.47667670249939, 82.2182936668396]}, "time_fit": {"643_fri_c2_500_25": [109.31766653060913, 99.79942560195923, 98.61661577224731, 91.47667670249939, 82.2182936668396]}, "sizes": {"643_fri_c2_500_25": []}, "tau": 0.6}, "LightGBM": {"losses": {"643_fri_c2_500_25": [0.041408320953544075, 0.03580603545832871, 0.03876595853642906, 0.03027759430063216, 0.03542625926241183]}, "coverage": {"643_fri_c2_500_25": [0.039999999999999925, 0.0, 0.07999999999999996, 0.030000000000000027, 0.010000000000000009]}, "time_all": {"643_fri_c2_500_25": [0.2859673500061035, 0.25522613525390625, 0.28782224655151367, 0.2686474323272705, 0.28021240234375]}, "time_fit": {"643_fri_c2_500_25": [0.05756044387817383, 0.054902076721191406, 0.06960201263427734, 0.055792808532714844, 0.0593419075012207]}, "sizes": {"643_fri_c2_500_25": []}, "tau": 0.6}, "DecisionTree": {"losses": {"643_fri_c2_500_25": [0.049803742462441035, 0.03743943827597155, 0.04618747386116108, 0.03882916877913506, 0.04073501062486446]}, "coverage": {"643_fri_c2_500_25": [0.010000000000000009, 0.010000000000000009, 0.08999999999999997, 0.010000000000000009, 0.0]}, "complexity": {"643_fri_c2_500_25": [29, 63, 151, 69, 67]}, "time_all": {"643_fri_c2_500_25": [0.12990593910217285, 0.12880182266235352, 0.1378328800201416, 0.13278484344482422, 0.13119268417358398]}, "time_fit": {"643_fri_c2_500_25": [0.009976625442504883, 0.013990402221679688, 0.021656036376953125, 0.014831066131591797, 0.01462697982788086]}, "sizes": {"643_fri_c2_500_25": []}, "tau": 0.6}, "LinearQuantile": {"losses": {"643_fri_c2_500_25": [0.08776121701686544, 0.08181058353298766, 0.07896315075816965, 0.07137575879197502, 0.08198094533314515]}, "coverage": {"643_fri_c2_500_25": [0.19, 0.14999999999999997, 0.15999999999999998, 0.18, 0.07999999999999996]}, "complexity": {"643_fri_c2_500_25": [25, 25, 25, 25, 25]}, "time_all": {"643_fri_c2_500_25": [1.1614775657653809, 1.700484275817871, 0.5596864223480225, 1.2445902824401855, 0.9676718711853027]}, "time_fit": {"643_fri_c2_500_25": [0.09592962265014648, 0.10327482223510742, 0.0504155158996582, 0.08726310729980469, 0.08105039596557617]}, "sizes": {"643_fri_c2_500_25": []}, "tau": 0.6}}
