{"SQR": {"losses": {"537_houses": [0.06636890075407165, 0.06655258512803972, 0.06488342068286461, 0.06446841893134907, 0.06626222662493976]}, "coverage": {"537_houses": [0.03943798449612401, 0.04646317829457358, 0.045009689922480556, 0.027810077519379806, 0.03774224806201543]}, "complexity": {"537_houses": [2, 2, 2, 2, 2]}, "time_all": {"537_houses": [542.0336744785309, 537.9289290904999, 490.2159559726715, 549.177820444107, 522.8463678359985]}, "time_fit": {"537_houses": [542.0336744785309, 537.9289290904999, 490.2159559726715, 549.177820444107, 522.8463678359985]}, "sizes": {"537_houses": []}, "tau": 0.6}, "LightGBM": {"losses": {"537_houses": [0.04760417818804925, 0.04880934614100583, 0.04753389149178247, 0.046565848354817536, 0.04815224809216302]}, "coverage": {"537_houses": [0.04001937984496129, 0.012403100775193798, 0.02209302325581397, 0.02887596899224809, 0.03372093023255818]}, "time_all": {"537_houses": [1.6194078922271729, 1.4788835048675537, 1.493896245956421, 1.4954631328582764, 1.5225646495819092]}, "time_fit": {"537_houses": [0.43488287925720215, 0.38440823554992676, 0.3806605339050293, 0.39154505729675293, 0.4224576950073242]}, "sizes": {"537_houses": []}, "tau": 0.6}, "DecisionTree": {"losses": {"537_houses": [0.03991522169939745, 0.040454655261710895, 0.03998133390978744, 0.03792916124073204, 0.0400341956753379]}, "coverage": {"537_houses": [0.009253875968992298, 0.0028585271317829175, 0.01593992248062015, 0.00915697674418603, 0.005620155038759678]}, "complexity": {"537_houses": [1277, 2885, 2863, 1265, 1267]}, "time_all": {"537_houses": [2.1692097187042236, 2.1491873264312744, 2.1035778522491455, 2.0738418102264404, 2.174846887588501]}, "time_fit": {"537_houses": [0.16084527969360352, 0.24274659156799316, 0.2425217628479004, 0.16355466842651367, 0.16186738014221191]}, "sizes": {"537_houses": []}, "tau": 0.6}, "LinearQuantile": {"losses": {"537_houses": [0.05707748793542082, 0.05623009740733319, 0.05566853933521515, 0.05460671049390572, 0.05762045163730846]}, "coverage": {"537_houses": [0.004408914728682212, 0.00019379844961242565, 0.005377906976744229, 0.003343023255813926, 0.00150193798449616]}, "complexity": {"537_houses": [8, 8, 8, 8, 8]}, "time_all": {"537_houses": [1.052802324295044, 1.036327600479126, 2.399045944213867, 1.358450174331665, 2.233924388885498]}, "time_fit": {"537_houses": [0.09186124801635742, 0.09389376640319824, 0.2189769744873047, 0.12304449081420898, 0.20230722427368164]}, "sizes": {"537_houses": []}, "tau": 0.6}}
