{"SQR": {"losses": {"641_fri_c1_500_10": [0.011440759972008073, 0.010981887980714205, 0.029179739854320475, 0.00923199360337068, 0.013274097027954382]}, "coverage": {"641_fri_c1_500_10": [0.06000000000000005, 0.030000000000000027, 0.029999999999999916, 0.030000000000000027, 0.019999999999999907]}, "complexity": {"641_fri_c1_500_10": [12, 12, 8, 12, 16]}, "time_all": {"641_fri_c1_500_10": [113.9781699180603, 97.84833359718323, 83.96617603302002, 91.65636658668518, 86.89748120307922]}, "time_fit": {"641_fri_c1_500_10": [113.9781699180603, 97.84833359718323, 83.96617603302002, 91.65636658668518, 86.89748120307922]}, "sizes": {"641_fri_c1_500_10": []}, "tau": 0.7}, "LightGBM": {"losses": {"641_fri_c1_500_10": [0.042073582698452294, 0.03586305467008448, 0.031993497413965774, 0.034265689274932024, 0.037171001025512136]}, "coverage": {"641_fri_c1_500_10": [0.039999999999999925, 0.020000000000000018, 0.039999999999999925, 0.08999999999999997, 0.09000000000000008]}, "time_all": {"641_fri_c1_500_10": [0.2780938148498535, 0.2541310787200928, 0.21968317031860352, 0.22849798202514648, 0.23006963729858398]}, "time_fit": {"641_fri_c1_500_10": [0.05339813232421875, 0.051198482513427734, 0.04948902130126953, 0.04966092109680176, 0.05152487754821777]}, "sizes": {"641_fri_c1_500_10": []}, "tau": 0.7}, "DecisionTree": {"losses": {"641_fri_c1_500_10": [0.03731081055685993, 0.032484507119149214, 0.031748363373177005, 0.036949234038663153, 0.0358758970273295]}, "coverage": {"641_fri_c1_500_10": [0.06999999999999995, 0.13, 0.12, 0.13, 0.1399999999999999]}, "complexity": {"641_fri_c1_500_10": [65, 159, 159, 163, 167]}, "time_all": {"641_fri_c1_500_10": [0.08916497230529785, 0.09496307373046875, 0.09418821334838867, 0.09565496444702148, 0.09736084938049316]}, "time_fit": {"641_fri_c1_500_10": [0.009428977966308594, 0.016550064086914062, 0.01637411117553711, 0.016658782958984375, 0.017300844192504883]}, "sizes": {"641_fri_c1_500_10": []}, "tau": 0.7}, "LinearQuantile": {"losses": {"641_fri_c1_500_10": [0.08976598894680055, 0.08337820278654194, 0.0650470017192515, 0.0800372996163707, 0.07395866230809807]}, "coverage": {"641_fri_c1_500_10": [0.25999999999999995, 0.24999999999999994, 0.26999999999999996, 0.29999999999999993, 0.18999999999999995]}, "complexity": {"641_fri_c1_500_10": [10, 10, 10, 10, 10]}, "time_all": {"641_fri_c1_500_10": [0.882070779800415, 0.2071981430053711, 2.8100838661193848, 0.45014357566833496, 3.6831796169281006]}, "time_fit": {"641_fri_c1_500_10": [0.07892441749572754, 0.018279075622558594, 0.1486976146697998, 0.040807485580444336, 0.1502218246459961]}, "sizes": {"641_fri_c1_500_10": []}, "tau": 0.7}}
