{"SQR": {"losses": {"344_mv": [0.00033134875572062857, 0.0003552406941095053, 0.00033956793399914754, 0.00019920107465734563, 0.00033874731320562363]}, "coverage": {"344_mv": [0.04331616384596526, 0.05754231052244296, 0.04895756683836161, 0.05830982460444012, 0.022641972280142197]}, "complexity": {"344_mv": [9, 9, 9, 13, 11]}, "time_all": {"344_mv": [533.6980767250061, 498.5205867290497, 506.8627552986145, 509.33726739883423, 502.5516061782837]}, "time_fit": {"344_mv": [533.6980767250061, 498.5205867290497, 506.8627552986145, 509.33726739883423, 502.5516061782837]}, "sizes": {"344_mv": []}, "tau": 0.8}, "LightGBM": {"losses": {"344_mv": [0.023162823390895884, 0.0228471911159878, 0.023045964542207437, 0.023419820108517734, 0.023758259358775752]}, "coverage": {"344_mv": [0.06252146185921015, 0.05160657346087805, 0.053568800588668086, 0.05588127069790261, 0.05207898932908128]}, "time_all": {"344_mv": [2.003296375274658, 1.820375680923462, 1.7754733562469482, 1.7696075439453125, 1.8357815742492676]}, "time_fit": {"344_mv": [0.32240915298461914, 0.28192567825317383, 0.27943992614746094, 0.2673501968383789, 0.27864742279052734]}, "sizes": {"344_mv": []}, "tau": 0.8}, "DecisionTree": {"losses": {"344_mv": [0.0007650918941628054, 0.0007731170352181873, 0.0007737735611574819, 0.0007841342415849776, 0.000766052962511729]}, "coverage": {"344_mv": [0.13713514839342655, 0.14645572725042932, 0.13321069413784647, 0.13411014350545813, 0.1348460689316816]}, "complexity": {"344_mv": [12751, 12777, 12751, 12789, 12753]}, "time_all": {"344_mv": [6.16687273979187, 6.108416318893433, 6.171082973480225, 6.127501487731934, 6.162267446517944]}, "time_fit": {"344_mv": [1.0800392627716064, 1.0666446685791016, 1.0896008014678955, 1.0662102699279785, 1.0623626708984375]}, "sizes": {"344_mv": []}, "tau": 0.8}, "LinearQuantile": {"losses": {"344_mv": [0.02012396211526685, 0.021043627550271973, 0.0208081598869629, 0.020123044041042985, 0.02026781074629454]}, "coverage": {"344_mv": [0.0022320333578612628, 0.006843267108167739, 0.005543291636006864, 0.005200539678645977, 0.0034833803507912098]}, "complexity": {"344_mv": [14, 14, 14, 14, 14]}, "time_all": {"344_mv": [5.058615684509277, 3.840801477432251, 3.7273993492126465, 5.304792404174805, 4.421882152557373]}, "time_fit": {"344_mv": [0.43185925483703613, 0.3271939754486084, 0.31693363189697266, 0.44766783714294434, 0.3795773983001709]}, "sizes": {"344_mv": []}, "tau": 0.8}}
