{"SQR": {"losses": {"623_fri_c4_1000_10": [0.005707363013198445, 0.005278172249779978, 0.009165735254071631, 0.00836627326120527, 0.00510799482079892]}, "coverage": {"623_fri_c4_1000_10": [0.0, 0.010000000000000009, 0.04500000000000004, 0.030000000000000027, 0.039999999999999925]}, "complexity": {"623_fri_c4_1000_10": [12, 17, 10, 8, 15]}, "time_all": {"623_fri_c4_1000_10": [113.7924337387085, 108.44192886352539, 103.14893364906311, 110.73133683204651, 111.15816330909729]}, "time_fit": {"623_fri_c4_1000_10": [113.7924337387085, 108.44192886352539, 103.14893364906311, 110.73133683204651, 111.15816330909729]}, "sizes": {"623_fri_c4_1000_10": []}, "tau": 0.9}, "LightGBM": {"losses": {"623_fri_c4_1000_10": [0.0145911314993148, 0.01408117824292286, 0.01455552582902735, 0.01482308940301667, 0.014353737538326028]}, "coverage": {"623_fri_c4_1000_10": [0.040000000000000036, 0.0050000000000000044, 0.025000000000000022, 0.030000000000000027, 0.010000000000000009]}, "time_all": {"623_fri_c4_1000_10": [0.33200907707214355, 0.3099327087402344, 0.322376012802124, 0.3003528118133545, 0.3237307071685791]}, "time_fit": {"623_fri_c4_1000_10": [0.05562567710876465, 0.0501251220703125, 0.05574941635131836, 0.04772448539733887, 0.04866361618041992]}, "sizes": {"623_fri_c4_1000_10": []}, "tau": 0.9}, "DecisionTree": {"losses": {"623_fri_c4_1000_10": [0.013894025658374418, 0.011500189815349173, 0.013416617092512755, 0.013965462752901909, 0.013013192548943661]}, "coverage": {"623_fri_c4_1000_10": [0.08999999999999997, 0.030000000000000027, 0.05500000000000005, 0.015000000000000013, 0.03500000000000003]}, "complexity": {"623_fri_c4_1000_10": [59, 61, 61, 45, 61]}, "time_all": {"623_fri_c4_1000_10": [0.17619633674621582, 0.17583799362182617, 0.1745917797088623, 0.17411184310913086, 0.17051434516906738]}, "time_fit": {"623_fri_c4_1000_10": [0.01298832893371582, 0.013545036315917969, 0.01335763931274414, 0.011579513549804688, 0.013041257858276367]}, "sizes": {"623_fri_c4_1000_10": []}, "tau": 0.9}, "LinearQuantile": {"losses": {"623_fri_c4_1000_10": [0.05178333702951856, 0.05094905587898791, 0.0536847711090662, 0.054554928646664315, 0.057891433843739105]}, "coverage": {"623_fri_c4_1000_10": [0.405, 0.43000000000000005, 0.39, 0.39, 0.47500000000000003]}, "complexity": {"623_fri_c4_1000_10": [10, 10, 10, 10, 10]}, "time_all": {"623_fri_c4_1000_10": [0.183821439743042, 0.18772339820861816, 1.7954638004302979, 0.43793821334838867, 0.27208614349365234]}, "time_fit": {"623_fri_c4_1000_10": [0.015641212463378906, 0.01617741584777832, 0.1294257640838623, 0.03590846061706543, 0.024187803268432617]}, "sizes": {"623_fri_c4_1000_10": []}, "tau": 0.9}}
