{"SQR": {"losses": {"618_fri_c3_1000_50": [0.022321237735691436, 0.008827897606831859, 0.014588641704202501, 0.02272914590906848, 0.006469471386355138]}, "coverage": {"618_fri_c3_1000_50": [0.09000000000000008, 0.010000000000000009, 0.04500000000000004, 0.08000000000000007, 0.015000000000000013]}, "complexity": {"618_fri_c3_1000_50": [5, 19, 11, 5, 18]}, "time_all": {"618_fri_c3_1000_50": [120.07780075073242, 117.84545636177063, 109.7387056350708, 104.00235843658447, 118.09010243415833]}, "time_fit": {"618_fri_c3_1000_50": [120.07780075073242, 117.84545636177063, 109.7387056350708, 104.00235843658447, 118.09010243415833]}, "sizes": {"618_fri_c3_1000_50": []}, "tau": 0.8}, "LightGBM": {"losses": {"618_fri_c3_1000_50": [0.022813527707680692, 0.020385007140605732, 0.023758112165885033, 0.021960301206014284, 0.023720230019082012]}, "coverage": {"618_fri_c3_1000_50": [0.020000000000000018, 0.019999999999999907, 0.010000000000000009, 0.025000000000000022, 0.0050000000000000044]}, "time_all": {"618_fri_c3_1000_50": [0.45323944091796875, 0.3802025318145752, 0.39668989181518555, 0.4092085361480713, 0.40772008895874023]}, "time_fit": {"618_fri_c3_1000_50": [0.06783604621887207, 0.061002492904663086, 0.06348252296447754, 0.06019783020019531, 0.0602869987487793]}, "sizes": {"618_fri_c3_1000_50": []}, "tau": 0.8}, "DecisionTree": {"losses": {"618_fri_c3_1000_50": [0.021071579102445108, 0.020447208540110545, 0.022899341740265533, 0.021562416334750794, 0.023888924201112823]}, "coverage": {"618_fri_c3_1000_50": [0.07000000000000006, 0.040000000000000036, 0.09000000000000008, 0.040000000000000036, 0.03500000000000003]}, "complexity": {"618_fri_c3_1000_50": [65, 61, 135, 61, 35]}, "time_all": {"618_fri_c3_1000_50": [0.5512361526489258, 0.5259013175964355, 0.5278241634368896, 0.5421721935272217, 0.5123083591461182]}, "time_fit": {"618_fri_c3_1000_50": [0.04969382286071777, 0.04225730895996094, 0.0526585578918457, 0.04737710952758789, 0.03383588790893555]}, "sizes": {"618_fri_c3_1000_50": []}, "tau": 0.8}, "LinearQuantile": {"losses": {"618_fri_c3_1000_50": [0.0695608242526247, 0.059891908733586983, 0.06672923501144093, 0.06615668361050209, 0.06599838148050001]}, "coverage": {"618_fri_c3_1000_50": [0.36500000000000005, 0.31000000000000005, 0.33000000000000007, 0.37000000000000005, 0.33000000000000007]}, "complexity": {"618_fri_c3_1000_50": [50, 50, 50, 50, 50]}, "time_all": {"618_fri_c3_1000_50": [30.42251753807068, 5.812483310699463, 12.153480291366577, 10.074693202972412, 6.7590131759643555]}, "time_fit": {"618_fri_c3_1000_50": [2.821920156478882, 0.434307336807251, 1.051347017288208, 0.861760139465332, 0.5603926181793213]}, "sizes": {"618_fri_c3_1000_50": []}, "tau": 0.8}}
