{"SQR": {"losses": {"582_fri_c1_500_25": [0.027983454969557654, 0.016919930485805125, 0.017113056745726725, 0.010259134961137652, 0.012671177401127533]}, "coverage": {"582_fri_c1_500_25": [0.020000000000000018, 0.010000000000000009, 0.0, 0.06999999999999995, 0.050000000000000044]}, "complexity": {"582_fri_c1_500_25": [8, 14, 16, 16, 13]}, "time_all": {"582_fri_c1_500_25": [99.81222653388977, 87.20181059837341, 95.14255380630493, 103.67598462104797, 94.87019920349121]}, "time_fit": {"582_fri_c1_500_25": [99.81222653388977, 87.20181059837341, 95.14255380630493, 103.67598462104797, 94.87019920349121]}, "sizes": {"582_fri_c1_500_25": []}, "tau": 0.7}, "LightGBM": {"losses": {"582_fri_c1_500_25": [0.03632806347506574, 0.03651189173168836, 0.03717655077582904, 0.04143817396211992, 0.03276244937614259]}, "coverage": {"582_fri_c1_500_25": [0.039999999999999925, 0.020000000000000018, 0.0, 0.030000000000000027, 0.030000000000000027]}, "time_all": {"582_fri_c1_500_25": [0.2942543029785156, 0.2549307346343994, 0.24689054489135742, 0.2583940029144287, 0.27426767349243164]}, "time_fit": {"582_fri_c1_500_25": [0.05928182601928711, 0.058773040771484375, 0.05497384071350098, 0.05673933029174805, 0.05633115768432617]}, "sizes": {"582_fri_c1_500_25": []}, "tau": 0.7}, "DecisionTree": {"losses": {"582_fri_c1_500_25": [0.0419804741680204, 0.03394125080258444, 0.037307220531189976, 0.03857387973311671, 0.03694760263067326]}, "coverage": {"582_fri_c1_500_25": [0.16999999999999993, 0.05999999999999994, 0.019999999999999907, 0.029999999999999916, 0.029999999999999916]}, "complexity": {"582_fri_c1_500_25": [157, 171, 73, 29, 33]}, "time_all": {"582_fri_c1_500_25": [0.14142990112304688, 0.13886475563049316, 0.1310265064239502, 0.12571001052856445, 0.1281135082244873]}, "time_fit": {"582_fri_c1_500_25": [0.022979021072387695, 0.023571491241455078, 0.014885663986206055, 0.009923696517944336, 0.010545730590820312]}, "sizes": {"582_fri_c1_500_25": []}, "tau": 0.7}, "LinearQuantile": {"losses": {"582_fri_c1_500_25": [0.08440846386103365, 0.08006070097831913, 0.0760599385873277, 0.07987289039620409, 0.06836494542574087]}, "coverage": {"582_fri_c1_500_25": [0.24999999999999994, 0.21999999999999997, 0.19999999999999996, 0.18999999999999995, 0.13]}, "complexity": {"582_fri_c1_500_25": [25, 25, 25, 25, 25]}, "time_all": {"582_fri_c1_500_25": [0.9389498233795166, 6.884769916534424, 1.658637285232544, 1.5451254844665527, 1.0410335063934326]}, "time_fit": {"582_fri_c1_500_25": [0.08139300346374512, 0.686223030090332, 0.10640597343444824, 0.09738421440124512, 0.08519268035888672]}, "sizes": {"582_fri_c1_500_25": []}, "tau": 0.7}}
