{"SQR": {"losses": {"635_fri_c0_250_10": [0.015495064739910866, 0.02333680396669713, 0.017207775340594558, 0.023304738169547503, 0.021483044082173733]}, "coverage": {"635_fri_c0_250_10": [0.019999999999999907, 0.0, 0.06000000000000005, 0.05999999999999994, 0.019999999999999907]}, "complexity": {"635_fri_c0_250_10": [12, 9, 12, 9, 9]}, "time_all": {"635_fri_c0_250_10": [92.60041546821594, 79.6841185092926, 77.36061453819275, 80.04599690437317, 75.71329665184021]}, "time_fit": {"635_fri_c0_250_10": [92.60041546821594, 79.6841185092926, 77.36061453819275, 80.04599690437317, 75.71329665184021]}, "sizes": {"635_fri_c0_250_10": []}, "tau": 0.8}, "LightGBM": {"losses": {"635_fri_c0_250_10": [0.04126703473640653, 0.03487238977586698, 0.03174006412612059, 0.033464982284028034, 0.03767506548272512]}, "coverage": {"635_fri_c0_250_10": [0.040000000000000036, 0.040000000000000036, 0.020000000000000018, 0.040000000000000036, 0.040000000000000036]}, "time_all": {"635_fri_c0_250_10": [0.17976689338684082, 0.1573634147644043, 0.13229131698608398, 0.1600027084350586, 0.14355754852294922]}, "time_fit": {"635_fri_c0_250_10": [0.032308101654052734, 0.03648543357849121, 0.03092193603515625, 0.03761434555053711, 0.03232455253601074]}, "sizes": {"635_fri_c0_250_10": []}, "tau": 0.8}, "DecisionTree": {"losses": {"635_fri_c0_250_10": [0.033622512979324254, 0.03794419177119544, 0.034191321228934535, 0.03813707936478287, 0.041499204384499874]}, "coverage": {"635_fri_c0_250_10": [0.08000000000000007, 0.08000000000000007, 0.06000000000000005, 0.019999999999999907, 0.0]}, "complexity": {"635_fri_c0_250_10": [33, 11, 9, 7, 15]}, "time_all": {"635_fri_c0_250_10": [0.05553102493286133, 0.052247047424316406, 0.05097556114196777, 0.05131411552429199, 0.05112791061401367]}, "time_fit": {"635_fri_c0_250_10": [0.005297183990478516, 0.0030889511108398438, 0.002864837646484375, 0.0026297569274902344, 0.003499269485473633]}, "sizes": {"635_fri_c0_250_10": []}, "tau": 0.8}, "LinearQuantile": {"losses": {"635_fri_c0_250_10": [0.04789849428413261, 0.0604733507560578, 0.049372568772670315, 0.04489970509712799, 0.051861611975461526]}, "coverage": {"635_fri_c0_250_10": [0.30000000000000004, 0.44000000000000006, 0.28, 0.4, 0.38000000000000006]}, "complexity": {"635_fri_c0_250_10": [10, 10, 10, 10, 10]}, "time_all": {"635_fri_c0_250_10": [0.2732226848602295, 0.19778203964233398, 0.2800302505493164, 0.3567376136779785, 0.1237490177154541]}, "time_fit": {"635_fri_c0_250_10": [0.023482799530029297, 0.017197847366333008, 0.024007797241210938, 0.03130173683166504, 0.010692119598388672]}, "sizes": {"635_fri_c0_250_10": []}, "tau": 0.8}}
