{"SQR": {"losses": {"653_fri_c0_250_25": [0.021914557856520012, 0.03931060745033167, 0.0227429848971358, 0.03541708008179813, 0.024629048457550616]}, "coverage": {"653_fri_c0_250_25": [0.03999999999999998, 0.19999999999999996, 0.09999999999999998, 0.06, 0.16000000000000003]}, "complexity": {"653_fri_c0_250_25": [11, 12, 12, 11, 12]}, "time_all": {"653_fri_c0_250_25": [90.32850122451782, 81.21911191940308, 75.78372263908386, 76.28939771652222, 77.06578254699707]}, "time_fit": {"653_fri_c0_250_25": [90.32850122451782, 81.21911191940308, 75.78372263908386, 76.28939771652222, 77.06578254699707]}, "sizes": {"653_fri_c0_250_25": []}, "tau": 0.5}, "LightGBM": {"losses": {"653_fri_c0_250_25": [0.04504310278455497, 0.04853177450230842, 0.04591384158620297, 0.040792782851884056, 0.04951397479729632]}, "coverage": {"653_fri_c0_250_25": [0.0, 0.06, 0.08000000000000002, 0.040000000000000036, 0.06000000000000005]}, "time_all": {"653_fri_c0_250_25": [0.188124418258667, 0.1740260124206543, 0.17009282112121582, 0.1482069492340088, 0.14134836196899414]}, "time_fit": {"653_fri_c0_250_25": [0.03400444984436035, 0.041414499282836914, 0.03917074203491211, 0.03484177589416504, 0.033498525619506836]}, "sizes": {"653_fri_c0_250_25": []}, "tau": 0.5}, "DecisionTree": {"losses": {"653_fri_c0_250_25": [0.054940493675542754, 0.05286691237526353, 0.05394488415600249, 0.052642730344122216, 0.05733059865972371]}, "coverage": {"653_fri_c0_250_25": [0.040000000000000036, 0.020000000000000018, 0.06000000000000005, 0.18, 0.0]}, "complexity": {"653_fri_c0_250_25": [33, 35, 29, 15, 7]}, "time_all": {"653_fri_c0_250_25": [0.06936764717102051, 0.06557941436767578, 0.06577634811401367, 0.06320023536682129, 0.06413722038269043]}, "time_fit": {"653_fri_c0_250_25": [0.007056713104248047, 0.006850004196166992, 0.006617546081542969, 0.00469970703125, 0.0034050941467285156]}, "sizes": {"653_fri_c0_250_25": []}, "tau": 0.5}, "LinearQuantile": {"losses": {"653_fri_c0_250_25": [0.04202485854322977, 0.04501307363614919, 0.04099963612318025, 0.04136514494222825, 0.042303715850573444]}, "coverage": {"653_fri_c0_250_25": [0.06, 0.06000000000000005, 0.15999999999999998, 0.09999999999999998, 0.0]}, "complexity": {"653_fri_c0_250_25": [25, 25, 25, 25, 25]}, "time_all": {"653_fri_c0_250_25": [0.5462832450866699, 2.139251947402954, 0.8994972705841064, 0.887566328048706, 1.2053825855255127]}, "time_fit": {"653_fri_c0_250_25": [0.048317909240722656, 0.15768051147460938, 0.06431245803833008, 0.07179141044616699, 0.08206701278686523]}, "sizes": {"653_fri_c0_250_25": []}, "tau": 0.5}}
