{"SQR": {"losses": {"586_fri_c3_1000_25": [0.011325564934983738, 0.017506715752449897, 0.009480751797555108, 0.008504722546961314, 0.008619877147187621]}, "coverage": {"586_fri_c3_1000_25": [0.0050000000000000044, 0.0050000000000000044, 0.040000000000000036, 0.0050000000000000044, 0.010000000000000009]}, "complexity": {"586_fri_c3_1000_25": [12, 11, 14, 13, 14]}, "time_all": {"586_fri_c3_1000_25": [126.25693011283875, 101.40406632423401, 119.44940090179443, 114.00603723526001, 109.76419949531555]}, "time_fit": {"586_fri_c3_1000_25": [126.25693011283875, 101.40406632423401, 119.44940090179443, 114.00603723526001, 109.76419949531555]}, "sizes": {"586_fri_c3_1000_25": []}, "tau": 0.8}, "LightGBM": {"losses": {"586_fri_c3_1000_25": [0.023246778690603914, 0.022301547632125832, 0.021035484643276342, 0.019341328416906174, 0.018606831646256435]}, "coverage": {"586_fri_c3_1000_25": [0.029999999999999916, 0.029999999999999916, 0.03500000000000003, 0.025000000000000022, 0.030000000000000027]}, "time_all": {"586_fri_c3_1000_25": [0.42445969581604004, 0.3995499610900879, 0.3566255569458008, 0.3764317035675049, 0.3657338619232178]}, "time_fit": {"586_fri_c3_1000_25": [0.07115340232849121, 0.06714153289794922, 0.06332683563232422, 0.06093192100524902, 0.06359577178955078]}, "sizes": {"586_fri_c3_1000_25": []}, "tau": 0.8}, "DecisionTree": {"losses": {"586_fri_c3_1000_25": [0.019584691885141586, 0.02199438496651911, 0.02350483267553309, 0.019720951831357397, 0.020378933247959106]}, "coverage": {"586_fri_c3_1000_25": [0.050000000000000044, 0.04500000000000004, 0.050000000000000044, 0.15500000000000003, 0.06000000000000005]}, "complexity": {"586_fri_c3_1000_25": [137, 65, 41, 139, 65]}, "time_all": {"586_fri_c3_1000_25": [0.314272403717041, 0.296802282333374, 0.2957451343536377, 0.30475783348083496, 0.2960236072540283]}, "time_fit": {"586_fri_c3_1000_25": [0.034984588623046875, 0.024285554885864258, 0.020928382873535156, 0.033876657485961914, 0.02431631088256836]}, "sizes": {"586_fri_c3_1000_25": []}, "tau": 0.8}, "LinearQuantile": {"losses": {"586_fri_c3_1000_25": [0.059980078217121605, 0.055483216154846714, 0.061401553977889455, 0.06043821893848795, 0.05944158047567517]}, "coverage": {"586_fri_c3_1000_25": [0.30500000000000005, 0.27, 0.335, 0.34500000000000003, 0.35500000000000004]}, "complexity": {"586_fri_c3_1000_25": [25, 25, 25, 25, 25]}, "time_all": {"586_fri_c3_1000_25": [1.1254966259002686, 5.931098222732544, 2.8058712482452393, 1.0937187671661377, 3.6435282230377197]}, "time_fit": {"586_fri_c3_1000_25": [0.08337092399597168, 0.5491867065429688, 0.2431652545928955, 0.09872603416442871, 0.31954026222229004]}, "sizes": {"586_fri_c3_1000_25": []}, "tau": 0.8}}
