{"SQR": {"losses": {"687_sleuth_ex1605": [0.0911730862176064, 0.06800277923153233, 0.07256844500038713, 0.055298739885582135, 0.07913069497775423]}, "coverage": {"687_sleuth_ex1605": [0.3692307692307692, 0.06153846153846154, 0.09999999999999998, 0.016666666666666607, 0.06666666666666665]}, "complexity": {"687_sleuth_ex1605": [10, 8, 7, 7, 9]}, "time_all": {"687_sleuth_ex1605": [77.24798822402954, 63.1999237537384, 62.278796672821045, 62.33625650405884, 61.16198778152466]}, "time_fit": {"687_sleuth_ex1605": [77.24798822402954, 63.1999237537384, 62.278796672821045, 62.33625650405884, 61.16198778152466]}, "sizes": {"687_sleuth_ex1605": []}, "tau": 0.6}, "LightGBM": {"losses": {"687_sleuth_ex1605": [0.08795418627950241, 0.07919444107760744, 0.05338121683417439, 0.09071981338950012, 0.05790005289742417]}, "coverage": {"687_sleuth_ex1605": [0.06153846153846154, 0.06153846153846154, 0.016666666666666607, 0.06666666666666665, 0.2333333333333334]}, "time_all": {"687_sleuth_ex1605": [0.10085892677307129, 0.0671389102935791, 0.06707596778869629, 0.05622291564941406, 0.06485199928283691]}, "time_fit": {"687_sleuth_ex1605": [0.012251615524291992, 0.014399528503417969, 0.01437067985534668, 0.011785745620727539, 0.014214038848876953]}, "sizes": {"687_sleuth_ex1605": []}, "tau": 0.6}, "DecisionTree": {"losses": {"687_sleuth_ex1605": [0.06680652680652681, 0.05561771561771561, 0.05393939393939394, 0.06318181818181819, 0.039040404040404035]}, "coverage": {"687_sleuth_ex1605": [0.1384615384615384, 0.015384615384615441, 0.016666666666666607, 0.016666666666666607, 0.15000000000000002]}, "complexity": {"687_sleuth_ex1605": [17, 7, 3, 19, 7]}, "time_all": {"687_sleuth_ex1605": [0.03028273582458496, 0.028209447860717773, 0.028197288513183594, 0.02675175666809082, 0.026973724365234375]}, "time_fit": {"687_sleuth_ex1605": [0.0028200149536132812, 0.0019023418426513672, 0.0016298294067382812, 0.0026144981384277344, 0.0018224716186523438]}, "sizes": {"687_sleuth_ex1605": []}, "tau": 0.6}, "LinearQuantile": {"losses": {"687_sleuth_ex1605": [0.05821652850925352, 0.057374369556856805, 0.0808972562307179, 0.058661446037005384, 0.04833595504166164]}, "coverage": {"687_sleuth_ex1605": [0.06153846153846154, 0.1692307692307693, 0.06666666666666665, 0.016666666666666607, 0.1833333333333333]}, "complexity": {"687_sleuth_ex1605": [5, 5, 5, 5, 5]}, "time_all": {"687_sleuth_ex1605": [0.7810029983520508, 0.07422733306884766, 0.09493756294250488, 0.3054959774017334, 0.08302950859069824]}, "time_fit": {"687_sleuth_ex1605": [0.06968402862548828, 0.006169557571411133, 0.007929563522338867, 0.02466297149658203, 0.006911277770996094]}, "sizes": {"687_sleuth_ex1605": []}, "tau": 0.6}}
