{"SQR": {"losses": {"1089_USCrime": [0.0390016252128039, 0.03764358080677909, 0.2330086198365989, 0.06870679048844673, 0.08674176061735409]}, "coverage": {"1089_USCrime": [0.30000000000000004, 0.20000000000000007, 0.2333333333333334, 0.2333333333333334, 0.34444444444444444]}, "complexity": {"1089_USCrime": [11, 11, 14, 18, 13]}, "time_all": {"1089_USCrime": [80.04115867614746, 64.90290975570679, 64.52558422088623, 65.6139748096466, 66.71356391906738]}, "time_fit": {"1089_USCrime": [80.04115867614746, 64.90290975570679, 64.52558422088623, 65.6139748096466, 66.71356391906738]}, "sizes": {"1089_USCrime": []}, "tau": 0.9}, "LightGBM": {"losses": {"1089_USCrime": [0.04319999999999999, 0.04086666463216146, 0.046718518292462374, 0.054992600052445016, 0.043829627143012154]}, "coverage": {"1089_USCrime": [0.0, 0.09999999999999998, 0.011111111111111183, 0.12222222222222223, 0.12222222222222223]}, "time_all": {"1089_USCrime": [0.07583928108215332, 0.034705162048339844, 0.03518176078796387, 0.03183102607727051, 0.0323030948638916]}, "time_fit": {"1089_USCrime": [0.0040130615234375, 0.0043926239013671875, 0.0044155120849609375, 0.003873586654663086, 0.003916025161743164]}, "sizes": {"1089_USCrime": []}, "tau": 0.9}, "DecisionTree": {"losses": {"1089_USCrime": [0.012859999999999998, 0.025053333333333327, 0.024488888888888886, 0.03047407407407407, 0.02065185185185185]}, "coverage": {"1089_USCrime": [0.09999999999999998, 0.09999999999999998, 0.2333333333333334, 0.12222222222222223, 0.12222222222222223]}, "complexity": {"1089_USCrime": [5, 5, 5, 5, 15]}, "time_all": {"1089_USCrime": [0.028526782989501953, 0.026666641235351562, 0.027921676635742188, 0.026525497436523438, 0.028961658477783203]}, "time_fit": {"1089_USCrime": [0.0019123554229736328, 0.0017518997192382812, 0.0018091201782226562, 0.0018134117126464844, 0.002603292465209961]}, "sizes": {"1089_USCrime": []}, "tau": 0.9}, "LinearQuantile": {"losses": {"1089_USCrime": [0.07222041525636232, 0.08585168140606533, 0.02462621330333153, 0.01893169198339781, 0.08550066933283651]}, "coverage": {"1089_USCrime": [0.30000000000000004, 0.4, 0.011111111111111183, 0.09999999999999998, 0.34444444444444444]}, "complexity": {"1089_USCrime": [14, 14, 14, 14, 14]}, "time_all": {"1089_USCrime": [0.657487154006958, 1.7867851257324219, 0.7748715877532959, 0.1449754238128662, 0.18793416023254395]}, "time_fit": {"1089_USCrime": [0.05829477310180664, 0.14660143852233887, 0.05517220497131348, 0.012301921844482422, 0.015868663787841797]}, "sizes": {"1089_USCrime": []}, "tau": 0.9}}
