{"SQR": {"losses": {"657_fri_c2_250_10": [0.025451702329046262, 0.016766671907731182, 0.028288145672672967, 0.026348575559945013, 0.04046526325420543]}, "coverage": {"657_fri_c2_250_10": [0.03999999999999998, 0.09999999999999998, 0.03999999999999998, 0.040000000000000036, 0.12]}, "complexity": {"657_fri_c2_250_10": [16, 18, 10, 16, 9]}, "time_all": {"657_fri_c2_250_10": [86.72207307815552, 76.50715923309326, 73.57665538787842, 76.18147373199463, 67.91687369346619]}, "time_fit": {"657_fri_c2_250_10": [86.72207307815552, 76.50715923309326, 73.57665538787842, 76.18147373199463, 67.91687369346619]}, "sizes": {"657_fri_c2_250_10": []}, "tau": 0.5}, "LightGBM": {"losses": {"657_fri_c2_250_10": [0.0404290269801604, 0.04682745008539779, 0.0530966408214799, 0.048197449780681155, 0.03733679786822435]}, "coverage": {"657_fri_c2_250_10": [0.03999999999999998, 0.020000000000000018, 0.0, 0.07999999999999996, 0.020000000000000018]}, "time_all": {"657_fri_c2_250_10": [0.18362951278686523, 0.16723108291625977, 0.14293360710144043, 0.14149713516235352, 0.14150524139404297]}, "time_fit": {"657_fri_c2_250_10": [0.03257465362548828, 0.03843283653259277, 0.03377866744995117, 0.032740116119384766, 0.033783912658691406]}, "sizes": {"657_fri_c2_250_10": []}, "tau": 0.5}, "DecisionTree": {"losses": {"657_fri_c2_250_10": [0.04277451293990122, 0.049416752250786934, 0.05722170230183452, 0.04572302688073628, 0.040361423727176715]}, "coverage": {"657_fri_c2_250_10": [0.06, 0.020000000000000018, 0.020000000000000018, 0.09999999999999998, 0.15999999999999998]}, "complexity": {"657_fri_c2_250_10": [85, 15, 79, 81, 35]}, "time_all": {"657_fri_c2_250_10": [0.06027531623840332, 0.0525820255279541, 0.05537009239196777, 0.05644798278808594, 0.05321764945983887]}, "time_fit": {"657_fri_c2_250_10": [0.009740829467773438, 0.003531932830810547, 0.008730411529541016, 0.008881807327270508, 0.005336761474609375]}, "sizes": {"657_fri_c2_250_10": []}, "tau": 0.5}, "LinearQuantile": {"losses": {"657_fri_c2_250_10": [0.07744281022683748, 0.08549356072930568, 0.08382345559427609, 0.0864110625079788, 0.0850868462369184]}, "coverage": {"657_fri_c2_250_10": [0.12, 0.06000000000000005, 0.03999999999999998, 0.08000000000000002, 0.09999999999999998]}, "complexity": {"657_fri_c2_250_10": [10, 10, 10, 10, 10]}, "time_all": {"657_fri_c2_250_10": [0.37526392936706543, 0.577202558517456, 1.0944554805755615, 0.1671292781829834, 0.3625466823577881]}, "time_fit": {"657_fri_c2_250_10": [0.03274202346801758, 0.04997682571411133, 0.07467246055603027, 0.01468348503112793, 0.03229713439941406]}, "sizes": {"657_fri_c2_250_10": []}, "tau": 0.5}}
