{"SQR": {"losses": {"1030_ERA": [0.07193185773750001, 0.07883407242149999, 0.06687405604375, 0.07057610618250001, 0.0771761368]}, "coverage": {"1030_ERA": [0.04499999999999993, 0.05999999999999994, 0.03500000000000003, 0.09000000000000008, 0.03499999999999992]}, "complexity": {"1030_ERA": [4, 4, 4, 4, 4]}, "time_all": {"1030_ERA": [98.89754438400269, 91.25428342819214, 89.1240029335022, 94.60127186775208, 90.92912554740906]}, "time_fit": {"1030_ERA": [98.89754438400269, 91.25428342819214, 89.1240029335022, 94.60127186775208, 90.92912554740906]}, "sizes": {"1030_ERA": []}, "tau": 0.7}, "LightGBM": {"losses": {"1030_ERA": [0.0701357404460032, 0.0685136056911752, 0.06854484649205528, 0.06725701837650154, 0.07532357959668691]}, "coverage": {"1030_ERA": [0.019999999999999907, 0.08999999999999997, 0.040000000000000036, 0.08500000000000008, 0.06999999999999995]}, "time_all": {"1030_ERA": [0.3517158031463623, 0.328582763671875, 0.32985663414001465, 0.3380391597747803, 0.3261098861694336]}, "time_fit": {"1030_ERA": [0.06378722190856934, 0.05965065956115723, 0.06151556968688965, 0.06682324409484863, 0.06607937812805176]}, "sizes": {"1030_ERA": []}, "tau": 0.7}, "DecisionTree": {"losses": {"1030_ERA": [0.0679, 0.06680625000000001, 0.0644625, 0.0669, 0.07200000000000001]}, "coverage": {"1030_ERA": [0.08000000000000007, 0.06500000000000006, 0.135, 0.15000000000000002, 0.040000000000000036]}, "complexity": {"1030_ERA": [87, 55, 31, 49, 35]}, "time_all": {"1030_ERA": [0.07426619529724121, 0.06926131248474121, 0.06836533546447754, 0.06971144676208496, 0.06794238090515137]}, "time_fit": {"1030_ERA": [0.008139371871948242, 0.005785226821899414, 0.00413966178894043, 0.005418539047241211, 0.004410505294799805]}, "sizes": {"1030_ERA": []}, "tau": 0.7}, "LinearQuantile": {"losses": {"1030_ERA": [0.0669240511383867, 0.07052556000483375, 0.06399606934637445, 0.06812874537274348, 0.07281701644866499]}, "coverage": {"1030_ERA": [0.019999999999999907, 0.08499999999999996, 0.04500000000000004, 0.10000000000000009, 0.06999999999999995]}, "complexity": {"1030_ERA": [4, 4, 4, 4, 4]}, "time_all": {"1030_ERA": [0.16153955459594727, 0.12723088264465332, 0.18352770805358887, 0.3538784980773926, 0.12998080253601074]}, "time_fit": {"1030_ERA": [0.013635396957397461, 0.010905742645263672, 0.016094446182250977, 0.031636953353881836, 0.011210203170776367]}, "sizes": {"1030_ERA": []}, "tau": 0.7}}
