{"SQR": {"losses": {"192_vineyard": [0.04297891986168254, 0.03185330910444874, 0.060611390713341505, 0.03757069322467149, 0.06083853761241095]}, "coverage": {"192_vineyard": [0.07272727272727275, 0.018181818181818188, 0.30000000000000004, 0.20000000000000007, 0.30000000000000004]}, "complexity": {"192_vineyard": [14, 6, 8, 11, 10]}, "time_all": {"192_vineyard": [76.30640482902527, 62.96973466873169, 61.15809607505798, 62.97479009628296, 61.69988560676575]}, "time_fit": {"192_vineyard": [76.30640482902527, 62.96973466873169, 61.15809607505798, 62.97479009628296, 61.69988560676575]}, "sizes": {"192_vineyard": []}, "tau": 0.8}, "LightGBM": {"losses": {"192_vineyard": [0.040618955512572524, 0.0390715667311412, 0.05659574468085106, 0.04212765957446808, 0.037021276595744675]}, "coverage": {"192_vineyard": [0.018181818181818188, 0.10909090909090902, 0.10000000000000009, 0.0, 0.0]}, "time_all": {"192_vineyard": [0.07601189613342285, 0.036112308502197266, 0.030785560607910156, 0.03182482719421387, 0.03566718101501465]}, "time_fit": {"192_vineyard": [0.0038869380950927734, 0.004535198211669922, 0.003780364990234375, 0.0038597583770751953, 0.004624843597412109]}, "sizes": {"192_vineyard": []}, "tau": 0.8}, "DecisionTree": {"losses": {"192_vineyard": [0.02328820116054158, 0.0390715667311412, 0.0429787234042553, 0.02340425531914893, 0.037021276595744675]}, "coverage": {"192_vineyard": [0.19999999999999996, 0.10909090909090902, 0.20000000000000007, 0.19999999999999996, 0.0]}, "complexity": {"192_vineyard": [5, 1, 5, 5, 1]}, "time_all": {"192_vineyard": [0.028460979461669922, 0.027240276336669922, 0.02301931381225586, 0.027758121490478516, 0.028532743453979492]}, "time_fit": {"192_vineyard": [0.0018951892852783203, 0.0014824867248535156, 0.0014612674713134766, 0.0018570423126220703, 0.0015115737915039062]}, "sizes": {"192_vineyard": []}, "tau": 0.8}, "LinearQuantile": {"losses": {"192_vineyard": [0.03207562335411026, 0.03504835478999111, 0.07521817544250739, 0.041260834202658, 0.03186733187728289]}, "coverage": {"192_vineyard": [0.10909090909090902, 0.07272727272727275, 0.30000000000000004, 0.10000000000000009, 0.0]}, "complexity": {"192_vineyard": [2, 2, 2, 2, 2]}, "time_all": {"192_vineyard": [0.07931637763977051, 0.06779766082763672, 0.04907703399658203, 0.05066871643066406, 0.7028253078460693]}, "time_fit": {"192_vineyard": [0.006302595138549805, 0.0054814815521240234, 0.003939151763916016, 0.004014253616333008, 0.051473379135131836]}, "sizes": {"192_vineyard": []}, "tau": 0.8}}
