{"SQR": {"losses": {"215_2dplanes": [0.024136461506543853, 0.023935466599674948, 0.024098180133692967, 0.02415830869134712, 0.02467886954577966]}, "coverage": {"215_2dplanes": [0.0020112828059847265, 0.006181015452538574, 0.007162129016433649, 0.001079357291794425, 0.04798233778977068]}, "complexity": {"215_2dplanes": [13, 14, 14, 15, 12]}, "time_all": {"215_2dplanes": [567.5684943199158, 542.6726965904236, 527.6435787677765, 564.5848591327667, 547.2472598552704]}, "time_fit": {"215_2dplanes": [567.5684943199158, 542.6726965904236, 527.6435787677765, 564.5848591327667, 547.2472598552704]}, "sizes": {"215_2dplanes": []}, "tau": 0.6}, "LightGBM": {"losses": {"215_2dplanes": [0.01821023442639316, 0.018244426145093987, 0.018166717124375103, 0.018222827125039726, 0.018174674028455583]}, "coverage": {"215_2dplanes": [0.027299484915378924, 0.02276183468236448, 0.02607309296051019, 0.022592910585060744, 0.03485833435545205]}, "time_all": {"215_2dplanes": [1.6634712219238281, 1.4393675327301025, 1.4000277519226074, 1.4083518981933594, 1.376842975616455]}, "time_fit": {"215_2dplanes": [0.23164677619934082, 0.21090459823608398, 0.21001410484313965, 0.22192788124084473, 0.20844411849975586]}, "sizes": {"215_2dplanes": []}, "tau": 0.6}, "DecisionTree": {"losses": {"215_2dplanes": [0.01584778407281751, 0.01602380110201603, 0.01575225934063937, 0.015689963545779947, 0.015804551235133243]}, "coverage": {"215_2dplanes": [0.006426293843512343, 0.005322541084130439, 0.008265881775815553, 0.005126947136023574, 0.0028455783147307567]}, "complexity": {"215_2dplanes": [1053, 1067, 981, 971, 997]}, "time_all": {"215_2dplanes": [2.5829718112945557, 2.3918230533599854, 2.386667251586914, 2.3857016563415527, 2.383838415145874]}, "time_fit": {"215_2dplanes": [0.11361145973205566, 0.11468815803527832, 0.10976743698120117, 0.10893893241882324, 0.10976648330688477]}, "sizes": {"215_2dplanes": []}, "tau": 0.6}, "LinearQuantile": {"losses": {"215_2dplanes": [0.03725298255736339, 0.03743035856561533, 0.03737469345490141, 0.037052699618410706, 0.03763676587888663]}, "coverage": {"215_2dplanes": [0.003728231542801108, 0.0011773362766740458, 0.0022565611969584953, 0.0011284189868759897, 0.006157242732736434]}, "complexity": {"215_2dplanes": [29, 29, 29, 29, 29]}, "time_all": {"215_2dplanes": [34.18113923072815, 31.464948415756226, 43.22964334487915, 18.135350227355957, 26.879750728607178]}, "time_fit": {"215_2dplanes": [3.0654819011688232, 2.7901461124420166, 3.9005446434020996, 1.546318531036377, 2.3528950214385986]}, "sizes": {"215_2dplanes": []}, "tau": 0.6}}
