{"SQR": {"losses": {"590_fri_c0_1000_50": [0.00902093427890144, 0.013166913928883025, 0.012225154543731, 0.007503172417070097, 0.009876033745766436]}, "coverage": {"590_fri_c0_1000_50": [0.015000000000000013, 0.020000000000000018, 0.0050000000000000044, 0.015000000000000013, 0.03500000000000003]}, "complexity": {"590_fri_c0_1000_50": [10, 9, 8, 12, 10]}, "time_all": {"590_fri_c0_1000_50": [106.10049962997437, 96.70583581924438, 92.2069296836853, 92.20797061920166, 90.9303252696991]}, "time_fit": {"590_fri_c0_1000_50": [106.10049962997437, 96.70583581924438, 92.2069296836853, 92.20797061920166, 90.9303252696991]}, "sizes": {"590_fri_c0_1000_50": []}, "tau": 0.9}, "LightGBM": {"losses": {"590_fri_c0_1000_50": [0.019372469296098108, 0.020519050320794836, 0.0220080218024631, 0.020081861462044694, 0.021785948141550614]}, "coverage": {"590_fri_c0_1000_50": [0.0, 0.03500000000000003, 0.025000000000000022, 0.025000000000000022, 0.0]}, "time_all": {"590_fri_c0_1000_50": [0.4025285243988037, 0.3871002197265625, 0.35005664825439453, 0.36567258834838867, 0.3691129684448242]}, "time_fit": {"590_fri_c0_1000_50": [0.07419180870056152, 0.07387089729309082, 0.0747830867767334, 0.06894850730895996, 0.07094430923461914]}, "sizes": {"590_fri_c0_1000_50": []}, "tau": 0.9}, "DecisionTree": {"losses": {"590_fri_c0_1000_50": [0.020333589890757422, 0.020565675507617284, 0.02086571500288076, 0.02079335236077918, 0.019779505960937]}, "coverage": {"590_fri_c0_1000_50": [0.040000000000000036, 0.04500000000000004, 0.10499999999999998, 0.07000000000000006, 0.0]}, "complexity": {"590_fri_c0_1000_50": [27, 39, 57, 33, 25]}, "time_all": {"590_fri_c0_1000_50": [0.4496424198150635, 0.4428060054779053, 0.44413304328918457, 0.4461538791656494, 0.44280433654785156]}, "time_fit": {"590_fri_c0_1000_50": [0.030658483505249023, 0.0323634147644043, 0.03583717346191406, 0.031009435653686523, 0.02970743179321289]}, "sizes": {"590_fri_c0_1000_50": []}, "tau": 0.9}, "LinearQuantile": {"losses": {"590_fri_c0_1000_50": [0.04400979097304629, 0.04500280410698881, 0.038236245384079055, 0.04063745264892309, 0.03885642054585457]}, "coverage": {"590_fri_c0_1000_50": [0.465, 0.48000000000000004, 0.43000000000000005, 0.49000000000000005, 0.46]}, "complexity": {"590_fri_c0_1000_50": [50, 50, 50, 50, 50]}, "time_all": {"590_fri_c0_1000_50": [7.504786968231201, 7.505367040634155, 29.857983350753784, 16.9894700050354, 11.351278305053711]}, "time_fit": {"590_fri_c0_1000_50": [0.6544358730316162, 0.4281938076019287, 2.255882740020752, 1.4504764080047607, 0.9896383285522461]}, "sizes": {"590_fri_c0_1000_50": []}, "tau": 0.9}}
