{"SQR": {"losses": {"690_visualizing_galaxy": [0.030318291181221656, 0.028177464643292315, 0.019582309516172985, 0.016001248260295517, 0.019946898475690138]}, "coverage": {"690_visualizing_galaxy": [0.08461538461538454, 0.08461538461538454, 0.038461538461538436, 0.012499999999999956, 0.12812500000000004]}, "complexity": {"690_visualizing_galaxy": [4, 6, 8, 6, 8]}, "time_all": {"690_visualizing_galaxy": [99.90096974372864, 72.73061347007751, 80.55247473716736, 83.66961216926575, 81.53618597984314]}, "time_fit": {"690_visualizing_galaxy": [99.90096974372864, 72.73061347007751, 80.55247473716736, 83.66961216926575, 81.53618597984314]}, "sizes": {"690_visualizing_galaxy": []}, "tau": 0.7}, "LightGBM": {"losses": {"690_visualizing_galaxy": [0.02090406130192413, 0.025632306970308036, 0.023922329078225984, 0.023463175326293897, 0.02392544087167083]}, "coverage": {"690_visualizing_galaxy": [0.007692307692307776, 0.007692307692307665, 0.007692307692307776, 0.059374999999999956, 0.11250000000000004]}, "time_all": {"690_visualizing_galaxy": [0.18746352195739746, 0.14461994171142578, 0.1671128273010254, 0.14461517333984375, 0.1694166660308838]}, "time_fit": {"690_visualizing_galaxy": [0.03208446502685547, 0.03275632858276367, 0.04042315483093262, 0.03413033485412598, 0.040695905685424805]}, "sizes": {"690_visualizing_galaxy": []}, "tau": 0.7}, "DecisionTree": {"losses": {"690_visualizing_galaxy": [0.015409836065573754, 0.019810424548129462, 0.018576712904581762, 0.01394808743169401, 0.012690403005464482]}, "coverage": {"690_visualizing_galaxy": [0.11538461538461531, 0.053846153846153766, 0.13076923076923075, 0.13749999999999996, 0.034375000000000044]}, "complexity": {"690_visualizing_galaxy": [43, 109, 105, 103, 97]}, "time_all": {"690_visualizing_galaxy": [0.053513288497924805, 0.0570218563079834, 0.05675673484802246, 0.0562281608581543, 0.05613112449645996]}, "time_fit": {"690_visualizing_galaxy": [0.005118131637573242, 0.009694576263427734, 0.009397268295288086, 0.0092315673828125, 0.008898258209228516]}, "sizes": {"690_visualizing_galaxy": []}, "tau": 0.7}, "LinearQuantile": {"losses": {"690_visualizing_galaxy": [0.029551490127976938, 0.0338216894501899, 0.027488752603924638, 0.026912981940705915, 0.02529860649598604]}, "coverage": {"690_visualizing_galaxy": [0.007692307692307665, 0.0692307692307692, 0.05384615384615388, 0.043749999999999956, 0.050000000000000044]}, "complexity": {"690_visualizing_galaxy": [10, 10, 10, 10, 10]}, "time_all": {"690_visualizing_galaxy": [0.7190868854522705, 0.1857297420501709, 0.8412337303161621, 0.48920583724975586, 0.3008871078491211]}, "time_fit": {"690_visualizing_galaxy": [0.06424546241760254, 0.016313791275024414, 0.0606074333190918, 0.04343676567077637, 0.026763916015625]}, "sizes": {"690_visualizing_galaxy": []}, "tau": 0.7}}
