{"SQR": {"losses": {"547_no2": [0.044475484721852684, 0.047075231192127316, 0.04964456125651085, 0.04389025318741307, 0.058511727029952214]}, "coverage": {"547_no2": [0.06999999999999995, 0.039999999999999925, 0.020000000000000018, 0.07000000000000006, 0.07999999999999996]}, "complexity": {"547_no2": [5, 2, 4, 2, 2]}, "time_all": {"547_no2": [107.36781477928162, 81.27921938896179, 83.2663950920105, 94.42340159416199, 96.99605655670166]}, "time_fit": {"547_no2": [107.36781477928162, 81.27921938896179, 83.2663950920105, 94.42340159416199, 96.99605655670166]}, "sizes": {"547_no2": []}, "tau": 0.6}, "LightGBM": {"losses": {"547_no2": [0.036155218655822316, 0.03143417281924295, 0.039759605026777056, 0.033743982091669414, 0.038996254772489664]}, "coverage": {"547_no2": [0.04999999999999993, 0.07000000000000006, 0.020000000000000018, 0.08999999999999997, 0.020000000000000018]}, "time_all": {"547_no2": [0.2612476348876953, 0.24088549613952637, 0.21585822105407715, 0.23526620864868164, 0.24446773529052734]}, "time_fit": {"547_no2": [0.04843568801879883, 0.05050039291381836, 0.0491328239440918, 0.04746127128601074, 0.0504298210144043]}, "sizes": {"547_no2": []}, "tau": 0.6}, "DecisionTree": {"losses": {"547_no2": [0.03773930990881001, 0.03509365483379669, 0.038297976207658194, 0.035195314053383865, 0.03909719111943812]}, "coverage": {"547_no2": [0.020000000000000018, 0.020000000000000018, 0.010000000000000009, 0.030000000000000027, 0.09999999999999998]}, "complexity": {"547_no2": [27, 11, 31, 13, 71]}, "time_all": {"547_no2": [0.07488608360290527, 0.07032108306884766, 0.07343292236328125, 0.07191038131713867, 0.07664155960083008]}, "time_fit": {"547_no2": [0.0048809051513671875, 0.0031414031982421875, 0.0050694942474365234, 0.003392934799194336, 0.008472204208374023]}, "sizes": {"547_no2": []}, "tau": 0.6}, "LinearQuantile": {"losses": {"547_no2": [0.03949617625236797, 0.03660876849497471, 0.03931402037822035, 0.03508974705000715, 0.04371590017847909]}, "coverage": {"547_no2": [0.08999999999999997, 0.040000000000000036, 0.10999999999999999, 0.0, 0.13]}, "complexity": {"547_no2": [7, 7, 7, 7, 7]}, "time_all": {"547_no2": [0.39748263359069824, 0.19660377502441406, 0.24799489974975586, 0.32721567153930664, 0.2900052070617676]}, "time_fit": {"547_no2": [0.0347294807434082, 0.017281055450439453, 0.02130866050720215, 0.02916884422302246, 0.025787830352783203]}, "sizes": {"547_no2": []}, "tau": 0.6}}
