{"SQR": {"losses": {"626_fri_c2_500_50": [0.025804029350637803, 0.023762078942894272, 0.035145611848394355, 0.025473297293058614, 0.01747537557648944]}, "coverage": {"626_fri_c2_500_50": [0.010000000000000009, 0.020000000000000018, 0.030000000000000027, 0.13, 0.0]}, "complexity": {"626_fri_c2_500_50": [11, 11, 9, 14, 14]}, "time_all": {"626_fri_c2_500_50": [95.10799765586853, 86.8094596862793, 77.87438344955444, 84.4992401599884, 86.42100119590759]}, "time_fit": {"626_fri_c2_500_50": [95.10799765586853, 86.8094596862793, 77.87438344955444, 84.4992401599884, 86.42100119590759]}, "sizes": {"626_fri_c2_500_50": []}, "tau": 0.5}, "LightGBM": {"losses": {"626_fri_c2_500_50": [0.03856035519172332, 0.036543366367763744, 0.03566793668634204, 0.04183100275031668, 0.043711070219831824]}, "coverage": {"626_fri_c2_500_50": [0.020000000000000018, 0.050000000000000044, 0.08999999999999997, 0.040000000000000036, 0.06]}, "time_all": {"626_fri_c2_500_50": [0.32287025451660156, 0.26704883575439453, 0.27344226837158203, 0.3055727481842041, 0.27557992935180664]}, "time_fit": {"626_fri_c2_500_50": [0.06534218788146973, 0.05811119079589844, 0.06117057800292969, 0.06207895278930664, 0.062098026275634766]}, "sizes": {"626_fri_c2_500_50": []}, "tau": 0.5}, "DecisionTree": {"losses": {"626_fri_c2_500_50": [0.04299146622222533, 0.043089465065962465, 0.03970840272442919, 0.04317549842499382, 0.047291748361895286]}, "coverage": {"626_fri_c2_500_50": [0.040000000000000036, 0.08000000000000002, 0.030000000000000027, 0.09999999999999998, 0.04999999999999999]}, "complexity": {"626_fri_c2_500_50": [29, 161, 71, 73, 15]}, "time_all": {"626_fri_c2_500_50": [0.2106022834777832, 0.23326611518859863, 0.20281219482421875, 0.20854544639587402, 0.194915771484375]}, "time_fit": {"626_fri_c2_500_50": [0.017576217651367188, 0.03522014617919922, 0.022164106369018555, 0.023932218551635742, 0.012636661529541016]}, "sizes": {"626_fri_c2_500_50": []}, "tau": 0.5}, "LinearQuantile": {"losses": {"626_fri_c2_500_50": [0.08899107728418565, 0.09044264486696203, 0.07820956215875531, 0.0789019100507128, 0.08485985327493507]}, "coverage": {"626_fri_c2_500_50": [0.020000000000000018, 0.030000000000000027, 0.03999999999999998, 0.020000000000000018, 0.04999999999999999]}, "complexity": {"626_fri_c2_500_50": [50, 50, 50, 50, 50]}, "time_all": {"626_fri_c2_500_50": [5.032734155654907, 4.642306566238403, 24.392748594284058, 16.629342079162598, 6.977626800537109]}, "time_fit": {"626_fri_c2_500_50": [0.41522765159606934, 0.4180152416229248, 2.196226119995117, 1.409641981124878, 0.5604405403137207]}, "sizes": {"626_fri_c2_500_50": []}, "tau": 0.5}}
