{"SQR": {"losses": {"666_rmftsa_ladata": [0.01572929281496688, 0.01186105618403737, 0.014245990327052507, 0.014179336147188734, 0.023260777576473688]}, "coverage": {"666_rmftsa_ladata": [0.04705882352941182, 0.027450980392156876, 0.0607843137254902, 0.000990099009900991, 0.07821782178217829]}, "complexity": {"666_rmftsa_ladata": [4, 5, 3, 3, 2]}, "time_all": {"666_rmftsa_ladata": [102.57664704322815, 93.59815287590027, 85.64851260185242, 90.73676252365112, 93.66062521934509]}, "time_fit": {"666_rmftsa_ladata": [102.57664704322815, 93.59815287590027, 85.64851260185242, 90.73676252365112, 93.66062521934509]}, "sizes": {"666_rmftsa_ladata": []}, "tau": 0.9}, "LightGBM": {"losses": {"666_rmftsa_ladata": [0.01617644490609788, 0.011840284497974437, 0.014705586337787464, 0.012343303705508925, 0.01657145928595773]}, "coverage": {"666_rmftsa_ladata": [0.03725490196078429, 0.007843137254901933, 0.0019607843137254832, 0.0108910891089109, 0.04851485148514856]}, "time_all": {"666_rmftsa_ladata": [0.23026657104492188, 0.20720815658569336, 0.20021724700927734, 0.17455697059631348, 0.19369244575500488]}, "time_fit": {"666_rmftsa_ladata": [0.04192709922790527, 0.040537118911743164, 0.03896832466125488, 0.0406646728515625, 0.04315805435180664]}, "sizes": {"666_rmftsa_ladata": []}, "tau": 0.9}, "DecisionTree": {"losses": {"666_rmftsa_ladata": [0.01378036628353388, 0.013847964681418959, 0.014621498133089578, 0.013313968634706226, 0.01589372683696059]}, "coverage": {"666_rmftsa_ladata": [0.1352941176470589, 0.06666666666666665, 0.01764705882352946, 0.03861386138613865, 0.04851485148514856]}, "complexity": {"666_rmftsa_ladata": [69, 19, 27, 19, 11]}, "time_all": {"666_rmftsa_ladata": [0.09722518920898438, 0.08736228942871094, 0.09105634689331055, 0.09008336067199707, 0.08828115463256836]}, "time_fit": {"666_rmftsa_ladata": [0.010119438171386719, 0.005304098129272461, 0.006441593170166016, 0.005437135696411133, 0.004132747650146484]}, "sizes": {"666_rmftsa_ladata": []}, "tau": 0.9}, "LinearQuantile": {"losses": {"666_rmftsa_ladata": [0.018007327824608333, 0.014283371506312668, 0.01486334420752569, 0.012130821848130798, 0.016147899414702866]}, "coverage": {"666_rmftsa_ladata": [0.0862745098039216, 0.021568627450980316, 0.027450980392156876, 0.03069306930693072, 0.0108910891089109]}, "complexity": {"666_rmftsa_ladata": [10, 10, 10, 10, 10]}, "time_all": {"666_rmftsa_ladata": [0.4210686683654785, 0.24874043464660645, 0.3733067512512207, 0.31639766693115234, 0.29760169982910156]}, "time_fit": {"666_rmftsa_ladata": [0.037047624588012695, 0.022029876708984375, 0.031969547271728516, 0.028311729431152344, 0.026418447494506836]}, "sizes": {"666_rmftsa_ladata": []}, "tau": 0.9}}
