{"SQR": {"losses": {"607_fri_c4_1000_50": [0.010267820309822725, 0.020973396976519006, 0.007754025233033899, 0.015212626089602273, 0.015543847890963629]}, "coverage": {"607_fri_c4_1000_50": [0.0, 0.03500000000000003, 0.04500000000000004, 0.029999999999999916, 0.050000000000000044]}, "complexity": {"607_fri_c4_1000_50": [17, 4, 14, 6, 10]}, "time_all": {"607_fri_c4_1000_50": [110.21482467651367, 98.04387378692627, 111.03837871551514, 102.3904173374176, 105.29599595069885]}, "time_fit": {"607_fri_c4_1000_50": [110.21482467651367, 98.04387378692627, 111.03837871551514, 102.3904173374176, 105.29599595069885]}, "sizes": {"607_fri_c4_1000_50": []}, "tau": 0.8}, "LightGBM": {"losses": {"607_fri_c4_1000_50": [0.016688752496582433, 0.021625939270837252, 0.01939759911335176, 0.018318804020000096, 0.022630669133983615]}, "coverage": {"607_fri_c4_1000_50": [0.04500000000000004, 0.020000000000000018, 0.03500000000000003, 0.029999999999999916, 0.03500000000000003]}, "time_all": {"607_fri_c4_1000_50": [0.4629631042480469, 0.4002499580383301, 0.43155360221862793, 0.40087080001831055, 0.4036705493927002]}, "time_fit": {"607_fri_c4_1000_50": [0.07759952545166016, 0.06802177429199219, 0.07008194923400879, 0.06965827941894531, 0.06878423690795898]}, "sizes": {"607_fri_c4_1000_50": []}, "tau": 0.8}, "DecisionTree": {"losses": {"607_fri_c4_1000_50": [0.020659496914524195, 0.019993300531878793, 0.0193504477729492, 0.01734409066059332, 0.019911807935083948]}, "coverage": {"607_fri_c4_1000_50": [0.07500000000000007, 0.1050000000000001, 0.135, 0.08000000000000007, 0.08000000000000007]}, "complexity": {"607_fri_c4_1000_50": [65, 141, 137, 139, 61]}, "time_all": {"607_fri_c4_1000_50": [0.49733877182006836, 0.4423069953918457, 0.47563624382019043, 0.41903066635131836, 0.4549384117126465]}, "time_fit": {"607_fri_c4_1000_50": [0.04321861267089844, 0.04421567916870117, 0.048451900482177734, 0.04323840141296387, 0.03715348243713379]}, "sizes": {"607_fri_c4_1000_50": []}, "tau": 0.8}, "LinearQuantile": {"losses": {"607_fri_c4_1000_50": [0.0558566246332546, 0.05971936481055077, 0.05874507851352931, 0.0532487057085437, 0.0561703811080756]}, "coverage": {"607_fri_c4_1000_50": [0.34500000000000003, 0.29500000000000004, 0.32000000000000006, 0.32000000000000006, 0.29500000000000004]}, "complexity": {"607_fri_c4_1000_50": [50, 50, 50, 50, 50]}, "time_all": {"607_fri_c4_1000_50": [7.182781457901001, 5.782127857208252, 15.119181632995605, 6.948156833648682, 5.00641393661499]}, "time_fit": {"607_fri_c4_1000_50": [0.622927188873291, 0.4457526206970215, 1.2778496742248535, 0.6066198348999023, 0.3739335536956787]}, "sizes": {"607_fri_c4_1000_50": []}, "tau": 0.8}}
