{"SQR": {"losses": {"592_fri_c4_1000_25": [0.0105657128509979, 0.019085011681775864, 0.011202227143584905, 0.011152087836347071, 0.014667928168397128]}, "coverage": {"592_fri_c4_1000_25": [0.07000000000000006, 0.010000000000000009, 0.014999999999999902, 0.040000000000000036, 0.04499999999999993]}, "complexity": {"592_fri_c4_1000_25": [13, 10, 14, 13, 11]}, "time_all": {"592_fri_c4_1000_25": [118.84556484222412, 111.8488621711731, 102.30076217651367, 108.04623103141785, 102.1552803516388]}, "time_fit": {"592_fri_c4_1000_25": [118.84556484222412, 111.8488621711731, 102.30076217651367, 108.04623103141785, 102.1552803516388]}, "sizes": {"592_fri_c4_1000_25": []}, "tau": 0.8}, "LightGBM": {"losses": {"592_fri_c4_1000_25": [0.021184541928864195, 0.02320828090925326, 0.024577142752240176, 0.02307232647987065, 0.02168203680812247]}, "coverage": {"592_fri_c4_1000_25": [0.05500000000000005, 0.014999999999999902, 0.07499999999999996, 0.05500000000000005, 0.05500000000000005]}, "time_all": {"592_fri_c4_1000_25": [0.42673254013061523, 0.3890066146850586, 0.4350285530090332, 0.36138200759887695, 0.36594653129577637]}, "time_fit": {"592_fri_c4_1000_25": [0.06496214866638184, 0.057793617248535156, 0.08772969245910645, 0.05966496467590332, 0.058252573013305664]}, "sizes": {"592_fri_c4_1000_25": []}, "tau": 0.8}, "DecisionTree": {"losses": {"592_fri_c4_1000_25": [0.022094161842944462, 0.020422514348611257, 0.020854100566562707, 0.027049404333524298, 0.02321128977353029]}, "coverage": {"592_fri_c4_1000_25": [0.05500000000000005, 0.07000000000000006, 0.08000000000000007, 0.20500000000000007, 0.09500000000000008]}, "complexity": {"592_fri_c4_1000_25": [63, 141, 141, 137, 135]}, "time_all": {"592_fri_c4_1000_25": [0.29624390602111816, 0.295029878616333, 0.3191866874694824, 0.3000202178955078, 0.29599523544311523]}, "time_fit": {"592_fri_c4_1000_25": [0.02427053451538086, 0.03229236602783203, 0.0356297492980957, 0.03413558006286621, 0.031645774841308594]}, "sizes": {"592_fri_c4_1000_25": []}, "tau": 0.8}, "LinearQuantile": {"losses": {"592_fri_c4_1000_25": [0.06323735480025001, 0.06333760688808775, 0.055445768788412675, 0.057404328347720204, 0.06837712500470287]}, "coverage": {"592_fri_c4_1000_25": [0.38500000000000006, 0.335, 0.26, 0.28500000000000003, 0.405]}, "complexity": {"592_fri_c4_1000_25": [25, 25, 25, 25, 25]}, "time_all": {"592_fri_c4_1000_25": [1.3579792976379395, 1.859520673751831, 1.2723126411437988, 0.7980639934539795, 3.27006196975708]}, "time_fit": {"592_fri_c4_1000_25": [0.09064173698425293, 0.14966177940368652, 0.08186101913452148, 0.06047201156616211, 0.2794210910797119]}, "sizes": {"592_fri_c4_1000_25": []}, "tau": 0.8}}
