{"SQR": {"losses": {"666_rmftsa_ladata": [0.032454925136817005, 0.023357801406911807, 0.028972671260155233, 0.025286148006779422, 0.03420983722959872]}, "coverage": {"666_rmftsa_ladata": [0.05294117647058816, 0.025490196078431393, 0.025490196078431393, 0.07227722772277234, 0.0861386138613861]}, "complexity": {"666_rmftsa_ladata": [2, 3, 2, 3, 2]}, "time_all": {"666_rmftsa_ladata": [95.80113983154297, 100.45398354530334, 80.16973757743835, 84.91231870651245, 82.93299150466919]}, "time_fit": {"666_rmftsa_ladata": [95.80113983154297, 100.45398354530334, 80.16973757743835, 84.91231870651245, 82.93299150466919]}, "sizes": {"666_rmftsa_ladata": []}, "tau": 0.7}, "LightGBM": {"losses": {"666_rmftsa_ladata": [0.026642441974274605, 0.02121708342282007, 0.025100024419159577, 0.02093244498017209, 0.026133703987295673]}, "coverage": {"666_rmftsa_ladata": [0.013725490196078383, 0.013725490196078383, 0.03529411764705892, 0.022772277227722793, 0.036633663366336555]}, "time_all": {"666_rmftsa_ladata": [0.25647950172424316, 0.2476968765258789, 0.2133793830871582, 0.24020648002624512, 0.25689196586608887]}, "time_fit": {"666_rmftsa_ladata": [0.04053997993469238, 0.0502469539642334, 0.0449366569519043, 0.04551410675048828, 0.05762672424316406]}, "sizes": {"666_rmftsa_ladata": []}, "tau": 0.7}, "DecisionTree": {"losses": {"666_rmftsa_ladata": [0.02652628605638708, 0.023013250348839796, 0.025118109807316363, 0.02277144820065964, 0.025614743137312337]}, "coverage": {"666_rmftsa_ladata": [0.1215686274509803, 0.04313725490196074, 0.013725490196078383, 0.012871287128712883, 0.036633663366336555]}, "complexity": {"666_rmftsa_ladata": [17, 19, 71, 15, 29]}, "time_all": {"666_rmftsa_ladata": [0.09197759628295898, 0.0857694149017334, 0.09435367584228516, 0.08985638618469238, 0.08927369117736816]}, "time_fit": {"666_rmftsa_ladata": [0.0051991939544677734, 0.005240440368652344, 0.010259389877319336, 0.005038261413574219, 0.006369829177856445]}, "sizes": {"666_rmftsa_ladata": []}, "tau": 0.7}, "LinearQuantile": {"losses": {"666_rmftsa_ladata": [0.029909526552831217, 0.02208239956059209, 0.022917302522632167, 0.02130788109475348, 0.0269455986783862]}, "coverage": {"666_rmftsa_ladata": [0.0725490196078431, 0.0039215686274509665, 0.045098039215686336, 0.022772277227722793, 0.022772277227722793]}, "complexity": {"666_rmftsa_ladata": [10, 10, 10, 10, 10]}, "time_all": {"666_rmftsa_ladata": [0.2850077152252197, 0.17328405380249023, 0.7844550609588623, 0.32315826416015625, 0.5201516151428223]}, "time_fit": {"666_rmftsa_ladata": [0.024540185928344727, 0.015200138092041016, 0.05616426467895508, 0.027834653854370117, 0.04677176475524902]}, "sizes": {"666_rmftsa_ladata": []}, "tau": 0.7}}
