{"SQR": {"losses": {"557_analcatdata_apnea1": [0.00812050403158713, 0.007746992405017512, 0.014989374558302715, 0.0044191441242350015, 0.009904594559891663]}, "coverage": {"557_analcatdata_apnea1": [0.0368421052631579, 0.026315789473684292, 0.09999999999999998, 0.0368421052631579, 0.08947368421052626]}, "complexity": {"557_analcatdata_apnea1": [15, 8, 10, 7, 6]}, "time_all": {"557_analcatdata_apnea1": [119.04031920433044, 94.64559388160706, 85.09477591514587, 96.93964505195618, 92.2659969329834]}, "time_fit": {"557_analcatdata_apnea1": [119.04031920433044, 94.64559388160706, 85.09477591514587, 96.93964505195618, 92.2659969329834]}, "sizes": {"557_analcatdata_apnea1": []}, "tau": 0.7}, "LightGBM": {"losses": {"557_analcatdata_apnea1": [0.025446014304142877, 0.024179241489404212, 0.02016259496248941, 0.015874671897767575, 0.01807494142494853]}, "coverage": {"557_analcatdata_apnea1": [0.07894736842105265, 0.047368421052631615, 0.05789473684210533, 0.15263157894736845, 0.06842105263157894]}, "time_all": {"557_analcatdata_apnea1": [0.25057530403137207, 0.2018897533416748, 0.215576171875, 0.2153463363647461, 0.18081426620483398]}, "time_fit": {"557_analcatdata_apnea1": [0.05955171585083008, 0.05585670471191406, 0.03867816925048828, 0.056976318359375, 0.03671908378601074]}, "sizes": {"557_analcatdata_apnea1": []}, "tau": 0.7}, "DecisionTree": {"losses": {"557_analcatdata_apnea1": [0.005072400980455455, 0.007097424412094062, 0.006128701475358377, 0.004604342589479919, 0.005575412029502714]}, "coverage": {"557_analcatdata_apnea1": [0.1105263157894737, 0.12105263157894741, 0.02631578947368418, 0.14210526315789473, 0.047368421052631615]}, "complexity": {"557_analcatdata_apnea1": [129, 123, 121, 53, 61]}, "time_all": {"557_analcatdata_apnea1": [0.06602048873901367, 0.06283235549926758, 0.06354856491088867, 0.056940555572509766, 0.05922365188598633]}, "time_fit": {"557_analcatdata_apnea1": [0.01149296760559082, 0.010665178298950195, 0.010620355606079102, 0.00562739372253418, 0.006127119064331055]}, "sizes": {"557_analcatdata_apnea1": []}, "tau": 0.7}, "LinearQuantile": {"losses": {"557_analcatdata_apnea1": [0.03142555639969017, 0.025130765378569026, 0.021321922880645487, 0.02151873069062065, 0.019267686157269984]}, "coverage": {"557_analcatdata_apnea1": [0.026315789473684292, 0.08947368421052626, 0.015789473684210464, 0.08947368421052637, 0.05789473684210522]}, "complexity": {"557_analcatdata_apnea1": [11, 11, 11, 11, 11]}, "time_all": {"557_analcatdata_apnea1": [0.5318994522094727, 0.16748905181884766, 0.28554630279541016, 0.30539393424987793, 0.2854337692260742]}, "time_fit": {"557_analcatdata_apnea1": [0.047231435775756836, 0.014667034149169922, 0.025408029556274414, 0.02643108367919922, 0.025057077407836914]}, "sizes": {"557_analcatdata_apnea1": []}, "tau": 0.7}}
