{"SQR": {"losses": {"695_chatfield_4": [0.014578460014083437, 0.010534108748598394, 0.011979405200678953, 0.012610679886979984, 0.01564235254801088]}, "coverage": {"695_chatfield_4": [0.09148936170212774, 0.04893617021276597, 0.057446808510638325, 0.1340425531914894, 0.02765957446808509]}, "complexity": {"695_chatfield_4": [15, 4, 3, 9, 3]}, "time_all": {"695_chatfield_4": [90.6812834739685, 80.19516921043396, 73.47180652618408, 71.18465113639832, 77.35844326019287]}, "time_fit": {"695_chatfield_4": [90.6812834739685, 80.19516921043396, 73.47180652618408, 71.18465113639832, 77.35844326019287]}, "sizes": {"695_chatfield_4": []}, "tau": 0.9}, "LightGBM": {"losses": {"695_chatfield_4": [0.021745842468552917, 0.01845300643475614, 0.013843303500769389, 0.02144519235110109, 0.017624849445653915]}, "coverage": {"695_chatfield_4": [0.02765957446808509, 0.014893617021276562, 0.0787234042553191, 0.036170212765957444, 0.014893617021276562]}, "time_all": {"695_chatfield_4": [0.15242791175842285, 0.134019136428833, 0.10706949234008789, 0.09978628158569336, 0.10823702812194824]}, "time_fit": {"695_chatfield_4": [0.022753477096557617, 0.02911663055419922, 0.023412466049194336, 0.021077394485473633, 0.023938894271850586]}, "sizes": {"695_chatfield_4": []}, "tau": 0.9}, "DecisionTree": {"losses": {"695_chatfield_4": [0.012694238575438744, 0.013144207736959505, 0.01243987613270352, 0.019114362901276643, 0.01684086019560105]}, "coverage": {"695_chatfield_4": [0.04893617021276597, 0.014893617021276562, 0.1340425531914894, 0.1127659574468085, 0.02765957446808509]}, "complexity": {"695_chatfield_4": [13, 7, 29, 13, 9]}, "time_all": {"695_chatfield_4": [0.05135154724121094, 0.05003619194030762, 0.050882577896118164, 0.05011630058288574, 0.048903703689575195]}, "time_fit": {"695_chatfield_4": [0.003374338150024414, 0.0026586055755615234, 0.004744052886962891, 0.0033097267150878906, 0.002889394760131836]}, "sizes": {"695_chatfield_4": []}, "tau": 0.9}, "LinearQuantile": {"losses": {"695_chatfield_4": [0.011848007581449669, 0.017626659891253307, 0.010016504546625074, 0.011461052698888093, 0.014548782863077139]}, "coverage": {"695_chatfield_4": [0.02765957446808509, 0.17659574468085104, 0.014893617021276562, 0.02765957446808509, 0.014893617021276562]}, "complexity": {"695_chatfield_4": [12, 12, 12, 12, 12]}, "time_all": {"695_chatfield_4": [0.23783016204833984, 0.2004704475402832, 0.486499547958374, 0.41144585609436035, 0.20437145233154297]}, "time_fit": {"695_chatfield_4": [0.020307540893554688, 0.0173184871673584, 0.03921079635620117, 0.03677654266357422, 0.017975807189941406]}, "sizes": {"695_chatfield_4": []}, "tau": 0.9}}
