{"SQR": {"losses": {"584_fri_c4_500_25": [0.010638268512177534, 0.016047050741914606, 0.01181285853700851, 0.014611071719171493, 0.011438038818548829]}, "coverage": {"584_fri_c4_500_25": [0.039999999999999925, 0.020000000000000018, 0.019999999999999907, 0.0, 0.020000000000000018]}, "complexity": {"584_fri_c4_500_25": [13, 11, 15, 14, 13]}, "time_all": {"584_fri_c4_500_25": [103.65343475341797, 89.18011665344238, 93.43725204467773, 97.82239961624146, 92.61329627037048]}, "time_fit": {"584_fri_c4_500_25": [103.65343475341797, 89.18011665344238, 93.43725204467773, 97.82239961624146, 92.61329627037048]}, "sizes": {"584_fri_c4_500_25": []}, "tau": 0.8}, "LightGBM": {"losses": {"584_fri_c4_500_25": [0.019779173237593373, 0.03211567909433523, 0.031536389599274586, 0.021373114367190183, 0.02395796025626326]}, "coverage": {"584_fri_c4_500_25": [0.020000000000000018, 0.06000000000000005, 0.050000000000000044, 0.030000000000000027, 0.020000000000000018]}, "time_all": {"584_fri_c4_500_25": [0.2644822597503662, 0.2237100601196289, 0.21994423866271973, 0.2454972267150879, 0.21877026557922363]}, "time_fit": {"584_fri_c4_500_25": [0.05052447319030762, 0.0491633415222168, 0.04753684997558594, 0.046685218811035156, 0.04812812805175781]}, "sizes": {"584_fri_c4_500_25": []}, "tau": 0.8}, "DecisionTree": {"losses": {"584_fri_c4_500_25": [0.024686401368362504, 0.027952804504397338, 0.03132569438637696, 0.025149314639085058, 0.02783997579387578]}, "coverage": {"584_fri_c4_500_25": [0.10000000000000009, 0.15000000000000002, 0.18000000000000005, 0.040000000000000036, 0.14]}, "complexity": {"584_fri_c4_500_25": [71, 159, 69, 27, 67]}, "time_all": {"584_fri_c4_500_25": [0.13948798179626465, 0.1422560214996338, 0.13178682327270508, 0.13013553619384766, 0.13376331329345703]}, "time_fit": {"584_fri_c4_500_25": [0.015711307525634766, 0.023246288299560547, 0.014948844909667969, 0.009898900985717773, 0.014905452728271484]}, "sizes": {"584_fri_c4_500_25": []}, "tau": 0.8}, "LinearQuantile": {"losses": {"584_fri_c4_500_25": [0.06842500861945883, 0.07385112727746658, 0.07443748995841318, 0.06205833085078599, 0.06166659818866149]}, "coverage": {"584_fri_c4_500_25": [0.33000000000000007, 0.33000000000000007, 0.37000000000000005, 0.32000000000000006, 0.32000000000000006]}, "complexity": {"584_fri_c4_500_25": [25, 25, 25, 25, 25]}, "time_all": {"584_fri_c4_500_25": [1.1660239696502686, 2.17466139793396, 0.965155839920044, 0.9829401969909668, 0.5995879173278809]}, "time_fit": {"584_fri_c4_500_25": [0.0960683822631836, 0.1643686294555664, 0.06568431854248047, 0.06711578369140625, 0.04757356643676758]}, "sizes": {"584_fri_c4_500_25": []}, "tau": 0.8}}
