{"SQR": {"losses": {"1096_FacultySalaries": [0.04708775605999493, 0.05269914004067916, 0.0005130668526234094, 0.029505142772933153, 0.0024916046825025654]}, "coverage": {"1096_FacultySalaries": [0.0, 0.19999999999999996, 0.0, 0.0, 0.10000000000000009]}, "complexity": {"1096_FacultySalaries": [6, 11, 14, 10, 14]}, "time_all": {"1096_FacultySalaries": [77.66102981567383, 65.21780109405518, 67.26658463478088, 66.57220602035522, 64.5781717300415]}, "time_fit": {"1096_FacultySalaries": [77.66102981567383, 65.21780109405518, 67.26658463478088, 66.57220602035522, 64.5781717300415]}, "sizes": {"1096_FacultySalaries": []}, "tau": 0.7}, "LightGBM": {"losses": {"1096_FacultySalaries": [0.07981042041394341, 0.10872985781305056, 0.09734595088008308, 0.036919429805871706, 0.0876777156076604]}, "coverage": {"1096_FacultySalaries": [0.0, 0.09999999999999998, 0.19999999999999996, 0.10000000000000009, 0.10000000000000009]}, "time_all": {"1096_FacultySalaries": [0.07927441596984863, 0.03717517852783203, 0.03569841384887695, 0.03256416320800781, 0.03476548194885254]}, "time_fit": {"1096_FacultySalaries": [0.004153728485107422, 0.0047185420989990234, 0.004453897476196289, 0.0038299560546875, 0.004483222961425781]}, "sizes": {"1096_FacultySalaries": []}, "tau": 0.7}, "DecisionTree": {"losses": {"1096_FacultySalaries": [0.028071099621621905, 0.04076302940444265, 0.037867295193717, 0.03137440454118873, 0.04722747435068346]}, "coverage": {"1096_FacultySalaries": [0.19999999999999996, 0.19999999999999996, 0.10000000000000009, 0.09999999999999998, 0.0]}, "complexity": {"1096_FacultySalaries": [7, 15, 5, 7, 15]}, "time_all": {"1096_FacultySalaries": [0.03027629852294922, 0.030162572860717773, 0.027957439422607422, 0.027417659759521484, 0.02877640724182129]}, "time_fit": {"1096_FacultySalaries": [0.002119302749633789, 0.0026099681854248047, 0.0017964839935302734, 0.001911163330078125, 0.0024738311767578125]}, "sizes": {"1096_FacultySalaries": []}, "tau": 0.7}, "LinearQuantile": {"losses": {"1096_FacultySalaries": [0.006841946727947711, 0.00018543834407563664, 0.00019754116793065655, 0.029390429165779983, 0.0001831297332369358]}, "coverage": {"1096_FacultySalaries": [0.19999999999999996, 0.30000000000000004, 0.20000000000000007, 0.0, 0.19999999999999996]}, "complexity": {"1096_FacultySalaries": [5, 5, 5, 5, 5]}, "time_all": {"1096_FacultySalaries": [0.08557319641113281, 0.13780522346496582, 0.10972833633422852, 0.33698391914367676, 0.08601975440979004]}, "time_fit": {"1096_FacultySalaries": [0.006737232208251953, 0.011761903762817383, 0.009204864501953125, 0.027253389358520508, 0.007157087326049805]}, "sizes": {"1096_FacultySalaries": []}, "tau": 0.7}}
