{"SQR": {"losses": {"659_sleuth_ex1714": [0.02587737608167257, 0.040595788493254466, 0.04035081881747477, 0.029219385808653176, 0.022540433679048476]}, "coverage": {"659_sleuth_ex1714": [0.2, 0.09999999999999998, 0.2777777777777778, 0.16666666666666663, 0.05555555555555558]}, "complexity": {"659_sleuth_ex1714": [14, 11, 8, 8, 13]}, "time_all": {"659_sleuth_ex1714": [79.12759041786194, 65.37619400024414, 64.85605335235596, 63.76487183570862, 62.40731191635132]}, "time_fit": {"659_sleuth_ex1714": [79.12759041786194, 65.37619400024414, 64.85605335235596, 63.76487183570862, 62.40731191635132]}, "sizes": {"659_sleuth_ex1714": []}, "tau": 0.5}, "LightGBM": {"losses": {"659_sleuth_ex1714": [0.05927848021639303, 0.06649682329999371, 0.06411062883982302, 0.08025972755166944, 0.054510634431374196]}, "coverage": {"659_sleuth_ex1714": [0.0, 0.2, 0.16666666666666669, 0.38888888888888884, 0.05555555555555558]}, "time_all": {"659_sleuth_ex1714": [0.07744860649108887, 0.0325772762298584, 0.03208327293395996, 0.0318598747253418, 0.03604888916015625]}, "time_fit": {"659_sleuth_ex1714": [0.0039675235748291016, 0.0039215087890625, 0.003865957260131836, 0.0038275718688964844, 0.004519939422607422]}, "sizes": {"659_sleuth_ex1714": []}, "tau": 0.5}, "DecisionTree": {"losses": {"659_sleuth_ex1714": [0.02646883059696798, 0.04615493489337611, 0.04312658572896354, 0.02798571358677039, 0.031309191811173316]}, "coverage": {"659_sleuth_ex1714": [0.3, 0.19999999999999996, 0.05555555555555558, 0.38888888888888884, 0.05555555555555558]}, "complexity": {"659_sleuth_ex1714": [15, 7, 7, 15, 5]}, "time_all": {"659_sleuth_ex1714": [0.02951788902282715, 0.02745985984802246, 0.027281999588012695, 0.027018308639526367, 0.028591394424438477]}, "time_fit": {"659_sleuth_ex1714": [0.002702951431274414, 0.0019826889038085938, 0.001971721649169922, 0.002505064010620117, 0.001850128173828125]}, "sizes": {"659_sleuth_ex1714": []}, "tau": 0.5}, "LinearQuantile": {"losses": {"659_sleuth_ex1714": [0.035157446989154885, 0.03633973815441827, 0.052013617245379784, 0.04121853506124523, 0.03243696826198519]}, "coverage": {"659_sleuth_ex1714": [0.2, 0.0, 0.16666666666666663, 0.05555555555555558, 0.2777777777777778]}, "complexity": {"659_sleuth_ex1714": [7, 7, 7, 7, 7]}, "time_all": {"659_sleuth_ex1714": [0.399794340133667, 1.2408950328826904, 0.2320234775543213, 0.7391605377197266, 0.14679312705993652]}, "time_fit": {"659_sleuth_ex1714": [0.03479266166687012, 0.090118408203125, 0.019701719284057617, 0.05254721641540527, 0.012621879577636719]}, "sizes": {"659_sleuth_ex1714": []}, "tau": 0.5}}
