{"SQR": {"losses": {"227_cpu_small": [0.014677685999334998, 0.015037599861753993, 0.014888561453722516, 0.010208011188082507, 0.015449347382252218]}, "coverage": {"227_cpu_small": [0.01079926784624774, 0.002257474069554677, 0.010134310134310098, 0.033211233211233204, 0.017948717948717996]}, "complexity": {"227_cpu_small": [4, 4, 4, 9, 4]}, "time_all": {"227_cpu_small": [493.7302749156952, 518.0685064792633, 503.3306927680969, 403.31650471687317, 509.23589730262756]}, "time_fit": {"227_cpu_small": [493.7302749156952, 518.0685064792633, 503.3306927680969, 403.31650471687317, 509.23589730262756]}, "sizes": {"227_cpu_small": []}, "tau": 0.7}, "LightGBM": {"losses": {"227_cpu_small": [0.01715217942246721, 0.017355506896455385, 0.016899008482842176, 0.018278497430482512, 0.020519560777746724]}, "coverage": {"227_cpu_small": [0.034350213544844355, 0.018730933496034163, 0.008180708180708263, 0.024664224664224688, 0.03992673992674001]}, "time_all": {"227_cpu_small": [1.1090822219848633, 1.1224157810211182, 1.1003849506378174, 1.302417516708374, 1.2315964698791504]}, "time_fit": {"227_cpu_small": [0.15067505836486816, 0.15334200859069824, 0.14889216423034668, 0.30086493492126465, 0.30292344093322754]}, "sizes": {"227_cpu_small": []}, "tau": 0.7}, "DecisionTree": {"losses": {"227_cpu_small": [0.010104276443507684, 0.009977690264450487, 0.010389178722512056, 0.009482924482924482, 0.010058275058275059]}, "coverage": {"227_cpu_small": [0.018730933496034163, 0.04679682733374013, 0.02405372405372408, 0.06617826617826628, 0.04297924297924305]}, "complexity": {"227_cpu_small": [483, 483, 493, 499, 489]}, "time_all": {"227_cpu_small": [1.2491157054901123, 1.1983718872070312, 0.9058775901794434, 1.1212143898010254, 0.9490933418273926]}, "time_fit": {"227_cpu_small": [0.07169961929321289, 0.06956005096435547, 0.0709686279296875, 0.07000875473022461, 0.07169985771179199]}, "sizes": {"227_cpu_small": []}, "tau": 0.7}, "LinearQuantile": {"losses": {"227_cpu_small": [0.0639888161483297, 0.06454373665979905, 0.06378245917907875, 0.06317098186625365, 0.06201782423884145]}, "coverage": {"227_cpu_small": [0.07034777303233675, 0.05021354484441731, 0.06385836385836385, 0.051648351648351576, 0.06507936507936507]}, "complexity": {"227_cpu_small": [12, 12, 12, 12, 12]}, "time_all": {"227_cpu_small": [1.0437371730804443, 22.79077386856079, 4.335351228713989, 21.03619146347046, 20.162646293640137]}, "time_fit": {"227_cpu_small": [0.09073090553283691, 2.1310012340545654, 0.2827439308166504, 0.7842438220977783, 0.7443041801452637]}, "sizes": {"227_cpu_small": []}, "tau": 0.7}}
