{"SQR": {"losses": {"529_pollen": [0.02724596495706469, 0.03276566305569463, 0.029991363876929585, 0.023296955842615832, 0.03229280062583045]}, "coverage": {"529_pollen": [0.0, 0.18831168831168832, 0.22467532467532464, 0.03732119635890774, 0.194148244473342]}, "complexity": {"529_pollen": [6, 4, 4, 8, 4]}, "time_all": {"529_pollen": [251.03384470939636, 257.71852469444275, 243.45487022399902, 238.31593990325928, 232.4161319732666]}, "time_fit": {"529_pollen": [251.03384470939636, 257.71852469444275, 243.45487022399902, 238.31593990325928, 232.4161319732666]}, "sizes": {"529_pollen": []}, "tau": 0.7}, "LightGBM": {"losses": {"529_pollen": [0.028842051660147746, 0.02743231453863613, 0.026849407022062975, 0.02635096038491008, 0.02735470257195497]}, "coverage": {"529_pollen": [0.014285714285714235, 0.010389610389610393, 0.0025974025974025983, 0.02561768530559172, 0.03602080624187265]}, "time_all": {"529_pollen": [0.9354877471923828, 0.8902335166931152, 0.9276087284088135, 0.8705699443817139, 0.8488674163818359]}, "time_fit": {"529_pollen": [0.2084352970123291, 0.2117607593536377, 0.21673917770385742, 0.20631647109985352, 0.19942474365234375]}, "sizes": {"529_pollen": []}, "tau": 0.7}, "DecisionTree": {"losses": {"529_pollen": [0.02847271440674808, 0.02755833391578944, 0.026766319200050633, 0.027558784876593488, 0.02748933222030536]}, "coverage": {"529_pollen": [0.09740259740259738, 0.051948051948051854, 0.03506493506493502, 0.012093628088426511, 0.047204161248374454]}, "complexity": {"529_pollen": [229, 231, 239, 237, 533]}, "time_all": {"529_pollen": [0.4722166061401367, 0.39444398880004883, 0.4584219455718994, 0.46079349517822266, 0.48536086082458496]}, "time_fit": {"529_pollen": [0.03416609764099121, 0.026196718215942383, 0.03376960754394531, 0.031607866287231445, 0.05405282974243164]}, "sizes": {"529_pollen": []}, "tau": 0.7}, "LinearQuantile": {"losses": {"529_pollen": [0.02574825726463649, 0.024445847285554982, 0.025513136709902802, 0.023481624879510922, 0.0243004891818024]}, "coverage": {"529_pollen": [0.20909090909090905, 0.1987012987012987, 0.20259740259740255, 0.17464239271781534, 0.19024707412223663]}, "complexity": {"529_pollen": [4, 4, 4, 4, 4]}, "time_all": {"529_pollen": [0.3253002166748047, 0.20148682594299316, 0.21916985511779785, 0.13869881629943848, 0.21892762184143066]}, "time_fit": {"529_pollen": [0.02462029457092285, 0.016727209091186523, 0.018262386322021484, 0.011618614196777344, 0.01815056800842285]}, "sizes": {"529_pollen": []}, "tau": 0.7}}
