{"SQR": {"losses": {"590_fri_c0_1000_50": [0.023051457412584464, 0.02692768976234298, 0.023583108650707844, 0.01969255961864286, 0.016378249968161125]}, "coverage": {"590_fri_c0_1000_50": [0.025000000000000022, 0.010000000000000009, 0.09000000000000008, 0.09499999999999997, 0.06000000000000005]}, "complexity": {"590_fri_c0_1000_50": [8, 8, 9, 11, 16]}, "time_all": {"590_fri_c0_1000_50": [99.42154550552368, 90.40528392791748, 91.4956693649292, 94.52058601379395, 92.45840740203857]}, "time_fit": {"590_fri_c0_1000_50": [99.42154550552368, 90.40528392791748, 91.4956693649292, 94.52058601379395, 92.45840740203857]}, "sizes": {"590_fri_c0_1000_50": []}, "tau": 0.7}, "LightGBM": {"losses": {"590_fri_c0_1000_50": [0.03094503863747704, 0.03189420287442336, 0.03259064573679771, 0.03049636630051824, 0.03191297268742516]}, "coverage": {"590_fri_c0_1000_50": [0.029999999999999916, 0.029999999999999916, 0.03500000000000003, 0.03499999999999992, 0.04500000000000004]}, "time_all": {"590_fri_c0_1000_50": [0.513026237487793, 0.46796607971191406, 0.4514806270599365, 0.46976137161254883, 0.44223856925964355]}, "time_fit": {"590_fri_c0_1000_50": [0.08789730072021484, 0.08408498764038086, 0.08592557907104492, 0.08191132545471191, 0.08277130126953125]}, "sizes": {"590_fri_c0_1000_50": []}, "tau": 0.7}, "DecisionTree": {"losses": {"590_fri_c0_1000_50": [0.03893526581644407, 0.03978943510761944, 0.040835793377824316, 0.03749023736923017, 0.03933474756006018]}, "coverage": {"590_fri_c0_1000_50": [0.04499999999999993, 0.08499999999999996, 0.07999999999999996, 0.04999999999999993, 0.010000000000000009]}, "complexity": {"590_fri_c0_1000_50": [37, 39, 57, 61, 25]}, "time_all": {"590_fri_c0_1000_50": [0.4581418037414551, 0.4530627727508545, 0.4372563362121582, 0.43889355659484863, 0.43112826347351074]}, "time_fit": {"590_fri_c0_1000_50": [0.03453350067138672, 0.035639286041259766, 0.03412318229675293, 0.03493452072143555, 0.02605462074279785]}, "sizes": {"590_fri_c0_1000_50": []}, "tau": 0.7}, "LinearQuantile": {"losses": {"590_fri_c0_1000_50": [0.04049816137489499, 0.04260251043096437, 0.03726813036653739, 0.038173309940452906, 0.038221703404396574]}, "coverage": {"590_fri_c0_1000_50": [0.25999999999999995, 0.26499999999999996, 0.20499999999999996, 0.26499999999999996, 0.24499999999999994]}, "complexity": {"590_fri_c0_1000_50": [50, 50, 50, 50, 50]}, "time_all": {"590_fri_c0_1000_50": [7.9840710163116455, 6.459422588348389, 4.68463397026062, 11.1083664894104, 7.728395700454712]}, "time_fit": {"590_fri_c0_1000_50": [0.7086167335510254, 0.5632116794586182, 0.40906262397766113, 0.9647552967071533, 0.6224610805511475]}, "sizes": {"590_fri_c0_1000_50": []}, "tau": 0.7}}
