{"SQR": {"losses": {"215_2dplanes": [0.023953997369522046, 0.021421830977523818, 0.02394110040765784, 0.023894640258849163, 0.02212321830197357]}, "coverage": {"215_2dplanes": [0.09384351238655875, 0.00836399313220515, 0.09335295560461132, 0.08903471114927031, 0.017772599043296977]}, "complexity": {"215_2dplanes": [13, 14, 13, 13, 16]}, "time_all": {"215_2dplanes": [517.5639429092407, 553.8585941791534, 541.2342936992645, 527.0416171550751, 528.9895446300507]}, "time_fit": {"215_2dplanes": [517.5639429092407, 553.8585941791534, 541.2342936992645, 527.0416171550751, 528.9895446300507]}, "sizes": {"215_2dplanes": []}, "tau": 0.7}, "LightGBM": {"losses": {"215_2dplanes": [0.01671418838174391, 0.016749158788378075, 0.016690837440454992, 0.01674465460281672, 0.016759810234907344]}, "coverage": {"215_2dplanes": [0.04944812362030915, 0.03902379200392447, 0.04846701005641407, 0.04438856862504603, 0.050643934747945596]}, "time_all": {"215_2dplanes": [1.684647560119629, 1.3859081268310547, 1.3845484256744385, 1.3758444786071777, 1.4196856021881104]}, "time_fit": {"215_2dplanes": [0.22440791130065918, 0.21172785758972168, 0.2052767276763916, 0.20313596725463867, 0.22362947463989258]}, "sizes": {"215_2dplanes": []}, "tau": 0.7}, "DecisionTree": {"losses": {"215_2dplanes": [0.01426251093281034, 0.014498255130320376, 0.01421946192426578, 0.01416711072641771, 0.014284299111368151]}, "coverage": {"215_2dplanes": [0.009173411822418376, 0.011012999754721586, 0.01027716458180028, 0.007003556972893343, 0.0009689684778609875]}, "complexity": {"215_2dplanes": [973, 985, 981, 971, 997]}, "time_all": {"215_2dplanes": [2.445277452468872, 2.3487050533294678, 2.3202316761016846, 2.328381299972534, 2.4118752479553223]}, "time_fit": {"215_2dplanes": [0.10748696327209473, 0.10855460166931152, 0.10738134384155273, 0.10776853561401367, 0.1083211898803711]}, "sizes": {"215_2dplanes": []}, "tau": 0.7}, "LinearQuantile": {"losses": {"215_2dplanes": [0.03330621411416226, 0.03348335020240089, 0.03345152774563816, 0.033108593178626806, 0.033803236451517206]}, "coverage": {"215_2dplanes": [0.003164091243561429, 0.0036546480255088554, 0.0035320088300220265, 0.0027106586532563703, 0.009800073592542646]}, "complexity": {"215_2dplanes": [29, 29, 29, 29, 29]}, "time_all": {"215_2dplanes": [101.05259156227112, 26.469531536102295, 55.112210750579834, 23.21625804901123, 25.775761127471924]}, "time_fit": {"215_2dplanes": [9.079839706420898, 2.3617630004882812, 4.981718301773071, 2.050283908843994, 2.2779605388641357]}, "sizes": {"215_2dplanes": []}, "tau": 0.7}}
