{"SQR": {"losses": {"1191_BNG_pbc": [0.030069632951223012, 0.030147378436565613, 0.030148710956279773, 0.030039520940538942, 0.030176616595265902]}, "coverage": {"1191_BNG_pbc": [0.0005800000000000249, 0.0048599999999999755, 7.499999999993623e-05, 0.0003349999999999742, 0.0027650000000000174]}, "complexity": {"1191_BNG_pbc": [2, 2, 2, 2, 2]}, "time_all": {"1191_BNG_pbc": [671.1248662471771, 630.4208612442017, 566.5258417129517, 626.7265267372131, 620.9753696918488]}, "time_fit": {"1191_BNG_pbc": [671.1248662471771, 630.4208612442017, 566.5258417129517, 626.7265267372131, 620.9753696918488]}, "sizes": {"1191_BNG_pbc": []}, "tau": 0.9}, "LightGBM": {"losses": {"1191_BNG_pbc": [0.025585680411324405, 0.0256039472464014, 0.0255639678349075, 0.02554335331722917, 0.025571372033603466]}, "coverage": {"1191_BNG_pbc": [0.010589999999999988, 0.012444999999999928, 0.01130500000000001, 0.012194999999999956, 0.010804999999999954]}, "time_all": {"1191_BNG_pbc": [7.4674248695373535, 7.213958740234375, 7.182746887207031, 7.070127964019775, 7.145461797714233]}, "time_fit": {"1191_BNG_pbc": [1.5790717601776123, 1.565190315246582, 1.5501177310943604, 1.5791935920715332, 1.5433375835418701]}, "sizes": {"1191_BNG_pbc": []}, "tau": 0.9}, "DecisionTree": {"losses": {"1191_BNG_pbc": [0.02594244547943623, 0.025887111482196093, 0.02589528922717967, 0.025965407501695247, 0.02593231443439373]}, "coverage": {"1191_BNG_pbc": [0.030610000000000026, 0.02888500000000005, 0.031030000000000002, 0.02970499999999998, 0.03129500000000007]}, "complexity": {"1191_BNG_pbc": [25433, 25521, 25589, 25515, 25509]}, "time_all": {"1191_BNG_pbc": [411.4513566493988, 411.549156665802, 411.50054383277893, 412.09000182151794, 410.86294412612915]}, "time_fit": {"1191_BNG_pbc": [24.930636167526245, 24.804726123809814, 24.949873447418213, 24.860432624816895, 24.811009407043457]}, "sizes": {"1191_BNG_pbc": []}, "tau": 0.9}, "LinearQuantile": {"losses": {"1191_BNG_pbc": [0.02682055020235206, 0.02687239688823474, 0.026843248803137296, 0.026804611370166168, 0.02686808500466323]}, "coverage": {"1191_BNG_pbc": [0.00019499999999994522, 0.0008850000000000247, 0.00014499999999995072, 0.00032999999999994145, 0.0016100000000000003]}, "complexity": {"1191_BNG_pbc": [29, 29, 29, 29, 29]}, "time_all": {"1191_BNG_pbc": [2250.5285365581512, 2796.439209461212, 617.6280832290649, 587.8625438213348, 2322.5642971992493]}, "time_fit": {"1191_BNG_pbc": [197.98166227340698, 200.27337169647217, 56.16451072692871, 52.76796555519104, 211.93451619148254]}, "sizes": {"1191_BNG_pbc": []}, "tau": 0.9}}
