{"SQR": {"losses": {"522_pm10": [0.06852552669901747, 0.06416736686467112, 0.06984702369768116, 0.07558793593468292, 0.06298105544586881]}, "coverage": {"522_pm10": [0.06999999999999995, 0.050000000000000044, 0.030000000000000027, 0.06999999999999995, 0.07999999999999996]}, "complexity": {"522_pm10": [10, 5, 5, 3, 8]}, "time_all": {"522_pm10": [102.46769785881042, 85.81394958496094, 83.44905185699463, 82.8239483833313, 81.56669211387634]}, "time_fit": {"522_pm10": [102.46769785881042, 85.81394958496094, 83.44905185699463, 82.8239483833313, 81.56669211387634]}, "sizes": {"522_pm10": []}, "tau": 0.6}, "LightGBM": {"losses": {"522_pm10": [0.06031650044476042, 0.05360362109164662, 0.05586443314621184, 0.06414216307812415, 0.05706504867229545]}, "coverage": {"522_pm10": [0.020000000000000018, 0.07000000000000006, 0.039999999999999925, 0.04999999999999993, 0.010000000000000009]}, "time_all": {"522_pm10": [0.2612495422363281, 0.2478349208831787, 0.23290538787841797, 0.24233651161193848, 0.21694421768188477]}, "time_fit": {"522_pm10": [0.0432438850402832, 0.04991888999938965, 0.0446934700012207, 0.04762148857116699, 0.04804396629333496]}, "sizes": {"522_pm10": []}, "tau": 0.6}, "DecisionTree": {"losses": {"522_pm10": [0.06185024256549524, 0.05630079656769116, 0.060038825665456895, 0.06828270623963546, 0.05959956708115013]}, "coverage": {"522_pm10": [0.010000000000000009, 0.13, 0.08999999999999997, 0.010000000000000009, 0.039999999999999925]}, "complexity": {"522_pm10": [15, 19, 69, 19, 163]}, "time_all": {"522_pm10": [0.07455563545227051, 0.07364583015441895, 0.0776066780090332, 0.0718684196472168, 0.08459663391113281]}, "time_fit": {"522_pm10": [0.0036597251892089844, 0.0040743350982666016, 0.008327484130859375, 0.004039764404296875, 0.015071392059326172]}, "sizes": {"522_pm10": []}, "tau": 0.6}, "LinearQuantile": {"losses": {"522_pm10": [0.07098954614195144, 0.06849512898207376, 0.06666460019702343, 0.07717988099500357, 0.06465167703329544]}, "coverage": {"522_pm10": [0.030000000000000027, 0.10999999999999999, 0.020000000000000018, 0.039999999999999925, 0.039999999999999925]}, "complexity": {"522_pm10": [7, 7, 7, 7, 7]}, "time_all": {"522_pm10": [0.21361756324768066, 0.22366070747375488, 0.16235804557800293, 0.12700963020324707, 0.09949779510498047]}, "time_fit": {"522_pm10": [0.018422842025756836, 0.01965045928955078, 0.013916492462158203, 0.010952234268188477, 0.00845789909362793]}, "sizes": {"522_pm10": []}, "tau": 0.6}}
