{"SQR": {"losses": {"588_fri_c4_1000_100": [0.02139876474749346, 0.011102577976592818, 0.010372511610874609, 0.012075784542584424, 0.014155296866819779]}, "coverage": {"588_fri_c4_1000_100": [0.14, 0.025000000000000022, 0.030000000000000027, 0.025000000000000022, 0.09999999999999998]}, "complexity": {"588_fri_c4_1000_100": [10, 16, 12, 10, 12]}, "time_all": {"588_fri_c4_1000_100": [115.81680941581726, 107.78533101081848, 114.64372086524963, 112.73206210136414, 100.25103616714478]}, "time_fit": {"588_fri_c4_1000_100": [115.81680941581726, 107.78533101081848, 114.64372086524963, 112.73206210136414, 100.25103616714478]}, "sizes": {"588_fri_c4_1000_100": []}, "tau": 0.5}, "LightGBM": {"losses": {"588_fri_c4_1000_100": [0.024335802285693275, 0.023705921965063683, 0.023254371659546354, 0.02076903740065006, 0.02544597702254364]}, "coverage": {"588_fri_c4_1000_100": [0.015000000000000013, 0.07500000000000001, 0.06499999999999995, 0.030000000000000027, 0.030000000000000027]}, "time_all": {"588_fri_c4_1000_100": [0.596306562423706, 0.6255629062652588, 0.5116572380065918, 0.5254049301147461, 0.5281572341918945]}, "time_fit": {"588_fri_c4_1000_100": [0.0928657054901123, 0.09266352653503418, 0.08780741691589355, 0.09244465827941895, 0.0957334041595459]}, "sizes": {"588_fri_c4_1000_100": []}, "tau": 0.5}, "DecisionTree": {"losses": {"588_fri_c4_1000_100": [0.026535402991547604, 0.030230297377343864, 0.024848229403018923, 0.02635480489108748, 0.0281555931601261]}, "coverage": {"588_fri_c4_1000_100": [0.010000000000000009, 0.030000000000000027, 0.06000000000000005, 0.040000000000000036, 0.015000000000000013]}, "complexity": {"588_fri_c4_1000_100": [133, 135, 141, 141, 143]}, "time_all": {"588_fri_c4_1000_100": [1.0064301490783691, 0.9819331169128418, 0.8173565864562988, 0.8114597797393799, 0.9186744689941406]}, "time_fit": {"588_fri_c4_1000_100": [0.09849238395690918, 0.09771347045898438, 0.07139205932617188, 0.06972575187683105, 0.08726739883422852]}, "sizes": {"588_fri_c4_1000_100": []}, "tau": 0.5}, "LinearQuantile": {"losses": {"588_fri_c4_1000_100": [0.060488095944366264, 0.055767817885077405, 0.05780304507180705, 0.05839892721045889, 0.060815919737143516]}, "coverage": {"588_fri_c4_1000_100": [0.010000000000000009, 0.020000000000000018, 0.025000000000000022, 0.010000000000000009, 0.0050000000000000044]}, "complexity": {"588_fri_c4_1000_100": [100, 100, 100, 100, 100]}, "time_all": {"588_fri_c4_1000_100": [62.55103278160095, 21.73791193962097, 24.183067321777344, 52.13014459609985, 22.9392511844635]}, "time_fit": {"588_fri_c4_1000_100": [5.710866928100586, 1.9916043281555176, 2.1143569946289062, 4.796182632446289, 1.7520241737365723]}, "sizes": {"588_fri_c4_1000_100": []}, "tau": 0.5}}
