{"SQR": {"losses": {"633_fri_c0_500_25": [0.027732279370625917, 0.03544322711776271, 0.02460854500815058, 0.03263338429706964, 0.018581524590827993]}, "coverage": {"633_fri_c0_500_25": [0.020000000000000018, 0.07, 0.06000000000000005, 0.010000000000000009, 0.14]}, "complexity": {"633_fri_c0_500_25": [11, 10, 10, 11, 17]}, "time_all": {"633_fri_c0_500_25": [103.81101036071777, 87.32725095748901, 85.50041961669922, 87.5497715473175, 94.3147439956665]}, "time_fit": {"633_fri_c0_500_25": [103.81101036071777, 87.32725095748901, 85.50041961669922, 87.5497715473175, 94.3147439956665]}, "sizes": {"633_fri_c0_500_25": []}, "tau": 0.5}, "LightGBM": {"losses": {"633_fri_c0_500_25": [0.034824011832698724, 0.03725391273770364, 0.035828331496818695, 0.04645232965950214, 0.03846109889753063]}, "coverage": {"633_fri_c0_500_25": [0.020000000000000018, 0.03999999999999998, 0.030000000000000027, 0.010000000000000009, 0.020000000000000018]}, "time_all": {"633_fri_c0_500_25": [0.28188061714172363, 0.24655723571777344, 0.23794937133789062, 0.2335975170135498, 0.2393779754638672]}, "time_fit": {"633_fri_c0_500_25": [0.05320405960083008, 0.05072307586669922, 0.05289816856384277, 0.051500558853149414, 0.05256056785583496]}, "sizes": {"633_fri_c0_500_25": []}, "tau": 0.5}, "DecisionTree": {"losses": {"633_fri_c0_500_25": [0.04336370556425474, 0.04723521851181336, 0.043776516197462825, 0.04578843365229446, 0.04576560456701469]}, "coverage": {"633_fri_c0_500_25": [0.04999999999999999, 0.06, 0.0, 0.010000000000000009, 0.03999999999999998]}, "complexity": {"633_fri_c0_500_25": [61, 15, 31, 31, 71]}, "time_all": {"633_fri_c0_500_25": [0.13106775283813477, 0.1251850128173828, 0.12985563278198242, 0.12602448463439941, 0.1344587802886963]}, "time_fit": {"633_fri_c0_500_25": [0.013997316360473633, 0.007340431213378906, 0.010523557662963867, 0.010183095932006836, 0.01484990119934082]}, "sizes": {"633_fri_c0_500_25": []}, "tau": 0.5}, "LinearQuantile": {"losses": {"633_fri_c0_500_25": [0.04104545823354473, 0.039132041056999904, 0.039837496807886855, 0.043813723189521786, 0.044108598292996674]}, "coverage": {"633_fri_c0_500_25": [0.03999999999999998, 0.16999999999999998, 0.040000000000000036, 0.020000000000000018, 0.010000000000000009]}, "complexity": {"633_fri_c0_500_25": [25, 25, 25, 25, 25]}, "time_all": {"633_fri_c0_500_25": [2.0061535835266113, 0.40368151664733887, 5.03435754776001, 1.5087432861328125, 1.4870014190673828]}, "time_fit": {"633_fri_c0_500_25": [0.11614418029785156, 0.03600263595581055, 0.4214653968811035, 0.10785770416259766, 0.11943292617797852]}, "sizes": {"633_fri_c0_500_25": []}, "tau": 0.5}}
