{"SQR": {"losses": {"606_fri_c2_1000_10": [0.01804448403064113, 0.013442508855217594, 0.0152767215937447, 0.01943106613703138, 0.01292168681055444]}, "coverage": {"606_fri_c2_1000_10": [0.010000000000000009, 0.010000000000000009, 0.07500000000000007, 0.029999999999999916, 0.02499999999999991]}, "complexity": {"606_fri_c2_1000_10": [14, 14, 14, 11, 17]}, "time_all": {"606_fri_c2_1000_10": [130.8120515346527, 116.13240242004395, 108.50847053527832, 102.38828229904175, 96.01003098487854]}, "time_fit": {"606_fri_c2_1000_10": [130.8120515346527, 116.13240242004395, 108.50847053527832, 102.38828229904175, 96.01003098487854]}, "sizes": {"606_fri_c2_1000_10": []}, "tau": 0.7}, "LightGBM": {"losses": {"606_fri_c2_1000_10": [0.03330114262362506, 0.030827824851072348, 0.027554016739595073, 0.028845283888026912, 0.027474741136307126]}, "coverage": {"606_fri_c2_1000_10": [0.020000000000000018, 0.03500000000000003, 0.014999999999999902, 0.019999999999999907, 0.029999999999999916]}, "time_all": {"606_fri_c2_1000_10": [0.4466738700866699, 0.3879127502441406, 0.390521764755249, 0.38703107833862305, 0.39292025566101074]}, "time_fit": {"606_fri_c2_1000_10": [0.08198142051696777, 0.07853317260742188, 0.08057975769042969, 0.07711553573608398, 0.07771158218383789]}, "sizes": {"606_fri_c2_1000_10": []}, "tau": 0.7}, "DecisionTree": {"losses": {"606_fri_c2_1000_10": [0.03104014580394064, 0.03437052360722957, 0.02930170908980573, 0.028283875357556953, 0.032808907750143564]}, "coverage": {"606_fri_c2_1000_10": [0.029999999999999916, 0.125, 0.135, 0.03499999999999992, 0.10999999999999999]}, "complexity": {"606_fri_c2_1000_10": [139, 139, 325, 139, 145]}, "time_all": {"606_fri_c2_1000_10": [0.18145465850830078, 0.1776113510131836, 0.19036269187927246, 0.1762070655822754, 0.17676687240600586]}, "time_fit": {"606_fri_c2_1000_10": [0.019944429397583008, 0.019824504852294922, 0.03435325622558594, 0.019769668579101562, 0.019426822662353516]}, "sizes": {"606_fri_c2_1000_10": []}, "tau": 0.7}, "LinearQuantile": {"losses": {"606_fri_c2_1000_10": [0.06988893423973304, 0.07319997282623736, 0.07052789233573115, 0.07066332088517209, 0.07256834063656481]}, "coverage": {"606_fri_c2_1000_10": [0.20999999999999996, 0.19999999999999996, 0.27499999999999997, 0.20499999999999996, 0.26999999999999996]}, "complexity": {"606_fri_c2_1000_10": [10, 10, 10, 10, 10]}, "time_all": {"606_fri_c2_1000_10": [0.4439523220062256, 0.586742639541626, 0.3684077262878418, 0.4216728210449219, 0.22867679595947266]}, "time_fit": {"606_fri_c2_1000_10": [0.039127349853515625, 0.045005083084106445, 0.03040599822998047, 0.03372597694396973, 0.01910996437072754]}, "sizes": {"606_fri_c2_1000_10": []}, "tau": 0.7}}
