{"SQR": {"losses": {"527_analcatdata_election2000": [0.0, 0.0, 0.0, 0.0, 1.1080597191423623e-11]}, "coverage": {"527_analcatdata_election2000": [0.4, 0.4, 0.4, 0.4, 0.4]}, "complexity": {"527_analcatdata_election2000": [17, 17, 17, 19, 17]}, "time_all": {"527_analcatdata_election2000": [80.2922854423523, 65.76124095916748, 65.08171367645264, 64.58735394477844, 65.80060338973999]}, "time_fit": {"527_analcatdata_election2000": [80.2922854423523, 65.76124095916748, 65.08171367645264, 64.58735394477844, 65.80060338973999]}, "sizes": {"527_analcatdata_election2000": []}, "tau": 0.6}, "LightGBM": {"losses": {"527_analcatdata_election2000": [0.09477107157496767, 0.009091624059938781, 0.02311047103036175, 0.03682245749947779, 0.03284096100889866]}, "coverage": {"527_analcatdata_election2000": [0.17142857142857143, 0.02857142857142858, 0.015384615384615441, 0.09230769230769231, 0.015384615384615441]}, "time_all": {"527_analcatdata_election2000": [0.11269903182983398, 0.2510828971862793, 0.06040334701538086, 0.06000947952270508, 0.060984134674072266]}, "time_fit": {"527_analcatdata_election2000": [0.013550281524658203, 0.015496015548706055, 0.012672185897827148, 0.012601137161254883, 0.012862920761108398]}, "sizes": {"527_analcatdata_election2000": []}, "tau": 0.6}, "DecisionTree": {"losses": {"527_analcatdata_election2000": [0.05873705145345931, 0.006286410553644111, 0.01843972966343536, 0.008034029382848501, 0.020561141811031632]}, "coverage": {"527_analcatdata_election2000": [0.24285714285714283, 0.3142857142857143, 0.1692307692307693, 0.015384615384615441, 0.1692307692307693]}, "complexity": {"527_analcatdata_election2000": [19, 23, 9, 21, 19]}, "time_all": {"527_analcatdata_election2000": [0.03203725814819336, 0.0328981876373291, 0.028093576431274414, 0.02979421615600586, 0.03034377098083496]}, "time_fit": {"527_analcatdata_election2000": [0.0031807422637939453, 0.0034551620483398438, 0.002160787582397461, 0.0031507015228271484, 0.0030832290649414062]}, "sizes": {"527_analcatdata_election2000": []}, "tau": 0.6}, "LinearQuantile": {"losses": {"527_analcatdata_election2000": [3.22940866311932e-13, 2.796657050747389e-12, 3.0798114820055933e-13, 2.571196799058948e-13, 2.9868627337167394e-13]}, "coverage": {"527_analcatdata_election2000": [0.3285714285714286, 0.4, 0.6, 0.4, 0.6]}, "complexity": {"527_analcatdata_election2000": [14, 14, 14, 14, 14]}, "time_all": {"527_analcatdata_election2000": [0.0339505672454834, 0.029726743698120117, 0.027542829513549805, 0.028447866439819336, 0.02867913246154785]}, "time_fit": {"527_analcatdata_election2000": [0.0021207332611083984, 0.0020868778228759766, 0.001922607421875, 0.0019941329956054688, 0.002024412155151367]}, "sizes": {"527_analcatdata_election2000": []}, "tau": 0.6}}
