{"SQR": {"losses": {"1201_BNG_breastTumor": [0.040484536893355655, 0.04062029284550911, 0.04052040231479751, 0.04077268624312675, 0.04042253994207094]}, "coverage": {"1201_BNG_breastTumor": [0.025831618655692723, 0.03063271604938267, 0.02938957475994508, 0.028060699588477345, 0.03200445816186548]}, "complexity": {"1201_BNG_breastTumor": [3, 4, 3, 3, 3]}, "time_all": {"1201_BNG_breastTumor": [606.3341615200043, 504.5961856842041, 576.7069706916809, 515.5385897159576, 515.7865226268768]}, "time_fit": {"1201_BNG_breastTumor": [606.3341615200043, 504.5961856842041, 576.7069706916809, 515.5385897159576, 515.7865226268768]}, "sizes": {"1201_BNG_breastTumor": []}, "tau": 0.8}, "LightGBM": {"losses": {"1201_BNG_breastTumor": [0.03766486573396359, 0.03819032036876892, 0.037598148922749895, 0.037904943052687476, 0.037697982572971356]}, "coverage": {"1201_BNG_breastTumor": [0.030932784636488297, 0.027717764060356642, 0.03230452674897111, 0.029989711934156338, 0.030418381344307188]}, "time_all": {"1201_BNG_breastTumor": [3.338055372238159, 3.1504294872283936, 3.1189124584198, 3.145869255065918, 2.9425406455993652]}, "time_fit": {"1201_BNG_breastTumor": [0.9014034271240234, 0.8675451278686523, 0.8306565284729004, 0.8430929183959961, 0.8500881195068359]}, "sizes": {"1201_BNG_breastTumor": []}, "tau": 0.8}, "DecisionTree": {"losses": {"1201_BNG_breastTumor": [0.0375281591149646, 0.037492189073657124, 0.037272779005696914, 0.037563196912863354, 0.03745971388365835]}, "coverage": {"1201_BNG_breastTumor": [0.024674211248285283, 0.023002400548696844, 0.02737482853223594, 0.023645404663923175, 0.02810356652949242]}, "complexity": {"1201_BNG_breastTumor": [2991, 2967, 2941, 2927, 2979]}, "time_all": {"1201_BNG_breastTumor": [9.820393562316895, 9.68608021736145, 9.803353071212769, 9.658907651901245, 9.65814757347107]}, "time_fit": {"1201_BNG_breastTumor": [0.48244810104370117, 0.4727327823638916, 0.4772450923919678, 0.468059778213501, 0.4732522964477539]}, "sizes": {"1201_BNG_breastTumor": []}, "tau": 0.8}, "LinearQuantile": {"losses": {"1201_BNG_breastTumor": [0.039936694113488, 0.04038398215541362, 0.039953382866230534, 0.04011990037346304, 0.0398164051231852]}, "coverage": {"1201_BNG_breastTumor": [0.0011745541838135143, 0.0037037037037037646, 0.0023405349794237695, 0.0005401234567901092, 0.0007973251028806638]}, "complexity": {"1201_BNG_breastTumor": [21, 21, 21, 21, 21]}, "time_all": {"1201_BNG_breastTumor": [53.4818811416626, 93.1520926952362, 47.29698467254639, 42.2459876537323, 66.21219801902771]}, "time_fit": {"1201_BNG_breastTumor": [4.775115251541138, 8.374456644058228, 3.7497291564941406, 3.7127134799957275, 5.825541257858276]}, "sizes": {"1201_BNG_breastTumor": []}, "tau": 0.8}}
