{"SQR": {"losses": {"665_sleuth_case2002": [0.06332163755111112, 0.06448129858814816, 0.0896442775922131, 0.06321814790804599, 0.05563414298850575]}, "coverage": {"665_sleuth_case2002": [0.06666666666666665, 0.13333333333333336, 0.22413793103448276, 0.12068965517241381, 0.051724137931034475]}, "complexity": {"665_sleuth_case2002": [4, 5, 9, 2, 2]}, "time_all": {"665_sleuth_case2002": [84.37888932228088, 71.89688444137573, 66.14832592010498, 71.12447047233582, 66.91484022140503]}, "time_fit": {"665_sleuth_case2002": [84.37888932228088, 71.89688444137573, 66.14832592010498, 71.12447047233582, 66.91484022140503]}, "sizes": {"665_sleuth_case2002": []}, "tau": 0.5}, "LightGBM": {"losses": {"665_sleuth_case2002": [0.05762236137514878, 0.07166334306498102, 0.07195967370468011, 0.061334093734659104, 0.05075694250942783]}, "coverage": {"665_sleuth_case2002": [0.06666666666666665, 0.06666666666666665, 0.15517241379310343, 0.08620689655172409, 0.22413793103448276]}, "time_all": {"665_sleuth_case2002": [0.1470046043395996, 0.1067042350769043, 0.10413980484008789, 0.11170101165771484, 0.11346864700317383]}, "time_fit": {"665_sleuth_case2002": [0.023339033126831055, 0.02507162094116211, 0.013688325881958008, 0.02576160430908203, 0.02507805824279785]}, "sizes": {"665_sleuth_case2002": []}, "tau": 0.5}, "DecisionTree": {"losses": {"665_sleuth_case2002": [0.04925925925925926, 0.05333333333333333, 0.06283524904214559, 0.05421455938697318, 0.04827586206896552]}, "coverage": {"665_sleuth_case2002": [0.19999999999999996, 0.16666666666666663, 0.051724137931034475, 0.12068965517241381, 0.39655172413793105]}, "complexity": {"665_sleuth_case2002": [9, 19, 9, 21, 9]}, "time_all": {"665_sleuth_case2002": [0.0367889404296875, 0.035718441009521484, 0.03266119956970215, 0.03691983222961426, 0.035048484802246094]}, "time_fit": {"665_sleuth_case2002": [0.002279996871948242, 0.0029506683349609375, 0.0020208358764648438, 0.0030965805053710938, 0.0021276473999023438]}, "sizes": {"665_sleuth_case2002": []}, "tau": 0.5}, "LinearQuantile": {"losses": {"665_sleuth_case2002": [0.06115887296107888, 0.05977811674566879, 0.06667482146039258, 0.06084210751883942, 0.052366830231307816]}, "coverage": {"665_sleuth_case2002": [0.033333333333333326, 0.033333333333333326, 0.12068965517241381, 0.12068965517241381, 0.08620689655172409]}, "complexity": {"665_sleuth_case2002": [10, 10, 10, 10, 10]}, "time_all": {"665_sleuth_case2002": [0.22639131546020508, 1.8160643577575684, 1.1790771484375, 1.2497022151947021, 0.1551525592803955]}, "time_fit": {"665_sleuth_case2002": [0.0193941593170166, 0.12829303741455078, 0.09141325950622559, 0.08867883682250977, 0.013216733932495117]}, "sizes": {"665_sleuth_case2002": []}, "tau": 0.5}}
