{"SQR": {"losses": {"609_fri_c0_1000_5": [0.0265376049199409, 0.019899358682501592, 0.01760590645019478, 0.02644655458210262, 0.026234762141222782]}, "coverage": {"609_fri_c0_1000_5": [0.010000000000000009, 0.03999999999999998, 0.020000000000000018, 0.03999999999999998, 0.015000000000000013]}, "complexity": {"609_fri_c0_1000_5": [11, 16, 19, 11, 11]}, "time_all": {"609_fri_c0_1000_5": [98.67353987693787, 91.16990542411804, 93.33916330337524, 94.15461206436157, 95.07438445091248]}, "time_fit": {"609_fri_c0_1000_5": [98.67353987693787, 91.16990542411804, 93.33916330337524, 94.15461206436157, 95.07438445091248]}, "sizes": {"609_fri_c0_1000_5": []}, "tau": 0.5}, "LightGBM": {"losses": {"609_fri_c0_1000_5": [0.03802512336358162, 0.039165553126160275, 0.03362138682504164, 0.033177668233252806, 0.03171038538910642]}, "coverage": {"609_fri_c0_1000_5": [0.040000000000000036, 0.0, 0.0050000000000000044, 0.010000000000000009, 0.0]}, "time_all": {"609_fri_c0_1000_5": [0.4125094413757324, 0.3660318851470947, 0.40282130241394043, 0.3685760498046875, 0.3675689697265625]}, "time_fit": {"609_fri_c0_1000_5": [0.07244014739990234, 0.07262110710144043, 0.07261943817138672, 0.07222890853881836, 0.07182931900024414]}, "sizes": {"609_fri_c0_1000_5": []}, "tau": 0.5}, "DecisionTree": {"losses": {"609_fri_c0_1000_5": [0.04090603074038892, 0.04188266153512189, 0.0386019713417198, 0.04229523788725822, 0.03625327986464616]}, "coverage": {"609_fri_c0_1000_5": [0.020000000000000018, 0.010000000000000009, 0.010000000000000009, 0.025000000000000022, 0.044999999999999984]}, "complexity": {"609_fri_c0_1000_5": [321, 317, 323, 327, 323]}, "time_all": {"609_fri_c0_1000_5": [0.14966773986816406, 0.15149569511413574, 0.15139484405517578, 0.15093612670898438, 0.15140390396118164]}, "time_fit": {"609_fri_c0_1000_5": [0.02948451042175293, 0.029331207275390625, 0.029609203338623047, 0.029842376708984375, 0.029760360717773438]}, "sizes": {"609_fri_c0_1000_5": []}, "tau": 0.5}, "LinearQuantile": {"losses": {"609_fri_c0_1000_5": [0.04105963880810232, 0.040431283930587675, 0.037357497821485494, 0.042013157773800096, 0.0352644616983366]}, "coverage": {"609_fri_c0_1000_5": [0.0050000000000000044, 0.044999999999999984, 0.08999999999999997, 0.030000000000000027, 0.020000000000000018]}, "complexity": {"609_fri_c0_1000_5": [5, 5, 5, 5, 5]}, "time_all": {"609_fri_c0_1000_5": [0.19667792320251465, 0.6035583019256592, 0.20035743713378906, 0.18478918075561523, 0.13854026794433594]}, "time_fit": {"609_fri_c0_1000_5": [0.016782522201538086, 0.04652690887451172, 0.017690420150756836, 0.01617908477783203, 0.012035846710205078]}, "sizes": {"609_fri_c0_1000_5": []}, "tau": 0.5}}
