{"SQR": {"losses": {"560_bodyfat": [0.0003708123337358972, 0.0018505577194823843, 0.0068143049994679634, 0.0013438642003056193, 0.0005201791550236448]}, "coverage": {"560_bodyfat": [0.025490196078431393, 0.08431372549019611, 0.040000000000000036, 0.039999999999999925, 0.14]}, "complexity": {"560_bodyfat": [11, 10, 12, 9, 16]}, "time_all": {"560_bodyfat": [90.5520191192627, 75.08415794372559, 72.68895053863525, 78.41855263710022, 79.22888159751892]}, "time_fit": {"560_bodyfat": [90.5520191192627, 75.08415794372559, 72.68895053863525, 78.41855263710022, 79.22888159751892]}, "sizes": {"560_bodyfat": []}, "tau": 0.7}, "LightGBM": {"losses": {"560_bodyfat": [0.011472756053324264, 0.02034129540564343, 0.011173293995746212, 0.01653656919405277, 0.012637414124451818]}, "coverage": {"560_bodyfat": [0.06470588235294117, 0.045098039215686336, 0.040000000000000036, 0.05999999999999994, 0.12]}, "time_all": {"560_bodyfat": [0.16884207725524902, 0.12125706672668457, 0.11984705924987793, 0.14188313484191895, 0.14684653282165527]}, "time_fit": {"560_bodyfat": [0.029631614685058594, 0.028415203094482422, 0.027723312377929688, 0.033357858657836914, 0.035032033920288086]}, "sizes": {"560_bodyfat": []}, "tau": 0.7}, "DecisionTree": {"losses": {"560_bodyfat": [0.003905470929770765, 0.009953354029463533, 0.0066126308782477146, 0.0054404206100263095, 0.00326020860370837]}, "coverage": {"560_bodyfat": [0.19019607843137254, 0.005882352941176561, 0.15999999999999992, 0.039999999999999925, 0.019999999999999907]}, "complexity": {"560_bodyfat": [75, 81, 79, 83, 81]}, "time_all": {"560_bodyfat": [0.05741477012634277, 0.057283639907836914, 0.056693315505981445, 0.05761313438415527, 0.0582582950592041]}, "time_fit": {"560_bodyfat": [0.008691787719726562, 0.008757591247558594, 0.00866246223449707, 0.008913278579711914, 0.008822917938232422]}, "sizes": {"560_bodyfat": []}, "tau": 0.7}, "LinearQuantile": {"losses": {"560_bodyfat": [0.025032324921811164, 0.030879409877980938, 0.039850304951705856, 0.027980356302008923, 0.030931823419431355]}, "coverage": {"560_bodyfat": [0.025490196078431393, 0.09215686274509804, 0.25999999999999995, 0.0, 0.12]}, "complexity": {"560_bodyfat": [14, 14, 14, 14, 14]}, "time_all": {"560_bodyfat": [1.787600040435791, 1.1066052913665771, 0.2591588497161865, 0.23675918579101562, 0.5609986782073975]}, "time_fit": {"560_bodyfat": [0.12061905860900879, 0.07348823547363281, 0.022388219833374023, 0.020438194274902344, 0.04446125030517578]}, "sizes": {"560_bodyfat": []}, "tau": 0.7}}
