{"SQR": {"losses": {"592_fri_c4_1000_25": [0.015397774788602797, 0.01717407690761238, 0.018187130303471896, 0.014921083197863748, 0.01658280548811347]}, "coverage": {"592_fri_c4_1000_25": [0.040000000000000036, 0.030000000000000027, 0.135, 0.0050000000000000044, 0.07499999999999996]}, "complexity": {"592_fri_c4_1000_25": [10, 10, 13, 12, 13]}, "time_all": {"592_fri_c4_1000_25": [132.02325558662415, 113.98746371269226, 117.03712034225464, 113.22243571281433, 105.8599500656128]}, "time_fit": {"592_fri_c4_1000_25": [132.02325558662415, 113.98746371269226, 117.03712034225464, 113.22243571281433, 105.8599500656128]}, "sizes": {"592_fri_c4_1000_25": []}, "tau": 0.6}, "LightGBM": {"losses": {"592_fri_c4_1000_25": [0.025589025103506514, 0.024137498389565425, 0.026398229418915932, 0.028841601139996908, 0.02568575478858301]}, "coverage": {"592_fri_c4_1000_25": [0.039999999999999925, 0.020000000000000018, 0.125, 0.039999999999999925, 0.015000000000000013]}, "time_all": {"592_fri_c4_1000_25": [0.4717984199523926, 0.43826770782470703, 0.4364449977874756, 0.4331955909729004, 0.4459371566772461]}, "time_fit": {"592_fri_c4_1000_25": [0.07497334480285645, 0.07310795783996582, 0.07390356063842773, 0.07163047790527344, 0.07484745979309082]}, "sizes": {"592_fri_c4_1000_25": []}, "tau": 0.6}, "DecisionTree": {"losses": {"592_fri_c4_1000_25": [0.026306740513589565, 0.025436525921343742, 0.027175143093978088, 0.03272885153950357, 0.029195796564333156]}, "coverage": {"592_fri_c4_1000_25": [0.13499999999999995, 0.015000000000000013, 0.020000000000000018, 0.13999999999999996, 0.08999999999999997]}, "complexity": {"592_fri_c4_1000_25": [323, 331, 141, 137, 325]}, "time_all": {"592_fri_c4_1000_25": [0.31893181800842285, 0.30998706817626953, 0.3104274272918701, 0.2900412082672119, 0.3174896240234375]}, "time_fit": {"592_fri_c4_1000_25": [0.049715280532836914, 0.04806089401245117, 0.03320741653442383, 0.030688762664794922, 0.05096268653869629]}, "sizes": {"592_fri_c4_1000_25": []}, "tau": 0.6}, "LinearQuantile": {"losses": {"592_fri_c4_1000_25": [0.060633161225914944, 0.06125129903294533, 0.05925360553252218, 0.05965996182061261, 0.06303683787408305]}, "coverage": {"592_fri_c4_1000_25": [0.19, 0.13, 0.05999999999999994, 0.08999999999999997, 0.20999999999999996]}, "complexity": {"592_fri_c4_1000_25": [25, 25, 25, 25, 25]}, "time_all": {"592_fri_c4_1000_25": [1.2231714725494385, 1.2688980102539062, 1.825026035308838, 1.2577335834503174, 0.6737997531890869]}, "time_fit": {"592_fri_c4_1000_25": [0.08423399925231934, 0.09847664833068848, 0.14894676208496094, 0.09846353530883789, 0.0569305419921875]}, "sizes": {"592_fri_c4_1000_25": []}, "tau": 0.6}}
