{"SQR": {"losses": {"201_pol": [0.07896255580057426, 0.05430997178294121, 0.07187245620613508, 0.07397939681670708, 0.08035786868303686]}, "coverage": {"201_pol": [0.16466666666666674, 0.18833333333333335, 0.15833333333333333, 0.15533333333333332, 0.0023333333333334094]}, "complexity": {"201_pol": [8, 13, 9, 10, 9]}, "time_all": {"201_pol": [375.95060992240906, 566.5942783355713, 666.7782981395721, 670.8502771854401, 628.9131934642792]}, "time_fit": {"201_pol": [375.95060992240906, 566.5942783355713, 666.7782981395721, 670.8502771854401, 628.9131934642792]}, "sizes": {"201_pol": []}, "tau": 0.6}, "LightGBM": {"losses": {"201_pol": [0.03619605394796796, 0.03611146065352295, 0.03790016515471044, 0.03837715091165384, 0.03720788578681587]}, "coverage": {"201_pol": [0.11166666666666669, 0.09366666666666668, 0.08400000000000007, 0.08500000000000008, 0.09466666666666668]}, "time_all": {"201_pol": [2.2767934799194336, 2.0454506874084473, 2.0294299125671387, 2.120943307876587, 2.1343257427215576]}, "time_fit": {"201_pol": [0.49315357208251953, 0.4999356269836426, 0.4935445785522461, 0.49075865745544434, 0.5202836990356445]}, "sizes": {"201_pol": []}, "tau": 0.6}, "DecisionTree": {"losses": {"201_pol": [0.009856, 0.009421333333333334, 0.010622666666666667, 0.010842666666666667, 0.010024]}, "coverage": {"201_pol": [0.34199999999999997, 0.33799999999999997, 0.32300000000000006, 0.33233333333333337, 0.32066666666666666]}, "complexity": {"201_pol": [1213, 1167, 1173, 1193, 1155]}, "time_all": {"201_pol": [0.8047695159912109, 0.7977402210235596, 0.7798104286193848, 0.7958889007568359, 0.8069992065429688]}, "time_fit": {"201_pol": [0.10817694664001465, 0.10633134841918945, 0.10451960563659668, 0.10665440559387207, 0.10385560989379883]}, "sizes": {"201_pol": []}, "tau": 0.6}, "LinearQuantile": {"losses": {"201_pol": [0.1259086672433073, 0.1275318933876874, 0.1254644085113681, 0.12689869380556737, 0.1289097113586384]}, "coverage": {"201_pol": [0.016000000000000014, 0.0033333333333334103, 0.0020000000000000018, 0.019333333333333313, 0.0006666666666667043]}, "complexity": {"201_pol": [48, 48, 48, 48, 48]}, "time_all": {"201_pol": [56.92263722419739, 122.32766246795654, 150.99850964546204, 41.012038707733154, 103.91051435470581]}, "time_fit": {"201_pol": [5.15854287147522, 6.305557727813721, 4.997303247451782, 3.645379066467285, 12.479660987854004]}, "sizes": {"201_pol": []}, "tau": 0.6}}
