{"SQR": {"losses": {"591_fri_c1_100_10": [0.028570858845135636, 0.02196216151356097, 0.018127348487217067, 0.011376230634621705, 0.048838904850971754]}, "coverage": {"591_fri_c1_100_10": [0.050000000000000044, 0.050000000000000044, 0.04999999999999993, 0.1499999999999999, 0.0]}, "complexity": {"591_fri_c1_100_10": [6, 11, 9, 15, 10]}, "time_all": {"591_fri_c1_100_10": [77.35146999359131, 68.93123412132263, 67.79635643959045, 67.19683456420898, 66.3349769115448]}, "time_fit": {"591_fri_c1_100_10": [77.35146999359131, 68.93123412132263, 67.79635643959045, 67.19683456420898, 66.3349769115448]}, "sizes": {"591_fri_c1_100_10": []}, "tau": 0.7}, "LightGBM": {"losses": {"591_fri_c1_100_10": [0.04721602358890005, 0.06988111024279389, 0.06649467798216013, 0.060138623389699386, 0.08086582092854658]}, "coverage": {"591_fri_c1_100_10": [0.20000000000000007, 0.1499999999999999, 0.04999999999999993, 0.04999999999999993, 0.04999999999999993]}, "time_all": {"591_fri_c1_100_10": [0.12618732452392578, 0.09917569160461426, 0.08742809295654297, 0.08139348030090332, 0.07656311988830566]}, "time_fit": {"591_fri_c1_100_10": [0.015990734100341797, 0.020720720291137695, 0.019507169723510742, 0.016315460205078125, 0.015393733978271484]}, "sizes": {"591_fri_c1_100_10": []}, "tau": 0.7}, "DecisionTree": {"losses": {"591_fri_c1_100_10": [0.05187784573793128, 0.0429658632788958, 0.05839448725390751, 0.05399276168067675, 0.06463264955602312]}, "coverage": {"591_fri_c1_100_10": [0.050000000000000044, 0.09999999999999998, 0.15000000000000002, 0.09999999999999998, 0.19999999999999996]}, "complexity": {"591_fri_c1_100_10": [33, 13, 5, 13, 33]}, "time_all": {"591_fri_c1_100_10": [0.03658270835876465, 0.03540968894958496, 0.0337221622467041, 0.03313398361206055, 0.03511762619018555]}, "time_fit": {"591_fri_c1_100_10": [0.004388332366943359, 0.002729177474975586, 0.0019521713256835938, 0.002694845199584961, 0.004292964935302734]}, "sizes": {"591_fri_c1_100_10": []}, "tau": 0.7}, "LinearQuantile": {"losses": {"591_fri_c1_100_10": [0.06688444023830041, 0.10635261998789491, 0.0959164027804191, 0.08399490263400797, 0.10056136225507172]}, "coverage": {"591_fri_c1_100_10": [0.09999999999999998, 0.24999999999999994, 0.19999999999999996, 0.24999999999999994, 0.24999999999999994]}, "complexity": {"591_fri_c1_100_10": [10, 10, 10, 10, 10]}, "time_all": {"591_fri_c1_100_10": [0.3308403491973877, 0.12907981872558594, 1.3022027015686035, 0.2671072483062744, 0.2713892459869385]}, "time_fit": {"591_fri_c1_100_10": [0.028624534606933594, 0.0109100341796875, 0.09531712532043457, 0.02244877815246582, 0.02418208122253418]}, "sizes": {"591_fri_c1_100_10": []}, "tau": 0.7}}
