{"SQR": {"losses": {"621_fri_c0_100_10": [0.02428856172322978, 0.02953907956984977, 0.05541058008750305, 0.0416573194374001, 0.016374737258599035]}, "coverage": {"621_fri_c0_100_10": [0.15000000000000002, 0.0, 0.20000000000000007, 0.14999999999999997, 0.14999999999999997]}, "complexity": {"621_fri_c0_100_10": [12, 13, 14, 11, 13]}, "time_all": {"621_fri_c0_100_10": [80.91127800941467, 66.47406554222107, 68.99582123756409, 65.94583368301392, 67.68814849853516]}, "time_fit": {"621_fri_c0_100_10": [80.91127800941467, 66.47406554222107, 68.99582123756409, 65.94583368301392, 67.68814849853516]}, "sizes": {"621_fri_c0_100_10": []}, "tau": 0.6}, "LightGBM": {"losses": {"621_fri_c0_100_10": [0.07305057138875462, 0.05445273913494419, 0.06152408218311729, 0.04851373211856152, 0.07096859256198418]}, "coverage": {"621_fri_c0_100_10": [0.15000000000000002, 0.0, 0.14999999999999997, 0.04999999999999993, 0.09999999999999998]}, "time_all": {"621_fri_c0_100_10": [0.12729263305664062, 0.07131314277648926, 0.08228182792663574, 0.09471702575683594, 0.08945751190185547]}, "time_fit": {"621_fri_c0_100_10": [0.017075777053833008, 0.016045570373535156, 0.016634702682495117, 0.01978754997253418, 0.018074750900268555]}, "sizes": {"621_fri_c0_100_10": []}, "tau": 0.6}, "DecisionTree": {"losses": {"621_fri_c0_100_10": [0.04851839979586229, 0.07191566143400202, 0.056827230368511096, 0.04476612614827464, 0.0706655405331135]}, "coverage": {"621_fri_c0_100_10": [0.09999999999999998, 0.0, 0.050000000000000044, 0.14999999999999997, 0.14999999999999997]}, "complexity": {"621_fri_c0_100_10": [13, 13, 5, 13, 7]}, "time_all": {"621_fri_c0_100_10": [0.0349729061126709, 0.033609867095947266, 0.032781362533569336, 0.03407454490661621, 0.03430485725402832]}, "time_fit": {"621_fri_c0_100_10": [0.002752542495727539, 0.002722024917602539, 0.0020062923431396484, 0.0026710033416748047, 0.002191781997680664]}, "sizes": {"621_fri_c0_100_10": []}, "tau": 0.6}, "LinearQuantile": {"losses": {"621_fri_c0_100_10": [0.04926036401036459, 0.0559795696550532, 0.042872638256619626, 0.04510774347078297, 0.06546208763189136]}, "coverage": {"621_fri_c0_100_10": [0.04999999999999993, 0.25, 0.14999999999999997, 0.09999999999999998, 0.14999999999999997]}, "complexity": {"621_fri_c0_100_10": [10, 10, 10, 10, 10]}, "time_all": {"621_fri_c0_100_10": [0.31476306915283203, 0.3071177005767822, 0.200606107711792, 0.14400196075439453, 0.3093991279602051]}, "time_fit": {"621_fri_c0_100_10": [0.02693796157836914, 0.02582263946533203, 0.017096281051635742, 0.012184381484985352, 0.026548147201538086]}, "sizes": {"621_fri_c0_100_10": []}, "tau": 0.6}}
