{"SQR": {"losses": {"1191_BNG_pbc": [0.05973071217001242, 0.059757985455148765, 0.05974351289459017, 0.059612742373027855, 0.05993227039804779]}, "coverage": {"1191_BNG_pbc": [0.007879999999999998, 0.022270000000000012, 0.02568999999999999, 0.02120999999999995, 0.02456999999999998]}, "complexity": {"1191_BNG_pbc": [4, 4, 4, 4, 4]}, "time_all": {"1191_BNG_pbc": [643.9840819835663, 573.5492601394653, 600.4952368736267, 572.8752613067627, 621.0345528125763]}, "time_fit": {"1191_BNG_pbc": [643.9840819835663, 573.5492601394653, 600.4952368736267, 572.8752613067627, 621.0345528125763]}, "sizes": {"1191_BNG_pbc": []}, "tau": 0.5}, "LightGBM": {"losses": {"1191_BNG_pbc": [0.051295363101500076, 0.0512993759075309, 0.05137423115192808, 0.05115962671853611, 0.05143630533041206]}, "coverage": {"1191_BNG_pbc": [0.007495000000000029, 0.010584999999999956, 0.009184999999999999, 0.008695000000000008, 0.006680000000000019]}, "time_all": {"1191_BNG_pbc": [7.591569900512695, 7.383450746536255, 7.257791042327881, 7.216809034347534, 7.407603025436401]}, "time_fit": {"1191_BNG_pbc": [1.6090795993804932, 1.5913608074188232, 1.5751347541809082, 1.573594093322754, 1.5951883792877197]}, "sizes": {"1191_BNG_pbc": []}, "tau": 0.5}, "DecisionTree": {"losses": {"1191_BNG_pbc": [0.04935842804190243, 0.04926216497285796, 0.04941005856804429, 0.049137989737570054, 0.0493366681277287]}, "coverage": {"1191_BNG_pbc": [0.002894999999999981, 0.004654999999999965, 0.003510000000000013, 0.0008299999999999974, 0.0016800000000000148]}, "complexity": {"1191_BNG_pbc": [25433, 25521, 25589, 25515, 25509]}, "time_all": {"1191_BNG_pbc": [410.31399965286255, 409.15988659858704, 409.2417879104614, 411.9827969074249, 412.0721004009247]}, "time_fit": {"1191_BNG_pbc": [25.044159650802612, 25.00555992126465, 24.993488311767578, 24.976298570632935, 24.965510368347168]}, "sizes": {"1191_BNG_pbc": []}, "tau": 0.5}, "LinearQuantile": {"losses": {"1191_BNG_pbc": [0.05387268751908728, 0.053900767707015185, 0.0538751514590503, 0.05377494193499464, 0.05398488345365596]}, "coverage": {"1191_BNG_pbc": [0.0002550000000000052, 0.0014600000000000168, 0.0018899999999999473, 0.0009000000000000119, 0.002134999999999998]}, "complexity": {"1191_BNG_pbc": [29, 29, 29, 29, 29]}, "time_all": {"1191_BNG_pbc": [576.9406621456146, 1051.2098338603973, 961.5281448364258, 733.0757377147675, 1876.3135814666748]}, "time_fit": {"1191_BNG_pbc": [52.36458730697632, 95.12313413619995, 86.0968120098114, 68.41975617408752, 170.73062109947205]}, "sizes": {"1191_BNG_pbc": []}, "tau": 0.5}}
