{"SQR": {"losses": {"218_house_8L": [0.016038109237629185, 0.013257865391204533, 0.016513874767244287, 0.01529316886617379, 0.013155325958734006]}, "coverage": {"218_house_8L": [0.001689708141320967, 0.018499012508229162, 0.0056396752249286974, 0.004981347377660761, 0.004302019315188699]}, "complexity": {"218_house_8L": [4, 9, 4, 6, 10]}, "time_all": {"218_house_8L": [616.1874268054962, 539.390474319458, 510.91844272613525, 475.39671659469604, 532.8158059120178]}, "time_fit": {"218_house_8L": [616.1874268054962, 539.390474319458, 510.91844272613525, 475.39671659469604, 532.8158059120178]}, "sizes": {"218_house_8L": []}, "tau": 0.9}, "LightGBM": {"losses": {"218_house_8L": [0.010927090961497191, 0.011596345837421683, 0.010964591329481873, 0.011489795533377496, 0.011063413780359323]}, "coverage": {"218_house_8L": [0.028461707263550573, 0.02758393680052662, 0.019464560017555366, 0.028242264647794557, 0.02778753292361713]}, "time_all": {"218_house_8L": [1.37306547164917, 1.3343546390533447, 1.367497205734253, 1.2664833068847656, 1.3442373275756836]}, "time_fit": {"218_house_8L": [0.22335433959960938, 0.2194042205810547, 0.22304368019104004, 0.22455501556396484, 0.2184436321258545]}, "sizes": {"218_house_8L": []}, "tau": 0.9}, "DecisionTree": {"losses": {"218_house_8L": [0.010763735444221014, 0.010927886285548473, 0.011289299958156722, 0.011344471403661977, 0.011282042686134117]}, "coverage": {"218_house_8L": [0.027715602369980274, 0.022229536976080766, 0.028154487601492195, 0.04175992977836296, 0.03081650570676031]}, "complexity": {"218_house_8L": [629, 635, 633, 587, 581]}, "time_all": {"218_house_8L": [2.7508044242858887, 2.754894971847534, 2.582103729248047, 2.5445821285247803, 2.640143871307373]}, "time_fit": {"218_house_8L": [0.1561260223388672, 0.16223907470703125, 0.15479040145874023, 0.15115833282470703, 0.15190386772155762]}, "sizes": {"218_house_8L": []}, "tau": 0.9}, "LinearQuantile": {"losses": {"218_house_8L": [0.01617177720309406, 0.017448744026367972, 0.016304670920069698, 0.017330728729663188, 0.01670589607461368]}, "coverage": {"218_house_8L": [0.001689708141320967, 0.0071757735352204755, 0.0009436032477507794, 0.003445249067368872, 0.0016681299385425952]}, "complexity": {"218_house_8L": [8, 8, 8, 8, 8]}, "time_all": {"218_house_8L": [20.444392204284668, 21.425758361816406, 19.418484926223755, 20.879782915115356, 21.45157265663147]}, "time_fit": {"218_house_8L": [0.9791460037231445, 2.344151020050049, 0.9755315780639648, 1.4963905811309814, 2.661874532699585]}, "sizes": {"218_house_8L": []}, "tau": 0.9}}
