{"SQR": {"losses": {"695_chatfield_4": [0.03083634097004826, 0.027177240305314574, 0.025633678670087253, 0.027356063737551138, 0.03310552008973165]}, "coverage": {"695_chatfield_4": [0.1382978723404255, 0.03191489361702127, 0.2872340425531915, 0.0957446808510638, 0.010638297872340441]}, "complexity": {"695_chatfield_4": [5, 9, 11, 13, 11]}, "time_all": {"695_chatfield_4": [81.00304746627808, 72.20265603065491, 69.5574243068695, 73.42267799377441, 71.43299794197083]}, "time_fit": {"695_chatfield_4": [81.00304746627808, 72.20265603065491, 69.5574243068695, 73.42267799377441, 71.43299794197083]}, "sizes": {"695_chatfield_4": []}, "tau": 0.5}, "LightGBM": {"losses": {"695_chatfield_4": [0.033259763183959595, 0.030182080116128943, 0.022592013303862922, 0.027626351445282783, 0.03193712413269136]}, "coverage": {"695_chatfield_4": [0.07446808510638303, 0.010638297872340441, 0.15957446808510634, 0.07446808510638298, 0.010638297872340441]}, "time_all": {"695_chatfield_4": [0.18013381958007812, 0.15606045722961426, 0.14020180702209473, 0.1304948329925537, 0.15001392364501953]}, "time_fit": {"695_chatfield_4": [0.031005382537841797, 0.03648543357849121, 0.024008512496948242, 0.030966758728027344, 0.03201746940612793]}, "sizes": {"695_chatfield_4": []}, "tau": 0.5}, "DecisionTree": {"losses": {"695_chatfield_4": [0.029164224265838267, 0.0287953939215763, 0.025200412921359692, 0.030701755366298676, 0.03197710589905057]}, "coverage": {"695_chatfield_4": [0.07446808510638298, 0.03191489361702127, 0.0957446808510638, 0.07446808510638303, 0.03191489361702127]}, "complexity": {"695_chatfield_4": [13, 9, 13, 13, 9]}, "time_all": {"695_chatfield_4": [0.0514521598815918, 0.050321340560913086, 0.04945254325866699, 0.05000710487365723, 0.0485072135925293]}, "time_fit": {"695_chatfield_4": [0.003399372100830078, 0.0028972625732421875, 0.003278493881225586, 0.0033006668090820312, 0.002838134765625]}, "sizes": {"695_chatfield_4": []}, "tau": 0.5}, "LinearQuantile": {"losses": {"695_chatfield_4": [0.022086827560431416, 0.027967825131099768, 0.022846514183224576, 0.024127675524645738, 0.025693807917460086]}, "coverage": {"695_chatfield_4": [0.11702127659574468, 0.03191489361702127, 0.03191489361702127, 0.03191489361702127, 0.05319148936170215]}, "complexity": {"695_chatfield_4": [12, 12, 12, 12, 12]}, "time_all": {"695_chatfield_4": [0.3291749954223633, 0.23808884620666504, 1.000880479812622, 0.5965487957000732, 0.17933869361877441]}, "time_fit": {"695_chatfield_4": [0.0284423828125, 0.02038860321044922, 0.06703424453735352, 0.04666852951049805, 0.015786170959472656]}, "sizes": {"695_chatfield_4": []}, "tau": 0.5}}
