{"SQR": {"losses": {"695_chatfield_4": [0.030667152794884273, 0.02423138669675605, 0.021735141086757916, 0.020211842319020366, 0.02428854873315142]}, "coverage": {"695_chatfield_4": [0.35957446808510635, 0.0021276595744681437, 0.1510638297872341, 0.019148936170212738, 0.08297872340425527]}, "complexity": {"695_chatfield_4": [5, 3, 2, 3, 3]}, "time_all": {"695_chatfield_4": [84.27127242088318, 72.23036742210388, 66.84051489830017, 76.56830978393555, 71.95764994621277]}, "time_fit": {"695_chatfield_4": [84.27127242088318, 72.23036742210388, 66.84051489830017, 76.56830978393555, 71.95764994621277]}, "sizes": {"695_chatfield_4": []}, "tau": 0.7}, "LightGBM": {"losses": {"695_chatfield_4": [0.03271765161844676, 0.027134538793307957, 0.020699956205996864, 0.02770459248128113, 0.028564472134474918]}, "coverage": {"695_chatfield_4": [0.023404255319149025, 0.019148936170212738, 0.08723404255319156, 0.06595744680851068, 0.0021276595744681437]}, "time_all": {"695_chatfield_4": [0.17148518562316895, 0.155958890914917, 0.16034984588623047, 0.13138175010681152, 0.15586256980895996]}, "time_fit": {"695_chatfield_4": [0.029909849166870117, 0.03756546974182129, 0.03947019577026367, 0.031239748001098633, 0.03709101676940918]}, "sizes": {"695_chatfield_4": []}, "tau": 0.7}, "DecisionTree": {"losses": {"695_chatfield_4": [0.025134646048617412, 0.02601983770116679, 0.022616026801354827, 0.029834960210378732, 0.030049680992674098]}, "coverage": {"695_chatfield_4": [0.04042553191489362, 0.06170212765957439, 0.0021276595744681437, 0.10425531914893615, 0.04042553191489362]}, "complexity": {"695_chatfield_4": [13, 7, 75, 35, 9]}, "time_all": {"695_chatfield_4": [0.05211305618286133, 0.05034041404724121, 0.0546877384185791, 0.052873849868774414, 0.05076026916503906]}, "time_fit": {"695_chatfield_4": [0.0034050941467285156, 0.0026655197143554688, 0.008421897888183594, 0.005338191986083984, 0.0029103755950927734]}, "sizes": {"695_chatfield_4": []}, "tau": 0.7}, "LinearQuantile": {"losses": {"695_chatfield_4": [0.01962957899170215, 0.025861082531497805, 0.022123182449446263, 0.021876679527667794, 0.02454907102402611]}, "coverage": {"695_chatfield_4": [0.0021276595744681437, 0.06170212765957439, 0.08723404255319156, 0.019148936170212738, 0.044680851063829796]}, "complexity": {"695_chatfield_4": [12, 12, 12, 12, 12]}, "time_all": {"695_chatfield_4": [0.9057397842407227, 0.36792516708374023, 0.5667994022369385, 0.39624524116516113, 0.46657657623291016]}, "time_fit": {"695_chatfield_4": [0.08090615272521973, 0.03066253662109375, 0.05109214782714844, 0.03337836265563965, 0.040328264236450195]}, "sizes": {"695_chatfield_4": []}, "tau": 0.7}}
