{"SQR": {"losses": {"656_fri_c1_100_5": [0.018520278423347913, 0.023427665212386265, 0.049443231589770716, 0.011525520959438177, 0.03769529113314574]}, "coverage": {"656_fri_c1_100_5": [0.050000000000000044, 0.050000000000000044, 0.15000000000000002, 0.0, 0.15000000000000002]}, "complexity": {"656_fri_c1_100_5": [11, 9, 15, 15, 11]}, "time_all": {"656_fri_c1_100_5": [82.12895894050598, 67.15720248222351, 67.50946855545044, 67.60405826568604, 67.89631724357605]}, "time_fit": {"656_fri_c1_100_5": [82.12895894050598, 67.15720248222351, 67.50946855545044, 67.60405826568604, 67.89631724357605]}, "sizes": {"656_fri_c1_100_5": []}, "tau": 0.8}, "LightGBM": {"losses": {"656_fri_c1_100_5": [0.03585908126987047, 0.05115185108603914, 0.04257018227982939, 0.059635469401523214, 0.05741851159488741]}, "coverage": {"656_fri_c1_100_5": [0.1499999999999999, 0.09999999999999998, 0.050000000000000044, 0.050000000000000044, 0.0]}, "time_all": {"656_fri_c1_100_5": [0.12458276748657227, 0.09127020835876465, 0.07535123825073242, 0.07142233848571777, 0.09614920616149902]}, "time_fit": {"656_fri_c1_100_5": [0.01679539680480957, 0.014052391052246094, 0.01748347282409668, 0.0160672664642334, 0.020070314407348633]}, "sizes": {"656_fri_c1_100_5": []}, "tau": 0.8}, "DecisionTree": {"losses": {"656_fri_c1_100_5": [0.03908964200226318, 0.03601371794313671, 0.04543432717911433, 0.036376237722088416, 0.036233397132653715]}, "coverage": {"656_fri_c1_100_5": [0.1499999999999999, 0.15000000000000002, 0.15000000000000002, 0.04999999999999993, 0.050000000000000044]}, "complexity": {"656_fri_c1_100_5": [3, 13, 3, 31, 31]}, "time_all": {"656_fri_c1_100_5": [0.032578229904174805, 0.03432917594909668, 0.03162121772766113, 0.034133195877075195, 0.03554224967956543]}, "time_fit": {"656_fri_c1_100_5": [0.0017800331115722656, 0.002607107162475586, 0.0017366409301757812, 0.0038785934448242188, 0.0038559436798095703]}, "sizes": {"656_fri_c1_100_5": []}, "tau": 0.8}, "LinearQuantile": {"losses": {"656_fri_c1_100_5": [0.06894214888647027, 0.07547916692720645, 0.12125310756279385, 0.09082558245108659, 0.07995613582027261]}, "coverage": {"656_fri_c1_100_5": [0.25, 0.30000000000000004, 0.65, 0.35000000000000003, 0.30000000000000004]}, "complexity": {"656_fri_c1_100_5": [5, 5, 5, 5, 5]}, "time_all": {"656_fri_c1_100_5": [0.06804203987121582, 0.11250662803649902, 0.28986096382141113, 0.20550847053527832, 0.14034795761108398]}, "time_fit": {"656_fri_c1_100_5": [0.0052356719970703125, 0.009618043899536133, 0.02423548698425293, 0.01809978485107422, 0.012183189392089844]}, "sizes": {"656_fri_c1_100_5": []}, "tau": 0.8}}
