{"SQR": {"losses": {"227_cpu_small": [0.013284195897797307, 0.01557565376669965, 0.01501218838320287, 0.015116667835693098, 0.01524727585381063]}, "coverage": {"227_cpu_small": [0.0057962172056131855, 0.008236729713239743, 0.014041514041513992, 0.02564102564102566, 0.02930402930402931]}, "complexity": {"227_cpu_small": [9, 6, 6, 6, 6]}, "time_all": {"227_cpu_small": [349.2551691532135, 548.0831429958344, 425.121874332428, 493.2025611400604, 459.7011442184448]}, "time_fit": {"227_cpu_small": [349.2551691532135, 548.0831429958344, 425.121874332428, 493.2025611400604, 459.7011442184448]}, "sizes": {"227_cpu_small": []}, "tau": 0.5}, "LightGBM": {"losses": {"227_cpu_small": [0.01735260199448861, 0.01625765109822213, 0.01620251630673882, 0.01731988515167253, 0.01901439664209733]}, "coverage": {"227_cpu_small": [0.05399633923123853, 0.009456985967053078, 0.014041514041514047, 0.025030525030525053, 0.006715506715506692]}, "time_all": {"227_cpu_small": [1.143003225326538, 1.1495327949523926, 1.116668462753296, 1.0815227031707764, 1.0498697757720947]}, "time_fit": {"227_cpu_small": [0.1510334014892578, 0.1499173641204834, 0.14724230766296387, 0.14285826683044434, 0.1457221508026123]}, "sizes": {"227_cpu_small": []}, "tau": 0.5}, "DecisionTree": {"losses": {"227_cpu_small": [0.011929853754136853, 0.01199918649583079, 0.012365720699054034, 0.011599511599511598, 0.012151428818095484]}, "coverage": {"227_cpu_small": [0.07352043929225138, 0.09914582062233068, 0.07448107448107444, 0.09645909645909645, 0.1141636141636142]}, "complexity": {"227_cpu_small": [483, 1133, 493, 499, 1113]}, "time_all": {"227_cpu_small": [1.2070488929748535, 1.3844258785247803, 0.9120464324951172, 0.9067161083221436, 0.9714100360870361]}, "time_fit": {"227_cpu_small": [0.06949305534362793, 0.11082983016967773, 0.07129764556884766, 0.07080721855163574, 0.10390901565551758]}, "sizes": {"227_cpu_small": []}, "tau": 0.5}, "LinearQuantile": {"losses": {"227_cpu_small": [0.06366548436977396, 0.06420879046646258, 0.06451953322607999, 0.06412529771036268, 0.06355267141423879]}, "coverage": {"227_cpu_small": [0.0594874923733984, 0.04850518608907872, 0.057387057387057405, 0.06654456654456653, 0.05616605616605619]}, "complexity": {"227_cpu_small": [12, 12, 12, 12, 12]}, "time_all": {"227_cpu_small": [1.6893742084503174, 1.185063362121582, 3.8518779277801514, 24.227563858032227, 1.7695972919464111]}, "time_fit": {"227_cpu_small": [0.1429448127746582, 0.10840725898742676, 0.2716672420501709, 2.1532633304595947, 0.15332293510437012]}, "sizes": {"227_cpu_small": []}, "tau": 0.5}}
