{"SQR": {"losses": {"1096_FacultySalaries": [0.02949507105905426, 0.016768676434887823, 0.0009295812763212202, 0.03997625447029522, 8.151258809517755e-05]}, "coverage": {"1096_FacultySalaries": [0.20000000000000007, 0.09999999999999998, 0.0, 0.5, 0.09999999999999998]}, "complexity": {"1096_FacultySalaries": [9, 13, 7, 12, 21]}, "time_all": {"1096_FacultySalaries": [76.4368028640747, 64.45385885238647, 64.38256001472473, 63.803364515304565, 63.51870608329773]}, "time_fit": {"1096_FacultySalaries": [76.4368028640747, 64.45385885238647, 64.38256001472473, 63.803364515304565, 63.51870608329773]}, "sizes": {"1096_FacultySalaries": []}, "tau": 0.9}, "LightGBM": {"losses": {"1096_FacultySalaries": [0.04161137676386791, 0.06305213171949359, 0.03175354382625662, 0.03976303139314718, 0.061374404541188685]}, "coverage": {"1096_FacultySalaries": [0.09999999999999998, 0.0, 0.0, 0.09999999999999998, 0.0]}, "time_all": {"1096_FacultySalaries": [0.07713985443115234, 0.03686976432800293, 0.035624027252197266, 0.032700538635253906, 0.03191351890563965]}, "time_fit": {"1096_FacultySalaries": [0.0039594173431396484, 0.004618167877197266, 0.004395008087158203, 0.003914356231689453, 0.0038759708404541016]}, "sizes": {"1096_FacultySalaries": []}, "tau": 0.9}, "DecisionTree": {"losses": {"1096_FacultySalaries": [0.016540278226993978, 0.024786729700162994, 0.020791469144616638, 0.021880561299195335, 0.024189564580377042]}, "coverage": {"1096_FacultySalaries": [0.09999999999999998, 0.30000000000000004, 0.09999999999999998, 0.20000000000000007, 0.20000000000000007]}, "complexity": {"1096_FacultySalaries": [3, 15, 3, 7, 15]}, "time_all": {"1096_FacultySalaries": [0.02875518798828125, 0.029957056045532227, 0.027451276779174805, 0.027890682220458984, 0.027878522872924805]}, "time_fit": {"1096_FacultySalaries": [0.0017020702362060547, 0.0025374889373779297, 0.0015957355499267578, 0.0019767284393310547, 0.0025014877319335938]}, "sizes": {"1096_FacultySalaries": []}, "tau": 0.9}, "LinearQuantile": {"losses": {"1096_FacultySalaries": [0.0023976536898935087, 8.194979393291831e-05, 8.632940384348686e-05, 0.009839832752723142, 0.00010421619041775683]}, "coverage": {"1096_FacultySalaries": [0.20000000000000007, 0.09999999999999998, 0.09999999999999998, 0.09999999999999998, 0.30000000000000004]}, "complexity": {"1096_FacultySalaries": [5, 5, 5, 5, 5]}, "time_all": {"1096_FacultySalaries": [0.06291770935058594, 0.0778801441192627, 0.14279937744140625, 0.07784008979797363, 0.14899563789367676]}, "time_fit": {"1096_FacultySalaries": [0.004759073257446289, 0.006414651870727539, 0.0119476318359375, 0.006418943405151367, 0.012581110000610352]}, "sizes": {"1096_FacultySalaries": []}, "tau": 0.9}}
