{"SQR": {"losses": {"712_chscase_geyser1": [0.04536436457846091, 0.04773985581501236, 0.04224570087130385, 0.041339645849585556, 0.061015671000611796]}, "coverage": {"712_chscase_geyser1": [0.1777777777777778, 0.06666666666666665, 0.17272727272727273, 0.07727272727272727, 0.2590909090909091]}, "complexity": {"712_chscase_geyser1": [3, 4, 4, 3, 3]}, "time_all": {"712_chscase_geyser1": [87.62031722068787, 71.44691777229309, 70.69907832145691, 66.0040819644928, 67.02031087875366]}, "time_fit": {"712_chscase_geyser1": [87.62031722068787, 71.44691777229309, 70.69907832145691, 66.0040819644928, 67.02031087875366]}, "sizes": {"712_chscase_geyser1": []}, "tau": 0.6}, "LightGBM": {"losses": {"712_chscase_geyser1": [0.04597203042826742, 0.049118811662760026, 0.04397713209238975, 0.04817800225900904, 0.0597189921005053]}, "coverage": {"712_chscase_geyser1": [0.11111111111111116, 0.0, 0.17272727272727273, 0.08181818181818179, 0.23636363636363633]}, "time_all": {"712_chscase_geyser1": [0.16259264945983887, 0.10931921005249023, 0.14118027687072754, 0.1278684139251709, 0.11095833778381348]}, "time_fit": {"712_chscase_geyser1": [0.025570392608642578, 0.017467498779296875, 0.031057357788085938, 0.020299673080444336, 0.017937898635864258]}, "sizes": {"712_chscase_geyser1": []}, "tau": 0.6}, "DecisionTree": {"losses": {"712_chscase_geyser1": [0.04288469601677149, 0.04571907756813417, 0.04392795883361922, 0.04403087478559177, 0.05857632933104631]}, "coverage": {"712_chscase_geyser1": [0.1333333333333333, 0.022222222222222254, 0.10454545454545461, 0.05909090909090908, 0.21363636363636362]}, "complexity": {"712_chscase_geyser1": [11, 11, 11, 7, 5]}, "time_all": {"712_chscase_geyser1": [0.04024338722229004, 0.03899097442626953, 0.039781808853149414, 0.03804612159729004, 0.038993120193481445]}, "time_fit": {"712_chscase_geyser1": [0.002351999282836914, 0.002325296401977539, 0.0022656917572021484, 0.0019025802612304688, 0.0018687248229980469]}, "sizes": {"712_chscase_geyser1": []}, "tau": 0.6}, "LinearQuantile": {"losses": {"712_chscase_geyser1": [0.08010517373179867, 0.11108080345814589, 0.07994328988435644, 0.09345164295150671, 0.10233655160377755]}, "coverage": {"712_chscase_geyser1": [0.0, 0.1333333333333333, 0.036363636363636376, 0.21363636363636362, 0.21363636363636362]}, "complexity": {"712_chscase_geyser1": [2, 2, 2, 2, 2]}, "time_all": {"712_chscase_geyser1": [0.07347345352172852, 0.15850019454956055, 0.12040877342224121, 0.28745055198669434, 0.07014656066894531]}, "time_fit": {"712_chscase_geyser1": [0.005655765533447266, 0.013706207275390625, 0.010212182998657227, 0.023647069931030273, 0.005832195281982422]}, "sizes": {"712_chscase_geyser1": []}, "tau": 0.6}}
