{"SQR": {"losses": {"617_fri_c3_500_5": [0.01647485783782897, 0.008762187771687689, 0.017256819920513117, 0.012036900265332046, 0.011316609811097241]}, "coverage": {"617_fri_c3_500_5": [0.039999999999999925, 0.010000000000000009, 0.06999999999999995, 0.04999999999999993, 0.05999999999999994]}, "complexity": {"617_fri_c3_500_5": [11, 13, 10, 11, 14]}, "time_all": {"617_fri_c3_500_5": [106.7638373374939, 96.27436470985413, 83.02125263214111, 97.31479597091675, 86.7541675567627]}, "time_fit": {"617_fri_c3_500_5": [106.7638373374939, 96.27436470985413, 83.02125263214111, 97.31479597091675, 86.7541675567627]}, "sizes": {"617_fri_c3_500_5": []}, "tau": 0.7}, "LightGBM": {"losses": {"617_fri_c3_500_5": [0.027916400995730138, 0.03139717182811572, 0.022720124398153713, 0.02600863302914502, 0.027479656342219945]}, "coverage": {"617_fri_c3_500_5": [0.010000000000000009, 0.039999999999999925, 0.0, 0.040000000000000036, 0.05999999999999994]}, "time_all": {"617_fri_c3_500_5": [0.2695343494415283, 0.2046358585357666, 0.2518625259399414, 0.21274161338806152, 0.22090935707092285]}, "time_fit": {"617_fri_c3_500_5": [0.05277228355407715, 0.04611539840698242, 0.05640435218811035, 0.0469820499420166, 0.05135774612426758]}, "sizes": {"617_fri_c3_500_5": []}, "tau": 0.7}, "DecisionTree": {"losses": {"617_fri_c3_500_5": [0.027524175739481523, 0.02692183323149314, 0.026080003068245695, 0.023529215584974103, 0.02734041623453809]}, "coverage": {"617_fri_c3_500_5": [0.010000000000000009, 0.039999999999999925, 0.029999999999999916, 0.1399999999999999, 0.16999999999999993]}, "complexity": {"617_fri_c3_500_5": [165, 65, 67, 167, 157]}, "time_all": {"617_fri_c3_500_5": [0.08675909042358398, 0.07544255256652832, 0.07607531547546387, 0.08367753028869629, 0.0812535285949707]}, "time_fit": {"617_fri_c3_500_5": [0.01564645767211914, 0.007981061935424805, 0.007849454879760742, 0.015363216400146484, 0.01442575454711914]}, "sizes": {"617_fri_c3_500_5": []}, "tau": 0.7}, "LinearQuantile": {"losses": {"617_fri_c3_500_5": [0.058047383742487794, 0.057019855440854965, 0.048973149472587366, 0.05603604467801355, 0.06485084449853275]}, "coverage": {"617_fri_c3_500_5": [0.16999999999999993, 0.20999999999999996, 0.21999999999999997, 0.17999999999999994, 0.24999999999999994]}, "complexity": {"617_fri_c3_500_5": [5, 5, 5, 5, 5]}, "time_all": {"617_fri_c3_500_5": [0.15965819358825684, 0.32296252250671387, 1.2897467613220215, 0.17502951622009277, 0.21488142013549805]}, "time_fit": {"617_fri_c3_500_5": [0.013305902481079102, 0.028710126876831055, 0.08205699920654297, 0.015611886978149414, 0.019060373306274414]}, "sizes": {"617_fri_c3_500_5": []}, "tau": 0.7}}
