{"SQR": {"losses": {"574_house_16H": [0.02322211140668108, 0.027399874165343834, 0.023270022495198214, 0.028056786499605857, 0.027369274931801208]}, "coverage": {"574_house_16H": [0.011718235681369316, 0.009743252139565506, 0.009348255431204766, 0.006012727671713791, 0.007506584723441567]}, "complexity": {"574_house_16H": [6, 3, 6, 3, 4]}, "time_all": {"574_house_16H": [571.0185334682465, 591.2948276996613, 591.5856599807739, 488.90817189216614, 616.3084881305695]}, "time_fit": {"574_house_16H": [571.0185334682465, 591.2948276996613, 591.5856599807739, 488.90817189216614, 616.3084881305695]}, "sizes": {"574_house_16H": []}, "tau": 0.8}, "LightGBM": {"losses": {"574_house_16H": [0.016079258341556976, 0.01661067258430939, 0.01563874567989951, 0.016620352370389776, 0.016392480489635753]}, "coverage": {"574_house_16H": [0.04595128373930213, 0.06021505376344083, 0.052095676980469574, 0.04990125082290975, 0.0459174714661984]}, "time_all": {"574_house_16H": [1.857051134109497, 1.7238848209381104, 1.7545337677001953, 1.7468037605285645, 1.7793235778808594]}, "time_fit": {"574_house_16H": [0.44657421112060547, 0.4106566905975342, 0.4181835651397705, 0.41899919509887695, 0.43152451515197754]}, "sizes": {"574_house_16H": []}, "tau": 0.8}, "DecisionTree": {"losses": {"574_house_16H": [0.016597799325797, 0.01665946473680895, 0.015779878117663123, 0.016442468374663864, 0.016465668736792467]}, "coverage": {"574_house_16H": [0.019662058371735847, 0.05587008997147247, 0.013737107746324417, 0.039411893789774055, 0.02892888498683055]}, "complexity": {"574_house_16H": [631, 1391, 595, 773, 585]}, "time_all": {"574_house_16H": [4.199758768081665, 4.2015016078948975, 4.14661169052124, 4.144425630569458, 4.234819650650024]}, "time_fit": {"574_house_16H": [0.2934577465057373, 0.3630506992340088, 0.2899482250213623, 0.30649518966674805, 0.2891545295715332]}, "sizes": {"574_house_16H": []}, "tau": 0.8}, "LinearQuantile": {"losses": {"574_house_16H": [0.023100348872323616, 0.02314784871409249, 0.023128511741377467, 0.023999416657458233, 0.023606771331379405]}, "coverage": {"574_house_16H": [0.005178845731841131, 0.008251042352424909, 0.011103796357252671, 0.0005705508009655746, 0.0039947322212466885]}, "complexity": {"574_house_16H": [16, 16, 16, 16, 16]}, "time_all": {"574_house_16H": [101.15725183486938, 97.86433219909668, 96.79689621925354, 107.02912998199463, 105.20021200180054]}, "time_fit": {"574_house_16H": [10.01292610168457, 4.906919717788696, 4.887896776199341, 14.396723985671997, 14.147656679153442]}, "sizes": {"574_house_16H": []}, "tau": 0.8}}
