{"SQR": {"losses": {"598_fri_c0_1000_25": [0.024044073838365484, 0.026893541839036347, 0.019825726438277354, 0.027469587420634798, 0.022794333736264383]}, "coverage": {"598_fri_c0_1000_25": [0.010000000000000009, 0.07999999999999996, 0.03500000000000003, 0.13999999999999996, 0.020000000000000018]}, "complexity": {"598_fri_c0_1000_25": [14, 9, 12, 11, 14]}, "time_all": {"598_fri_c0_1000_25": [104.60542893409729, 97.94526791572571, 105.70003843307495, 95.58914756774902, 96.74034762382507]}, "time_fit": {"598_fri_c0_1000_25": [104.60542893409729, 97.94526791572571, 105.70003843307495, 95.58914756774902, 96.74034762382507]}, "sizes": {"598_fri_c0_1000_25": []}, "tau": 0.6}, "LightGBM": {"losses": {"598_fri_c0_1000_25": [0.03861115042036038, 0.039005164332467944, 0.039360399866666215, 0.0365830204167053, 0.03626961040970814]}, "coverage": {"598_fri_c0_1000_25": [0.030000000000000027, 0.010000000000000009, 0.04999999999999993, 0.015000000000000013, 0.04500000000000004]}, "time_all": {"598_fri_c0_1000_25": [0.47527647018432617, 0.4835026264190674, 0.4445159435272217, 0.442213773727417, 0.43677544593811035]}, "time_fit": {"598_fri_c0_1000_25": [0.07785487174987793, 0.07464051246643066, 0.07507157325744629, 0.07982683181762695, 0.07918739318847656]}, "sizes": {"598_fri_c0_1000_25": []}, "tau": 0.6}, "DecisionTree": {"losses": {"598_fri_c0_1000_25": [0.04535620237137475, 0.04493311511749482, 0.04244367582544098, 0.0454913189539693, 0.043977904311162094]}, "coverage": {"598_fri_c0_1000_25": [0.030000000000000027, 0.05499999999999994, 0.10999999999999999, 0.039999999999999925, 0.07999999999999996]}, "complexity": {"598_fri_c0_1000_25": [139, 63, 59, 137, 145]}, "time_all": {"598_fri_c0_1000_25": [0.28723692893981934, 0.28475379943847656, 0.27932071685791016, 0.28530263900756836, 0.287158727645874]}, "time_fit": {"598_fri_c0_1000_25": [0.03217577934265137, 0.023518085479736328, 0.02237558364868164, 0.031175613403320312, 0.032401323318481445]}, "sizes": {"598_fri_c0_1000_25": []}, "tau": 0.6}, "LinearQuantile": {"losses": {"598_fri_c0_1000_25": [0.045899149567875594, 0.0454720543899301, 0.041806326739319645, 0.0428177141186358, 0.04563601883402403]}, "coverage": {"598_fri_c0_1000_25": [0.16499999999999998, 0.07999999999999996, 0.13, 0.11499999999999999, 0.07999999999999996]}, "complexity": {"598_fri_c0_1000_25": [25, 25, 25, 25, 25]}, "time_all": {"598_fri_c0_1000_25": [1.1180713176727295, 0.5522990226745605, 1.0971729755401611, 2.0526046752929688, 0.9363985061645508]}, "time_fit": {"598_fri_c0_1000_25": [0.08019661903381348, 0.04952359199523926, 0.09932518005371094, 0.13325047492980957, 0.08480215072631836]}, "sizes": {"598_fri_c0_1000_25": []}, "tau": 0.6}}
