{"SQR": {"losses": {"626_fri_c2_500_50": [0.007464693766890063, 0.01867790138612148, 0.015340965142046564, 0.013867235933451346, 0.019887000411031253]}, "coverage": {"626_fri_c2_500_50": [0.010000000000000009, 0.010000000000000009, 0.07000000000000006, 0.010000000000000009, 0.07000000000000006]}, "complexity": {"626_fri_c2_500_50": [16, 9, 8, 11, 6]}, "time_all": {"626_fri_c2_500_50": [109.49623727798462, 91.93927764892578, 85.98124146461487, 95.57339668273926, 90.2939727306366]}, "time_fit": {"626_fri_c2_500_50": [109.49623727798462, 91.93927764892578, 85.98124146461487, 95.57339668273926, 90.2939727306366]}, "sizes": {"626_fri_c2_500_50": []}, "tau": 0.9}, "LightGBM": {"losses": {"626_fri_c2_500_50": [0.02553142232191184, 0.02266162322568231, 0.023737016680498078, 0.0251399105108704, 0.025606911918908577]}, "coverage": {"626_fri_c2_500_50": [0.08000000000000007, 0.010000000000000009, 0.050000000000000044, 0.030000000000000027, 0.08000000000000007]}, "time_all": {"626_fri_c2_500_50": [0.2820565700531006, 0.2598910331726074, 0.21202540397644043, 0.5074806213378906, 0.21565890312194824]}, "time_fit": {"626_fri_c2_500_50": [0.05412721633911133, 0.058046817779541016, 0.0462954044342041, 0.047098636627197266, 0.044640541076660156]}, "sizes": {"626_fri_c2_500_50": []}, "tau": 0.9}, "DecisionTree": {"losses": {"626_fri_c2_500_50": [0.020070440579963978, 0.025302843457064586, 0.023972198071865895, 0.01995666850453193, 0.022140966902692467]}, "coverage": {"626_fri_c2_500_50": [0.040000000000000036, 0.16000000000000003, 0.16000000000000003, 0.020000000000000018, 0.06000000000000005]}, "complexity": {"626_fri_c2_500_50": [13, 71, 71, 31, 15]}, "time_all": {"626_fri_c2_500_50": [0.20357918739318848, 0.22387409210205078, 0.20788097381591797, 0.20254015922546387, 0.19525790214538574]}, "time_fit": {"626_fri_c2_500_50": [0.011701107025146484, 0.02546215057373047, 0.023009300231933594, 0.016894102096557617, 0.012132883071899414]}, "sizes": {"626_fri_c2_500_50": []}, "tau": 0.9}, "LinearQuantile": {"losses": {"626_fri_c2_500_50": [0.09454440712711477, 0.0985469254916419, 0.09219539699019892, 0.07981398505260778, 0.10424174898816414]}, "coverage": {"626_fri_c2_500_50": [0.43000000000000005, 0.45, 0.45, 0.44, 0.45]}, "complexity": {"626_fri_c2_500_50": [50, 50, 50, 50, 50]}, "time_all": {"626_fri_c2_500_50": [29.555840015411377, 19.21872043609619, 12.04155421257019, 7.514186859130859, 34.23861074447632]}, "time_fit": {"626_fri_c2_500_50": [2.141040086746216, 1.7455384731292725, 0.9876909255981445, 0.6301062107086182, 2.0548250675201416]}, "sizes": {"626_fri_c2_500_50": []}, "tau": 0.9}}
