{"SQR": {"losses": {"618_fri_c3_1000_50": [0.01510509359918293, 0.02262500315295671, 0.015914672607739804, 0.01694153667985848, 0.013771391740946026]}, "coverage": {"618_fri_c3_1000_50": [0.030000000000000027, 0.025000000000000022, 0.0050000000000000044, 0.06500000000000006, 0.030000000000000027]}, "complexity": {"618_fri_c3_1000_50": [11, 8, 13, 12, 14]}, "time_all": {"618_fri_c3_1000_50": [137.0033745765686, 101.87599897384644, 113.15956282615662, 102.9078950881958, 114.44097757339478]}, "time_fit": {"618_fri_c3_1000_50": [137.0033745765686, 101.87599897384644, 113.15956282615662, 102.9078950881958, 114.44097757339478]}, "sizes": {"618_fri_c3_1000_50": []}, "tau": 0.6}, "LightGBM": {"losses": {"618_fri_c3_1000_50": [0.026385217895423262, 0.022474556329654078, 0.028608749449594018, 0.026100045183905508, 0.026714268161522153]}, "coverage": {"618_fri_c3_1000_50": [0.0050000000000000044, 0.03500000000000003, 0.020000000000000018, 0.04499999999999993, 0.050000000000000044]}, "time_all": {"618_fri_c3_1000_50": [0.525245189666748, 0.49874043464660645, 0.4525270462036133, 0.4740161895751953, 0.4626908302307129]}, "time_fit": {"618_fri_c3_1000_50": [0.08853745460510254, 0.08057069778442383, 0.07501888275146484, 0.07639098167419434, 0.08119368553161621]}, "sizes": {"618_fri_c3_1000_50": []}, "tau": 0.6}, "DecisionTree": {"losses": {"618_fri_c3_1000_50": [0.028225588075118498, 0.028011937961561182, 0.02970895523724117, 0.027339906532162422, 0.029467428774628192]}, "coverage": {"618_fri_c3_1000_50": [0.039999999999999925, 0.0050000000000000044, 0.010000000000000009, 0.03500000000000003, 0.030000000000000027]}, "complexity": {"618_fri_c3_1000_50": [133, 61, 135, 139, 61]}, "time_all": {"618_fri_c3_1000_50": [0.5606825351715088, 0.5512747764587402, 0.569725513458252, 0.5558135509490967, 0.540938138961792]}, "time_fit": {"618_fri_c3_1000_50": [0.0601353645324707, 0.04768490791320801, 0.06466078758239746, 0.060747385025024414, 0.04620242118835449]}, "sizes": {"618_fri_c3_1000_50": []}, "tau": 0.6}, "LinearQuantile": {"losses": {"618_fri_c3_1000_50": [0.06458069848502443, 0.05823091501487424, 0.06607463140936883, 0.06341734790747958, 0.0629838140135884]}, "coverage": {"618_fri_c3_1000_50": [0.15499999999999997, 0.10499999999999998, 0.125, 0.15999999999999998, 0.10499999999999998]}, "complexity": {"618_fri_c3_1000_50": [50, 50, 50, 50, 50]}, "time_all": {"618_fri_c3_1000_50": [6.591645002365112, 23.374591588974, 13.095937490463257, 5.369194269180298, 5.483491659164429]}, "time_fit": {"618_fri_c3_1000_50": [0.5616300106048584, 2.005903482437134, 1.1271147727966309, 0.4566655158996582, 0.47081708908081055]}, "sizes": {"618_fri_c3_1000_50": []}, "tau": 0.6}}
