{"SQR": {"losses": {"635_fri_c0_250_10": [0.011724481170949354, 0.013036692661912345, 0.013860851769320432, 0.017969385951762232, 0.013109662642895325]}, "coverage": {"635_fri_c0_250_10": [0.05999999999999994, 0.020000000000000018, 0.08000000000000007, 0.06000000000000005, 0.040000000000000036]}, "complexity": {"635_fri_c0_250_10": [11, 9, 11, 12, 10]}, "time_all": {"635_fri_c0_250_10": [95.42983865737915, 79.68260741233826, 76.00175094604492, 78.33083987236023, 76.30771231651306]}, "time_fit": {"635_fri_c0_250_10": [95.42983865737915, 79.68260741233826, 76.00175094604492, 78.33083987236023, 76.30771231651306]}, "sizes": {"635_fri_c0_250_10": []}, "tau": 0.9}, "LightGBM": {"losses": {"635_fri_c0_250_10": [0.0265474909347893, 0.025135175728513256, 0.022685712880924216, 0.023913208350483824, 0.025674261345858256]}, "coverage": {"635_fri_c0_250_10": [0.020000000000000018, 0.0, 0.020000000000000018, 0.06000000000000005, 0.06000000000000005]}, "time_all": {"635_fri_c0_250_10": [0.16754913330078125, 0.13722920417785645, 0.1284034252166748, 0.13956212997436523, 0.14407777786254883]}, "time_fit": {"635_fri_c0_250_10": [0.029187440872192383, 0.024068355560302734, 0.029213428497314453, 0.03194904327392578, 0.03318500518798828]}, "sizes": {"635_fri_c0_250_10": []}, "tau": 0.9}, "DecisionTree": {"losses": {"635_fri_c0_250_10": [0.02154995268472913, 0.022373405444943564, 0.01975692930948468, 0.02509805695287673, 0.023800477729844723]}, "coverage": {"635_fri_c0_250_10": [0.08000000000000007, 0.08000000000000007, 0.0, 0.020000000000000018, 0.040000000000000036]}, "complexity": {"635_fri_c0_250_10": [33, 15, 9, 7, 15]}, "time_all": {"635_fri_c0_250_10": [0.05332660675048828, 0.05160689353942871, 0.050449371337890625, 0.0513005256652832, 0.05147910118103027]}, "time_fit": {"635_fri_c0_250_10": [0.005082368850708008, 0.0034945011138916016, 0.0028238296508789062, 0.002596616744995117, 0.003453969955444336]}, "sizes": {"635_fri_c0_250_10": []}, "tau": 0.9}, "LinearQuantile": {"losses": {"635_fri_c0_250_10": [0.04727754511006504, 0.06395106089041573, 0.051407686296670134, 0.04560383175315143, 0.053471044477641054]}, "coverage": {"635_fri_c0_250_10": [0.42000000000000004, 0.56, 0.46, 0.5, 0.48000000000000004]}, "complexity": {"635_fri_c0_250_10": [10, 10, 10, 10, 10]}, "time_all": {"635_fri_c0_250_10": [0.8047976493835449, 0.29396557807922363, 0.2392258644104004, 0.2472851276397705, 0.1907820701599121]}, "time_fit": {"635_fri_c0_250_10": [0.07213187217712402, 0.02623438835144043, 0.02112555503845215, 0.02185201644897461, 0.01662755012512207]}, "sizes": {"635_fri_c0_250_10": []}, "tau": 0.9}}
