{"SQR": {"losses": {"215_2dplanes": [0.01083392960296882, 0.010923775550707605, 0.010706903303801814, 0.010631001989876543, 0.010583588367710433]}, "coverage": {"215_2dplanes": [0.008167770419426068, 0.012092224675006147, 0.001054697081187217, 0.001067091868024117, 0.004329694590948119]}, "complexity": {"215_2dplanes": [13, 17, 13, 13, 13]}, "time_all": {"215_2dplanes": [539.9083182811737, 493.856892824173, 539.453985452652, 527.7316973209381, 541.7023100852966]}, "time_fit": {"215_2dplanes": [539.9083182811737, 493.856892824173, 539.453985452652, 527.7316973209381, 541.7023100852966]}, "sizes": {"215_2dplanes": []}, "tau": 0.9}, "LightGBM": {"losses": {"215_2dplanes": [0.010198140699472382, 0.0101574196996426, 0.010447002447692115, 0.0103872814087441, 0.010378884688783882]}, "coverage": {"215_2dplanes": [0.04419916605347063, 0.04419916605347063, 0.0444444444444444, 0.04946645406598793, 0.04836256592665278]}, "time_all": {"215_2dplanes": [1.4647607803344727, 1.4251599311828613, 1.4408855438232422, 1.391840934753418, 1.4047234058380127]}, "time_fit": {"215_2dplanes": [0.23157811164855957, 0.22400331497192383, 0.2360520362854004, 0.21469449996948242, 0.22464728355407715]}, "sizes": {"215_2dplanes": []}, "tau": 0.9}, "DecisionTree": {"losses": {"215_2dplanes": [0.007276507467112172, 0.007421742091360939, 0.00725937082455071, 0.007278768752577575, 0.007232790549766769]}, "coverage": {"215_2dplanes": [0.012337503065979916, 0.025582536178562654, 0.01871474123129757, 0.014068441064638781, 0.012228627499080158]}, "complexity": {"215_2dplanes": [973, 1067, 981, 971, 997]}, "time_all": {"215_2dplanes": [2.9159767627716064, 2.866525173187256, 2.857743263244629, 2.7794570922851562, 2.859100580215454]}, "time_fit": {"215_2dplanes": [0.12833142280578613, 0.13450288772583008, 0.12836623191833496, 0.12801051139831543, 0.1291036605834961]}, "sizes": {"215_2dplanes": []}, "tau": 0.9}, "LinearQuantile": {"losses": {"215_2dplanes": [0.016200968986223814, 0.016220431974747828, 0.016301477498469913, 0.016084802886370445, 0.016430662887107192]}, "coverage": {"215_2dplanes": [0.00029433406916845595, 0.004488594554819758, 0.0006622516556291647, 0.001508647123758089, 0.0011897461057279735]}, "complexity": {"215_2dplanes": [29, 29, 29, 29, 29]}, "time_all": {"215_2dplanes": [37.218225955963135, 28.584859132766724, 28.73633122444153, 25.19343400001526, 24.547019720077515]}, "time_fit": {"215_2dplanes": [3.366527557373047, 2.5804553031921387, 2.5943899154663086, 2.2398316860198975, 2.099055290222168]}, "sizes": {"215_2dplanes": []}, "tau": 0.9}}
