{"SQR": {"losses": {"592_fri_c4_1000_25": [0.012469431116681366, 0.011530376044108389, 0.008656584699557206, 0.007721664893512177, 0.005031669325350136]}, "coverage": {"592_fri_c4_1000_25": [0.015000000000000013, 0.040000000000000036, 0.025000000000000022, 0.015000000000000013, 0.015000000000000013]}, "complexity": {"592_fri_c4_1000_25": [9, 8, 12, 13, 15]}, "time_all": {"592_fri_c4_1000_25": [111.10367131233215, 88.867436170578, 108.94701361656189, 103.11982417106628, 104.4257664680481]}, "time_fit": {"592_fri_c4_1000_25": [111.10367131233215, 88.867436170578, 108.94701361656189, 103.11982417106628, 104.4257664680481]}, "sizes": {"592_fri_c4_1000_25": []}, "tau": 0.9}, "LightGBM": {"losses": {"592_fri_c4_1000_25": [0.014510865694160598, 0.016946142913617443, 0.018575567828445466, 0.017345473549287217, 0.01594138245273327]}, "coverage": {"592_fri_c4_1000_25": [0.04500000000000004, 0.030000000000000027, 0.04499999999999993, 0.020000000000000018, 0.030000000000000027]}, "time_all": {"592_fri_c4_1000_25": [0.3311879634857178, 0.3385486602783203, 0.30652356147766113, 0.3142399787902832, 0.2935214042663574]}, "time_fit": {"592_fri_c4_1000_25": [0.056165456771850586, 0.05173754692077637, 0.05134463310241699, 0.0532071590423584, 0.05316901206970215]}, "sizes": {"592_fri_c4_1000_25": []}, "tau": 0.9}, "DecisionTree": {"losses": {"592_fri_c4_1000_25": [0.014598700051847517, 0.01364220531714851, 0.012874177763055862, 0.018098029376221333, 0.015837351312573703]}, "coverage": {"592_fri_c4_1000_25": [0.08500000000000008, 0.020000000000000018, 0.020000000000000018, 0.09499999999999997, 0.05500000000000005]}, "complexity": {"592_fri_c4_1000_25": [63, 63, 59, 35, 41]}, "time_all": {"592_fri_c4_1000_25": [0.28786253929138184, 0.2867252826690674, 0.30748653411865234, 0.2819521427154541, 0.2865464687347412]}, "time_fit": {"592_fri_c4_1000_25": [0.024237394332885742, 0.024827957153320312, 0.026149272918701172, 0.019073009490966797, 0.020181655883789062]}, "sizes": {"592_fri_c4_1000_25": []}, "tau": 0.9}, "LinearQuantile": {"losses": {"592_fri_c4_1000_25": [0.0644553379740181, 0.0651225233943659, 0.0537812303440223, 0.056474052897859485, 0.07180302694106985]}, "coverage": {"592_fri_c4_1000_25": [0.49000000000000005, 0.445, 0.36, 0.395, 0.51]}, "complexity": {"592_fri_c4_1000_25": [25, 25, 25, 25, 25]}, "time_all": {"592_fri_c4_1000_25": [1.8224101066589355, 2.423893690109253, 1.1439480781555176, 2.620269536972046, 0.6208791732788086]}, "time_fit": {"592_fri_c4_1000_25": [0.11137557029724121, 0.1669926643371582, 0.08184266090393066, 0.19000625610351562, 0.04680514335632324]}, "sizes": {"592_fri_c4_1000_25": []}, "tau": 0.9}}
