{"SQR": {"losses": {"1089_USCrime": [0.047395579730927846, 0.061905855630005495, 0.05934432046632085, 0.05762943502261115, 0.041217645925925916]}, "coverage": {"1089_USCrime": [0.09999999999999998, 0.29999999999999993, 0.14444444444444438, 0.25555555555555554, 0.033333333333333326]}, "complexity": {"1089_USCrime": [14, 13, 21, 15, 6]}, "time_all": {"1089_USCrime": [80.43919229507446, 65.52363753318787, 67.17596101760864, 66.43090867996216, 65.91000151634216]}, "time_fit": {"1089_USCrime": [80.43919229507446, 65.52363753318787, 67.17596101760864, 66.43090867996216, 65.91000151634216]}, "sizes": {"1089_USCrime": []}, "tau": 0.7}, "LightGBM": {"losses": {"1089_USCrime": [0.09319999593098958, 0.1082, 0.10768148351598668, 0.11294074277524596, 0.10582963844581887]}, "coverage": {"1089_USCrime": [0.10000000000000009, 0.0, 0.033333333333333326, 0.033333333333333326, 0.14444444444444438]}, "time_all": {"1089_USCrime": [0.07713937759399414, 0.036634206771850586, 0.0314486026763916, 0.031197786331176758, 0.03226947784423828]}, "time_fit": {"1089_USCrime": [0.004061222076416016, 0.004650115966796875, 0.0038509368896484375, 0.0038309097290039062, 0.003885030746459961]}, "sizes": {"1089_USCrime": []}, "tau": 0.7}, "DecisionTree": {"losses": {"1089_USCrime": [0.04024666666666667, 0.055306666666666664, 0.05771111111111111, 0.05522962962962963, 0.042696296296296316]}, "coverage": {"1089_USCrime": [0.19999999999999996, 0.10000000000000009, 0.14444444444444438, 0.033333333333333326, 0.14444444444444438]}, "complexity": {"1089_USCrime": [5, 5, 5, 5, 15]}, "time_all": {"1089_USCrime": [0.028278350830078125, 0.027999401092529297, 0.025812864303588867, 0.025803089141845703, 0.029835939407348633]}, "time_fit": {"1089_USCrime": [0.0018787384033203125, 0.0018429756164550781, 0.0017659664154052734, 0.0017459392547607422, 0.002666950225830078]}, "sizes": {"1089_USCrime": []}, "tau": 0.7}, "LinearQuantile": {"losses": {"1089_USCrime": [0.05975548230903334, 0.06353556867912614, 0.03597466693014139, 0.04742340014634415, 0.05066840074435001]}, "coverage": {"1089_USCrime": [0.29999999999999993, 0.29999999999999993, 0.07777777777777783, 0.30000000000000004, 0.25555555555555554]}, "complexity": {"1089_USCrime": [14, 14, 14, 14, 14]}, "time_all": {"1089_USCrime": [4.739009141921997, 0.12781381607055664, 0.6826882362365723, 0.2331531047821045, 4.098933935165405]}, "time_fit": {"1089_USCrime": [0.44329309463500977, 0.011683464050292969, 0.04907727241516113, 0.019348859786987305, 0.2833826541900635]}, "sizes": {"1089_USCrime": []}, "tau": 0.7}}
