{"SQR": {"losses": {"653_fri_c0_250_25": [0.021516027390945245, 0.023254634434265134, 0.01961266799052996, 0.020560710247003323, 0.023915160626126]}, "coverage": {"653_fri_c0_250_25": [0.10000000000000009, 0.020000000000000018, 0.020000000000000018, 0.12, 0.019999999999999907]}, "complexity": {"653_fri_c0_250_25": [9, 9, 13, 10, 9]}, "time_all": {"653_fri_c0_250_25": [92.83044028282166, 77.02264094352722, 74.20424246788025, 76.33259558677673, 75.50208067893982]}, "time_fit": {"653_fri_c0_250_25": [92.83044028282166, 77.02264094352722, 74.20424246788025, 76.33259558677673, 75.50208067893982]}, "sizes": {"653_fri_c0_250_25": []}, "tau": 0.8}, "LightGBM": {"losses": {"653_fri_c0_250_25": [0.03743974141749608, 0.03765465080818139, 0.030959865147544816, 0.03298699731336837, 0.03498485788554943]}, "coverage": {"653_fri_c0_250_25": [0.039999999999999925, 0.08000000000000007, 0.020000000000000018, 0.08000000000000007, 0.019999999999999907]}, "time_all": {"653_fri_c0_250_25": [0.18989825248718262, 0.1401522159576416, 0.13711237907409668, 0.16158080101013184, 0.14103293418884277]}, "time_fit": {"653_fri_c0_250_25": [0.03478527069091797, 0.03211045265197754, 0.03214454650878906, 0.03813672065734863, 0.033319711685180664]}, "sizes": {"653_fri_c0_250_25": []}, "tau": 0.8}, "DecisionTree": {"losses": {"653_fri_c0_250_25": [0.039374370312524005, 0.03504025863465551, 0.04277464571709868, 0.034157638197137595, 0.0391633845654988]}, "coverage": {"653_fri_c0_250_25": [0.020000000000000018, 0.06000000000000005, 0.16000000000000003, 0.06000000000000005, 0.019999999999999907]}, "complexity": {"653_fri_c0_250_25": [9, 35, 29, 15, 7]}, "time_all": {"653_fri_c0_250_25": [0.06705045700073242, 0.06567549705505371, 0.06592345237731934, 0.06388616561889648, 0.06416654586791992]}, "time_fit": {"653_fri_c0_250_25": [0.0039520263671875, 0.006855964660644531, 0.006521940231323242, 0.004668235778808594, 0.0034003257751464844]}, "sizes": {"653_fri_c0_250_25": []}, "tau": 0.8}, "LinearQuantile": {"losses": {"653_fri_c0_250_25": [0.04916778404934797, 0.04079364374385445, 0.05347110817855187, 0.04713564496472048, 0.043876328425289025]}, "coverage": {"653_fri_c0_250_25": [0.42000000000000004, 0.28, 0.48000000000000004, 0.34, 0.28]}, "complexity": {"653_fri_c0_250_25": [25, 25, 25, 25, 25]}, "time_all": {"653_fri_c0_250_25": [1.1371369361877441, 0.9188010692596436, 1.159463882446289, 1.3781628608703613, 0.38759613037109375]}, "time_fit": {"653_fri_c0_250_25": [0.10014772415161133, 0.0632181167602539, 0.07851529121398926, 0.08868980407714844, 0.03214144706726074]}, "sizes": {"653_fri_c0_250_25": []}, "tau": 0.8}}
