{"SQR": {"losses": {"612_fri_c1_1000_5": [0.015443332743855653, 0.008550627399331472, 0.011603427863500288, 0.00880167182548016, 0.008404075614324174]}, "coverage": {"612_fri_c1_1000_5": [0.0050000000000000044, 0.08000000000000007, 0.07500000000000007, 0.010000000000000009, 0.06500000000000006]}, "complexity": {"612_fri_c1_1000_5": [15, 15, 11, 14, 15]}, "time_all": {"612_fri_c1_1000_5": [120.6644012928009, 104.3636429309845, 100.9916934967041, 109.3309280872345, 108.65253758430481]}, "time_fit": {"612_fri_c1_1000_5": [120.6644012928009, 104.3636429309845, 100.9916934967041, 109.3309280872345, 108.65253758430481]}, "sizes": {"612_fri_c1_1000_5": []}, "tau": 0.8}, "LightGBM": {"losses": {"612_fri_c1_1000_5": [0.025686836921803242, 0.028877914171184724, 0.02720584495443367, 0.02658099752071466, 0.0292371417190091]}, "coverage": {"612_fri_c1_1000_5": [0.010000000000000009, 0.030000000000000027, 0.010000000000000009, 0.039999999999999925, 0.0050000000000000044]}, "time_all": {"612_fri_c1_1000_5": [0.3859896659851074, 0.33837389945983887, 0.3895573616027832, 0.3593018054962158, 0.33879590034484863]}, "time_fit": {"612_fri_c1_1000_5": [0.07000041007995605, 0.06538867950439453, 0.06857132911682129, 0.08263230323791504, 0.06513237953186035]}, "sizes": {"612_fri_c1_1000_5": []}, "tau": 0.8}, "DecisionTree": {"losses": {"612_fri_c1_1000_5": [0.0251612960244242, 0.027681288143975875, 0.022287964415174454, 0.025840543390060124, 0.02638406326670736]}, "coverage": {"612_fri_c1_1000_5": [0.11499999999999999, 0.1050000000000001, 0.15500000000000003, 0.12, 0.14500000000000002]}, "complexity": {"612_fri_c1_1000_5": [135, 143, 331, 137, 323]}, "time_all": {"612_fri_c1_1000_5": [0.13914895057678223, 0.13637185096740723, 0.15070199966430664, 0.13533830642700195, 0.15083050727844238]}, "time_fit": {"612_fri_c1_1000_5": [0.015486717224121094, 0.01563239097595215, 0.02947068214416504, 0.015265226364135742, 0.02914881706237793]}, "sizes": {"612_fri_c1_1000_5": []}, "tau": 0.8}, "LinearQuantile": {"losses": {"612_fri_c1_1000_5": [0.07587723474109777, 0.06790540637209344, 0.06929295312764194, 0.06750119707714763, 0.06691163440300028]}, "coverage": {"612_fri_c1_1000_5": [0.37000000000000005, 0.29500000000000004, 0.34, 0.32000000000000006, 0.335]}, "complexity": {"612_fri_c1_1000_5": [5, 5, 5, 5, 5]}, "time_all": {"612_fri_c1_1000_5": [0.1303107738494873, 2.2745139598846436, 0.25719118118286133, 1.58689284324646, 0.2784719467163086]}, "time_fit": {"612_fri_c1_1000_5": [0.010805368423461914, 0.1424422264099121, 0.02203655242919922, 0.11216211318969727, 0.023929595947265625]}, "sizes": {"612_fri_c1_1000_5": []}, "tau": 0.8}}
