{"SQR": {"losses": {"712_chscase_geyser1": [0.037392162383517016, 0.035602580760108235, 0.03614441589254047, 0.03482029880767052, 0.03682447259853427]}, "coverage": {"712_chscase_geyser1": [0.06666666666666665, 0.11111111111111116, 0.08636363636363631, 0.00454545454545463, 0.14090909090909098]}, "complexity": {"712_chscase_geyser1": [3, 3, 3, 3, 3]}, "time_all": {"712_chscase_geyser1": [84.87539935112, 74.3782126903534, 69.19034171104431, 65.4604218006134, 69.0081160068512]}, "time_fit": {"712_chscase_geyser1": [84.87539935112, 74.3782126903534, 69.19034171104431, 65.4604218006134, 69.0081160068512]}, "sizes": {"712_chscase_geyser1": []}, "tau": 0.8}, "LightGBM": {"losses": {"712_chscase_geyser1": [0.037044075688554834, 0.033684241716359024, 0.03486668218787556, 0.037056067637330194, 0.04055622868318655]}, "coverage": {"712_chscase_geyser1": [0.0888888888888888, 0.0, 0.17727272727272725, 0.00454545454545463, 0.32272727272727275]}, "time_all": {"712_chscase_geyser1": [0.16089153289794922, 0.13376116752624512, 0.11980366706848145, 0.11053276062011719, 0.10900616645812988]}, "time_fit": {"712_chscase_geyser1": [0.02618861198425293, 0.029874324798583984, 0.025966167449951172, 0.02351093292236328, 0.017661333084106445]}, "sizes": {"712_chscase_geyser1": []}, "tau": 0.8}, "DecisionTree": {"losses": {"712_chscase_geyser1": [0.03382809224318658, 0.03273794549266246, 0.032967409948542026, 0.03955403087478559, 0.03861063464837049]}, "coverage": {"712_chscase_geyser1": [0.0888888888888888, 0.04444444444444451, 0.0636363636363636, 0.00454545454545463, 0.2318181818181818]}, "complexity": {"712_chscase_geyser1": [11, 7, 69, 13, 7]}, "time_all": {"712_chscase_geyser1": [0.04074263572692871, 0.04038286209106445, 0.04366636276245117, 0.038224220275878906, 0.03915834426879883]}, "time_fit": {"712_chscase_geyser1": [0.002422332763671875, 0.0020592212677001953, 0.006465911865234375, 0.0023844242095947266, 0.002033710479736328]}, "sizes": {"712_chscase_geyser1": []}, "tau": 0.8}, "LinearQuantile": {"losses": {"712_chscase_geyser1": [0.06774415298087741, 0.09154176422602951, 0.07059997504716882, 0.08129893791160679, 0.09613368587066906]}, "coverage": {"712_chscase_geyser1": [0.06666666666666676, 0.24444444444444446, 0.018181818181818188, 0.050000000000000044, 0.11818181818181828]}, "complexity": {"712_chscase_geyser1": [2, 2, 2, 2, 2]}, "time_all": {"712_chscase_geyser1": [0.1004188060760498, 0.4083235263824463, 0.09158039093017578, 0.07979083061218262, 0.09997963905334473]}, "time_fit": {"712_chscase_geyser1": [0.008134841918945312, 0.03361225128173828, 0.007764101028442383, 0.006598949432373047, 0.008521318435668945]}, "sizes": {"712_chscase_geyser1": []}, "tau": 0.8}}
