{"SQR": {"losses": {"615_fri_c4_250_10": [0.020952381745992385, 0.026765906715810917, 0.026410346147187857, 0.021460091493879938, 0.027165818779113157]}, "coverage": {"615_fri_c4_250_10": [0.040000000000000036, 0.08000000000000002, 0.040000000000000036, 0.08000000000000002, 0.020000000000000018]}, "complexity": {"615_fri_c4_250_10": [9, 11, 10, 9, 8]}, "time_all": {"615_fri_c4_250_10": [90.95447087287903, 75.28476405143738, 76.23416924476624, 76.44308304786682, 74.59902381896973]}, "time_fit": {"615_fri_c4_250_10": [90.95447087287903, 75.28476405143738, 76.23416924476624, 76.44308304786682, 74.59902381896973]}, "sizes": {"615_fri_c4_250_10": []}, "tau": 0.5}, "LightGBM": {"losses": {"615_fri_c4_250_10": [0.03309447103840885, 0.03650335349312032, 0.04054332195182838, 0.03543816805588443, 0.043568043763539836]}, "coverage": {"615_fri_c4_250_10": [0.0, 0.12, 0.020000000000000018, 0.09999999999999998, 0.03999999999999998]}, "time_all": {"615_fri_c4_250_10": [0.192063570022583, 0.17594480514526367, 0.16798710823059082, 0.15529990196228027, 0.16719841957092285]}, "time_fit": {"615_fri_c4_250_10": [0.036562204360961914, 0.04428815841674805, 0.03822183609008789, 0.035802364349365234, 0.03562808036804199]}, "sizes": {"615_fri_c4_250_10": []}, "tau": 0.5}, "DecisionTree": {"losses": {"615_fri_c4_250_10": [0.03945406357918081, 0.03405094565366653, 0.04059770948567266, 0.03581947585705856, 0.04525949971015604]}, "coverage": {"615_fri_c4_250_10": [0.020000000000000018, 0.14, 0.07999999999999996, 0.06000000000000005, 0.020000000000000018]}, "complexity": {"615_fri_c4_250_10": [83, 79, 81, 77, 83]}, "time_all": {"615_fri_c4_250_10": [0.058541059494018555, 0.055032968521118164, 0.05602145195007324, 0.05535531044006348, 0.05577445030212402]}, "time_fit": {"615_fri_c4_250_10": [0.009182214736938477, 0.008620977401733398, 0.008764505386352539, 0.008445024490356445, 0.00872659683227539]}, "sizes": {"615_fri_c4_250_10": []}, "tau": 0.5}, "LinearQuantile": {"losses": {"615_fri_c4_250_10": [0.052544855902099626, 0.053791382348985124, 0.06337911547893557, 0.05666538805846216, 0.06565056816476326]}, "coverage": {"615_fri_c4_250_10": [0.08000000000000002, 0.12, 0.020000000000000018, 0.09999999999999998, 0.03999999999999998]}, "complexity": {"615_fri_c4_250_10": [10, 10, 10, 10, 10]}, "time_all": {"615_fri_c4_250_10": [0.45009636878967285, 0.11264443397521973, 0.1518723964691162, 0.5960032939910889, 0.2822761535644531]}, "time_fit": {"615_fri_c4_250_10": [0.039670705795288086, 0.009655475616455078, 0.013185977935791016, 0.05295109748840332, 0.025107622146606445]}, "sizes": {"615_fri_c4_250_10": []}, "tau": 0.5}}
