{"SQR": {"losses": {"594_fri_c2_100_5": [0.0636606621354246, 0.05890434706696115, 0.02251991632646349, 0.05203583361389637, 0.04607156655433879]}, "coverage": {"594_fri_c2_100_5": [0.09999999999999998, 0.0, 0.09999999999999998, 0.04999999999999999, 0.0]}, "complexity": {"594_fri_c2_100_5": [12, 11, 17, 10, 11]}, "time_all": {"594_fri_c2_100_5": [80.76874303817749, 65.97060465812683, 67.67285323143005, 66.57776474952698, 67.1042947769165]}, "time_fit": {"594_fri_c2_100_5": [80.76874303817749, 65.97060465812683, 67.67285323143005, 66.57776474952698, 67.1042947769165]}, "sizes": {"594_fri_c2_100_5": []}, "tau": 0.5}, "LightGBM": {"losses": {"594_fri_c2_100_5": [0.08704783480257536, 0.06903215133614443, 0.05937448129134567, 0.05913632623172838, 0.07439258039352697]}, "coverage": {"594_fri_c2_100_5": [0.25, 0.15000000000000002, 0.09999999999999998, 0.04999999999999999, 0.09999999999999998]}, "time_all": {"594_fri_c2_100_5": [0.1256864070892334, 0.07682943344116211, 0.07682585716247559, 0.09579348564147949, 0.08590912818908691]}, "time_fit": {"594_fri_c2_100_5": [0.016637086868286133, 0.011621475219726562, 0.01549673080444336, 0.019953012466430664, 0.020513534545898438]}, "sizes": {"594_fri_c2_100_5": []}, "tau": 0.5}, "DecisionTree": {"losses": {"594_fri_c2_100_5": [0.03981941806865115, 0.06222405353338572, 0.05204980484981903, 0.053139505237090975, 0.07586350890292613]}, "coverage": {"594_fri_c2_100_5": [0.15000000000000002, 0.15000000000000002, 0.25, 0.04999999999999999, 0.19999999999999996]}, "complexity": {"594_fri_c2_100_5": [33, 33, 1, 5, 13]}, "time_all": {"594_fri_c2_100_5": [0.0351407527923584, 0.03349661827087402, 0.03127408027648926, 0.031323909759521484, 0.03317761421203613]}, "time_fit": {"594_fri_c2_100_5": [0.004136800765991211, 0.003939151763916016, 0.0015058517456054688, 0.0018184185028076172, 0.00249481201171875]}, "sizes": {"594_fri_c2_100_5": []}, "tau": 0.5}, "LinearQuantile": {"losses": {"594_fri_c2_100_5": [0.09849137078321346, 0.08379906742236692, 0.07204605774451463, 0.10965058201244048, 0.09971539305582437]}, "coverage": {"594_fri_c2_100_5": [0.19999999999999996, 0.25, 0.25, 0.04999999999999999, 0.09999999999999998]}, "complexity": {"594_fri_c2_100_5": [5, 5, 5, 5, 5]}, "time_all": {"594_fri_c2_100_5": [0.38274717330932617, 0.08084487915039062, 0.20810198783874512, 0.0882256031036377, 0.32730793952941895]}, "time_fit": {"594_fri_c2_100_5": [0.03336000442504883, 0.006741046905517578, 0.017737388610839844, 0.007383823394775391, 0.02701401710510254]}, "sizes": {"594_fri_c2_100_5": []}, "tau": 0.5}}
