{"SQR": {"losses": {"1191_BNG_pbc": [0.06363908566719806, 0.06381557047260805, 0.06372217521399452, 0.05950041614864291, 0.06388642846044326]}, "coverage": {"1191_BNG_pbc": [0.0006350000000000522, 0.01246500000000006, 0.01992000000000005, 0.012510000000000021, 0.02031000000000005]}, "complexity": {"1191_BNG_pbc": [2, 2, 2, 4, 2]}, "time_all": {"1191_BNG_pbc": [576.9008779525757, 585.0323593616486, 579.5944941043854, 599.8472194671631, 610.0362975597382]}, "time_fit": {"1191_BNG_pbc": [576.9008779525757, 585.0323593616486, 579.5944941043854, 599.8472194671631, 610.0362975597382]}, "sizes": {"1191_BNG_pbc": []}, "tau": 0.6}, "LightGBM": {"losses": {"1191_BNG_pbc": [0.051133793620894256, 0.05114217657701093, 0.0512345046631099, 0.05103266596472978, 0.051244498928858406]}, "coverage": {"1191_BNG_pbc": [0.015680000000000027, 0.01800500000000005, 0.01754, 0.016079999999999983, 0.013789999999999969]}, "time_all": {"1191_BNG_pbc": [7.630640029907227, 7.324482440948486, 7.260577917098999, 7.41780424118042, 7.415965557098389]}, "time_fit": {"1191_BNG_pbc": [1.621675968170166, 1.5885813236236572, 1.5765423774719238, 1.5986182689666748, 1.6035475730895996]}, "sizes": {"1191_BNG_pbc": []}, "tau": 0.6}, "DecisionTree": {"losses": {"1191_BNG_pbc": [0.049262191146002325, 0.04907093237318589, 0.04924990338145188, 0.04900931654078919, 0.04922053371304846]}, "coverage": {"1191_BNG_pbc": [0.007305000000000006, 0.004689999999999972, 0.00768000000000002, 0.008614999999999928, 0.008220000000000005]}, "complexity": {"1191_BNG_pbc": [25433, 25521, 25589, 25515, 25509]}, "time_all": {"1191_BNG_pbc": [409.2368586063385, 408.9633221626282, 409.51482915878296, 409.1628432273865, 410.5283057689667]}, "time_fit": {"1191_BNG_pbc": [25.05517315864563, 25.270665168762207, 25.10236406326294, 25.03235125541687, 24.94231152534485]}, "sizes": {"1191_BNG_pbc": []}, "tau": 0.6}, "LinearQuantile": {"losses": {"1191_BNG_pbc": [0.05397776010744089, 0.0539898185466119, 0.05395399130176048, 0.053876601235121335, 0.05405326047458024]}, "coverage": {"1191_BNG_pbc": [0.00011499999999997623, 0.0010050000000000336, 0.0009649999999999936, 0.00017999999999995797, 0.0016999999999999238]}, "complexity": {"1191_BNG_pbc": [29, 29, 29, 29, 29]}, "time_all": {"1191_BNG_pbc": [882.3419411182404, 827.3055140972137, 760.3147878646851, 1149.0470418930054, 864.1491870880127]}, "time_fit": {"1191_BNG_pbc": [79.61988162994385, 75.56642127037048, 68.55548787117004, 105.08514595031738, 78.13819003105164]}, "sizes": {"1191_BNG_pbc": []}, "tau": 0.6}}
