{"SQR": {"losses": {"503_wind": [0.02829088365648273, 0.028140041764354213, 0.028314070838909224, 0.029213063076812578, 0.028383685186292622]}, "coverage": {"503_wind": [0.00684410646387823, 0.009885931558935357, 0.014448669201520992, 0.012167300380228063, 0.013850837138508432]}, "complexity": {"503_wind": [2, 2, 2, 2, 2]}, "time_all": {"503_wind": [395.8197832107544, 310.07168459892273, 345.4687776565552, 344.3595929145813, 353.3075885772705]}, "time_fit": {"503_wind": [395.8197832107544, 310.07168459892273, 345.4687776565552, 344.3595929145813, 353.3075885772705]}, "sizes": {"503_wind": []}, "tau": 0.8}, "LightGBM": {"losses": {"503_wind": [0.023026042709081224, 0.023401263275969583, 0.023357504307419296, 0.02375192711980549, 0.023687844045496027]}, "coverage": {"503_wind": [0.017490494296577896, 0.02129277566539922, 0.0022813688212927064, 0.03041825095057027, 0.021917808219177992]}, "time_all": {"503_wind": [0.9637978076934814, 0.9231069087982178, 0.941746711730957, 0.9227423667907715, 0.9406869411468506]}, "time_fit": {"503_wind": [0.13013339042663574, 0.12546801567077637, 0.12863993644714355, 0.1301860809326172, 0.1286454200744629]}, "sizes": {"503_wind": []}, "tau": 0.8}, "DecisionTree": {"losses": {"503_wind": [0.02358848482347142, 0.02461169891177333, 0.025416195379468286, 0.024429088158312354, 0.02438790877782783]}, "coverage": {"503_wind": [0.028136882129277563, 0.02281368821292784, 0.057794676806083745, 0.0326996197718632, 0.028310502283105055]}, "complexity": {"503_wind": [185, 253, 185, 219, 213]}, "time_all": {"503_wind": [1.0728442668914795, 0.7990999221801758, 0.8186044692993164, 0.9839801788330078, 1.0072822570800781]}, "time_fit": {"503_wind": [0.04867434501647949, 0.04456758499145508, 0.03840017318725586, 0.046900033950805664, 0.047412872314453125]}, "sizes": {"503_wind": []}, "tau": 0.8}, "LinearQuantile": {"losses": {"503_wind": [0.021744584475119778, 0.022455581392159057, 0.02331559817392042, 0.02313946197100451, 0.022768097685486252]}, "coverage": {"503_wind": [0.01596958174904939, 0.01444866920152088, 0.025095057034220547, 0.0038022813688213253, 0.012785388127853792]}, "complexity": {"503_wind": [14, 14, 14, 14, 14]}, "time_all": {"503_wind": [2.386298179626465, 2.495182514190674, 3.508206844329834, 3.178029775619507, 1.7962720394134521]}, "time_fit": {"503_wind": [0.18782854080200195, 0.2080676555633545, 0.24049973487854004, 0.1970210075378418, 0.13484597206115723]}, "sizes": {"503_wind": []}, "tau": 0.8}}
