{"SQR": {"losses": {"537_houses": [0.02780588881986, 0.04153952208306467, 0.041033728405033484, 0.030183158935531116, 0.042608849706228656]}, "coverage": {"537_houses": [0.009253875968992298, 0.034689922480620194, 0.026453488372093048, 0.004312015503875943, 0.0351744186046512]}, "complexity": {"537_houses": [9, 2, 2, 6, 2]}, "time_all": {"537_houses": [553.0408067703247, 535.7802445888519, 481.33287930488586, 527.9775369167328, 501.8979539871216]}, "time_fit": {"537_houses": [553.0408067703247, 535.7802445888519, 481.33287930488586, 527.9775369167328, 501.8979539871216]}, "sizes": {"537_houses": []}, "tau": 0.9}, "LightGBM": {"losses": {"537_houses": [0.03146068911121633, 0.030529391485857062, 0.030989890571288516, 0.029665746468258637, 0.03111200745940608]}, "coverage": {"537_houses": [0.0028585271317829175, 0.00876937984496129, 0.003585271317829486, 0.0038275193798449347, 0.0031976744186046346]}, "time_all": {"537_houses": [1.3193697929382324, 1.2385547161102295, 1.3113081455230713, 1.349259853363037, 1.2792143821716309]}, "time_fit": {"537_houses": [0.3209645748138428, 0.30883097648620605, 0.319472074508667, 0.3339881896972656, 0.3202202320098877]}, "sizes": {"537_houses": []}, "tau": 0.9}, "DecisionTree": {"losses": {"537_houses": [0.023296933874027977, 0.023783620256149184, 0.022822127932206403, 0.02151092599486283, 0.02300950849791109]}, "coverage": {"537_houses": [0.04437984496124037, 0.04607558139534884, 0.020155038759689936, 0.04777131782945743, 0.014098837209302384]}, "complexity": {"537_houses": [1277, 1279, 589, 1265, 525]}, "time_all": {"537_houses": [2.316157341003418, 2.2649734020233154, 2.0743610858917236, 2.373105525970459, 2.021759033203125]}, "time_fit": {"537_houses": [0.16202616691589355, 0.16326165199279785, 0.12229466438293457, 0.16252636909484863, 0.1150960922241211]}, "sizes": {"537_houses": []}, "tau": 0.9}, "LinearQuantile": {"losses": {"537_houses": [0.03205696960895811, 0.031623625975107546, 0.0313818204465408, 0.029659219124658062, 0.0330403077339989]}, "coverage": {"537_houses": [0.004408914728682212, 0.00019379844961242565, 0.0006782945736434343, 0.005038759689922512, 0.00029069767441858296]}, "complexity": {"537_houses": [8, 8, 8, 8, 8]}, "time_all": {"537_houses": [2.331667184829712, 2.8195204734802246, 2.64801287651062, 2.981828451156616, 2.2540664672851562]}, "time_fit": {"537_houses": [0.20829224586486816, 0.2553730010986328, 0.24034547805786133, 0.2706644535064697, 0.20728206634521484]}, "sizes": {"537_houses": []}, "tau": 0.9}}
