{"SQR": {"losses": {"644_fri_c4_250_25": [0.0124150860691422, 0.019386821476463943, 0.018436844421625576, 0.01631109909461023, 0.016805582499679374]}, "coverage": {"644_fri_c4_250_25": [0.12, 0.09999999999999998, 0.040000000000000036, 0.05999999999999994, 0.0]}, "complexity": {"644_fri_c4_250_25": [11, 13, 12, 12, 14]}, "time_all": {"644_fri_c4_250_25": [88.13746643066406, 74.36675643920898, 73.64996814727783, 75.15383243560791, 72.51887655258179]}, "time_fit": {"644_fri_c4_250_25": [88.13746643066406, 74.36675643920898, 73.64996814727783, 75.15383243560791, 72.51887655258179]}, "sizes": {"644_fri_c4_250_25": []}, "tau": 0.6}, "LightGBM": {"losses": {"644_fri_c4_250_25": [0.03042340713779333, 0.039272142755255625, 0.04032469515539502, 0.042618189191451335, 0.03815109276805374]}, "coverage": {"644_fri_c4_250_25": [0.020000000000000018, 0.06000000000000005, 0.09999999999999998, 0.039999999999999925, 0.020000000000000018]}, "time_all": {"644_fri_c4_250_25": [0.19808053970336914, 0.17486095428466797, 0.17609262466430664, 0.1716606616973877, 0.16643714904785156]}, "time_fit": {"644_fri_c4_250_25": [0.037230491638183594, 0.04132366180419922, 0.04223918914794922, 0.037172794342041016, 0.03856015205383301]}, "sizes": {"644_fri_c4_250_25": []}, "tau": 0.6}, "DecisionTree": {"losses": {"644_fri_c4_250_25": [0.03940193341830846, 0.04306112340665033, 0.044088999018614454, 0.046321968706604766, 0.03947047548876135]}, "coverage": {"644_fri_c4_250_25": [0.040000000000000036, 0.09999999999999998, 0.020000000000000018, 0.05999999999999994, 0.0]}, "complexity": {"644_fri_c4_250_25": [81, 79, 35, 37, 39]}, "time_all": {"644_fri_c4_250_25": [0.0751197338104248, 0.07339286804199219, 0.0696260929107666, 0.06926655769348145, 0.0674138069152832]}, "time_fit": {"644_fri_c4_250_25": [0.012024879455566406, 0.011079072952270508, 0.007242441177368164, 0.007521867752075195, 0.007485389709472656]}, "sizes": {"644_fri_c4_250_25": []}, "tau": 0.6}, "LinearQuantile": {"losses": {"644_fri_c4_250_25": [0.06849246085608962, 0.07258559125928614, 0.08065369526289343, 0.08445948654182397, 0.07438129346578617]}, "coverage": {"644_fri_c4_250_25": [0.07999999999999996, 0.05999999999999994, 0.12, 0.12, 0.09999999999999998]}, "complexity": {"644_fri_c4_250_25": [25, 25, 25, 25, 25]}, "time_all": {"644_fri_c4_250_25": [0.5389490127563477, 0.4805870056152344, 3.2140934467315674, 1.0526072978973389, 5.621299743652344]}, "time_fit": {"644_fri_c4_250_25": [0.04741668701171875, 0.0387110710144043, 0.25307154655456543, 0.06945323944091797, 0.5139086246490479]}, "sizes": {"644_fri_c4_250_25": []}, "tau": 0.6}}
