{"SQR": {"losses": {"656_fri_c1_100_5": [0.03275495305125109, 0.032760102321970075, 0.028529142042394852, 0.020417411150040556, 0.02164364527113289]}, "coverage": {"656_fri_c1_100_5": [0.09999999999999998, 0.050000000000000044, 0.0, 0.10000000000000009, 0.050000000000000044]}, "complexity": {"656_fri_c1_100_5": [11, 9, 18, 15, 15]}, "time_all": {"656_fri_c1_100_5": [82.05677247047424, 69.98941922187805, 68.47312712669373, 68.40639233589172, 68.1461968421936]}, "time_fit": {"656_fri_c1_100_5": [82.05677247047424, 69.98941922187805, 68.47312712669373, 68.40639233589172, 68.1461968421936]}, "sizes": {"656_fri_c1_100_5": []}, "tau": 0.7}, "LightGBM": {"losses": {"656_fri_c1_100_5": [0.044748794985045914, 0.05731193703783279, 0.04988090029214307, 0.07144962329834724, 0.06312051795637041]}, "coverage": {"656_fri_c1_100_5": [0.15000000000000002, 0.09999999999999998, 0.09999999999999998, 0.0, 0.04999999999999993]}, "time_all": {"656_fri_c1_100_5": [0.12277841567993164, 0.09559822082519531, 0.08322525024414062, 0.06918621063232422, 0.07915139198303223]}, "time_fit": {"656_fri_c1_100_5": [0.01192784309387207, 0.019896984100341797, 0.0194089412689209, 0.016280174255371094, 0.01618051528930664]}, "sizes": {"656_fri_c1_100_5": []}, "tau": 0.7}, "DecisionTree": {"losses": {"656_fri_c1_100_5": [0.04651764736577209, 0.04648673024494297, 0.05524875212241262, 0.047983203699366116, 0.04681572057610874]}, "coverage": {"656_fri_c1_100_5": [0.15000000000000002, 0.09999999999999998, 0.19999999999999996, 0.15000000000000002, 0.04999999999999993]}, "complexity": {"656_fri_c1_100_5": [11, 31, 3, 31, 31]}, "time_all": {"656_fri_c1_100_5": [0.03277111053466797, 0.03480267524719238, 0.032061100006103516, 0.03325796127319336, 0.032582998275756836]}, "time_fit": {"656_fri_c1_100_5": [0.0024688243865966797, 0.003872394561767578, 0.0017023086547851562, 0.003780364990234375, 0.0037436485290527344]}, "sizes": {"656_fri_c1_100_5": []}, "tau": 0.7}, "LinearQuantile": {"losses": {"656_fri_c1_100_5": [0.07253308159935025, 0.07811973680045158, 0.10875114969306933, 0.0897000664159029, 0.08008660281534333]}, "coverage": {"656_fri_c1_100_5": [0.1499999999999999, 0.19999999999999996, 0.5499999999999999, 0.24999999999999994, 0.19999999999999996]}, "complexity": {"656_fri_c1_100_5": [5, 5, 5, 5, 5]}, "time_all": {"656_fri_c1_100_5": [0.11811184883117676, 0.1796703338623047, 0.07664632797241211, 0.6191849708557129, 0.16897106170654297]}, "time_fit": {"656_fri_c1_100_5": [0.009813547134399414, 0.01574110984802246, 0.006304502487182617, 0.046219587326049805, 0.015700340270996094]}, "sizes": {"656_fri_c1_100_5": []}, "tau": 0.7}}
