{"SQR": {"losses": {"607_fri_c4_1000_50": [0.025514233693955637, 0.017713638555274268, 0.01216838169839699, 0.020283531295572036, 0.011485771629287291]}, "coverage": {"607_fri_c4_1000_50": [0.0, 0.04500000000000004, 0.030000000000000027, 0.14500000000000002, 0.03500000000000003]}, "complexity": {"607_fri_c4_1000_50": [6, 11, 12, 8, 10]}, "time_all": {"607_fri_c4_1000_50": [113.05838561058044, 103.47625875473022, 104.73920464515686, 105.08539748191833, 116.49769401550293]}, "time_fit": {"607_fri_c4_1000_50": [113.05838561058044, 103.47625875473022, 104.73920464515686, 105.08539748191833, 116.49769401550293]}, "sizes": {"607_fri_c4_1000_50": []}, "tau": 0.5}, "LightGBM": {"losses": {"607_fri_c4_1000_50": [0.020654876150749686, 0.024956245770748134, 0.022189880782234297, 0.021383294473401895, 0.026065896308964304]}, "coverage": {"607_fri_c4_1000_50": [0.06, 0.025000000000000022, 0.025000000000000022, 0.010000000000000009, 0.015000000000000013]}, "time_all": {"607_fri_c4_1000_50": [0.5070104598999023, 0.4422950744628906, 0.47971534729003906, 0.4704897403717041, 0.4789738655090332]}, "time_fit": {"607_fri_c4_1000_50": [0.08406996726989746, 0.07910037040710449, 0.08228850364685059, 0.08151507377624512, 0.07860016822814941]}, "sizes": {"607_fri_c4_1000_50": []}, "tau": 0.5}, "DecisionTree": {"losses": {"607_fri_c4_1000_50": [0.026865162282091223, 0.026569647723071146, 0.025002653787764426, 0.022637165953747533, 0.024857490746521663]}, "coverage": {"607_fri_c4_1000_50": [0.010000000000000009, 0.0050000000000000044, 0.0, 0.015000000000000013, 0.044999999999999984]}, "complexity": {"607_fri_c4_1000_50": [325, 141, 137, 139, 319]}, "time_all": {"607_fri_c4_1000_50": [0.5297884941101074, 0.4405219554901123, 0.4920525550842285, 0.47415924072265625, 0.4666414260864258]}, "time_fit": {"607_fri_c4_1000_50": [0.0771172046661377, 0.04545712471008301, 0.05596208572387695, 0.05457043647766113, 0.06291818618774414]}, "sizes": {"607_fri_c4_1000_50": []}, "tau": 0.5}, "LinearQuantile": {"losses": {"607_fri_c4_1000_50": [0.04990024425852886, 0.05573398920596728, 0.055131853406804966, 0.05106509893691359, 0.05692772781670376]}, "coverage": {"607_fri_c4_1000_50": [0.06, 0.010000000000000009, 0.030000000000000027, 0.010000000000000009, 0.030000000000000027]}, "complexity": {"607_fri_c4_1000_50": [50, 50, 50, 50, 50]}, "time_all": {"607_fri_c4_1000_50": [10.126873254776001, 15.260262250900269, 9.527912378311157, 5.652529716491699, 45.123037576675415]}, "time_fit": {"607_fri_c4_1000_50": [0.9014291763305664, 1.3775608539581299, 0.842353343963623, 0.48522043228149414, 4.3828113079071045]}, "sizes": {"607_fri_c4_1000_50": []}, "tau": 0.5}}
