{"SQR": {"losses": {"519_vinnie": [0.017423245614035084, 0.017344493969298238, 0.018529038649122805, 0.019761905228070174, 0.016860571008771932]}, "coverage": {"519_vinnie": [0.03421052631578947, 0.047368421052631504, 0.018421052631579005, 0.0052631578947368585, 0.047368421052631504]}, "complexity": {"519_vinnie": [2, 2, 2, 2, 2]}, "time_all": {"519_vinnie": [91.93580770492554, 77.29905843734741, 76.63460993766785, 77.43244767189026, 79.71772646903992]}, "time_fit": {"519_vinnie": [91.93580770492554, 77.29905843734741, 76.63460993766785, 77.43244767189026, 79.71772646903992]}, "sizes": {"519_vinnie": []}, "tau": 0.9}, "LightGBM": {"losses": {"519_vinnie": [0.020488143796085195, 0.018560292466408692, 0.01808342800334484, 0.020554319101720113, 0.019924632967371514]}, "coverage": {"519_vinnie": [0.007894736842105288, 0.021052631578947323, 0.018421052631579005, 0.0052631578947368585, 0.0052631578947368585]}, "time_all": {"519_vinnie": [0.18422746658325195, 0.1559925079345703, 0.13045907020568848, 0.15781664848327637, 0.13361620903015137]}, "time_fit": {"519_vinnie": [0.03142738342285156, 0.033608436584472656, 0.028376102447509766, 0.03289937973022461, 0.030930042266845703]}, "sizes": {"519_vinnie": []}, "tau": 0.9}, "DecisionTree": {"losses": {"519_vinnie": [0.02122807017543859, 0.017482456140350874, 0.01789473684210526, 0.01917543859649123, 0.01707017543859649]}, "coverage": {"519_vinnie": [0.021052631578947323, 0.03421052631578947, 0.03421052631578947, 0.0052631578947368585, 0.06052631578947365]}, "complexity": {"519_vinnie": [9, 9, 11, 93, 11]}, "time_all": {"519_vinnie": [0.047176361083984375, 0.04597592353820801, 0.04618120193481445, 0.05321311950683594, 0.04734468460083008]}, "time_fit": {"519_vinnie": [0.002241849899291992, 0.002244710922241211, 0.002410411834716797, 0.008211612701416016, 0.0023827552795410156]}, "sizes": {"519_vinnie": []}, "tau": 0.9}, "LinearQuantile": {"losses": {"519_vinnie": [0.01783627555737392, 0.016900584253278506, 0.0188596374264966, 0.020614035559686262, 0.0169298172928808]}, "coverage": {"519_vinnie": [0.05789473684210533, 0.0052631578947368585, 0.0052631578947368585, 0.0052631578947368585, 0.021052631578947323]}, "complexity": {"519_vinnie": [5, 5, 5, 5, 5]}, "time_all": {"519_vinnie": [0.32474327087402344, 0.2148268222808838, 0.2109394073486328, 0.11818385124206543, 0.18733525276184082]}, "time_fit": {"519_vinnie": [0.02831888198852539, 0.018892526626586914, 0.01862621307373047, 0.010167121887207031, 0.016454458236694336]}, "sizes": {"519_vinnie": []}, "tau": 0.9}}
