{"SQR": {"losses": {"616_fri_c4_500_50": [0.0157261821122493, 0.01630346642126052, 0.00939069870277837, 0.01736302652814387, 0.016421931080332425]}, "coverage": {"616_fri_c4_500_50": [0.06000000000000005, 0.10000000000000009, 0.010000000000000009, 0.04999999999999993, 0.0]}, "complexity": {"616_fri_c4_500_50": [11, 12, 14, 11, 7]}, "time_all": {"616_fri_c4_500_50": [108.37341499328613, 91.03038907051086, 96.69819378852844, 84.59896850585938, 87.10459494590759]}, "time_fit": {"616_fri_c4_500_50": [108.37341499328613, 91.03038907051086, 96.69819378852844, 84.59896850585938, 87.10459494590759]}, "sizes": {"616_fri_c4_500_50": []}, "tau": 0.8}, "LightGBM": {"losses": {"616_fri_c4_500_50": [0.024890654397018697, 0.02979176138282467, 0.02727849831960361, 0.029619972968222785, 0.02457189813405738]}, "coverage": {"616_fri_c4_500_50": [0.050000000000000044, 0.020000000000000018, 0.08000000000000007, 0.040000000000000036, 0.019999999999999907]}, "time_all": {"616_fri_c4_500_50": [0.30132317543029785, 0.28252220153808594, 0.24721312522888184, 0.2528092861175537, 0.27937912940979004]}, "time_fit": {"616_fri_c4_500_50": [0.05668902397155762, 0.05593752861022949, 0.05416560173034668, 0.05601978302001953, 0.05270981788635254]}, "sizes": {"616_fri_c4_500_50": []}, "tau": 0.8}, "DecisionTree": {"losses": {"616_fri_c4_500_50": [0.031114530120046013, 0.02825425992179495, 0.02678168498088821, 0.024962256367121415, 0.02709479924513738]}, "coverage": {"616_fri_c4_500_50": [0.16000000000000003, 0.06000000000000005, 0.15000000000000002, 0.050000000000000044, 0.08000000000000007]}, "complexity": {"616_fri_c4_500_50": [29, 29, 71, 31, 71]}, "time_all": {"616_fri_c4_500_50": [0.219010591506958, 0.19708800315856934, 0.2125396728515625, 0.20412492752075195, 0.2055988311767578]}, "time_fit": {"616_fri_c4_500_50": [0.01913928985595703, 0.016208648681640625, 0.024432897567749023, 0.01714324951171875, 0.023196935653686523]}, "sizes": {"616_fri_c4_500_50": []}, "tau": 0.8}, "LinearQuantile": {"losses": {"616_fri_c4_500_50": [0.07954466415880877, 0.07261802372946774, 0.08139075553641045, 0.07323704874407308, 0.06905437729688388]}, "coverage": {"616_fri_c4_500_50": [0.37000000000000005, 0.33000000000000007, 0.36000000000000004, 0.34, 0.31000000000000005]}, "complexity": {"616_fri_c4_500_50": [50, 50, 50, 50, 50]}, "time_all": {"616_fri_c4_500_50": [12.230965852737427, 22.29763889312744, 14.3630211353302, 15.566500663757324, 8.742700099945068]}, "time_fit": {"616_fri_c4_500_50": [1.0736072063446045, 1.9139599800109863, 1.2453525066375732, 1.1264355182647705, 0.7052032947540283]}, "sizes": {"616_fri_c4_500_50": []}, "tau": 0.8}}
