{"SQR": {"losses": {"583_fri_c1_1000_50": [0.013490545447719195, 0.015215116383899748, 0.010208627044995533, 0.008138393011950103, 0.024615152287914607]}, "coverage": {"583_fri_c1_1000_50": [0.0050000000000000044, 0.025000000000000022, 0.05500000000000005, 0.0050000000000000044, 0.050000000000000044]}, "complexity": {"583_fri_c1_1000_50": [12, 13, 13, 15, 10]}, "time_all": {"583_fri_c1_1000_50": [110.04983830451965, 115.99602818489075, 114.17389678955078, 117.63548731803894, 103.88597321510315]}, "time_fit": {"583_fri_c1_1000_50": [110.04983830451965, 115.99602818489075, 114.17389678955078, 117.63548731803894, 103.88597321510315]}, "sizes": {"583_fri_c1_1000_50": []}, "tau": 0.8}, "LightGBM": {"losses": {"583_fri_c1_1000_50": [0.03020486997524666, 0.03452188064023937, 0.031092986267402103, 0.035607951657430886, 0.03235762952485595]}, "coverage": {"583_fri_c1_1000_50": [0.010000000000000009, 0.010000000000000009, 0.0, 0.06500000000000006, 0.025000000000000022]}, "time_all": {"583_fri_c1_1000_50": [0.4743626117706299, 0.4613950252532959, 0.4143393039703369, 0.4582526683807373, 0.4175231456756592]}, "time_fit": {"583_fri_c1_1000_50": [0.08013749122619629, 0.09855818748474121, 0.07556438446044922, 0.09426641464233398, 0.0772392749786377]}, "sizes": {"583_fri_c1_1000_50": []}, "tau": 0.8}, "DecisionTree": {"losses": {"583_fri_c1_1000_50": [0.03220110330404387, 0.030273563874429633, 0.028527869586131547, 0.02900710300941095, 0.02804364844851525]}, "coverage": {"583_fri_c1_1000_50": [0.025000000000000022, 0.08000000000000007, 0.125, 0.040000000000000036, 0.025000000000000022]}, "complexity": {"583_fri_c1_1000_50": [41, 139, 139, 69, 59]}, "time_all": {"583_fri_c1_1000_50": [0.47086143493652344, 0.4910399913787842, 0.4802556037902832, 0.476834774017334, 0.4582850933074951]}, "time_fit": {"583_fri_c1_1000_50": [0.035398244857788086, 0.055290937423706055, 0.05180931091308594, 0.04321122169494629, 0.03660273551940918]}, "sizes": {"583_fri_c1_1000_50": []}, "tau": 0.8}, "LinearQuantile": {"losses": {"583_fri_c1_1000_50": [0.07933689642452026, 0.07558945908304261, 0.07794613498887755, 0.08074606194551101, 0.08465928338979291]}, "coverage": {"583_fri_c1_1000_50": [0.37500000000000006, 0.29000000000000004, 0.36000000000000004, 0.32500000000000007, 0.30500000000000005]}, "complexity": {"583_fri_c1_1000_50": [50, 50, 50, 50, 50]}, "time_all": {"583_fri_c1_1000_50": [10.89914345741272, 4.901153326034546, 8.343773365020752, 61.354002475738525, 3.8840839862823486]}, "time_fit": {"583_fri_c1_1000_50": [0.9729783535003662, 0.42684364318847656, 0.7016866207122803, 7.326641321182251, 0.2976109981536865]}, "sizes": {"583_fri_c1_1000_50": []}, "tau": 0.8}}
