{"SQR": {"losses": {"523_analcatdata_neavote": [0.026666409444444438, 0.016667076666666666, 0.025551296666666678, 0.01666668611111112, 0.04111080777777778]}, "coverage": {"523_analcatdata_neavote": [0.09999999999999998, 0.09999999999999998, 0.04999999999999993, 0.15000000000000002, 0.09999999999999998]}, "complexity": {"523_analcatdata_neavote": [3, 3, 3, 3, 3]}, "time_all": {"523_analcatdata_neavote": [79.5016713142395, 61.34694147109985, 60.24276614189148, 61.29931354522705, 65.14767074584961]}, "time_fit": {"523_analcatdata_neavote": [79.5016713142395, 61.34694147109985, 60.24276614189148, 61.29931354522705, 65.14767074584961]}, "sizes": {"523_analcatdata_neavote": []}, "tau": 0.8}, "LightGBM": {"losses": {"523_analcatdata_neavote": [0.13777777777777775, 0.05999999999999998, 0.07777777777777777, 0.09444444444444443, 0.12333333333333332]}, "coverage": {"523_analcatdata_neavote": [0.19999999999999996, 0.19999999999999996, 0.19999999999999996, 0.19999999999999996, 0.19999999999999996]}, "time_all": {"523_analcatdata_neavote": [0.09232115745544434, 0.04236173629760742, 0.04810285568237305, 0.040936946868896484, 0.04985213279724121]}, "time_fit": {"523_analcatdata_neavote": [0.0070993900299072266, 0.007113933563232422, 0.008472442626953125, 0.00690770149230957, 0.008020162582397461]}, "sizes": {"523_analcatdata_neavote": []}, "tau": 0.8}, "DecisionTree": {"losses": {"523_analcatdata_neavote": [0.026666666666666665, 0.016666666666666666, 0.018888888888888886, 0.016444444444444442, 0.036444444444444446]}, "coverage": {"523_analcatdata_neavote": [0.1499999999999999, 0.1499999999999999, 0.09999999999999998, 0.19999999999999996, 0.09999999999999998]}, "complexity": {"523_analcatdata_neavote": [3, 3, 3, 5, 5]}, "time_all": {"523_analcatdata_neavote": [0.02782130241394043, 0.02666497230529785, 0.02839064598083496, 0.02637791633605957, 0.028289318084716797]}, "time_fit": {"523_analcatdata_neavote": [0.001737833023071289, 0.0016536712646484375, 0.0016870498657226562, 0.0017750263214111328, 0.001840353012084961]}, "sizes": {"523_analcatdata_neavote": []}, "tau": 0.8}, "LinearQuantile": {"losses": {"523_analcatdata_neavote": [0.03777777714694389, 0.01577779110391728, 0.017902565084966935, 0.015650880228367494, 0.03567870480137774]}, "coverage": {"523_analcatdata_neavote": [0.15000000000000002, 0.5, 0.45000000000000007, 0.30000000000000004, 0.20000000000000007]}, "complexity": {"523_analcatdata_neavote": [6, 6, 6, 6, 6]}, "time_all": {"523_analcatdata_neavote": [0.05463552474975586, 0.09559035301208496, 0.12932562828063965, 0.09322094917297363, 0.07878541946411133]}, "time_fit": {"523_analcatdata_neavote": [0.003958940505981445, 0.007980108261108398, 0.010872602462768555, 0.007740974426269531, 0.006524801254272461]}, "sizes": {"523_analcatdata_neavote": []}, "tau": 0.8}}
