{"SQR": {"losses": {"649_fri_c0_500_5": [0.016264130678935618, 0.026792601100984137, 0.021589910549804362, 0.02089306571312906, 0.015610141310388117]}, "coverage": {"649_fri_c0_500_5": [0.039999999999999925, 0.050000000000000044, 0.06000000000000005, 0.019999999999999907, 0.0]}, "complexity": {"649_fri_c0_500_5": [12, 8, 13, 8, 11]}, "time_all": {"649_fri_c0_500_5": [105.0995306968689, 89.89785766601562, 87.8534107208252, 93.12740588188171, 90.13289046287537]}, "time_fit": {"649_fri_c0_500_5": [105.0995306968689, 89.89785766601562, 87.8534107208252, 93.12740588188171, 90.13289046287537]}, "sizes": {"649_fri_c0_500_5": []}, "tau": 0.7}, "LightGBM": {"losses": {"649_fri_c0_500_5": [0.03271551170646538, 0.03336122293525254, 0.02941806959089358, 0.02743973006282037, 0.028833504614208007]}, "coverage": {"649_fri_c0_500_5": [0.20999999999999996, 0.029999999999999916, 0.10000000000000009, 0.030000000000000027, 0.010000000000000009]}, "time_all": {"649_fri_c0_500_5": [0.2648434638977051, 0.23595905303955078, 0.22075724601745605, 0.2080831527709961, 0.23789167404174805]}, "time_fit": {"649_fri_c0_500_5": [0.05307292938232422, 0.045316219329833984, 0.05062150955200195, 0.048568010330200195, 0.05050158500671387]}, "sizes": {"649_fri_c0_500_5": []}, "tau": 0.7}, "DecisionTree": {"losses": {"649_fri_c0_500_5": [0.03938800513723072, 0.03794740115168542, 0.03011313575594687, 0.030102980713023676, 0.034137606708230725]}, "coverage": {"649_fri_c0_500_5": [0.1399999999999999, 0.04999999999999993, 0.010000000000000009, 0.07999999999999996, 0.06999999999999995]}, "complexity": {"649_fri_c0_500_5": [29, 29, 71, 161, 65]}, "time_all": {"649_fri_c0_500_5": [0.07351207733154297, 0.07136154174804688, 0.07566571235656738, 0.0826265811920166, 0.07371830940246582]}, "time_fit": {"649_fri_c0_500_5": [0.004915952682495117, 0.004805803298950195, 0.008180618286132812, 0.014773845672607422, 0.007613658905029297]}, "sizes": {"649_fri_c0_500_5": []}, "tau": 0.7}, "LinearQuantile": {"losses": {"649_fri_c0_500_5": [0.03562861701528375, 0.03768583233547708, 0.034427292163005906, 0.030224879569645837, 0.03154113934585542]}, "coverage": {"649_fri_c0_500_5": [0.27999999999999997, 0.25999999999999995, 0.16999999999999993, 0.19999999999999996, 0.22999999999999998]}, "complexity": {"649_fri_c0_500_5": [5, 5, 5, 5, 5]}, "time_all": {"649_fri_c0_500_5": [0.13431811332702637, 0.40903568267822266, 0.19080162048339844, 0.12932777404785156, 0.15649771690368652]}, "time_fit": {"649_fri_c0_500_5": [0.01101064682006836, 0.036580562591552734, 0.016527175903320312, 0.011148929595947266, 0.013643503189086914]}, "sizes": {"649_fri_c0_500_5": []}, "tau": 0.7}}
