{"SQR": {"losses": {"1028_SWD": [0.08916666666666667, 0.08583333333333333, 0.08083333333333333, 0.08583333333333333, 0.07416666666666667]}, "coverage": {"1028_SWD": [0.19999999999999996, 0.19999999999999996, 0.18999999999999995, 0.18500000000000005, 0.26]}, "complexity": {"1028_SWD": [3, 3, 3, 3, 3]}, "time_all": {"1028_SWD": [91.84457087516785, 80.48437476158142, 82.25643420219421, 80.74162316322327, 85.95979237556458]}, "time_fit": {"1028_SWD": [91.84457087516785, 80.48437476158142, 82.25643420219421, 80.74162316322327, 85.95979237556458]}, "sizes": {"1028_SWD": []}, "tau": 0.5}, "LightGBM": {"losses": {"1028_SWD": [0.0891723741314865, 0.08285813216138443, 0.07978942401472165, 0.08409761146908755, 0.07025652980357519]}, "coverage": {"1028_SWD": [0.08499999999999996, 0.04500000000000004, 0.050000000000000044, 0.025000000000000022, 0.13]}, "time_all": {"1028_SWD": [0.43434834480285645, 0.3337211608886719, 0.36260080337524414, 0.32327771186828613, 0.32703375816345215]}, "time_fit": {"1028_SWD": [0.07232975959777832, 0.06441879272460938, 0.06854867935180664, 0.06363177299499512, 0.06501126289367676]}, "sizes": {"1028_SWD": []}, "tau": 0.5}, "DecisionTree": {"losses": {"1028_SWD": [0.07333333333333333, 0.0775, 0.07291666666666667, 0.07791666666666668, 0.06083333333333333]}, "coverage": {"1028_SWD": [0.275, 0.28, 0.245, 0.245, 0.32499999999999996]}, "complexity": {"1028_SWD": [129, 203, 31, 121, 23]}, "time_all": {"1028_SWD": [0.10516500473022461, 0.10883283615112305, 0.096282958984375, 0.10306286811828613, 0.09701824188232422]}, "time_fit": {"1028_SWD": [0.01262211799621582, 0.018240690231323242, 0.005130767822265625, 0.012022733688354492, 0.004527091979980469]}, "sizes": {"1028_SWD": []}, "tau": 0.5}, "LinearQuantile": {"losses": {"1028_SWD": [0.08790533878972671, 0.08169540479003685, 0.08276710752835538, 0.08630464831774588, 0.06848160475763894]}, "coverage": {"1028_SWD": [0.010000000000000009, 0.015000000000000013, 0.010000000000000009, 0.03999999999999998, 0.06000000000000005]}, "complexity": {"1028_SWD": [31, 31, 31, 31, 31]}, "time_all": {"1028_SWD": [1.7357804775238037, 2.9041075706481934, 1.776341438293457, 2.1296372413635254, 1.7435381412506104]}, "time_fit": {"1028_SWD": [0.12209892272949219, 0.2018725872039795, 0.11945176124572754, 0.1585695743560791, 0.12004804611206055]}, "sizes": {"1028_SWD": []}, "tau": 0.5}}
