{"SQR": {"losses": {"646_fri_c3_500_10": [0.012745916594654978, 0.014355508153845831, 0.014066428427247082, 0.01564182465451034, 0.01029319150584143]}, "coverage": {"646_fri_c3_500_10": [0.05999999999999994, 0.020000000000000018, 0.010000000000000009, 0.06999999999999995, 0.030000000000000027]}, "complexity": {"646_fri_c3_500_10": [13, 11, 16, 13, 14]}, "time_all": {"646_fri_c3_500_10": [106.1575300693512, 88.8183217048645, 87.56900930404663, 83.36261129379272, 93.50621438026428]}, "time_fit": {"646_fri_c3_500_10": [106.1575300693512, 88.8183217048645, 87.56900930404663, 83.36261129379272, 93.50621438026428]}, "sizes": {"646_fri_c3_500_10": []}, "tau": 0.6}, "LightGBM": {"losses": {"646_fri_c3_500_10": [0.02521784379988672, 0.031732395994078726, 0.03014448095480955, 0.027305038401538154, 0.03177565796125821]}, "coverage": {"646_fri_c3_500_10": [0.04999999999999993, 0.0, 0.030000000000000027, 0.030000000000000027, 0.06000000000000005]}, "time_all": {"646_fri_c3_500_10": [0.2980155944824219, 0.2685537338256836, 0.2633395195007324, 0.268557071685791, 0.2552616596221924]}, "time_fit": {"646_fri_c3_500_10": [0.0583038330078125, 0.05620741844177246, 0.05585765838623047, 0.05890631675720215, 0.05330991744995117]}, "sizes": {"646_fri_c3_500_10": []}, "tau": 0.6}, "DecisionTree": {"losses": {"646_fri_c3_500_10": [0.03361929290443085, 0.03206058938034987, 0.03571600666819943, 0.03022082538945282, 0.031867785636483764]}, "coverage": {"646_fri_c3_500_10": [0.14999999999999997, 0.05999999999999994, 0.030000000000000027, 0.15999999999999998, 0.04999999999999993]}, "complexity": {"646_fri_c3_500_10": [161, 165, 159, 165, 157]}, "time_all": {"646_fri_c3_500_10": [0.09912896156311035, 0.10025858879089355, 0.0961906909942627, 0.09990286827087402, 0.0991673469543457]}, "time_fit": {"646_fri_c3_500_10": [0.016965150833129883, 0.017776966094970703, 0.016423702239990234, 0.0170748233795166, 0.016978025436401367]}, "sizes": {"646_fri_c3_500_10": []}, "tau": 0.6}, "LinearQuantile": {"losses": {"646_fri_c3_500_10": [0.058227532634355074, 0.05556653416990884, 0.06481075014813113, 0.05389259357972577, 0.0631891754919593]}, "coverage": {"646_fri_c3_500_10": [0.10999999999999999, 0.06999999999999995, 0.15999999999999998, 0.13, 0.09999999999999998]}, "complexity": {"646_fri_c3_500_10": [10, 10, 10, 10, 10]}, "time_all": {"646_fri_c3_500_10": [0.23364019393920898, 0.4107346534729004, 0.24509811401367188, 0.5805027484893799, 0.7120118141174316]}, "time_fit": {"646_fri_c3_500_10": [0.020148515701293945, 0.03687763214111328, 0.021176576614379883, 0.05224871635437012, 0.058582305908203125]}, "sizes": {"646_fri_c3_500_10": []}, "tau": 0.6}}
