{"SQR": {"losses": {"1201_BNG_breastTumor": [0.053629821513864445, 0.05419377607800098, 0.05388177949658126, 0.05385113737821753, 0.053573729478839316]}, "coverage": {"1201_BNG_breastTumor": [0.0323988340192044, 0.03964334705075445, 0.02215363511659807, 0.042001028806584295, 0.026183127572016462]}, "complexity": {"1201_BNG_breastTumor": [4, 4, 3, 3, 3]}, "time_all": {"1201_BNG_breastTumor": [539.7220990657806, 578.6910061836243, 543.8861274719238, 575.6093716621399, 536.7584307193756]}, "time_fit": {"1201_BNG_breastTumor": [539.7220990657806, 578.6910061836243, 543.8861274719238, 575.6093716621399, 536.7584307193756]}, "sizes": {"1201_BNG_breastTumor": []}, "tau": 0.6}, "LightGBM": {"losses": {"1201_BNG_breastTumor": [0.051143795265121576, 0.0516375590863982, 0.051235378501209655, 0.051460650040310044, 0.05103468044328279]}, "coverage": {"1201_BNG_breastTumor": [0.04097222222222219, 0.039986282578875154, 0.03149862825788752, 0.03719993141289435, 0.02944101508916319]}, "time_all": {"1201_BNG_breastTumor": [3.2566978931427, 3.2061305046081543, 3.119140148162842, 3.0699453353881836, 3.0152530670166016]}, "time_fit": {"1201_BNG_breastTumor": [0.7131791114807129, 0.7319755554199219, 0.6879103183746338, 0.7116105556488037, 0.7203025817871094]}, "sizes": {"1201_BNG_breastTumor": []}, "tau": 0.6}, "DecisionTree": {"losses": {"1201_BNG_breastTumor": [0.049840130315187366, 0.05042341186606793, 0.04974254223948315, 0.05032762218148761, 0.049746696560920116]}, "coverage": {"1201_BNG_breastTumor": [0.04789094650205761, 0.04390432098765429, 0.05582133058984917, 0.05149176954732515, 0.052820644718792886]}, "complexity": {"1201_BNG_breastTumor": [2991, 2967, 2941, 2927, 2979]}, "time_all": {"1201_BNG_breastTumor": [9.834412097930908, 9.658766269683838, 9.719491004943848, 9.625876188278198, 9.66305136680603]}, "time_fit": {"1201_BNG_breastTumor": [0.4882776737213135, 0.47330379486083984, 0.472428560256958, 0.4706442356109619, 0.47864818572998047]}, "sizes": {"1201_BNG_breastTumor": []}, "tau": 0.6}, "LinearQuantile": {"losses": {"1201_BNG_breastTumor": [0.052716944295506316, 0.053182141223327886, 0.052910065104968124, 0.053049040547481434, 0.05274829331406215]}, "coverage": {"1201_BNG_breastTumor": [0.0036779835390946536, 0.005992798353909423, 0.0029235253772290637, 0.0017061042524004755, 0.009525034293552781]}, "complexity": {"1201_BNG_breastTumor": [21, 21, 21, 21, 21]}, "time_all": {"1201_BNG_breastTumor": [77.21649813652039, 130.39267349243164, 102.16025638580322, 49.7798957824707, 34.2536518573761]}, "time_fit": {"1201_BNG_breastTumor": [5.663186073303223, 11.903774738311768, 7.536560773849487, 4.433859586715698, 2.7734787464141846]}, "sizes": {"1201_BNG_breastTumor": []}, "tau": 0.6}}
