{"SQR": {"losses": {"593_fri_c1_1000_10": [0.01960846112037244, 0.008804526759373583, 0.009679329260688256, 0.01666322183532005, 0.009136249289433705]}, "coverage": {"593_fri_c1_1000_10": [0.030000000000000027, 0.03500000000000003, 0.0, 0.04500000000000004, 0.030000000000000027]}, "complexity": {"593_fri_c1_1000_10": [12, 14, 15, 12, 15]}, "time_all": {"593_fri_c1_1000_10": [108.89471650123596, 106.63308453559875, 104.11374998092651, 101.96051454544067, 106.61993670463562]}, "time_fit": {"593_fri_c1_1000_10": [108.89471650123596, 106.63308453559875, 104.11374998092651, 101.96051454544067, 106.61993670463562]}, "sizes": {"593_fri_c1_1000_10": []}, "tau": 0.7}, "LightGBM": {"losses": {"593_fri_c1_1000_10": [0.03337999190745037, 0.032520412690383596, 0.03188846751167937, 0.03085990503288371, 0.02987580167407036]}, "coverage": {"593_fri_c1_1000_10": [0.010000000000000009, 0.0050000000000000044, 0.04999999999999993, 0.010000000000000009, 0.0050000000000000044]}, "time_all": {"593_fri_c1_1000_10": [0.4602851867675781, 0.44603657722473145, 0.4103517532348633, 0.44044041633605957, 0.43561363220214844]}, "time_fit": {"593_fri_c1_1000_10": [0.08321809768676758, 0.07897043228149414, 0.07778000831604004, 0.07989811897277832, 0.08065438270568848]}, "sizes": {"593_fri_c1_1000_10": []}, "tau": 0.7}, "DecisionTree": {"losses": {"593_fri_c1_1000_10": [0.029771634030742313, 0.033155321735880025, 0.03227276676325348, 0.03323230289206104, 0.030272781704801965]}, "coverage": {"593_fri_c1_1000_10": [0.15999999999999992, 0.08499999999999996, 0.08999999999999997, 0.15499999999999992, 0.07999999999999996]}, "complexity": {"593_fri_c1_1000_10": [325, 141, 61, 323, 323]}, "time_all": {"593_fri_c1_1000_10": [0.19591546058654785, 0.177931547164917, 0.17542624473571777, 0.19156527519226074, 0.19696736335754395]}, "time_fit": {"593_fri_c1_1000_10": [0.03506135940551758, 0.020421266555786133, 0.013914346694946289, 0.0344696044921875, 0.03538775444030762]}, "sizes": {"593_fri_c1_1000_10": []}, "tau": 0.7}, "LinearQuantile": {"losses": {"593_fri_c1_1000_10": [0.07292751062108378, 0.0709873781292822, 0.07300531715292695, 0.06689887278351637, 0.07035350244304642]}, "coverage": {"593_fri_c1_1000_10": [0.23499999999999993, 0.21499999999999997, 0.26499999999999996, 0.22499999999999998, 0.22499999999999998]}, "complexity": {"593_fri_c1_1000_10": [10, 10, 10, 10, 10]}, "time_all": {"593_fri_c1_1000_10": [0.37814855575561523, 0.23627042770385742, 0.4486865997314453, 0.328902006149292, 0.289029598236084]}, "time_fit": {"593_fri_c1_1000_10": [0.033161163330078125, 0.020850181579589844, 0.03913593292236328, 0.029253005981445312, 0.02557539939880371]}, "sizes": {"593_fri_c1_1000_10": []}, "tau": 0.7}}
