{"SQR": {"losses": {"645_fri_c3_500_50": [0.0148883383655272, 0.011589076559707793, 0.005360827402825061, 0.006030064466663222, 0.009419799860594035]}, "coverage": {"645_fri_c3_500_50": [0.030000000000000027, 0.08000000000000007, 0.010000000000000009, 0.050000000000000044, 0.0]}, "complexity": {"645_fri_c3_500_50": [4, 14, 14, 15, 10]}, "time_all": {"645_fri_c3_500_50": [105.59328651428223, 93.92254400253296, 97.76662683486938, 92.12594699859619, 94.70099306106567]}, "time_fit": {"645_fri_c3_500_50": [105.59328651428223, 93.92254400253296, 97.76662683486938, 92.12594699859619, 94.70099306106567]}, "sizes": {"645_fri_c3_500_50": []}, "tau": 0.9}, "LightGBM": {"losses": {"645_fri_c3_500_50": [0.01399546893399872, 0.016869308719064554, 0.016910903538118253, 0.015601597620558239, 0.019629102403702043]}, "coverage": {"645_fri_c3_500_50": [0.030000000000000027, 0.06000000000000005, 0.020000000000000018, 0.030000000000000027, 0.010000000000000009]}, "time_all": {"645_fri_c3_500_50": [0.26456236839294434, 0.23195385932922363, 0.21360206604003906, 0.2110438346862793, 0.2090590000152588]}, "time_fit": {"645_fri_c3_500_50": [0.04791831970214844, 0.04329228401184082, 0.04551959037780762, 0.050940513610839844, 0.04479026794433594]}, "sizes": {"645_fri_c3_500_50": []}, "tau": 0.9}, "DecisionTree": {"losses": {"645_fri_c3_500_50": [0.015465215664977713, 0.016464401634290138, 0.014832938714041647, 0.017767476937809182, 0.01432812718925216]}, "coverage": {"645_fri_c3_500_50": [0.10999999999999999, 0.20000000000000007, 0.09999999999999998, 0.020000000000000018, 0.010000000000000009]}, "complexity": {"645_fri_c3_500_50": [67, 67, 31, 15, 29]}, "time_all": {"645_fri_c3_500_50": [0.2231605052947998, 0.2168889045715332, 0.21025371551513672, 0.20665240287780762, 0.2102527618408203]}, "time_fit": {"645_fri_c3_500_50": [0.02608656883239746, 0.025678634643554688, 0.019561767578125, 0.012491464614868164, 0.01834726333618164]}, "sizes": {"645_fri_c3_500_50": []}, "tau": 0.9}, "LinearQuantile": {"losses": {"645_fri_c3_500_50": [0.06481180052456921, 0.06809116278824803, 0.07138477155943992, 0.049393631772344335, 0.05393633195459643]}, "coverage": {"645_fri_c3_500_50": [0.49000000000000005, 0.52, 0.54, 0.47000000000000003, 0.4]}, "complexity": {"645_fri_c3_500_50": [50, 50, 50, 50, 50]}, "time_all": {"645_fri_c3_500_50": [8.91914963722229, 13.440991878509521, 12.63332200050354, 7.98304295539856, 10.105311155319214]}, "time_fit": {"645_fri_c3_500_50": [0.8039445877075195, 1.1863267421722412, 1.122171401977539, 0.6993565559387207, 0.905268669128418]}, "sizes": {"645_fri_c3_500_50": []}, "tau": 0.9}}
