{"SQR": {"losses": {"678_visualizing_environmental": [0.03187151246752711, 0.04501658847397057, 0.0795146470270011, 0.03282082390882183, 0.08845815993324332]}, "coverage": {"678_visualizing_environmental": [0.0304347826086957, 0.009090909090909038, 0.21818181818181825, 0.054545454545454564, 0.3545454545454546]}, "complexity": {"678_visualizing_environmental": [11, 9, 12, 9, 12]}, "time_all": {"678_visualizing_environmental": [82.5825686454773, 65.82458925247192, 67.47604393959045, 66.05844402313232, 62.6452419757843]}, "time_fit": {"678_visualizing_environmental": [82.5825686454773, 65.82458925247192, 67.47604393959045, 66.05844402313232, 62.6452419757843]}, "sizes": {"678_visualizing_environmental": []}, "tau": 0.9}, "LightGBM": {"losses": {"678_visualizing_environmental": [0.029420599313380275, 0.027076293950971997, 0.052369888193761, 0.0284559763119914, 0.05457940557828252]}, "coverage": {"678_visualizing_environmental": [0.09999999999999998, 0.054545454545454564, 0.21818181818181825, 0.054545454545454564, 0.12727272727272732]}, "time_all": {"678_visualizing_environmental": [0.12468314170837402, 0.09623026847839355, 0.07537031173706055, 0.07985663414001465, 0.09524917602539062]}, "time_fit": {"678_visualizing_environmental": [0.01600790023803711, 0.020444631576538086, 0.011520147323608398, 0.01615309715270996, 0.020825624465942383]}, "sizes": {"678_visualizing_environmental": []}, "tau": 0.9}, "DecisionTree": {"losses": {"678_visualizing_environmental": [0.02681946933760619, 0.026877469218746296, 0.05266798040873628, 0.02724802232651367, 0.0330928876022176]}, "coverage": {"678_visualizing_environmental": [0.09999999999999998, 0.09999999999999998, 0.17272727272727273, 0.054545454545454564, 0.036363636363636376]}, "complexity": {"678_visualizing_environmental": [3, 3, 1, 3, 3]}, "time_all": {"678_visualizing_environmental": [0.03315234184265137, 0.03328752517700195, 0.03203868865966797, 0.03188824653625488, 0.029459238052368164]}, "time_fit": {"678_visualizing_environmental": [0.0017521381378173828, 0.0017464160919189453, 0.001539468765258789, 0.0017235279083251953, 0.001455545425415039]}, "sizes": {"678_visualizing_environmental": []}, "tau": 0.9}, "LinearQuantile": {"losses": {"678_visualizing_environmental": [0.03161933303946625, 0.03647746443164653, 0.058282489284119186, 0.03478228602175782, 0.054013922943534014]}, "coverage": {"678_visualizing_environmental": [0.05652173913043479, 0.036363636363636376, 0.21818181818181825, 0.09999999999999998, 0.26363636363636367]}, "complexity": {"678_visualizing_environmental": [3, 3, 3, 3, 3]}, "time_all": {"678_visualizing_environmental": [0.1499345302581787, 0.1450212001800537, 0.11432194709777832, 0.10070633888244629, 0.06664705276489258]}, "time_fit": {"678_visualizing_environmental": [0.012688875198364258, 0.012575149536132812, 0.009667158126831055, 0.008428335189819336, 0.0054607391357421875]}, "sizes": {"678_visualizing_environmental": []}, "tau": 0.9}}
