{"SQR": {"losses": {"574_house_16H": [0.017602557426256157, 0.018542206698972247, 0.01799062154930217, 0.01830711739191919, 0.018289482131643685]}, "coverage": {"574_house_16H": [0.004323019530392824, 0.042418257625630895, 0.009501865262233955, 0.001689708141320967, 0.0022827041264267267]}, "complexity": {"574_house_16H": [6, 6, 6, 6, 6]}, "time_all": {"574_house_16H": [619.6267304420471, 529.3025743961334, 615.2825651168823, 602.4767601490021, 604.9584972858429]}, "time_fit": {"574_house_16H": [619.6267304420471, 529.3025743961334, 615.2825651168823, 602.4767601490021, 604.9584972858429]}, "sizes": {"574_house_16H": []}, "tau": 0.9}, "LightGBM": {"losses": {"574_house_16H": [0.01194148860447744, 0.012591902513301478, 0.011586542075019225, 0.012570303447057308, 0.012101341822671023]}, "coverage": {"574_house_16H": [0.03285055957867011, 0.03811718235681372, 0.033728330041694066, 0.03350888742593805, 0.032835820895522394]}, "time_all": {"574_house_16H": [1.690629243850708, 1.6063222885131836, 1.6301465034484863, 1.6212050914764404, 1.6184368133544922]}, "time_fit": {"574_house_16H": [0.4389677047729492, 0.40673041343688965, 0.40587520599365234, 0.40329766273498535, 0.40167737007141113]}, "sizes": {"574_house_16H": []}, "tau": 0.9}, "DecisionTree": {"losses": {"574_house_16H": [0.01240349715043383, 0.01257939565314637, 0.011583089561492592, 0.012281245799588716, 0.01217900957525565]}, "coverage": {"574_house_16H": [0.027715602369980274, 0.04110160193109502, 0.02201009436032475, 0.04175992977836296, 0.0356453028972783]}, "complexity": {"574_house_16H": [631, 775, 639, 757, 585]}, "time_all": {"574_house_16H": [4.259163856506348, 4.184993743896484, 4.198282718658447, 4.128718852996826, 4.121447801589966]}, "time_fit": {"574_house_16H": [0.29390406608581543, 0.31096625328063965, 0.29419922828674316, 0.304577112197876, 0.2910909652709961]}, "sizes": {"574_house_16H": []}, "tau": 0.9}, "LinearQuantile": {"losses": {"574_house_16H": [0.01811505391260377, 0.018275623920936946, 0.017905175296696475, 0.0189754923525394, 0.018442570168359505]}, "coverage": {"574_house_16H": [0.0020408163265306367, 0.0005924950625411096, 0.002918586789554589, 0.0022602589422866526, 0.006892010535557547]}, "complexity": {"574_house_16H": [16, 16, 16, 16, 16]}, "time_all": {"574_house_16H": [92.0493905544281, 99.0765483379364, 99.41955614089966, 93.62689137458801, 98.88959550857544]}, "time_fit": {"574_house_16H": [4.607688665390015, 10.916659832000732, 12.472912311553955, 6.99749231338501, 12.48116421699524]}, "sizes": {"574_house_16H": []}, "tau": 0.9}}
