{"SQR": {"losses": {"591_fri_c1_100_10": [0.020240406866878564, 0.03366225166419848, 0.03189964314622606, 0.038004536178958166, 0.04887035436927978]}, "coverage": {"591_fri_c1_100_10": [0.050000000000000044, 0.050000000000000044, 0.3, 0.09999999999999998, 0.050000000000000044]}, "complexity": {"591_fri_c1_100_10": [13, 10, 12, 12, 13]}, "time_all": {"591_fri_c1_100_10": [77.30093359947205, 65.80548644065857, 65.79157257080078, 62.62404179573059, 66.76899194717407]}, "time_fit": {"591_fri_c1_100_10": [77.30093359947205, 65.80548644065857, 65.79157257080078, 62.62404179573059, 66.76899194717407]}, "sizes": {"591_fri_c1_100_10": []}, "tau": 0.5}, "LightGBM": {"losses": {"591_fri_c1_100_10": [0.0445687367657391, 0.0842733827879462, 0.08508783890870554, 0.07060200175370271, 0.07218945629307207]}, "coverage": {"591_fri_c1_100_10": [0.19999999999999996, 0.04999999999999999, 0.0, 0.04999999999999999, 0.050000000000000044]}, "time_all": {"591_fri_c1_100_10": [0.12541770935058594, 0.08253216743469238, 0.09043455123901367, 0.07763242721557617, 0.08109664916992188]}, "time_fit": {"591_fri_c1_100_10": [0.016394615173339844, 0.01650214195251465, 0.020477294921875, 0.015550613403320312, 0.019051790237426758]}, "sizes": {"591_fri_c1_100_10": []}, "tau": 0.5}, "DecisionTree": {"losses": {"591_fri_c1_100_10": [0.05730012857849877, 0.053088803328925176, 0.07463392390041318, 0.056841984838525296, 0.06968359112630107]}, "coverage": {"591_fri_c1_100_10": [0.15000000000000002, 0.15000000000000002, 0.0, 0.0, 0.04999999999999999]}, "complexity": {"591_fri_c1_100_10": [3, 13, 3, 13, 33]}, "time_all": {"591_fri_c1_100_10": [0.03366351127624512, 0.03346586227416992, 0.030874967575073242, 0.03338432312011719, 0.03567147254943848]}, "time_fit": {"591_fri_c1_100_10": [0.0018296241760253906, 0.0026903152465820312, 0.001615285873413086, 0.0027129650115966797, 0.004164695739746094]}, "sizes": {"591_fri_c1_100_10": []}, "tau": 0.5}, "LinearQuantile": {"losses": {"591_fri_c1_100_10": [0.0882687091080742, 0.08542373885126854, 0.09640707942362962, 0.08717138920118654, 0.0917894994722052]}, "coverage": {"591_fri_c1_100_10": [0.09999999999999998, 0.04999999999999999, 0.0, 0.04999999999999999, 0.04999999999999999]}, "complexity": {"591_fri_c1_100_10": [10, 10, 10, 10, 10]}, "time_all": {"591_fri_c1_100_10": [0.5324971675872803, 0.21941232681274414, 0.12042832374572754, 0.28040385246276855, 3.9370315074920654]}, "time_fit": {"591_fri_c1_100_10": [0.04691028594970703, 0.01925373077392578, 0.010094165802001953, 0.02356433868408203, 0.12981557846069336]}, "sizes": {"591_fri_c1_100_10": []}, "tau": 0.5}}
