{"SQR": {"losses": {"561_cpu": [0.00031611345518823647, 0.0052514354824846005, 0.003078974254058032, 0.004435032525731424, 0.0035802665597375236]}, "coverage": {"561_cpu": [0.0714285714285714, 0.023809523809523836, 0.11904761904761907, 0.07142857142857145, 0.03658536585365857]}, "complexity": {"561_cpu": [16, 16, 9, 9, 9]}, "time_all": {"561_cpu": [89.14463424682617, 76.75778436660767, 75.81669449806213, 76.04042148590088, 76.69852495193481]}, "time_fit": {"561_cpu": [89.14463424682617, 76.75778436660767, 75.81669449806213, 76.04042148590088, 76.69852495193481]}, "sizes": {"561_cpu": []}, "tau": 0.5}, "LightGBM": {"losses": {"561_cpu": [0.021644955838193123, 0.014804422003962724, 0.00822861822211378, 0.009414142105205416, 0.0040629802137258425]}, "coverage": {"561_cpu": [0.0714285714285714, 0.023809523809523836, 0.26190476190476186, 0.16666666666666663, 0.1097560975609756]}, "time_all": {"561_cpu": [0.16598248481750488, 0.11272263526916504, 0.13523411750793457, 0.1277015209197998, 0.13766956329345703]}, "time_fit": {"561_cpu": [0.026040077209472656, 0.025660991668701172, 0.0313260555267334, 0.025898456573486328, 0.03182220458984375]}, "sizes": {"561_cpu": []}, "tau": 0.5}, "DecisionTree": {"losses": {"561_cpu": [0.018426585679243077, 0.009247362068294202, 0.006375812794455476, 0.00800626873807577, 0.0037841772530562592]}, "coverage": {"561_cpu": [0.16666666666666663, 0.11904761904761907, 0.04761904761904767, 0.0714285714285714, 0.1585365853658537]}, "complexity": {"561_cpu": [69, 69, 31, 63, 29]}, "time_all": {"561_cpu": [0.046984195709228516, 0.04548907279968262, 0.04310250282287598, 0.044426679611206055, 0.043604373931884766]}, "time_fit": {"561_cpu": [0.007059812545776367, 0.006796121597290039, 0.003988504409790039, 0.006311893463134766, 0.003884553909301758]}, "sizes": {"561_cpu": []}, "tau": 0.5}, "LinearQuantile": {"losses": {"561_cpu": [0.014342117204803956, 0.01210353223726274, 0.005660601715175752, 0.0067917774019305285, 0.005558459187199018]}, "coverage": {"561_cpu": [0.023809523809523836, 0.0, 0.0714285714285714, 0.1428571428571429, 0.012195121951219523]}, "complexity": {"561_cpu": [7, 7, 7, 7, 7]}, "time_all": {"561_cpu": [0.15575528144836426, 0.4503922462463379, 0.40728759765625, 0.20973801612854004, 0.09774613380432129]}, "time_fit": {"561_cpu": [0.013201236724853516, 0.036013126373291016, 0.033304452896118164, 0.018018245697021484, 0.008231163024902344]}, "sizes": {"561_cpu": []}, "tau": 0.5}}
