{"SQR": {"losses": {"649_fri_c0_500_5": [0.008788201800810242, 0.013134565558404549, 0.01057768995360858, 0.011046893022851908, 0.0066775704853673686]}, "coverage": {"649_fri_c0_500_5": [0.07000000000000006, 0.050000000000000044, 0.020000000000000018, 0.040000000000000036, 0.0]}, "complexity": {"649_fri_c0_500_5": [12, 12, 9, 8, 13]}, "time_all": {"649_fri_c0_500_5": [105.90904712677002, 89.421142578125, 87.96221399307251, 86.76770520210266, 88.57455945014954]}, "time_fit": {"649_fri_c0_500_5": [105.90904712677002, 89.421142578125, 87.96221399307251, 86.76770520210266, 88.57455945014954]}, "sizes": {"649_fri_c0_500_5": []}, "tau": 0.9}, "LightGBM": {"losses": {"649_fri_c0_500_5": [0.019364609705849627, 0.02357301478568815, 0.019698485649585443, 0.017743881893675897, 0.018637455553862654]}, "coverage": {"649_fri_c0_500_5": [0.12, 0.020000000000000018, 0.020000000000000018, 0.020000000000000018, 0.010000000000000009]}, "time_all": {"649_fri_c0_500_5": [0.23041224479675293, 0.17461442947387695, 0.19015288352966309, 0.20133614540100098, 0.20575284957885742]}, "time_fit": {"649_fri_c0_500_5": [0.04460000991821289, 0.04063868522644043, 0.0419011116027832, 0.043869733810424805, 0.04395556449890137]}, "sizes": {"649_fri_c0_500_5": []}, "tau": 0.9}, "DecisionTree": {"losses": {"649_fri_c0_500_5": [0.020980182680925698, 0.02015325292624409, 0.017921266736746155, 0.016197120654350885, 0.017873762713211113]}, "coverage": {"649_fri_c0_500_5": [0.08000000000000007, 0.050000000000000044, 0.07000000000000006, 0.020000000000000018, 0.09999999999999998]}, "complexity": {"649_fri_c0_500_5": [17, 29, 71, 33, 65]}, "time_all": {"649_fri_c0_500_5": [0.07188558578491211, 0.0707697868347168, 0.07423901557922363, 0.07208657264709473, 0.072723388671875]}, "time_fit": {"649_fri_c0_500_5": [0.0038423538208007812, 0.004765748977661133, 0.00803232192993164, 0.00518345832824707, 0.0075626373291015625]}, "sizes": {"649_fri_c0_500_5": []}, "tau": 0.9}, "LinearQuantile": {"losses": {"649_fri_c0_500_5": [0.037962196932425724, 0.03763209137133427, 0.03228662891199697, 0.030753741812048204, 0.03135871537624574]}, "coverage": {"649_fri_c0_500_5": [0.48000000000000004, 0.47000000000000003, 0.38, 0.41000000000000003, 0.41000000000000003]}, "complexity": {"649_fri_c0_500_5": [5, 5, 5, 5, 5]}, "time_all": {"649_fri_c0_500_5": [0.21006417274475098, 0.1419830322265625, 0.5487945079803467, 0.11937355995178223, 2.0235087871551514]}, "time_fit": {"649_fri_c0_500_5": [0.018033981323242188, 0.012401580810546875, 0.04927873611450195, 0.01035308837890625, 0.12522435188293457]}, "sizes": {"649_fri_c0_500_5": []}, "tau": 0.9}}
