{"SQR": {"losses": {"1199_BNG_echoMonths": [0.029525723594235113, 0.02980040921054949, 0.029881342040827544, 0.029978223945877208, 0.029277656678503263]}, "coverage": {"1199_BNG_echoMonths": [0.005428571428571449, 0.0031723349528437472, 0.004544155472992251, 0.0005430122892254863, 0.0002572163475278444]}, "complexity": {"1199_BNG_echoMonths": [3, 4, 4, 3, 3]}, "time_all": {"1199_BNG_echoMonths": [609.6978480815887, 613.5332520008087, 519.1672713756561, 613.167453289032, 548.5848190784454]}, "time_fit": {"1199_BNG_echoMonths": [609.6978480815887, 613.5332520008087, 519.1672713756561, 613.167453289032, 548.5848190784454]}, "sizes": {"1199_BNG_echoMonths": []}, "tau": 0.9}, "LightGBM": {"losses": {"1199_BNG_echoMonths": [0.027710650666943476, 0.02760116146332616, 0.02801446428914458, 0.02827204645423486, 0.027217221627201717]}, "coverage": {"1199_BNG_echoMonths": [0.013142857142857123, 0.0031151757645041522, 0.007973706773363842, 0.0028293798228065103, 0.006258931123177991]}, "time_all": {"1199_BNG_echoMonths": [1.6733746528625488, 1.495523452758789, 1.5502259731292725, 1.555938959121704, 1.5370213985443115]}, "time_fit": {"1199_BNG_echoMonths": [0.2272777557373047, 0.21007990837097168, 0.21759653091430664, 0.21787190437316895, 0.22570252418518066]}, "sizes": {"1199_BNG_echoMonths": []}, "tau": 0.9}, "DecisionTree": {"losses": {"1199_BNG_echoMonths": [0.027875493174197956, 0.02831542468420348, 0.029632219601642994, 0.02924817714526475, 0.028190652151146182]}, "coverage": {"1199_BNG_echoMonths": [0.011714285714285788, 0.022034867104887113, 0.028608173763932543, 0.03346670477279223, 0.02946556158902547]}, "complexity": {"1199_BNG_echoMonths": [451, 485, 447, 453, 449]}, "time_all": {"1199_BNG_echoMonths": [1.8486738204956055, 1.7926197052001953, 1.747591257095337, 1.8616173267364502, 1.974649429321289]}, "time_fit": {"1199_BNG_echoMonths": [0.10125470161437988, 0.10314488410949707, 0.10229086875915527, 0.10054731369018555, 0.10131263732910156]}, "sizes": {"1199_BNG_echoMonths": []}, "tau": 0.9}, "LinearQuantile": {"losses": {"1199_BNG_echoMonths": [0.028071273740688046, 0.028301206080561147, 0.02825484827225244, 0.0283913748243473, 0.027745148975742942]}, "coverage": {"1199_BNG_echoMonths": [0.006000000000000005, 0.005172906544727129, 0.0025435838811088685, 0.007745070020005684, 0.0019719919977135847]}, "complexity": {"1199_BNG_echoMonths": [12, 12, 12, 12, 12]}, "time_all": {"1199_BNG_echoMonths": [1.954139232635498, 11.67758059501648, 1.7018427848815918, 2.936098337173462, 3.1707942485809326]}, "time_fit": {"1199_BNG_echoMonths": [0.16289401054382324, 0.9449763298034668, 0.14489316940307617, 0.22890710830688477, 0.23462128639221191]}, "sizes": {"1199_BNG_echoMonths": []}, "tau": 0.9}}
