{"SQR": {"losses": {"659_sleuth_ex1714": [0.024178627388702377, 0.04113517590154906, 0.040240507407047106, 0.02644176554370705, 0.027870019962584276]}, "coverage": {"659_sleuth_ex1714": [0.19999999999999996, 0.09999999999999998, 0.06666666666666665, 0.1777777777777778, 0.06666666666666665]}, "complexity": {"659_sleuth_ex1714": [11, 11, 12, 12, 16]}, "time_all": {"659_sleuth_ex1714": [80.64617109298706, 65.8824577331543, 67.2330207824707, 65.39558601379395, 66.24501895904541]}, "time_fit": {"659_sleuth_ex1714": [80.64617109298706, 65.8824577331543, 67.2330207824707, 65.39558601379395, 66.24501895904541]}, "sizes": {"659_sleuth_ex1714": []}, "tau": 0.6}, "LightGBM": {"losses": {"659_sleuth_ex1714": [0.05868277033402528, 0.07142102283449707, 0.05601951778986951, 0.07095092381817325, 0.05088646972393464]}, "coverage": {"659_sleuth_ex1714": [0.0, 0.09999999999999998, 0.26666666666666666, 0.28888888888888886, 0.06666666666666665]}, "time_all": {"659_sleuth_ex1714": [0.0782172679901123, 0.034958839416503906, 0.03469443321228027, 0.03550267219543457, 0.03171849250793457]}, "time_fit": {"659_sleuth_ex1714": [0.003945589065551758, 0.004326581954956055, 0.0038521289825439453, 0.004433393478393555, 0.003751039505004883]}, "sizes": {"659_sleuth_ex1714": []}, "tau": 0.6}, "DecisionTree": {"losses": {"659_sleuth_ex1714": [0.02889853431465057, 0.04898307856828332, 0.03941344628266689, 0.026657161029684157, 0.030904503295520476]}, "coverage": {"659_sleuth_ex1714": [0.3, 0.09999999999999998, 0.15555555555555556, 0.28888888888888886, 0.0444444444444444]}, "complexity": {"659_sleuth_ex1714": [15, 7, 7, 15, 5]}, "time_all": {"659_sleuth_ex1714": [0.029488325119018555, 0.027287721633911133, 0.027865171432495117, 0.029782533645629883, 0.02666759490966797]}, "time_fit": {"659_sleuth_ex1714": [0.0026259422302246094, 0.0018649101257324219, 0.0019779205322265625, 0.002640247344970703, 0.0018053054809570312]}, "sizes": {"659_sleuth_ex1714": []}, "tau": 0.6}, "LinearQuantile": {"losses": {"659_sleuth_ex1714": [0.03554844211817891, 0.03696480867272491, 0.055336161182195434, 0.0406620641810642, 0.0414526794842719]}, "coverage": {"659_sleuth_ex1714": [0.3, 0.09999999999999998, 0.06666666666666665, 0.0444444444444444, 0.1777777777777778]}, "complexity": {"659_sleuth_ex1714": [7, 7, 7, 7, 7]}, "time_all": {"659_sleuth_ex1714": [1.1267616748809814, 0.4898538589477539, 0.09950613975524902, 0.12474608421325684, 0.5946767330169678]}, "time_fit": {"659_sleuth_ex1714": [0.1005089282989502, 0.037653207778930664, 0.008444547653198242, 0.010588884353637695, 0.04447054862976074]}, "sizes": {"659_sleuth_ex1714": []}, "tau": 0.6}}
