{"SQR": {"losses": {"542_pollution": [0.04495457362022713, 0.07252668798860147, 0.04463520473454976, 0.07515268278450182, 0.04856566246609258]}, "coverage": {"542_pollution": [0.033333333333333326, 0.30000000000000004, 0.033333333333333326, 0.30000000000000004, 0.13333333333333341]}, "complexity": {"542_pollution": [13, 6, 11, 8, 9]}, "time_all": {"542_pollution": [81.74049592018127, 64.48057126998901, 65.21869039535522, 65.00019717216492, 63.80670475959778]}, "time_fit": {"542_pollution": [81.74049592018127, 64.48057126998901, 65.21869039535522, 65.00019717216492, 63.80670475959778]}, "sizes": {"542_pollution": []}, "tau": 0.8}, "LightGBM": {"losses": {"542_pollution": [0.07086259935173525, 0.05153224778940696, 0.04856218014191768, 0.03638435254194335, 0.03955961953779151]}, "coverage": {"542_pollution": [0.033333333333333326, 0.13333333333333341, 0.11666666666666659, 0.11666666666666659, 0.033333333333333326]}, "time_all": {"542_pollution": [0.10470199584960938, 0.07005929946899414, 0.06816530227661133, 0.050295352935791016, 0.05868864059448242]}, "time_fit": {"542_pollution": [0.01339101791381836, 0.0149688720703125, 0.014739274978637695, 0.003919363021850586, 0.012580156326293945]}, "sizes": {"542_pollution": []}, "tau": 0.8}, "DecisionTree": {"losses": {"542_pollution": [0.06052502322571354, 0.03644417748729675, 0.03795078754777417, 0.032832712329842466, 0.02804375981252083]}, "coverage": {"542_pollution": [0.033333333333333326, 0.033333333333333326, 0.11666666666666659, 0.38333333333333336, 0.050000000000000044]}, "complexity": {"542_pollution": [3, 7, 3, 7, 9]}, "time_all": {"542_pollution": [0.03048849105834961, 0.030637025833129883, 0.028905868530273438, 0.028684616088867188, 0.02810072898864746]}, "time_fit": {"542_pollution": [0.001802206039428711, 0.002154111862182617, 0.0016875267028808594, 0.0020716190338134766, 0.0021600723266601562]}, "sizes": {"542_pollution": []}, "tau": 0.8}, "LinearQuantile": {"losses": {"542_pollution": [0.041853207305743545, 0.048605093412205584, 0.05219479432076483, 0.03388524563274226, 0.07921774922398525]}, "coverage": {"542_pollution": [0.033333333333333326, 0.033333333333333326, 0.13333333333333341, 0.050000000000000044, 0.30000000000000004]}, "complexity": {"542_pollution": [15, 15, 15, 15, 15]}, "time_all": {"542_pollution": [4.297991037368774, 1.184610366821289, 0.19682765007019043, 0.8481855392456055, 0.4335935115814209]}, "time_fit": {"542_pollution": [0.38398170471191406, 0.0774540901184082, 0.01667642593383789, 0.058348655700683594, 0.033959150314331055]}, "sizes": {"542_pollution": []}, "tau": 0.8}}
