{"SQR": {"losses": {"649_fri_c0_500_5": [0.020022551108934205, 0.025592017507249744, 0.025648989528009813, 0.015045156150607975, 0.02208669705425627]}, "coverage": {"649_fri_c0_500_5": [0.08000000000000002, 0.010000000000000009, 0.03999999999999998, 0.010000000000000009, 0.020000000000000018]}, "complexity": {"649_fri_c0_500_5": [16, 13, 11, 19, 11]}, "time_all": {"649_fri_c0_500_5": [111.98947668075562, 92.87946581840515, 94.81884217262268, 93.36284065246582, 90.92344522476196]}, "time_fit": {"649_fri_c0_500_5": [111.98947668075562, 92.87946581840515, 94.81884217262268, 93.36284065246582, 90.92344522476196]}, "sizes": {"649_fri_c0_500_5": []}, "tau": 0.5}, "LightGBM": {"losses": {"649_fri_c0_500_5": [0.03924644707856422, 0.037709877079715744, 0.03245771166620408, 0.03040655656863204, 0.03352205376399304]}, "coverage": {"649_fri_c0_500_5": [0.16999999999999998, 0.010000000000000009, 0.08999999999999997, 0.06000000000000005, 0.0]}, "time_all": {"649_fri_c0_500_5": [0.26814746856689453, 0.22742486000061035, 0.2261347770690918, 0.24651074409484863, 0.22433996200561523]}, "time_fit": {"649_fri_c0_500_5": [0.050557851791381836, 0.04999208450317383, 0.050605058670043945, 0.05016469955444336, 0.0503382682800293]}, "sizes": {"649_fri_c0_500_5": []}, "tau": 0.5}, "DecisionTree": {"losses": {"649_fri_c0_500_5": [0.04009959138049299, 0.044021950469661494, 0.035819976938040794, 0.033273437467426704, 0.03777717973693649]}, "coverage": {"649_fri_c0_500_5": [0.09000000000000002, 0.010000000000000009, 0.010000000000000009, 0.020000000000000018, 0.030000000000000027]}, "complexity": {"649_fri_c0_500_5": [65, 165, 155, 161, 163]}, "time_all": {"649_fri_c0_500_5": [0.07583999633789062, 0.08023929595947266, 0.08083033561706543, 0.0805976390838623, 0.08049631118774414]}, "time_fit": {"649_fri_c0_500_5": [0.007867097854614258, 0.014675378799438477, 0.014043807983398438, 0.014328956604003906, 0.014541149139404297]}, "sizes": {"649_fri_c0_500_5": []}, "tau": 0.5}, "LinearQuantile": {"losses": {"649_fri_c0_500_5": [0.03312501712084588, 0.03775773503361795, 0.03627197787051786, 0.029960613335176384, 0.03183668754254139]}, "coverage": {"649_fri_c0_500_5": [0.08000000000000002, 0.07, 0.030000000000000027, 0.020000000000000018, 0.030000000000000027]}, "complexity": {"649_fri_c0_500_5": [5, 5, 5, 5, 5]}, "time_all": {"649_fri_c0_500_5": [0.1555924415588379, 0.22611141204833984, 0.11989831924438477, 0.6201708316802979, 0.4157063961029053]}, "time_fit": {"649_fri_c0_500_5": [0.013061761856079102, 0.019865036010742188, 0.01043844223022461, 0.048272132873535156, 0.03732490539550781]}, "sizes": {"649_fri_c0_500_5": []}, "tau": 0.5}}
