{"SQR": {"losses": {"654_fri_c0_500_10": [0.018251287274062132, 0.024268026530222933, 0.032715729764398065, 0.02169703390999102, 0.024167068511366185]}, "coverage": {"654_fri_c0_500_10": [0.030000000000000027, 0.050000000000000044, 0.03999999999999998, 0.020000000000000018, 0.030000000000000027]}, "complexity": {"654_fri_c0_500_10": [18, 12, 11, 14, 11]}, "time_all": {"654_fri_c0_500_10": [111.12807154655457, 89.34428644180298, 92.05811953544617, 89.8599545955658, 89.85437107086182]}, "time_fit": {"654_fri_c0_500_10": [111.12807154655457, 89.34428644180298, 92.05811953544617, 89.8599545955658, 89.85437107086182]}, "sizes": {"654_fri_c0_500_10": []}, "tau": 0.5}, "LightGBM": {"losses": {"654_fri_c0_500_10": [0.03835346603117593, 0.04021127157832868, 0.036554313921639506, 0.03963871466624257, 0.03356972365741853]}, "coverage": {"654_fri_c0_500_10": [0.04999999999999999, 0.08999999999999997, 0.09999999999999998, 0.030000000000000027, 0.040000000000000036]}, "time_all": {"654_fri_c0_500_10": [0.27165675163269043, 0.22753381729125977, 0.2525460720062256, 0.24472284317016602, 0.2510356903076172]}, "time_fit": {"654_fri_c0_500_10": [0.052622079849243164, 0.05071592330932617, 0.05046653747558594, 0.05053377151489258, 0.04899740219116211]}, "sizes": {"654_fri_c0_500_10": []}, "tau": 0.5}, "DecisionTree": {"losses": {"654_fri_c0_500_10": [0.04451136229636606, 0.042050486776219684, 0.04412207426725095, 0.045201722860192146, 0.04490961635632022]}, "coverage": {"654_fri_c0_500_10": [0.03999999999999998, 0.050000000000000044, 0.03999999999999998, 0.010000000000000009, 0.020000000000000018]}, "complexity": {"654_fri_c0_500_10": [73, 67, 69, 67, 71]}, "time_all": {"654_fri_c0_500_10": [0.09275937080383301, 0.08821940422058105, 0.08732986450195312, 0.08770251274108887, 0.08952689170837402]}, "time_fit": {"654_fri_c0_500_10": [0.010152816772460938, 0.009476423263549805, 0.009627580642700195, 0.009557247161865234, 0.009806632995605469]}, "sizes": {"654_fri_c0_500_10": []}, "tau": 0.5}, "LinearQuantile": {"losses": {"654_fri_c0_500_10": [0.04740813616546241, 0.039391810760075724, 0.0390026593941434, 0.042834950167186546, 0.03845895088232798]}, "coverage": {"654_fri_c0_500_10": [0.030000000000000027, 0.07, 0.04999999999999999, 0.06000000000000005, 0.010000000000000009]}, "complexity": {"654_fri_c0_500_10": [10, 10, 10, 10, 10]}, "time_all": {"654_fri_c0_500_10": [0.4064762592315674, 0.1819605827331543, 0.3042416572570801, 0.2781562805175781, 0.19342970848083496]}, "time_fit": {"654_fri_c0_500_10": [0.035689353942871094, 0.01595902442932129, 0.027050256729125977, 0.024700403213500977, 0.016993284225463867]}, "sizes": {"654_fri_c0_500_10": []}, "tau": 0.5}}
