{"SQR": {"losses": {"225_puma8NH": [0.02378872845199677, 0.022729612565472766, 0.022967447999371258, 0.02279891960331018, 0.02215607009856944]}, "coverage": {"225_puma8NH": [0.008602806589383838, 0.009701037217815678, 0.005372405372405353, 0.0013431013431013383, 0.0013431013431013383]}, "complexity": {"225_puma8NH": [4, 4, 4, 4, 4]}, "time_all": {"225_puma8NH": [561.7884817123413, 510.2872521877289, 536.1594002246857, 555.2221357822418, 549.9370765686035]}, "time_fit": {"225_puma8NH": [561.7884817123413, 510.2872521877289, 536.1594002246857, 555.2221357822418, 549.9370765686035]}, "sizes": {"225_puma8NH": []}, "tau": 0.9}, "LightGBM": {"losses": {"225_puma8NH": [0.023132288508212685, 0.02154698887868266, 0.022046278353045557, 0.021889797218510355, 0.021379763179558756]}, "coverage": {"225_puma8NH": [0.007382550335570448, 0.016412446613788823, 0.009645909645909612, 0.00073260073260073, 0.02063492063492056]}, "time_all": {"225_puma8NH": [1.126941442489624, 1.0397305488586426, 1.0702102184295654, 1.0651109218597412, 1.0676825046539307]}, "time_fit": {"225_puma8NH": [0.15244746208190918, 0.13454389572143555, 0.14578843116760254, 0.14590978622436523, 0.14269232749938965]}, "sizes": {"225_puma8NH": []}, "tau": 0.9}, "DecisionTree": {"losses": {"225_puma8NH": [0.02319822132459719, 0.02157296486329018, 0.022404537717621163, 0.02161349377369081, 0.02115872829678733]}, "coverage": {"225_puma8NH": [0.03239780353874311, 0.023245881635143406, 0.012942612942613008, 0.03308913308913308, 0.01904761904761909]}, "complexity": {"225_puma8NH": [203, 227, 203, 207, 211]}, "time_all": {"225_puma8NH": [1.1790821552276611, 0.9003686904907227, 0.9729299545288086, 0.9072301387786865, 0.8550460338592529]}, "time_fit": {"225_puma8NH": [0.05205893516540527, 0.05216217041015625, 0.05190229415893555, 0.05284619331359863, 0.051666975021362305]}, "sizes": {"225_puma8NH": []}, "tau": 0.9}, "LinearQuantile": {"losses": {"225_puma8NH": [0.09738842154262958, 0.09610681267955579, 0.09220987794786278, 0.0933650188674428, 0.09496202612290405]}, "coverage": {"225_puma8NH": [0.5241610738255034, 0.5143990237949969, 0.4927960927960928, 0.4897435897435898, 0.5037851037851038]}, "complexity": {"225_puma8NH": [8, 8, 8, 8, 8]}, "time_all": {"225_puma8NH": [1.2345035076141357, 0.7255265712738037, 0.5483248233795166, 0.4449465274810791, 0.5222609043121338]}, "time_fit": {"225_puma8NH": [0.10874629020690918, 0.06570649147033691, 0.04952573776245117, 0.04007291793823242, 0.047077178955078125]}, "sizes": {"225_puma8NH": []}, "tau": 0.9}}
