{"SQR": {"losses": {"641_fri_c1_500_10": [0.01739570805458499, 0.021840944114646908, 0.011001288650230912, 0.025984649048054146, 0.013753454857173747]}, "coverage": {"641_fri_c1_500_10": [0.09999999999999998, 0.030000000000000027, 0.010000000000000009, 0.030000000000000027, 0.13]}, "complexity": {"641_fri_c1_500_10": [14, 11, 16, 9, 14]}, "time_all": {"641_fri_c1_500_10": [107.31430244445801, 79.68342018127441, 85.53807139396667, 77.37376475334167, 92.89233088493347]}, "time_fit": {"641_fri_c1_500_10": [107.31430244445801, 79.68342018127441, 85.53807139396667, 77.37376475334167, 92.89233088493347]}, "sizes": {"641_fri_c1_500_10": []}, "tau": 0.6}, "LightGBM": {"losses": {"641_fri_c1_500_10": [0.04354118702640181, 0.03876954944689713, 0.034325707897108614, 0.03710426779591272, 0.038584593625188186]}, "coverage": {"641_fri_c1_500_10": [0.020000000000000018, 0.010000000000000009, 0.030000000000000027, 0.06999999999999995, 0.08000000000000007]}, "time_all": {"641_fri_c1_500_10": [0.2745530605316162, 0.2625744342803955, 0.2283172607421875, 0.22044849395751953, 0.2571537494659424]}, "time_fit": {"641_fri_c1_500_10": [0.0518190860748291, 0.05118870735168457, 0.05169796943664551, 0.049895524978637695, 0.05124187469482422]}, "sizes": {"641_fri_c1_500_10": []}, "tau": 0.6}, "DecisionTree": {"losses": {"641_fri_c1_500_10": [0.03757392218348945, 0.03558031548311876, 0.036261333349901156, 0.03828842908228299, 0.03743961368781144]}, "coverage": {"641_fri_c1_500_10": [0.08999999999999997, 0.12, 0.06999999999999995, 0.04999999999999993, 0.10999999999999999]}, "complexity": {"641_fri_c1_500_10": [161, 159, 159, 163, 167]}, "time_all": {"641_fri_c1_500_10": [0.0995020866394043, 0.09651517868041992, 0.09492039680480957, 0.09696340560913086, 0.09818220138549805]}, "time_fit": {"641_fri_c1_500_10": [0.01737070083618164, 0.016756772994995117, 0.016516447067260742, 0.01677536964416504, 0.017258167266845703]}, "sizes": {"641_fri_c1_500_10": []}, "tau": 0.6}, "LinearQuantile": {"losses": {"641_fri_c1_500_10": [0.08845598553180202, 0.08232853325498043, 0.06471058063563631, 0.075994207897026, 0.0744743554793512]}, "coverage": {"641_fri_c1_500_10": [0.16999999999999998, 0.13999999999999996, 0.16999999999999998, 0.19999999999999996, 0.08999999999999997]}, "complexity": {"641_fri_c1_500_10": [10, 10, 10, 10, 10]}, "time_all": {"641_fri_c1_500_10": [2.002904176712036, 0.3370654582977295, 0.1847085952758789, 0.2060997486114502, 0.33001279830932617]}, "time_fit": {"641_fri_c1_500_10": [0.11679196357727051, 0.028580904006958008, 0.015940427780151367, 0.01753067970275879, 0.028489112854003906]}, "sizes": {"641_fri_c1_500_10": []}, "tau": 0.6}}
