{"SQR": {"losses": {"601_fri_c1_250_5": [0.03514852504072628, 0.015669064853971834, 0.018447478521808724, 0.02318652366193664, 0.02220438736847519]}, "coverage": {"601_fri_c1_250_5": [0.06000000000000005, 0.15999999999999998, 0.039999999999999925, 0.09999999999999998, 0.06000000000000005]}, "complexity": {"601_fri_c1_250_5": [8, 15, 14, 12, 14]}, "time_all": {"601_fri_c1_250_5": [93.24387240409851, 77.50319743156433, 76.75435280799866, 76.74971008300781, 78.08434200286865]}, "time_fit": {"601_fri_c1_250_5": [93.24387240409851, 77.50319743156433, 76.75435280799866, 76.74971008300781, 78.08434200286865]}, "sizes": {"601_fri_c1_250_5": []}, "tau": 0.6}, "LightGBM": {"losses": {"601_fri_c1_250_5": [0.048996454821960876, 0.03950161346678927, 0.04097562040519878, 0.030218839722121676, 0.05064729661004703]}, "coverage": {"601_fri_c1_250_5": [0.0, 0.08000000000000007, 0.18, 0.040000000000000036, 0.0]}, "time_all": {"601_fri_c1_250_5": [0.18319058418273926, 0.16715025901794434, 0.1389484405517578, 0.1444687843322754, 0.16295123100280762]}, "time_fit": {"601_fri_c1_250_5": [0.03218531608581543, 0.03926491737365723, 0.03230023384094238, 0.03155827522277832, 0.03772711753845215]}, "sizes": {"601_fri_c1_250_5": []}, "tau": 0.6}, "DecisionTree": {"losses": {"601_fri_c1_250_5": [0.06033088337925305, 0.045294033665311394, 0.03565025599922878, 0.03776485926975241, 0.03493122191576894]}, "coverage": {"601_fri_c1_250_5": [0.09999999999999998, 0.05999999999999994, 0.039999999999999925, 0.18, 0.040000000000000036]}, "complexity": {"601_fri_c1_250_5": [79, 75, 79, 83, 81]}, "time_all": {"601_fri_c1_250_5": [0.05235457420349121, 0.05085158348083496, 0.050887107849121094, 0.051290273666381836, 0.05264091491699219]}, "time_fit": {"601_fri_c1_250_5": [0.007973670959472656, 0.0074787139892578125, 0.007829427719116211, 0.008041143417358398, 0.00789952278137207]}, "sizes": {"601_fri_c1_250_5": []}, "tau": 0.6}, "LinearQuantile": {"losses": {"601_fri_c1_250_5": [0.08539609466613679, 0.06554367604806124, 0.07390745991510381, 0.06375051029033815, 0.07084287103953074]}, "coverage": {"601_fri_c1_250_5": [0.15999999999999998, 0.07999999999999996, 0.15999999999999998, 0.09999999999999998, 0.12]}, "complexity": {"601_fri_c1_250_5": [5, 5, 5, 5, 5]}, "time_all": {"601_fri_c1_250_5": [0.14973139762878418, 1.0025930404663086, 0.5484423637390137, 0.43763136863708496, 0.26457762718200684]}, "time_fit": {"601_fri_c1_250_5": [0.01263117790222168, 0.08770513534545898, 0.04942631721496582, 0.03618788719177246, 0.023538827896118164]}, "sizes": {"601_fri_c1_250_5": []}, "tau": 0.6}}
