{"SQR": {"losses": {"294_satellite_image": [0.04938086282692226, 0.05899181167850622, 0.05535071650130513, 0.05118092938876027, 0.06986192186894587]}, "coverage": {"294_satellite_image": [0.018181818181818188, 0.005128205128205221, 0.029059829059829068, 0.0004662004662004948, 0.029215229215229233]}, "complexity": {"294_satellite_image": [8, 8, 7, 9, 3]}, "time_all": {"294_satellite_image": [368.2574579715729, 315.9996154308319, 380.0128798484802, 363.9966449737549, 332.4258110523224]}, "time_fit": {"294_satellite_image": [368.2574579715729, 315.9996154308319, 380.0128798484802, 363.9966449737549, 332.4258110523224]}, "sizes": {"294_satellite_image": []}, "tau": 0.8}, "LightGBM": {"losses": {"294_satellite_image": [0.11004921004921002, 0.10947940947940947, 0.11181041181041179, 0.1126133126133126, 0.11126651126651126]}, "coverage": {"294_satellite_image": [0.19999999999999996, 0.19999999999999996, 0.19999999999999996, 0.19999999999999996, 0.19999999999999996]}, "time_all": {"294_satellite_image": [0.18105196952819824, 0.12880849838256836, 0.110260009765625, 0.11279511451721191, 0.11147928237915039]}, "time_fit": {"294_satellite_image": [0.026752948760986328, 0.027051925659179688, 0.02237844467163086, 0.02228689193725586, 0.02285623550415039]}, "sizes": {"294_satellite_image": []}, "tau": 0.8}, "DecisionTree": {"losses": {"294_satellite_image": [0.025977725977725973, 0.02208236208236208, 0.02473452473452473, 0.020269360269360267, 0.02394198394198394]}, "coverage": {"294_satellite_image": [0.14483294483294484, 0.1549339549339549, 0.1557109557109556, 0.1665889665889665, 0.15182595182595182]}, "complexity": {"294_satellite_image": [385, 365, 223, 383, 373]}, "time_all": {"294_satellite_image": [1.3563940525054932, 1.143564224243164, 1.1567938327789307, 1.0863473415374756, 1.1822943687438965]}, "time_fit": {"294_satellite_image": [0.1440432071685791, 0.09294724464416504, 0.077056884765625, 0.08533644676208496, 0.1000816822052002]}, "sizes": {"294_satellite_image": []}, "tau": 0.8}, "LinearQuantile": {"losses": {"294_satellite_image": [0.07126151242617358, 0.07205694129783408, 0.07205288500348543, 0.07176955804555617, 0.06894275236685866]}, "coverage": {"294_satellite_image": [0.011344211344211375, 0.01989121989121989, 0.010411810411810385, 0.03232323232323242, 0.03387723387723396]}, "complexity": {"294_satellite_image": [36, 36, 36, 36, 36]}, "time_all": {"294_satellite_image": [4.533773183822632, 4.505975723266602, 5.858962297439575, 2.4031989574432373, 4.69297981262207]}, "time_fit": {"294_satellite_image": [0.37449097633361816, 0.38871288299560547, 0.5268902778625488, 0.23505568504333496, 0.3805389404296875]}, "sizes": {"294_satellite_image": []}, "tau": 0.8}}
