{"SQR": {"losses": {"637_fri_c1_500_50": [0.02464158478053494, 0.009171135345901894, 0.03113864500988042, 0.0248627320826801, 0.010685627807845665]}, "coverage": {"637_fri_c1_500_50": [0.0, 0.06000000000000005, 0.039999999999999925, 0.040000000000000036, 0.019999999999999907]}, "complexity": {"637_fri_c1_500_50": [13, 14, 8, 9, 12]}, "time_all": {"637_fri_c1_500_50": [107.40045881271362, 100.90179109573364, 88.12095475196838, 102.54818272590637, 97.21903824806213]}, "time_fit": {"637_fri_c1_500_50": [107.40045881271362, 100.90179109573364, 88.12095475196838, 102.54818272590637, 97.21903824806213]}, "sizes": {"637_fri_c1_500_50": []}, "tau": 0.7}, "LightGBM": {"losses": {"637_fri_c1_500_50": [0.03890225213118611, 0.036672552853732956, 0.03772929243611377, 0.036220936495768456, 0.03189947732238742]}, "coverage": {"637_fri_c1_500_50": [0.010000000000000009, 0.020000000000000018, 0.010000000000000009, 0.029999999999999916, 0.019999999999999907]}, "time_all": {"637_fri_c1_500_50": [0.3183445930480957, 0.28918957710266113, 0.29978036880493164, 0.26541757583618164, 0.25594019889831543]}, "time_fit": {"637_fri_c1_500_50": [0.0617060661315918, 0.058823585510253906, 0.059850454330444336, 0.06191563606262207, 0.0568852424621582]}, "sizes": {"637_fri_c1_500_50": []}, "tau": 0.7}, "DecisionTree": {"losses": {"637_fri_c1_500_50": [0.03986133312198153, 0.03788086644975441, 0.03306138233580855, 0.040667934395281324, 0.03735183347561242]}, "coverage": {"637_fri_c1_500_50": [0.17999999999999994, 0.08999999999999997, 0.040000000000000036, 0.13, 0.13]}, "complexity": {"637_fri_c1_500_50": [159, 35, 31, 19, 69]}, "time_all": {"637_fri_c1_500_50": [0.2117164134979248, 0.20145678520202637, 0.19320297241210938, 0.19018220901489258, 0.19541120529174805]}, "time_fit": {"637_fri_c1_500_50": [0.03274273872375488, 0.01756906509399414, 0.016218900680541992, 0.013261079788208008, 0.02218770980834961]}, "sizes": {"637_fri_c1_500_50": []}, "tau": 0.7}, "LinearQuantile": {"losses": {"637_fri_c1_500_50": [0.06875098389101203, 0.08166422625831314, 0.08523149066733027, 0.09396832826785759, 0.07510193456226052]}, "coverage": {"637_fri_c1_500_50": [0.16999999999999993, 0.20999999999999996, 0.24999999999999994, 0.29, 0.19999999999999996]}, "complexity": {"637_fri_c1_500_50": [50, 50, 50, 50, 50]}, "time_all": {"637_fri_c1_500_50": [49.56892418861389, 24.396604537963867, 10.995521306991577, 24.921827793121338, 14.127902507781982]}, "time_fit": {"637_fri_c1_500_50": [1.8425283432006836, 1.8233320713043213, 0.9097533226013184, 1.8255455493927002, 1.2002081871032715]}, "sizes": {"637_fri_c1_500_50": []}, "tau": 0.7}}
