{"SQR": {"losses": {"1203_BNG_pwLinear": [0.021859696559974474, 0.021506861022063197, 0.02155205597865119, 0.022013308738037755, 0.021599982305483965]}, "coverage": {"1203_BNG_pwLinear": [0.04067174710697152, 0.03217612193056729, 0.033478224053741346, 0.03661125067035487, 0.03757091648084909]}, "complexity": {"1203_BNG_pwLinear": [2, 2, 2, 2, 2]}, "time_all": {"1203_BNG_pwLinear": [577.1073958873749, 550.1433329582214, 548.769850730896, 559.7999558448792, 557.7787051200867]}, "time_fit": {"1203_BNG_pwLinear": [577.1073958873749, 550.1433329582214, 548.769850730896, 559.7999558448792, 557.7787051200867]}, "sizes": {"1203_BNG_pwLinear": []}, "tau": 0.9}, "LightGBM": {"losses": {"1203_BNG_pwLinear": [0.01781949420438275, 0.017720440676899776, 0.017741148267965565, 0.01796160873504195, 0.01783379136179723]}, "coverage": {"1203_BNG_pwLinear": [0.017866215071972835, 0.019333897826700475, 0.01837195517796153, 0.01786389680769984, 0.01732761297242369]}, "time_all": {"1203_BNG_pwLinear": [2.8471691608428955, 2.7777462005615234, 2.7132842540740967, 2.589221477508545, 2.6894266605377197]}, "time_fit": {"1203_BNG_pwLinear": [0.4225456714630127, 0.44766736030578613, 0.45506715774536133, 0.3816976547241211, 0.437288761138916]}, "sizes": {"1203_BNG_pwLinear": []}, "tau": 0.9}, "DecisionTree": {"losses": {"1203_BNG_pwLinear": [0.017140002698734304, 0.017023136957532048, 0.017121241664630495, 0.01723788872290145, 0.01718757410635173]}, "coverage": {"1203_BNG_pwLinear": [0.015580016934801044, 0.013942986169912519, 0.012760732733071767, 0.016119563069801557, 0.015188122724321906]}, "complexity": {"1203_BNG_pwLinear": [4159, 4205, 4229, 4183, 4161]}, "time_all": {"1203_BNG_pwLinear": [13.015131950378418, 13.347878217697144, 13.38718867301941, 13.216345310211182, 13.260658502578735]}, "time_fit": {"1203_BNG_pwLinear": [0.619490385055542, 0.6581275463104248, 0.6628243923187256, 0.6464548110961914, 0.647780179977417]}, "sizes": {"1203_BNG_pwLinear": []}, "tau": 0.9}, "LinearQuantile": {"losses": {"1203_BNG_pwLinear": [0.019551741862947666, 0.019461199249385636, 0.019456756053195863, 0.0196969887466222, 0.01951421405147706]}, "coverage": {"1203_BNG_pwLinear": [0.0, 0.0003386960203217715, 0.0006181376838183539, 0.001837477772446361, 0.0012955488441671603]}, "complexity": {"1203_BNG_pwLinear": [29, 29, 29, 29, 29]}, "time_all": {"1203_BNG_pwLinear": [71.37794542312622, 121.3712637424469, 72.3659598827362, 89.46867942810059, 119.7787721157074]}, "time_fit": {"1203_BNG_pwLinear": [6.459748268127441, 10.96075701713562, 6.502371072769165, 8.083496332168579, 10.299593687057495]}, "sizes": {"1203_BNG_pwLinear": []}, "tau": 0.9}}
