{"SQR": {"losses": {"215_2dplanes": [0.02539196646788315, 0.029699711565671572, 0.02493640084430292, 0.024937903448240255, 0.03339478726200465]}, "coverage": {"215_2dplanes": [0.0003679175864605977, 0.030782438067206264, 0.00367917586460631, 0.003863608487673198, 0.004476879676192813]}, "complexity": {"215_2dplanes": [14, 13, 13, 14, 10]}, "time_all": {"215_2dplanes": [544.5581738948822, 552.1682238578796, 530.9018204212189, 563.3389127254486, 608.7085199356079]}, "time_fit": {"215_2dplanes": [544.5581738948822, 552.1682238578796, 530.9018204212189, 563.3389127254486, 608.7085199356079]}, "sizes": {"215_2dplanes": []}, "tau": 0.5}, "LightGBM": {"losses": {"215_2dplanes": [0.018681479516494657, 0.018769551070377716, 0.018616362735250636, 0.01868439772809664, 0.01862273899997741]}, "coverage": {"215_2dplanes": [0.0017169487368162706, 0.004415011037527616, 0.002330144714250637, 6.132711885198372e-05, 0.005335459340120252]}, "time_all": {"215_2dplanes": [1.430229902267456, 1.419069766998291, 1.3872735500335693, 1.4224498271942139, 1.3924059867858887]}, "time_fit": {"215_2dplanes": [0.22054123878479004, 0.21317720413208008, 0.21059012413024902, 0.21712422370910645, 0.2130739688873291]}, "sizes": {"215_2dplanes": []}, "tau": 0.5}, "DecisionTree": {"losses": {"215_2dplanes": [0.01641729830984612, 0.01652263555345847, 0.016266543325806446, 0.016222356616128874, 0.016285455854526266]}, "coverage": {"215_2dplanes": [0.0008584743684081353, 0.0012263919548687885, 0.002207505518763808, 0.004476879676192813, 0.004354225438488846]}, "complexity": {"215_2dplanes": [1053, 1067, 981, 971, 997]}, "time_all": {"215_2dplanes": [2.5662832260131836, 2.3655152320861816, 2.3372092247009277, 2.4547109603881836, 2.3211448192596436]}, "time_fit": {"215_2dplanes": [0.1120905876159668, 0.1133732795715332, 0.10838556289672852, 0.10756397247314453, 0.10869860649108887]}, "sizes": {"215_2dplanes": []}, "tau": 0.5}, "LinearQuantile": {"losses": {"215_2dplanes": [0.03853634616656506, 0.038687217721404606, 0.03859010031699907, 0.03833766234309, 0.03894880423515655]}, "coverage": {"215_2dplanes": [0.0, 0.002207505518763808, 0.0020848663232768683, 0.005826076290935844, 0.003863608487673198]}, "complexity": {"215_2dplanes": [29, 29, 29, 29, 29]}, "time_all": {"215_2dplanes": [59.7555091381073, 41.82961940765381, 34.61117911338806, 65.21906280517578, 26.41615915298462]}, "time_fit": {"215_2dplanes": [5.3510942459106445, 3.709027051925659, 3.054238796234131, 5.841777324676514, 2.3616530895233154]}, "sizes": {"215_2dplanes": []}, "tau": 0.5}}
