{"SQR": {"losses": {"519_vinnie": [0.04419703135964912, 0.043362573578947364, 0.043859707192982454, 0.04915205280701754, 0.0413829174254386]}, "coverage": {"519_vinnie": [0.06578947368421051, 0.03947368421052633, 0.03947368421052633, 0.11842105263157898, 0.052631578947368474]}, "complexity": {"519_vinnie": [2, 2, 2, 2, 2]}, "time_all": {"519_vinnie": [94.74458193778992, 78.42575240135193, 79.6100652217865, 83.92922377586365, 78.9580397605896]}, "time_fit": {"519_vinnie": [94.74458193778992, 78.42575240135193, 79.6100652217865, 83.92922377586365, 78.9580397605896]}, "sizes": {"519_vinnie": []}, "tau": 0.5}, "LightGBM": {"losses": {"519_vinnie": [0.04642677162159659, 0.0415943757500726, 0.04310981453743001, 0.044533237637859484, 0.039248937868267955]}, "coverage": {"519_vinnie": [0.06578947368421051, 0.013157894736842146, 0.01315789473684209, 0.09210526315789469, 0.03947368421052633]}, "time_all": {"519_vinnie": [0.21333074569702148, 0.19517874717712402, 0.1860799789428711, 0.15704083442687988, 0.16988134384155273]}, "time_fit": {"519_vinnie": [0.03774380683898926, 0.044684648513793945, 0.0390777587890625, 0.036095619201660156, 0.02676868438720703]}, "sizes": {"519_vinnie": []}, "tau": 0.5}, "DecisionTree": {"losses": {"519_vinnie": [0.04473684210526316, 0.03925438596491228, 0.04013157894736842, 0.0456140350877193, 0.04013157894736842]}, "coverage": {"519_vinnie": [0.1842105263157895, 0.07894736842105265, 0.07894736842105265, 0.17105263157894735, 0.013157894736842146]}, "complexity": {"519_vinnie": [19, 21, 97, 19, 21]}, "time_all": {"519_vinnie": [0.04798555374145508, 0.04769754409790039, 0.051889657974243164, 0.046990156173706055, 0.04667830467224121]}, "time_fit": {"519_vinnie": [0.0030252933502197266, 0.003127574920654297, 0.008543968200683594, 0.0029447078704833984, 0.0030510425567626953]}, "sizes": {"519_vinnie": []}, "tau": 0.5}, "LinearQuantile": {"losses": {"519_vinnie": [0.04143049702805974, 0.03824561548121403, 0.04157893313945409, 0.04517543163251191, 0.038508774805184595]}, "coverage": {"519_vinnie": [0.03947368421052633, 0.013157894736842146, 0.026315789473684237, 0.06578947368421051, 0.09210526315789475]}, "complexity": {"519_vinnie": [5, 5, 5, 5, 5]}, "time_all": {"519_vinnie": [0.08832788467407227, 0.08933901786804199, 0.3404860496520996, 0.1869499683380127, 0.24481725692749023]}, "time_fit": {"519_vinnie": [0.007008075714111328, 0.007513284683227539, 0.030338287353515625, 0.016459226608276367, 0.021699905395507812]}, "sizes": {"519_vinnie": []}, "tau": 0.5}}
