{"SQR": {"losses": {"658_fri_c3_250_25": [0.009912868909218912, 0.011388943881249019, 0.013533076038345053, 0.009371519951518277, 0.008571541841621694]}, "coverage": {"658_fri_c3_250_25": [0.020000000000000018, 0.040000000000000036, 0.06000000000000005, 0.06000000000000005, 0.0]}, "complexity": {"658_fri_c3_250_25": [11, 13, 7, 14, 8]}, "time_all": {"658_fri_c3_250_25": [95.44286608695984, 80.89465355873108, 73.84382772445679, 74.84905076026917, 73.55197024345398]}, "time_fit": {"658_fri_c3_250_25": [95.44286608695984, 80.89465355873108, 73.84382772445679, 74.84905076026917, 73.55197024345398]}, "sizes": {"658_fri_c3_250_25": []}, "tau": 0.9}, "LightGBM": {"losses": {"658_fri_c3_250_25": [0.01752725364829707, 0.019334865728596207, 0.018892405547947435, 0.0278063128348853, 0.017953323817109183]}, "coverage": {"658_fri_c3_250_25": [0.06000000000000005, 0.020000000000000018, 0.020000000000000018, 0.09999999999999998, 0.0]}, "time_all": {"658_fri_c3_250_25": [0.17612075805664062, 0.12718534469604492, 0.12885165214538574, 0.14423131942749023, 0.13477587699890137]}, "time_fit": {"658_fri_c3_250_25": [0.030313968658447266, 0.028621196746826172, 0.028862714767456055, 0.027061939239501953, 0.03176689147949219]}, "sizes": {"658_fri_c3_250_25": []}, "tau": 0.9}, "DecisionTree": {"losses": {"658_fri_c3_250_25": [0.01689654764188133, 0.017560277535116065, 0.01511297900285383, 0.024921571540027804, 0.014939240154442248]}, "coverage": {"658_fri_c3_250_25": [0.09999999999999998, 0.06000000000000005, 0.020000000000000018, 0.08000000000000007, 0.020000000000000018]}, "complexity": {"658_fri_c3_250_25": [15, 9, 9, 9, 9]}, "time_all": {"658_fri_c3_250_25": [0.06699585914611816, 0.06432914733886719, 0.06385993957519531, 0.06527018547058105, 0.06592464447021484]}, "time_fit": {"658_fri_c3_250_25": [0.0048351287841796875, 0.0038347244262695312, 0.0037724971771240234, 0.003818988800048828, 0.0037679672241210938]}, "sizes": {"658_fri_c3_250_25": []}, "tau": 0.9}, "LinearQuantile": {"losses": {"658_fri_c3_250_25": [0.06358225138047897, 0.057143859778825204, 0.07055000536088829, 0.08555298988927024, 0.07136257633271469]}, "coverage": {"658_fri_c3_250_25": [0.4, 0.44, 0.48000000000000004, 0.54, 0.4]}, "complexity": {"658_fri_c3_250_25": [25, 25, 25, 25, 25]}, "time_all": {"658_fri_c3_250_25": [0.5122518539428711, 2.1891634464263916, 0.501044750213623, 0.8860518932342529, 2.809107542037964]}, "time_fit": {"658_fri_c3_250_25": [0.04518771171569824, 0.17687034606933594, 0.04080510139465332, 0.06331777572631836, 0.21633219718933105]}, "sizes": {"658_fri_c3_250_25": []}, "tau": 0.9}}
