{"SQR": {"losses": {"1201_BNG_breastTumor": [0.04805483082901054, 0.04876593616276259, 0.04740362808414452, 0.04859527932371284, 0.04792417200886893]}, "coverage": {"1201_BNG_breastTumor": [0.08682270233196165, 0.06620370370370376, 0.007218792866941048, 0.0675325788751715, 0.08922325102880668]}, "complexity": {"1201_BNG_breastTumor": [7, 5, 11, 4, 8]}, "time_all": {"1201_BNG_breastTumor": [506.6546733379364, 488.5466651916504, 487.9413547515869, 490.15294790267944, 481.65075159072876]}, "time_fit": {"1201_BNG_breastTumor": [506.6546733379364, 488.5466651916504, 487.9413547515869, 490.15294790267944, 481.65075159072876]}, "sizes": {"1201_BNG_breastTumor": []}, "tau": 0.7}, "LightGBM": {"losses": {"1201_BNG_breastTumor": [0.04562464021443833, 0.046216561307829536, 0.0458057781810472, 0.046032024460899684, 0.045978064771285986]}, "coverage": {"1201_BNG_breastTumor": [0.016049382716049387, 0.019564471879286782, 0.02342249657064477, 0.02342249657064477, 0.02312242798353914]}, "time_all": {"1201_BNG_breastTumor": [3.4109699726104736, 3.1455421447753906, 3.306727409362793, 3.237600088119507, 3.1339704990386963]}, "time_fit": {"1201_BNG_breastTumor": [0.9087352752685547, 0.8443653583526611, 0.9213557243347168, 0.9034466743469238, 0.8534872531890869]}, "sizes": {"1201_BNG_breastTumor": []}, "tau": 0.7}, "DecisionTree": {"losses": {"1201_BNG_breastTumor": [0.04546715660884607, 0.04571096043894192, 0.04518504500022142, 0.04578651935499819, 0.04543590883858892]}, "coverage": {"1201_BNG_breastTumor": [0.03984053497942386, 0.034653635116598136, 0.04785665294924557, 0.043998628257887584, 0.04477023319615914]}, "complexity": {"1201_BNG_breastTumor": [3241, 2967, 2941, 2927, 2979]}, "time_all": {"1201_BNG_breastTumor": [9.726449251174927, 9.661673784255981, 9.740952968597412, 9.544407606124878, 9.593624830245972]}, "time_fit": {"1201_BNG_breastTumor": [0.49785327911376953, 0.4729602336883545, 0.4728391170501709, 0.4669027328491211, 0.4723331928253174]}, "sizes": {"1201_BNG_breastTumor": []}, "tau": 0.7}, "LinearQuantile": {"losses": {"1201_BNG_breastTumor": [0.04797062286896707, 0.04842125168605054, 0.04803505014161969, 0.04818055157106083, 0.04801886085013751]}, "coverage": {"1201_BNG_breastTumor": [0.0025548696844992502, 0.005941358024691312, 0.0005744170096022572, 0.002674897119341657, 0.00344650205761321]}, "complexity": {"1201_BNG_breastTumor": [21, 21, 21, 21, 21]}, "time_all": {"1201_BNG_breastTumor": [105.90300965309143, 83.11281108856201, 67.37922167778015, 45.054606676101685, 40.782628774642944]}, "time_fit": {"1201_BNG_breastTumor": [9.477284669876099, 7.372797012329102, 5.455261468887329, 4.037736892700195, 3.6540958881378174]}, "sizes": {"1201_BNG_breastTumor": []}, "tau": 0.7}}
