{"SQR": {"losses": {"628_fri_c3_1000_5": [0.00973005231457235, 0.010242264070152052, 0.010398101675234769, 0.011520593185469686, 0.010510738639520923]}, "coverage": {"628_fri_c3_1000_5": [0.05500000000000005, 0.0050000000000000044, 0.06500000000000006, 0.015000000000000013, 0.010000000000000009]}, "complexity": {"628_fri_c3_1000_5": [11, 11, 11, 6, 9]}, "time_all": {"628_fri_c3_1000_5": [108.26184630393982, 100.42531752586365, 98.8561623096466, 107.78951454162598, 103.68807578086853]}, "time_fit": {"628_fri_c3_1000_5": [108.26184630393982, 100.42531752586365, 98.8561623096466, 107.78951454162598, 103.68807578086853]}, "sizes": {"628_fri_c3_1000_5": []}, "tau": 0.9}, "LightGBM": {"losses": {"628_fri_c3_1000_5": [0.016221765959308163, 0.01624445418432011, 0.013879705602832283, 0.01577472021112549, 0.018932533207278234]}, "coverage": {"628_fri_c3_1000_5": [0.010000000000000009, 0.0050000000000000044, 0.0050000000000000044, 0.025000000000000022, 0.020000000000000018]}, "time_all": {"628_fri_c3_1000_5": [0.33457422256469727, 0.3008415699005127, 0.3016932010650635, 0.29575395584106445, 0.29479503631591797]}, "time_fit": {"628_fri_c3_1000_5": [0.05342268943786621, 0.05362105369567871, 0.05916428565979004, 0.0516200065612793, 0.05409669876098633]}, "sizes": {"628_fri_c3_1000_5": []}, "tau": 0.9}, "DecisionTree": {"losses": {"628_fri_c3_1000_5": [0.015069212220912887, 0.013830652311446633, 0.01330112800304609, 0.012274127420920445, 0.014715080542605407]}, "coverage": {"628_fri_c3_1000_5": [0.18500000000000005, 0.04500000000000004, 0.030000000000000027, 0.11499999999999999, 0.050000000000000044]}, "complexity": {"628_fri_c3_1000_5": [323, 43, 63, 141, 65]}, "time_all": {"628_fri_c3_1000_5": [0.15442824363708496, 0.13018226623535156, 0.13567447662353516, 0.14082765579223633, 0.13422274589538574]}, "time_fit": {"628_fri_c3_1000_5": [0.029378890991210938, 0.007863283157348633, 0.01015019416809082, 0.016100645065307617, 0.00999593734741211]}, "sizes": {"628_fri_c3_1000_5": []}, "tau": 0.9}, "LinearQuantile": {"losses": {"628_fri_c3_1000_5": [0.06403144160418443, 0.05943297549940575, 0.0586426887194441, 0.06210237525965078, 0.06370630483336842]}, "coverage": {"628_fri_c3_1000_5": [0.43000000000000005, 0.445, 0.44, 0.445, 0.38]}, "complexity": {"628_fri_c3_1000_5": [5, 5, 5, 5, 5]}, "time_all": {"628_fri_c3_1000_5": [0.9541637897491455, 0.17914605140686035, 0.19396400451660156, 0.21800446510314941, 0.26988720893859863]}, "time_fit": {"628_fri_c3_1000_5": [0.08449912071228027, 0.015729427337646484, 0.017108917236328125, 0.01890087127685547, 0.023995161056518555]}, "sizes": {"628_fri_c3_1000_5": []}, "tau": 0.9}}
