{"SQR": {"losses": {"606_fri_c2_1000_10": [0.011513261367705535, 0.011503664736447096, 0.010647293771134969, 0.015807661631356006, 0.014218124000869473]}, "coverage": {"606_fri_c2_1000_10": [0.020000000000000018, 0.050000000000000044, 0.030000000000000027, 0.025000000000000022, 0.020000000000000018]}, "complexity": {"606_fri_c2_1000_10": [18, 17, 11, 8, 8]}, "time_all": {"606_fri_c2_1000_10": [132.2818157672882, 112.65936470031738, 106.87485575675964, 115.12331557273865, 114.01411962509155]}, "time_fit": {"606_fri_c2_1000_10": [132.2818157672882, 112.65936470031738, 106.87485575675964, 115.12331557273865, 114.01411962509155]}, "sizes": {"606_fri_c2_1000_10": []}, "tau": 0.9}, "LightGBM": {"losses": {"606_fri_c2_1000_10": [0.02375437030516184, 0.02009615842530988, 0.018181791700648993, 0.018312717723778786, 0.019075758214711927]}, "coverage": {"606_fri_c2_1000_10": [0.03500000000000003, 0.015000000000000013, 0.0050000000000000044, 0.025000000000000022, 0.050000000000000044]}, "time_all": {"606_fri_c2_1000_10": [0.3723604679107666, 0.3478562831878662, 0.340595006942749, 0.3396468162536621, 0.319976806640625]}, "time_fit": {"606_fri_c2_1000_10": [0.0705573558807373, 0.07006382942199707, 0.06803154945373535, 0.0692899227142334, 0.06836080551147461]}, "sizes": {"606_fri_c2_1000_10": []}, "tau": 0.9}, "DecisionTree": {"losses": {"606_fri_c2_1000_10": [0.01846966584618997, 0.019313943223060244, 0.016221138226477548, 0.01726960833306699, 0.0179254152657281]}, "coverage": {"606_fri_c2_1000_10": [0.030000000000000027, 0.06500000000000006, 0.050000000000000044, 0.06500000000000006, 0.03500000000000003]}, "complexity": {"606_fri_c2_1000_10": [35, 61, 31, 57, 33]}, "time_all": {"606_fri_c2_1000_10": [0.17421174049377441, 0.16866445541381836, 0.1655118465423584, 0.16975069046020508, 0.17130541801452637]}, "time_fit": {"606_fri_c2_1000_10": [0.010428905487060547, 0.013145685195922852, 0.009602785110473633, 0.012725830078125, 0.01026463508605957]}, "sizes": {"606_fri_c2_1000_10": []}, "tau": 0.9}, "LinearQuantile": {"losses": {"606_fri_c2_1000_10": [0.067883510558973, 0.07426829882944073, 0.07241952506354431, 0.07110115732197975, 0.07638727215705343]}, "coverage": {"606_fri_c2_1000_10": [0.41500000000000004, 0.405, 0.47500000000000003, 0.4, 0.47500000000000003]}, "complexity": {"606_fri_c2_1000_10": [10, 10, 10, 10, 10]}, "time_all": {"606_fri_c2_1000_10": [0.40538668632507324, 1.9598877429962158, 0.6451265811920166, 0.38347840309143066, 0.3456413745880127]}, "time_fit": {"606_fri_c2_1000_10": [0.035652875900268555, 0.14466190338134766, 0.05813455581665039, 0.03408074378967285, 0.030788660049438477]}, "sizes": {"606_fri_c2_1000_10": []}, "tau": 0.9}}
