{"SQR": {"losses": {"631_fri_c1_500_5": [0.019482431915102114, 0.03433856834741301, 0.011736088504030852, 0.032830781472467534, 0.023372949983129127]}, "coverage": {"631_fri_c1_500_5": [0.010000000000000009, 0.09000000000000002, 0.030000000000000027, 0.13, 0.06999999999999995]}, "complexity": {"631_fri_c1_500_5": [14, 11, 13, 11, 12]}, "time_all": {"631_fri_c1_500_5": [100.61175489425659, 85.90492677688599, 87.87451314926147, 84.2193455696106, 87.049978017807]}, "time_fit": {"631_fri_c1_500_5": [100.61175489425659, 85.90492677688599, 87.87451314926147, 84.2193455696106, 87.049978017807]}, "sizes": {"631_fri_c1_500_5": []}, "tau": 0.5}, "LightGBM": {"losses": {"631_fri_c1_500_5": [0.034227077988741174, 0.039376911171859576, 0.03729159234586111, 0.03666210563316615, 0.0377288697228824]}, "coverage": {"631_fri_c1_500_5": [0.010000000000000009, 0.020000000000000018, 0.010000000000000009, 0.040000000000000036, 0.030000000000000027]}, "time_all": {"631_fri_c1_500_5": [0.26785731315612793, 0.2192704677581787, 0.2583913803100586, 0.2620234489440918, 0.23055315017700195]}, "time_fit": {"631_fri_c1_500_5": [0.050411224365234375, 0.04972982406616211, 0.05248689651489258, 0.05280733108520508, 0.05060243606567383]}, "sizes": {"631_fri_c1_500_5": []}, "tau": 0.5}, "DecisionTree": {"losses": {"631_fri_c1_500_5": [0.039845562150733975, 0.04351330090490372, 0.03772656321577901, 0.03602455393542588, 0.04166785887232694]}, "coverage": {"631_fri_c1_500_5": [0.040000000000000036, 0.010000000000000009, 0.09999999999999998, 0.010000000000000009, 0.10999999999999999]}, "complexity": {"631_fri_c1_500_5": [161, 69, 169, 69, 157]}, "time_all": {"631_fri_c1_500_5": [0.0853114128112793, 0.07650566101074219, 0.08376502990722656, 0.07559943199157715, 0.08431410789489746]}, "time_fit": {"631_fri_c1_500_5": [0.015154361724853516, 0.00812077522277832, 0.015525102615356445, 0.008153200149536133, 0.014887809753417969]}, "sizes": {"631_fri_c1_500_5": []}, "tau": 0.5}, "LinearQuantile": {"losses": {"631_fri_c1_500_5": [0.07869489235177622, 0.06918115649879472, 0.0759283148200873, 0.07042970990409868, 0.07250150739815862]}, "coverage": {"631_fri_c1_500_5": [0.0, 0.020000000000000018, 0.010000000000000009, 0.050000000000000044, 0.020000000000000018]}, "complexity": {"631_fri_c1_500_5": [5, 5, 5, 5, 5]}, "time_all": {"631_fri_c1_500_5": [0.24412059783935547, 3.805044651031494, 0.14066338539123535, 0.6496000289916992, 0.3472721576690674]}, "time_fit": {"631_fri_c1_500_5": [0.021010160446166992, 0.1292576789855957, 0.012553215026855469, 0.04964637756347656, 0.031080007553100586]}, "sizes": {"631_fri_c1_500_5": []}, "tau": 0.5}}
