{"SQR": {"losses": {"582_fri_c1_500_25": [0.012355490999342977, 0.026483380694530285, 0.013982019629765818, 0.011218309799263694, 0.027871401579986972]}, "coverage": {"582_fri_c1_500_25": [0.16000000000000003, 0.0, 0.040000000000000036, 0.039999999999999925, 0.030000000000000027]}, "complexity": {"582_fri_c1_500_25": [13, 14, 14, 16, 12]}, "time_all": {"582_fri_c1_500_25": [106.27592587471008, 89.34036827087402, 84.69779348373413, 88.36522078514099, 93.75604295730591]}, "time_fit": {"582_fri_c1_500_25": [106.27592587471008, 89.34036827087402, 84.69779348373413, 88.36522078514099, 93.75604295730591]}, "sizes": {"582_fri_c1_500_25": []}, "tau": 0.6}, "LightGBM": {"losses": {"582_fri_c1_500_25": [0.03826887836032769, 0.039256887227256315, 0.039818503514956374, 0.043656156661964735, 0.033877873610907175]}, "coverage": {"582_fri_c1_500_25": [0.04999999999999993, 0.020000000000000018, 0.010000000000000009, 0.040000000000000036, 0.0]}, "time_all": {"582_fri_c1_500_25": [0.2910187244415283, 0.25710415840148926, 0.23925256729125977, 0.28441309928894043, 0.2514379024505615]}, "time_fit": {"582_fri_c1_500_25": [0.057451486587524414, 0.0546417236328125, 0.05389094352722168, 0.06333065032958984, 0.0536351203918457]}, "sizes": {"582_fri_c1_500_25": []}, "tau": 0.6}, "DecisionTree": {"losses": {"582_fri_c1_500_25": [0.04403143960747218, 0.03752275788052818, 0.04154025729435317, 0.042366028968929284, 0.041459923221124864]}, "coverage": {"582_fri_c1_500_25": [0.12, 0.020000000000000018, 0.040000000000000036, 0.09999999999999998, 0.030000000000000027]}, "complexity": {"582_fri_c1_500_25": [157, 171, 73, 161, 33]}, "time_all": {"582_fri_c1_500_25": [0.1426699161529541, 0.13995027542114258, 0.13152766227722168, 0.13902711868286133, 0.12844634056091309]}, "time_fit": {"582_fri_c1_500_25": [0.023028850555419922, 0.023400545120239258, 0.014764785766601562, 0.02247905731201172, 0.010534524917602539]}, "sizes": {"582_fri_c1_500_25": []}, "tau": 0.6}, "LinearQuantile": {"losses": {"582_fri_c1_500_25": [0.07990608752446715, 0.08037019228271329, 0.0754355623876894, 0.0815199034234491, 0.068670561136448]}, "coverage": {"582_fri_c1_500_25": [0.14999999999999997, 0.12, 0.09999999999999998, 0.07999999999999996, 0.05999999999999994]}, "complexity": {"582_fri_c1_500_25": [25, 25, 25, 25, 25]}, "time_all": {"582_fri_c1_500_25": [3.6383261680603027, 0.36931324005126953, 0.5465185642242432, 1.975879430770874, 0.513134241104126]}, "time_fit": {"582_fri_c1_500_25": [0.2656869888305664, 0.0304110050201416, 0.042464256286621094, 0.11703133583068848, 0.045742034912109375]}, "sizes": {"582_fri_c1_500_25": []}, "tau": 0.6}}
