{"SQR": {"losses": {"613_fri_c3_250_5": [0.02148023103491209, 0.020420414987261305, 0.01868333855210875, 0.022194190326312598, 0.013485930415305509]}, "coverage": {"613_fri_c3_250_5": [0.25999999999999995, 0.040000000000000036, 0.12, 0.020000000000000018, 0.09999999999999998]}, "complexity": {"613_fri_c3_250_5": [13, 14, 12, 11, 13]}, "time_all": {"613_fri_c3_250_5": [89.6852285861969, 75.62776398658752, 75.14213275909424, 74.30348443984985, 74.94994878768921]}, "time_fit": {"613_fri_c3_250_5": [89.6852285861969, 75.62776398658752, 75.14213275909424, 74.30348443984985, 74.94994878768921]}, "sizes": {"613_fri_c3_250_5": []}, "tau": 0.6}, "LightGBM": {"losses": {"613_fri_c3_250_5": [0.0354105483593897, 0.03953461274930871, 0.042772306739059025, 0.03919252026696844, 0.029531626188429087]}, "coverage": {"613_fri_c3_250_5": [0.020000000000000018, 0.06000000000000005, 0.08000000000000007, 0.05999999999999994, 0.07999999999999996]}, "time_all": {"613_fri_c3_250_5": [0.1804211139678955, 0.15450620651245117, 0.16249394416809082, 0.14241790771484375, 0.16234135627746582]}, "time_fit": {"613_fri_c3_250_5": [0.03351569175720215, 0.03191351890563965, 0.03943371772766113, 0.036051034927368164, 0.03783607482910156]}, "sizes": {"613_fri_c3_250_5": []}, "tau": 0.6}, "DecisionTree": {"losses": {"613_fri_c3_250_5": [0.040365890551445245, 0.03806433092944117, 0.04792435162276808, 0.043281106974972, 0.039250302603646516]}, "coverage": {"613_fri_c3_250_5": [0.020000000000000018, 0.020000000000000018, 0.020000000000000018, 0.0, 0.15999999999999998]}, "complexity": {"613_fri_c3_250_5": [37, 81, 83, 79, 33]}, "time_all": {"613_fri_c3_250_5": [0.05013155937194824, 0.05100417137145996, 0.05138826370239258, 0.051625728607177734, 0.04844546318054199]}, "time_fit": {"613_fri_c3_250_5": [0.004878997802734375, 0.007973909378051758, 0.008122444152832031, 0.00778651237487793, 0.004428863525390625]}, "sizes": {"613_fri_c3_250_5": []}, "tau": 0.6}, "LinearQuantile": {"losses": {"613_fri_c3_250_5": [0.06230770119489055, 0.07384581695541806, 0.06318208635376349, 0.06904404787815026, 0.053157910329109465]}, "coverage": {"613_fri_c3_250_5": [0.18, 0.12, 0.05999999999999994, 0.15999999999999998, 0.07999999999999996]}, "complexity": {"613_fri_c3_250_5": [5, 5, 5, 5, 5]}, "time_all": {"613_fri_c3_250_5": [0.0797281265258789, 0.21952295303344727, 0.19419050216674805, 0.21944046020507812, 0.21657180786132812]}, "time_fit": {"613_fri_c3_250_5": [0.006314754486083984, 0.019278287887573242, 0.016907453536987305, 0.019343852996826172, 0.019080638885498047]}, "sizes": {"613_fri_c3_250_5": []}, "tau": 0.6}}
