{"SQR": {"losses": {"218_house_8L": [0.026682372938658928, 0.021228550948838798, 0.02025115935296, 0.019467844708624348, 0.02757654520512534]}, "coverage": {"218_house_8L": [0.00019749835418036987, 0.007921878428790885, 0.016260697827518156, 0.016216809304366864, 0.00904302019315184]}, "complexity": {"218_house_8L": [3, 7, 7, 10, 3]}, "time_all": {"218_house_8L": [597.602575302124, 527.7955822944641, 468.17795419692993, 495.55387115478516, 490.1917881965637]}, "time_fit": {"218_house_8L": [597.602575302124, 527.7955822944641, 468.17795419692993, 495.55387115478516, 490.1917881965637]}, "sizes": {"218_house_8L": []}, "tau": 0.7}, "LightGBM": {"losses": {"218_house_8L": [0.016856796305106846, 0.016903130463761268, 0.016738199446129802, 0.017274312062420888, 0.017322887359809382]}, "coverage": {"218_house_8L": [0.02196620583717357, 0.04939653280667111, 0.06014922097871411, 0.045227123107307476, 0.03178226514486393]}, "time_all": {"218_house_8L": [1.51064133644104, 1.7308685779571533, 1.69321870803833, 1.6955509185791016, 1.6617083549499512]}, "time_fit": {"218_house_8L": [0.23606061935424805, 0.4212987422943115, 0.42279529571533203, 0.42688465118408203, 0.41015028953552246]}, "sizes": {"218_house_8L": []}, "tau": 0.7}, "DecisionTree": {"losses": {"218_house_8L": [0.016573411005032283, 0.016732633289177137, 0.016823172612158176, 0.017283357344630493, 0.01694025134337791]}, "coverage": {"218_house_8L": [0.022580645161290325, 0.00458635066929991, 0.004147465437787989, 0.023019530392802245, 0.01255487269534672]}, "complexity": {"218_house_8L": [1419, 635, 1397, 623, 581]}, "time_all": {"218_house_8L": [2.714970827102661, 2.5051803588867188, 2.48372745513916, 2.4030873775482178, 2.4212942123413086]}, "time_fit": {"218_house_8L": [0.20550298690795898, 0.16260290145874023, 0.20398616790771484, 0.154707670211792, 0.1524500846862793]}, "sizes": {"218_house_8L": []}, "tau": 0.7}, "LinearQuantile": {"losses": {"218_house_8L": [0.02379484476971255, 0.024167217959450253, 0.023508184772901824, 0.024683662887683068, 0.02445935824052564]}, "coverage": {"218_house_8L": [0.0017335966644721479, 0.016260697827518156, 0.017138468290542108, 0.0037524687294272496, 0.011808604038630377]}, "complexity": {"218_house_8L": [8, 8, 8, 8, 8]}, "time_all": {"218_house_8L": [21.945761680603027, 22.334348440170288, 21.574816703796387, 22.430134773254395, 20.327825784683228]}, "time_fit": {"218_house_8L": [2.417971134185791, 2.161067008972168, 2.140608787536621, 3.01767897605896, 0.7895374298095703]}, "sizes": {"218_house_8L": []}, "tau": 0.7}}
