{"SQR": {"losses": {"557_analcatdata_apnea1": [0.005071685662753867, 0.007676880201434173, 0.011590035865434493, 0.002969910097217871, 0.010943133872981485]}, "coverage": {"557_analcatdata_apnea1": [0.12631578947368427, 0.0736842105263158, 0.24210526315789482, 0.09473684210526323, 0.18947368421052635]}, "complexity": {"557_analcatdata_apnea1": [8, 7, 3, 9, 5]}, "time_all": {"557_analcatdata_apnea1": [108.48853468894958, 94.8732213973999, 98.70490622520447, 92.09344696998596, 89.97790026664734]}, "time_fit": {"557_analcatdata_apnea1": [108.48853468894958, 94.8732213973999, 98.70490622520447, 92.09344696998596, 89.97790026664734]}, "sizes": {"557_analcatdata_apnea1": []}, "tau": 0.8}, "LightGBM": {"losses": {"557_analcatdata_apnea1": [0.02943726077320184, 0.026329758995648034, 0.02093290283589233, 0.01943694603563331, 0.019596880792008133]}, "coverage": {"557_analcatdata_apnea1": [0.09473684210526312, 0.021052631578947323, 0.021052631578947323, 0.13684210526315788, 0.0736842105263158]}, "time_all": {"557_analcatdata_apnea1": [0.22501349449157715, 0.2004537582397461, 0.1739664077758789, 0.17571544647216797, 0.19249629974365234]}, "time_fit": {"557_analcatdata_apnea1": [0.03600001335144043, 0.03541302680969238, 0.03369545936584473, 0.0354161262512207, 0.03424811363220215]}, "sizes": {"557_analcatdata_apnea1": []}, "tau": 0.8}, "DecisionTree": {"losses": {"557_analcatdata_apnea1": [0.004560943410088182, 0.006832091437934543, 0.005511905053441946, 0.0038641343428788954, 0.005487540601853603]}, "coverage": {"557_analcatdata_apnea1": [0.05263157894736836, 0.06315789473684208, 0.08421052631578951, 0.0736842105263158, 0.021052631578947323]}, "complexity": {"557_analcatdata_apnea1": [129, 123, 121, 53, 61]}, "time_all": {"557_analcatdata_apnea1": [0.06582355499267578, 0.06278443336486816, 0.06279802322387695, 0.05685687065124512, 0.05888819694519043]}, "time_fit": {"557_analcatdata_apnea1": [0.011430740356445312, 0.010549545288085938, 0.01039433479309082, 0.005608797073364258, 0.00606536865234375]}, "sizes": {"557_analcatdata_apnea1": []}, "tau": 0.8}, "LinearQuantile": {"losses": {"557_analcatdata_apnea1": [0.03188670885089119, 0.02643224311025645, 0.025464413958771182, 0.024681474499860277, 0.023934333526541646]}, "coverage": {"557_analcatdata_apnea1": [0.021052631578947323, 0.06315789473684219, 0.052631578947368474, 0.06315789473684208, 0.04210526315789476]}, "complexity": {"557_analcatdata_apnea1": [11, 11, 11, 11, 11]}, "time_all": {"557_analcatdata_apnea1": [0.45093536376953125, 0.23981785774230957, 0.22339200973510742, 0.6787817478179932, 0.9963912963867188]}, "time_fit": {"557_analcatdata_apnea1": [0.0396268367767334, 0.02129340171813965, 0.019693374633789062, 0.053955793380737305, 0.08534622192382812]}, "sizes": {"557_analcatdata_apnea1": []}, "tau": 0.8}}
