{"SQR": {"losses": {"627_fri_c2_500_10": [0.021438649079071073, 0.023902448448866503, 0.028344329008943056, 0.01973343768333819, 0.02294127972300925]}, "coverage": {"627_fri_c2_500_10": [0.039999999999999925, 0.030000000000000027, 0.13, 0.14, 0.030000000000000027]}, "complexity": {"627_fri_c2_500_10": [12, 15, 10, 13, 11]}, "time_all": {"627_fri_c2_500_10": [112.5141990184784, 92.56652665138245, 88.02269911766052, 87.57745385169983, 95.4270532131195]}, "time_fit": {"627_fri_c2_500_10": [112.5141990184784, 92.56652665138245, 88.02269911766052, 87.57745385169983, 95.4270532131195]}, "sizes": {"627_fri_c2_500_10": []}, "tau": 0.6}, "LightGBM": {"losses": {"627_fri_c2_500_10": [0.03376116061319989, 0.028820472655795938, 0.03390080785053359, 0.03337669028788966, 0.03717181714860337]}, "coverage": {"627_fri_c2_500_10": [0.08999999999999997, 0.050000000000000044, 0.06999999999999995, 0.08999999999999997, 0.05999999999999994]}, "time_all": {"627_fri_c2_500_10": [0.30228233337402344, 0.22672653198242188, 0.24944090843200684, 0.2550048828125, 0.2241983413696289]}, "time_fit": {"627_fri_c2_500_10": [0.054598331451416016, 0.052227020263671875, 0.051738739013671875, 0.05293107032775879, 0.05140948295593262]}, "sizes": {"627_fri_c2_500_10": []}, "tau": 0.6}, "DecisionTree": {"losses": {"627_fri_c2_500_10": [0.0377612947728381, 0.03585480319701671, 0.03579405509174173, 0.0366345569411465, 0.04109868688434301]}, "coverage": {"627_fri_c2_500_10": [0.14999999999999997, 0.04999999999999993, 0.12, 0.10999999999999999, 0.030000000000000027]}, "complexity": {"627_fri_c2_500_10": [161, 71, 71, 71, 163]}, "time_all": {"627_fri_c2_500_10": [0.10317707061767578, 0.09254288673400879, 0.0923454761505127, 0.09161829948425293, 0.09837698936462402]}, "time_fit": {"627_fri_c2_500_10": [0.018095970153808594, 0.01009678840637207, 0.010117769241333008, 0.01007533073425293, 0.0169219970703125]}, "sizes": {"627_fri_c2_500_10": []}, "tau": 0.6}, "LinearQuantile": {"losses": {"627_fri_c2_500_10": [0.07412415216288502, 0.0644913367545788, 0.07242056745354512, 0.07203372103462873, 0.07914437990122548]}, "coverage": {"627_fri_c2_500_10": [0.13999999999999996, 0.10999999999999999, 0.12, 0.08999999999999997, 0.16999999999999998]}, "complexity": {"627_fri_c2_500_10": [10, 10, 10, 10, 10]}, "time_all": {"627_fri_c2_500_10": [0.1078176498413086, 0.8940627574920654, 0.5041513442993164, 0.31044507026672363, 0.24135684967041016]}, "time_fit": {"627_fri_c2_500_10": [0.00872802734375, 0.06397056579589844, 0.04548525810241699, 0.02737879753112793, 0.02137899398803711]}, "sizes": {"627_fri_c2_500_10": []}, "tau": 0.6}}
