{"SQR": {"losses": {"589_fri_c2_1000_25": [0.004384273382098105, 0.004802497593695026, 0.009562347750780147, 0.012873198338143379, 0.011758736613345169]}, "coverage": {"589_fri_c2_1000_25": [0.0050000000000000044, 0.039999999999999925, 0.06500000000000006, 0.0050000000000000044, 0.0050000000000000044]}, "complexity": {"589_fri_c2_1000_25": [17, 16, 15, 11, 11]}, "time_all": {"589_fri_c2_1000_25": [145.74624371528625, 128.56988072395325, 107.68567132949829, 110.39076232910156, 110.372549533844]}, "time_fit": {"589_fri_c2_1000_25": [145.74624371528625, 128.56988072395325, 107.68567132949829, 110.39076232910156, 110.372549533844]}, "sizes": {"589_fri_c2_1000_25": []}, "tau": 0.9}, "LightGBM": {"losses": {"589_fri_c2_1000_25": [0.021614302472091968, 0.018590446528773834, 0.020357689672010532, 0.018997362740387703, 0.020590863576742176]}, "coverage": {"589_fri_c2_1000_25": [0.030000000000000027, 0.015000000000000013, 0.030000000000000027, 0.030000000000000027, 0.010000000000000009]}, "time_all": {"589_fri_c2_1000_25": [0.38269567489624023, 0.34063005447387695, 0.32260608673095703, 0.3666675090789795, 0.3533484935760498]}, "time_fit": {"589_fri_c2_1000_25": [0.0690460205078125, 0.06980562210083008, 0.06159543991088867, 0.07137107849121094, 0.06438779830932617]}, "sizes": {"589_fri_c2_1000_25": []}, "tau": 0.9}, "DecisionTree": {"losses": {"589_fri_c2_1000_25": [0.01891524078723031, 0.015926903523899257, 0.015871924149779674, 0.016604760823258083, 0.01964419155045191]}, "coverage": {"589_fri_c2_1000_25": [0.08999999999999997, 0.025000000000000022, 0.04500000000000004, 0.07000000000000006, 0.08500000000000008]}, "complexity": {"589_fri_c2_1000_25": [63, 61, 65, 61, 59]}, "time_all": {"589_fri_c2_1000_25": [0.28586840629577637, 0.28419947624206543, 0.28136634826660156, 0.2762911319732666, 0.2969777584075928]}, "time_fit": {"589_fri_c2_1000_25": [0.02358722686767578, 0.02351522445678711, 0.02298569679260254, 0.02228832244873047, 0.024239301681518555]}, "sizes": {"589_fri_c2_1000_25": []}, "tau": 0.9}, "LinearQuantile": {"losses": {"589_fri_c2_1000_25": [0.0722276185669744, 0.07128083008541533, 0.07485029675040213, 0.07106640508844184, 0.07838347530774674]}, "coverage": {"589_fri_c2_1000_25": [0.435, 0.455, 0.42500000000000004, 0.405, 0.41500000000000004]}, "complexity": {"589_fri_c2_1000_25": [25, 25, 25, 25, 25]}, "time_all": {"589_fri_c2_1000_25": [1.194894552230835, 0.8837366104125977, 0.7028100490570068, 0.680659294128418, 2.832197427749634]}, "time_fit": {"589_fri_c2_1000_25": [0.08701610565185547, 0.07137799263000488, 0.0511014461517334, 0.06156754493713379, 0.21935391426086426]}, "sizes": {"589_fri_c2_1000_25": []}, "tau": 0.9}}
