{"SQR": {"losses": {"631_fri_c1_500_5": [0.008268615762187749, 0.012420100376247585, 0.008250401323395691, 0.01232566046356043, 0.008078923108906256]}, "coverage": {"631_fri_c1_500_5": [0.10000000000000009, 0.030000000000000027, 0.040000000000000036, 0.039999999999999925, 0.029999999999999916]}, "complexity": {"631_fri_c1_500_5": [14, 15, 15, 15, 14]}, "time_all": {"631_fri_c1_500_5": [117.38521885871887, 92.0700306892395, 99.38500618934631, 97.85948395729065, 96.53109312057495]}, "time_fit": {"631_fri_c1_500_5": [117.38521885871887, 92.0700306892395, 99.38500618934631, 97.85948395729065, 96.53109312057495]}, "sizes": {"631_fri_c1_500_5": []}, "tau": 0.8}, "LightGBM": {"losses": {"631_fri_c1_500_5": [0.030346032134812427, 0.031469729209167525, 0.031901673318157825, 0.029447787765279006, 0.03221941333760178]}, "coverage": {"631_fri_c1_500_5": [0.030000000000000027, 0.0, 0.0, 0.04999999999999993, 0.040000000000000036]}, "time_all": {"631_fri_c1_500_5": [0.2522237300872803, 0.21136093139648438, 0.1979372501373291, 0.20117592811584473, 0.22550678253173828]}, "time_fit": {"631_fri_c1_500_5": [0.04577994346618652, 0.04755663871765137, 0.04455208778381348, 0.04673337936401367, 0.04517316818237305]}, "sizes": {"631_fri_c1_500_5": []}, "tau": 0.8}, "DecisionTree": {"losses": {"631_fri_c1_500_5": [0.029020882232789126, 0.03493821911404094, 0.02964278771244231, 0.02628202569148549, 0.0371447795507921]}, "coverage": {"631_fri_c1_500_5": [0.020000000000000018, 0.08000000000000007, 0.10000000000000009, 0.1100000000000001, 0.25]}, "complexity": {"631_fri_c1_500_5": [31, 69, 169, 69, 157]}, "time_all": {"631_fri_c1_500_5": [0.07651948928833008, 0.07640409469604492, 0.08323550224304199, 0.07454943656921387, 0.08133769035339355]}, "time_fit": {"631_fri_c1_500_5": [0.0052337646484375, 0.008091926574707031, 0.015443563461303711, 0.008058786392211914, 0.014622926712036133]}, "sizes": {"631_fri_c1_500_5": []}, "tau": 0.8}, "LinearQuantile": {"losses": {"631_fri_c1_500_5": [0.08200027861683307, 0.07081104852014385, 0.0685967935708913, 0.06898942528147053, 0.07705266363749277]}, "coverage": {"631_fri_c1_500_5": [0.31000000000000005, 0.26, 0.29000000000000004, 0.27, 0.32000000000000006]}, "complexity": {"631_fri_c1_500_5": [5, 5, 5, 5, 5]}, "time_all": {"631_fri_c1_500_5": [0.42737650871276855, 0.16474008560180664, 1.2648131847381592, 0.14312052726745605, 0.1828174591064453]}, "time_fit": {"631_fri_c1_500_5": [0.03758811950683594, 0.01439356803894043, 0.09559321403503418, 0.012690305709838867, 0.016072511672973633]}, "sizes": {"631_fri_c1_500_5": []}, "tau": 0.8}}
