{"SQR": {"losses": {"597_fri_c2_500_5": [0.02439506636858416, 0.023654634139182475, 0.034308339394635574, 0.018513287651943912, 0.022131363676223006]}, "coverage": {"597_fri_c2_500_5": [0.14, 0.08999999999999997, 0.15999999999999998, 0.010000000000000009, 0.13]}, "complexity": {"597_fri_c2_500_5": [13, 16, 8, 16, 15]}, "time_all": {"597_fri_c2_500_5": [103.08569049835205, 94.36316776275635, 74.1988878250122, 84.11862111091614, 90.19356966018677]}, "time_fit": {"597_fri_c2_500_5": [103.08569049835205, 94.36316776275635, 74.1988878250122, 84.11862111091614, 90.19356966018677]}, "sizes": {"597_fri_c2_500_5": []}, "tau": 0.5}, "LightGBM": {"losses": {"597_fri_c2_500_5": [0.03587162021622457, 0.04065522921071951, 0.03605033490921481, 0.030455075168560428, 0.03669475215713648]}, "coverage": {"597_fri_c2_500_5": [0.06000000000000005, 0.08999999999999997, 0.0, 0.10999999999999999, 0.030000000000000027]}, "time_all": {"597_fri_c2_500_5": [0.2767608165740967, 0.22285795211791992, 0.2497711181640625, 0.21928620338439941, 0.24894213676452637]}, "time_fit": {"597_fri_c2_500_5": [0.05586743354797363, 0.052290916442871094, 0.052106618881225586, 0.05112504959106445, 0.05171060562133789]}, "sizes": {"597_fri_c2_500_5": []}, "tau": 0.5}, "DecisionTree": {"losses": {"597_fri_c2_500_5": [0.04000732874890696, 0.041397519284129616, 0.04130729352043317, 0.03890059501856481, 0.03604690290455013]}, "coverage": {"597_fri_c2_500_5": [0.040000000000000036, 0.06999999999999995, 0.030000000000000027, 0.13, 0.030000000000000027]}, "complexity": {"597_fri_c2_500_5": [161, 73, 165, 69, 71]}, "time_all": {"597_fri_c2_500_5": [0.08588933944702148, 0.07744169235229492, 0.08240461349487305, 0.07572150230407715, 0.07813191413879395]}, "time_fit": {"597_fri_c2_500_5": [0.015300989151000977, 0.008426904678344727, 0.014996051788330078, 0.008003950119018555, 0.008176803588867188]}, "sizes": {"597_fri_c2_500_5": []}, "tau": 0.5}, "LinearQuantile": {"losses": {"597_fri_c2_500_5": [0.07786767696010609, 0.07684511778909174, 0.07676815482087646, 0.0765800364882746, 0.08223403339211592]}, "coverage": {"597_fri_c2_500_5": [0.050000000000000044, 0.0, 0.030000000000000027, 0.06, 0.04999999999999999]}, "complexity": {"597_fri_c2_500_5": [5, 5, 5, 5, 5]}, "time_all": {"597_fri_c2_500_5": [0.21024155616760254, 0.24611544609069824, 0.2845182418823242, 0.1269216537475586, 0.20110869407653809]}, "time_fit": {"597_fri_c2_500_5": [0.017952442169189453, 0.021209239959716797, 0.025299787521362305, 0.010946512222290039, 0.017461776733398438]}, "sizes": {"597_fri_c2_500_5": []}, "tau": 0.5}}
