{"SQR": {"losses": {"608_fri_c3_1000_10": [0.007876570965679168, 0.015225229854545986, 0.008304028401123997, 0.009828503234129293, 0.014848938373985997]}, "coverage": {"608_fri_c3_1000_10": [0.0050000000000000044, 0.030000000000000027, 0.025000000000000022, 0.020000000000000018, 0.04500000000000004]}, "complexity": {"608_fri_c3_1000_10": [16, 10, 14, 13, 10]}, "time_all": {"608_fri_c3_1000_10": [117.2207522392273, 101.01443362236023, 101.61144304275513, 108.0578875541687, 96.8934235572815]}, "time_fit": {"608_fri_c3_1000_10": [117.2207522392273, 101.01443362236023, 101.61144304275513, 108.0578875541687, 96.8934235572815]}, "sizes": {"608_fri_c3_1000_10": []}, "tau": 0.8}, "LightGBM": {"losses": {"608_fri_c3_1000_10": [0.01798070180875956, 0.024529202609623494, 0.021846553718613815, 0.02187045725119068, 0.016372256425494523]}, "coverage": {"608_fri_c3_1000_10": [0.019999999999999907, 0.07000000000000006, 0.025000000000000022, 0.020000000000000018, 0.029999999999999916]}, "time_all": {"608_fri_c3_1000_10": [0.39714479446411133, 0.34040236473083496, 0.3401494026184082, 0.3775007724761963, 0.3565061092376709]}, "time_fit": {"608_fri_c3_1000_10": [0.062139272689819336, 0.059079647064208984, 0.056833744049072266, 0.06328344345092773, 0.05824685096740723]}, "sizes": {"608_fri_c3_1000_10": []}, "tau": 0.8}, "DecisionTree": {"losses": {"608_fri_c3_1000_10": [0.018000063030029535, 0.02193390022590516, 0.0173389310500345, 0.025581143348784578, 0.019594451344129318]}, "coverage": {"608_fri_c3_1000_10": [0.05500000000000005, 0.15500000000000003, 0.16000000000000003, 0.18500000000000005, 0.08500000000000008]}, "complexity": {"608_fri_c3_1000_10": [61, 323, 321, 333, 143]}, "time_all": {"608_fri_c3_1000_10": [0.17278242111206055, 0.19408440589904785, 0.19422245025634766, 0.19068503379821777, 0.18330907821655273]}, "time_fit": {"608_fri_c3_1000_10": [0.013071537017822266, 0.03402376174926758, 0.033919572830200195, 0.0348353385925293, 0.020892858505249023]}, "sizes": {"608_fri_c3_1000_10": []}, "tau": 0.8}, "LinearQuantile": {"losses": {"608_fri_c3_1000_10": [0.05548095762822526, 0.05972583114178421, 0.053555625939540545, 0.054424372970040755, 0.05175881760249374]}, "coverage": {"608_fri_c3_1000_10": [0.37500000000000006, 0.34, 0.31000000000000005, 0.31500000000000006, 0.38000000000000006]}, "complexity": {"608_fri_c3_1000_10": [10, 10, 10, 10, 10]}, "time_all": {"608_fri_c3_1000_10": [0.27707648277282715, 0.21700763702392578, 0.26574015617370605, 4.660640239715576, 0.7140438556671143]}, "time_fit": {"608_fri_c3_1000_10": [0.024103403091430664, 0.01833963394165039, 0.022303104400634766, 0.20601177215576172, 0.05368494987487793]}, "sizes": {"608_fri_c3_1000_10": []}, "tau": 0.8}}
