{"SQR": {"losses": {"609_fri_c0_1000_5": [0.014892509490155015, 0.013497873590707747, 0.014252573286633083, 0.014055448237230995, 0.014807675053539237]}, "coverage": {"609_fri_c0_1000_5": [0.07999999999999996, 0.050000000000000044, 0.030000000000000027, 0.010000000000000009, 0.020000000000000018]}, "complexity": {"609_fri_c0_1000_5": [12, 11, 11, 12, 11]}, "time_all": {"609_fri_c0_1000_5": [99.97328495979309, 91.62223267555237, 89.67335486412048, 93.80971598625183, 92.39452838897705]}, "time_fit": {"609_fri_c0_1000_5": [99.97328495979309, 91.62223267555237, 89.67335486412048, 93.80971598625183, 92.39452838897705]}, "sizes": {"609_fri_c0_1000_5": []}, "tau": 0.8}, "LightGBM": {"losses": {"609_fri_c0_1000_5": [0.02956306705255992, 0.030732999367577257, 0.026842252348796218, 0.026722204357571666, 0.025606561508681364]}, "coverage": {"609_fri_c0_1000_5": [0.0050000000000000044, 0.030000000000000027, 0.0, 0.015000000000000013, 0.04999999999999993]}, "time_all": {"609_fri_c0_1000_5": [0.38648128509521484, 0.34989309310913086, 0.32632970809936523, 0.3613431453704834, 0.3423917293548584]}, "time_fit": {"609_fri_c0_1000_5": [0.0712120532989502, 0.06658816337585449, 0.06883907318115234, 0.06710696220397949, 0.0703129768371582]}, "sizes": {"609_fri_c0_1000_5": []}, "tau": 0.8}, "DecisionTree": {"losses": {"609_fri_c0_1000_5": [0.03164813666980774, 0.031942253173801796, 0.029428409644380853, 0.03247999743745987, 0.025723600990627645]}, "coverage": {"609_fri_c0_1000_5": [0.18000000000000005, 0.14, 0.015000000000000013, 0.08000000000000007, 0.020000000000000018]}, "complexity": {"609_fri_c0_1000_5": [321, 139, 67, 63, 63]}, "time_all": {"609_fri_c0_1000_5": [0.15122771263122559, 0.13750720024108887, 0.130354642868042, 0.12995219230651855, 0.13199138641357422]}, "time_fit": {"609_fri_c0_1000_5": [0.0296781063079834, 0.015755653381347656, 0.009772777557373047, 0.009509563446044922, 0.009746789932250977]}, "sizes": {"609_fri_c0_1000_5": []}, "tau": 0.8}, "LinearQuantile": {"losses": {"609_fri_c0_1000_5": [0.04044762252193384, 0.04384293638809955, 0.035002885560802346, 0.04299739968306152, 0.03522728419663349]}, "coverage": {"609_fri_c0_1000_5": [0.30500000000000005, 0.34, 0.22000000000000008, 0.34500000000000003, 0.30500000000000005]}, "complexity": {"609_fri_c0_1000_5": [5, 5, 5, 5, 5]}, "time_all": {"609_fri_c0_1000_5": [0.2493908405303955, 0.18754887580871582, 0.20938944816589355, 0.26204466819763184, 0.47271060943603516]}, "time_fit": {"609_fri_c0_1000_5": [0.021539688110351562, 0.016181230545043945, 0.0184175968170166, 0.022898197174072266, 0.03855252265930176]}, "sizes": {"609_fri_c0_1000_5": []}, "tau": 0.8}}
