{"SQR": {"losses": {"602_fri_c3_250_10": [0.015396117615587877, 0.015668629621191765, 0.021385031434264668, 0.02537755736015699, 0.018275121732142997]}, "coverage": {"602_fri_c3_250_10": [0.08000000000000007, 0.09999999999999998, 0.020000000000000018, 0.07999999999999996, 0.020000000000000018]}, "complexity": {"602_fri_c3_250_10": [13, 11, 12, 7, 11]}, "time_all": {"602_fri_c3_250_10": [95.64010643959045, 73.29837727546692, 73.76454544067383, 70.91722965240479, 77.35060334205627]}, "time_fit": {"602_fri_c3_250_10": [95.64010643959045, 73.29837727546692, 73.76454544067383, 70.91722965240479, 77.35060334205627]}, "sizes": {"602_fri_c3_250_10": []}, "tau": 0.6}, "LightGBM": {"losses": {"602_fri_c3_250_10": [0.044551939860442896, 0.03654483931289958, 0.03546021748816639, 0.04271343069515576, 0.03051616654992729]}, "coverage": {"602_fri_c3_250_10": [0.12, 0.040000000000000036, 0.020000000000000018, 0.25999999999999995, 0.0]}, "time_all": {"602_fri_c3_250_10": [0.19046449661254883, 0.12941288948059082, 0.1648235321044922, 0.15943670272827148, 0.14546775817871094]}, "time_fit": {"602_fri_c3_250_10": [0.03379058837890625, 0.03020310401916504, 0.03955554962158203, 0.03420138359069824, 0.03899431228637695]}, "sizes": {"602_fri_c3_250_10": []}, "tau": 0.6}, "DecisionTree": {"losses": {"602_fri_c3_250_10": [0.03906120995233001, 0.03606022076545231, 0.040640409735336815, 0.0442032966369718, 0.03395628582166741]}, "coverage": {"602_fri_c3_250_10": [0.039999999999999925, 0.020000000000000018, 0.12, 0.21999999999999997, 0.020000000000000018]}, "complexity": {"602_fri_c3_250_10": [81, 35, 83, 77, 81]}, "time_all": {"602_fri_c3_250_10": [0.06058001518249512, 0.03973245620727539, 0.057952880859375, 0.05630922317504883, 0.05860400199890137]}, "time_fit": {"602_fri_c3_250_10": [0.00945281982421875, 0.003932952880859375, 0.009116888046264648, 0.008725404739379883, 0.009223222732543945]}, "sizes": {"602_fri_c3_250_10": []}, "tau": 0.6}, "LinearQuantile": {"losses": {"602_fri_c3_250_10": [0.07166637516864693, 0.06886179897739754, 0.07036603801308797, 0.06561921477633337, 0.05139158025281022]}, "coverage": {"602_fri_c3_250_10": [0.07999999999999996, 0.020000000000000018, 0.18, 0.27999999999999997, 0.24]}, "complexity": {"602_fri_c3_250_10": [10, 10, 10, 10, 10]}, "time_all": {"602_fri_c3_250_10": [0.3551969528198242, 0.6532821655273438, 0.6656243801116943, 0.3884439468383789, 0.7789957523345947]}, "time_fit": {"602_fri_c3_250_10": [0.03099822998046875, 0.0588836669921875, 0.06015181541442871, 0.03481602668762207, 0.06999945640563965]}, "sizes": {"602_fri_c3_250_10": []}, "tau": 0.6}}
