{"SQR": {"losses": {"666_rmftsa_ladata": [0.03336745956296502, 0.02559152191729965, 0.030045730189309554, 0.027133826771314845, 0.03504029784120366]}, "coverage": {"666_rmftsa_ladata": [0.0607843137254902, 0.007843137254901933, 0.04705882352941182, 0.05346534653465351, 0.045544554455445474]}, "complexity": {"666_rmftsa_ladata": [2, 3, 2, 2, 2]}, "time_all": {"666_rmftsa_ladata": [97.51518130302429, 90.47573399543762, 76.48227715492249, 88.99599885940552, 92.13730335235596]}, "time_fit": {"666_rmftsa_ladata": [97.51518130302429, 90.47573399543762, 76.48227715492249, 88.99599885940552, 92.13730335235596]}, "sizes": {"666_rmftsa_ladata": []}, "tau": 0.6}, "LightGBM": {"losses": {"666_rmftsa_ladata": [0.028824012151173355, 0.022795884045690138, 0.026070495284064757, 0.022458670092634445, 0.028114721791081855]}, "coverage": {"666_rmftsa_ladata": [0.050980392156862675, 0.03137254901960784, 0.01764705882352946, 0.03366336633663369, 0.005940594059405946]}, "time_all": {"666_rmftsa_ladata": [0.26111578941345215, 0.22525453567504883, 0.24471259117126465, 0.22123980522155762, 0.21996259689331055]}, "time_fit": {"666_rmftsa_ladata": [0.04325389862060547, 0.05026650428771973, 0.0465242862701416, 0.045202016830444336, 0.04729056358337402]}, "sizes": {"666_rmftsa_ladata": []}, "tau": 0.6}, "DecisionTree": {"losses": {"666_rmftsa_ladata": [0.028369295533176863, 0.025011040919395027, 0.027386367691179737, 0.024829482651475755, 0.026712629051023017]}, "coverage": {"666_rmftsa_ladata": [0.03137254901960784, 0.07058823529411762, 0.007843137254901933, 0.03366336633663369, 0.0752475247524752]}, "complexity": {"666_rmftsa_ladata": [69, 19, 71, 15, 29]}, "time_all": {"666_rmftsa_ladata": [0.09787726402282715, 0.08864474296569824, 0.09495830535888672, 0.09117698669433594, 0.09110188484191895]}, "time_fit": {"666_rmftsa_ladata": [0.010225534439086914, 0.005354642868041992, 0.010333061218261719, 0.005014896392822266, 0.006491661071777344]}, "sizes": {"666_rmftsa_ladata": []}, "tau": 0.6}, "LinearQuantile": {"losses": {"666_rmftsa_ladata": [0.030683659607814277, 0.024142811384277547, 0.024859343339886833, 0.022949727611762737, 0.027063801508037322]}, "coverage": {"666_rmftsa_ladata": [0.021568627450980316, 0.04117647058823526, 0.01764705882352946, 0.07326732673267333, 0.013861386138613874]}, "complexity": {"666_rmftsa_ladata": [10, 10, 10, 10, 10]}, "time_all": {"666_rmftsa_ladata": [0.3226008415222168, 0.45919275283813477, 0.2876758575439453, 0.21667814254760742, 0.816089391708374]}, "time_fit": {"666_rmftsa_ladata": [0.028008460998535156, 0.037284135818481445, 0.025574207305908203, 0.019081592559814453, 0.062102556228637695]}, "sizes": {"666_rmftsa_ladata": []}, "tau": 0.6}}
