{"SQR": {"losses": {"648_fri_c1_250_50": [0.01581555866966913, 0.007288417071183327, 0.015567229176700139, 0.010076060562583044, 0.01787134890681971]}, "coverage": {"648_fri_c1_250_50": [0.09999999999999998, 0.09999999999999998, 0.020000000000000018, 0.0, 0.06000000000000005]}, "complexity": {"648_fri_c1_250_50": [9, 13, 10, 11, 8]}, "time_all": {"648_fri_c1_250_50": [90.90541911125183, 79.75858998298645, 81.15268993377686, 79.82952809333801, 75.97022652626038]}, "time_fit": {"648_fri_c1_250_50": [90.90541911125183, 79.75858998298645, 81.15268993377686, 79.82952809333801, 75.97022652626038]}, "sizes": {"648_fri_c1_250_50": []}, "tau": 0.9}, "LightGBM": {"losses": {"648_fri_c1_250_50": [0.024163166900677747, 0.028643134202958113, 0.02793421964716888, 0.029805029501390704, 0.02540213752540703]}, "coverage": {"648_fri_c1_250_50": [0.020000000000000018, 0.09999999999999998, 0.05999999999999994, 0.08000000000000007, 0.039999999999999925]}, "time_all": {"648_fri_c1_250_50": [0.18540096282958984, 0.14349055290222168, 0.16750574111938477, 0.15817856788635254, 0.14992666244506836]}, "time_fit": {"648_fri_c1_250_50": [0.02594137191772461, 0.026699542999267578, 0.03916335105895996, 0.029717683792114258, 0.03523373603820801]}, "sizes": {"648_fri_c1_250_50": []}, "tau": 0.9}, "DecisionTree": {"losses": {"648_fri_c1_250_50": [0.0240724761674535, 0.02167541749049118, 0.026455317901271324, 0.022568367620293326, 0.019860479619439524]}, "coverage": {"648_fri_c1_250_50": [0.0, 0.20000000000000007, 0.039999999999999925, 0.040000000000000036, 0.020000000000000018]}, "complexity": {"648_fri_c1_250_50": [5, 35, 5, 7, 15]}, "time_all": {"648_fri_c1_250_50": [0.08672523498535156, 0.09051895141601562, 0.08432483673095703, 0.08554959297180176, 0.08615684509277344]}, "time_fit": {"648_fri_c1_250_50": [0.00416874885559082, 0.010151863098144531, 0.0041046142578125, 0.0048923492431640625, 0.0068438053131103516]}, "sizes": {"648_fri_c1_250_50": []}, "tau": 0.9}, "LinearQuantile": {"losses": {"648_fri_c1_250_50": [0.10216472986167734, 0.1184774603517716, 0.11120038922499395, 0.11911783301681014, 0.08833609904565083]}, "coverage": {"648_fri_c1_250_50": [0.56, 0.46, 0.48000000000000004, 0.56, 0.44]}, "complexity": {"648_fri_c1_250_50": [50, 50, 50, 50, 50]}, "time_all": {"648_fri_c1_250_50": [6.165789604187012, 14.54801082611084, 6.253291606903076, 6.6622960567474365, 5.430050373077393]}, "time_fit": {"648_fri_c1_250_50": [0.5004427433013916, 1.2907636165618896, 0.4781677722930908, 0.5473301410675049, 0.41608572006225586]}, "sizes": {"648_fri_c1_250_50": []}, "tau": 0.9}}
