{"SQR": {"losses": {"651_fri_c0_100_25": [0.012196476333349535, 0.03351498736946744, 0.014424594961517063, 0.01519657828920782, 0.028506531242899574]}, "coverage": {"651_fri_c0_100_25": [0.0, 0.15000000000000002, 0.050000000000000044, 0.15000000000000002, 0.050000000000000044]}, "complexity": {"651_fri_c0_100_25": [10, 7, 13, 10, 10]}, "time_all": {"651_fri_c0_100_25": [81.72176241874695, 68.37807512283325, 67.96114778518677, 67.76670098304749, 66.28287672996521]}, "time_fit": {"651_fri_c0_100_25": [81.72176241874695, 68.37807512283325, 67.96114778518677, 67.76670098304749, 66.28287672996521]}, "sizes": {"651_fri_c0_100_25": []}, "tau": 0.9}, "LightGBM": {"losses": {"651_fri_c0_100_25": [0.03692435155120072, 0.03314200349576284, 0.03874666927340925, 0.02478014250692201, 0.03637210382763692]}, "coverage": {"651_fri_c0_100_25": [0.09999999999999998, 0.04999999999999993, 0.04999999999999993, 0.0, 0.050000000000000044]}, "time_all": {"651_fri_c0_100_25": [0.12297868728637695, 0.09551453590393066, 0.08204460144042969, 0.09702658653259277, 0.08434534072875977]}, "time_fit": {"651_fri_c0_100_25": [0.012447834014892578, 0.020393848419189453, 0.017061233520507812, 0.020596981048583984, 0.017413616180419922]}, "sizes": {"651_fri_c0_100_25": []}, "tau": 0.9}, "DecisionTree": {"losses": {"651_fri_c0_100_25": [0.035921420368216814, 0.02860905956744585, 0.038579007728209595, 0.028635673044776967, 0.033661413413885]}, "coverage": {"651_fri_c0_100_25": [0.09999999999999998, 0.04999999999999993, 0.04999999999999993, 0.0, 0.0]}, "complexity": {"651_fri_c0_100_25": [11, 3, 1, 1, 3]}, "time_all": {"651_fri_c0_100_25": [0.03660082817077637, 0.0395200252532959, 0.03461480140686035, 0.03573894500732422, 0.0344388484954834]}, "time_fit": {"651_fri_c0_100_25": [0.0030078887939453125, 0.001950979232788086, 0.0015294551849365234, 0.0015437602996826172, 0.0019214153289794922]}, "sizes": {"651_fri_c0_100_25": []}, "tau": 0.9}, "LinearQuantile": {"losses": {"651_fri_c0_100_25": [0.09383891073963532, 0.08243961960293406, 0.06863919431540436, 0.1108765701002289, 0.0749827633347239]}, "coverage": {"651_fri_c0_100_25": [0.5, 0.55, 0.35, 0.65, 0.5]}, "complexity": {"651_fri_c0_100_25": [25, 25, 25, 25, 25]}, "time_all": {"651_fri_c0_100_25": [0.5425844192504883, 3.510042905807495, 1.8641445636749268, 2.578561544418335, 0.6294817924499512]}, "time_fit": {"651_fri_c0_100_25": [0.04792213439941406, 0.23405027389526367, 0.14453339576721191, 0.20180368423461914, 0.04707980155944824]}, "sizes": {"651_fri_c0_100_25": []}, "tau": 0.9}}
