{"SQR": {"losses": {"649_fri_c0_500_5": [0.022358756252561708, 0.031577302242394446, 0.022441311515772923, 0.015061500964070891, 0.02011799723930649]}, "coverage": {"649_fri_c0_500_5": [0.13, 0.10999999999999999, 0.08999999999999997, 0.04999999999999993, 0.030000000000000027]}, "complexity": {"649_fri_c0_500_5": [12, 9, 11, 19, 12]}, "time_all": {"649_fri_c0_500_5": [106.16207790374756, 90.28306865692139, 88.91900205612183, 90.87886357307434, 90.85637259483337]}, "time_fit": {"649_fri_c0_500_5": [106.16207790374756, 90.28306865692139, 88.91900205612183, 90.87886357307434, 90.85637259483337]}, "sizes": {"649_fri_c0_500_5": []}, "tau": 0.6}, "LightGBM": {"losses": {"649_fri_c0_500_5": [0.03780067225118652, 0.03596413118527644, 0.030391987889452018, 0.029290313775898365, 0.033129346044866906]}, "coverage": {"649_fri_c0_500_5": [0.19, 0.039999999999999925, 0.09999999999999998, 0.020000000000000018, 0.030000000000000027]}, "time_all": {"649_fri_c0_500_5": [0.2816605567932129, 0.22529983520507812, 0.22320818901062012, 0.2610616683959961, 0.24598169326782227]}, "time_fit": {"649_fri_c0_500_5": [0.057027578353881836, 0.05597877502441406, 0.051932573318481445, 0.06014657020568848, 0.053269386291503906]}, "sizes": {"649_fri_c0_500_5": []}, "tau": 0.6}, "DecisionTree": {"losses": {"649_fri_c0_500_5": [0.04073125620552247, 0.04273171920995938, 0.034355916643709, 0.03211452307110579, 0.03719298442596418]}, "coverage": {"649_fri_c0_500_5": [0.08999999999999997, 0.08999999999999997, 0.030000000000000027, 0.039999999999999925, 0.07999999999999996]}, "complexity": {"649_fri_c0_500_5": [65, 165, 71, 161, 163]}, "time_all": {"649_fri_c0_500_5": [0.07638859748840332, 0.08233380317687988, 0.07560920715332031, 0.08302521705627441, 0.08161187171936035]}, "time_fit": {"649_fri_c0_500_5": [0.007834196090698242, 0.01531529426574707, 0.00817728042602539, 0.01478123664855957, 0.01489114761352539]}, "sizes": {"649_fri_c0_500_5": []}, "tau": 0.6}, "LinearQuantile": {"losses": {"649_fri_c0_500_5": [0.03426302345027775, 0.0377541066571538, 0.03532653202686406, 0.030084238656328983, 0.03170335755243733]}, "coverage": {"649_fri_c0_500_5": [0.19, 0.15999999999999998, 0.06999999999999995, 0.07999999999999996, 0.13]}, "complexity": {"649_fri_c0_500_5": [5, 5, 5, 5, 5]}, "time_all": {"649_fri_c0_500_5": [0.1144263744354248, 0.11865401268005371, 0.17098569869995117, 0.5424466133117676, 0.2678050994873047]}, "time_fit": {"649_fri_c0_500_5": [0.009369611740112305, 0.010162115097045898, 0.014997482299804688, 0.0432896614074707, 0.02380204200744629]}, "sizes": {"649_fri_c0_500_5": []}, "tau": 0.6}}
