{"SQR": {"losses": {"573_cpu_act": [0.015359561214493406, 0.01412457278397359, 0.015321059589078442, 0.01568117147562618, 0.011545450293051505]}, "coverage": {"573_cpu_act": [0.004026845637583931, 0.025991458206223284, 0.00659340659340657, 0.024542124542124566, 0.014163614163614224]}, "complexity": {"573_cpu_act": [4, 7, 4, 4, 12]}, "time_all": {"573_cpu_act": [539.1229016780853, 381.27110719680786, 441.9311110973358, 491.5989327430725, 390.15456891059875]}, "time_fit": {"573_cpu_act": [539.1229016780853, 381.27110719680786, 441.9311110973358, 491.5989327430725, 390.15456891059875]}, "sizes": {"573_cpu_act": []}, "tau": 0.6}, "LightGBM": {"losses": {"573_cpu_act": [0.01730253620741813, 0.017408578414347085, 0.016470706502244463, 0.019004186406663674, 0.020277193335573058]}, "coverage": {"573_cpu_act": [0.030140329469188543, 0.00024405125076265577, 0.00659340659340657, 0.007814407814407787, 0.024542124542124566]}, "time_all": {"573_cpu_act": [1.1640403270721436, 1.10300874710083, 1.1661145687103271, 1.0915780067443848, 1.1446011066436768]}, "time_fit": {"573_cpu_act": [0.1536576747894287, 0.13756942749023438, 0.14863276481628418, 0.13742733001708984, 0.14875102043151855]}, "sizes": {"573_cpu_act": []}, "tau": 0.6}, "DecisionTree": {"losses": {"573_cpu_act": [0.010322135325185966, 0.010255082860329962, 0.010312650312650311, 0.010187096853763521, 0.010139243472576805]}, "coverage": {"573_cpu_act": [0.027821842586943313, 0.08456375838926178, 0.062393162393162394, 0.0837606837606838, 0.10940170940170946]}, "complexity": {"573_cpu_act": [1093, 491, 503, 497, 317]}, "time_all": {"573_cpu_act": [1.566401481628418, 1.2559318542480469, 1.47344970703125, 1.1870858669281006, 1.2304339408874512]}, "time_fit": {"573_cpu_act": [0.13209295272827148, 0.09720849990844727, 0.0986473560333252, 0.10000324249267578, 0.08500289916992188]}, "sizes": {"573_cpu_act": []}, "tau": 0.6}, "LinearQuantile": {"losses": {"573_cpu_act": [0.06350964352737744, 0.06328356999755173, 0.06382306385710704, 0.06398125581054609, 0.06242852611155151]}, "coverage": {"573_cpu_act": [0.04783404514948142, 0.041732763880414914, 0.06214896214896215, 0.06275946275946276, 0.05970695970695972]}, "complexity": {"573_cpu_act": [21, 21, 21, 21, 21]}, "time_all": {"573_cpu_act": [43.27689552307129, 48.381988763809204, 47.73917031288147, 54.269944190979004, 52.234267234802246]}, "time_fit": {"573_cpu_act": [2.1649653911590576, 5.868021011352539, 5.202587604522705, 6.327224969863892, 5.45120096206665]}, "sizes": {"573_cpu_act": []}, "tau": 0.6}}
