{"SQR": {"losses": {"616_fri_c4_500_50": [0.015547895790641923, 0.02576748043988561, 0.014400285865530688, 0.014633838864966605, 0.013022038449269626]}, "coverage": {"616_fri_c4_500_50": [0.030000000000000027, 0.09000000000000002, 0.07, 0.07999999999999996, 0.12]}, "complexity": {"616_fri_c4_500_50": [12, 10, 15, 11, 12]}, "time_all": {"616_fri_c4_500_50": [106.20105314254761, 90.31498146057129, 89.23311281204224, 93.22052526473999, 92.74288129806519]}, "time_fit": {"616_fri_c4_500_50": [106.20105314254761, 90.31498146057129, 89.23311281204224, 93.22052526473999, 92.74288129806519]}, "sizes": {"616_fri_c4_500_50": []}, "tau": 0.5}, "LightGBM": {"losses": {"616_fri_c4_500_50": [0.03090612329203376, 0.034101458840368026, 0.030650004295216873, 0.0323696731425262, 0.030570774656834457]}, "coverage": {"616_fri_c4_500_50": [0.09999999999999998, 0.06000000000000005, 0.03999999999999998, 0.06999999999999995, 0.030000000000000027]}, "time_all": {"616_fri_c4_500_50": [0.3472733497619629, 0.2958705425262451, 0.3201010227203369, 0.3220555782318115, 0.3556387424468994]}, "time_fit": {"616_fri_c4_500_50": [0.07135295867919922, 0.06895208358764648, 0.06850576400756836, 0.06839513778686523, 0.08192324638366699]}, "sizes": {"616_fri_c4_500_50": []}, "tau": 0.5}, "DecisionTree": {"losses": {"616_fri_c4_500_50": [0.03677328557415339, 0.03615224390528142, 0.03577688913587458, 0.03660719848263229, 0.03869801449643884]}, "coverage": {"616_fri_c4_500_50": [0.07, 0.010000000000000009, 0.030000000000000027, 0.040000000000000036, 0.16000000000000003]}, "complexity": {"616_fri_c4_500_50": [161, 159, 31, 31, 157]}, "time_all": {"616_fri_c4_500_50": [0.23067975044250488, 0.212568998336792, 0.20236468315124512, 0.2019350528717041, 0.21884799003601074]}, "time_fit": {"616_fri_c4_500_50": [0.036019086837768555, 0.0331571102142334, 0.017084121704101562, 0.017193078994750977, 0.03367209434509277]}, "sizes": {"616_fri_c4_500_50": []}, "tau": 0.5}, "LinearQuantile": {"losses": {"616_fri_c4_500_50": [0.06465947180751136, 0.07064964376861439, 0.07074816033672603, 0.06671985269980525, 0.0743345612748479]}, "coverage": {"616_fri_c4_500_50": [0.030000000000000027, 0.04999999999999999, 0.04999999999999999, 0.020000000000000018, 0.010000000000000009]}, "complexity": {"616_fri_c4_500_50": [50, 50, 50, 50, 50]}, "time_all": {"616_fri_c4_500_50": [4.4042582511901855, 22.32716464996338, 110.45053386688232, 17.566308736801147, 14.064672231674194]}, "time_fit": {"616_fri_c4_500_50": [0.36878299713134766, 1.797062635421753, 1.833632230758667, 1.521681785583496, 1.2544846534729004]}, "sizes": {"616_fri_c4_500_50": []}, "tau": 0.5}}
