{"SQR": {"losses": {"597_fri_c2_500_5": [0.022074812476393074, 0.01647345817756709, 0.031158258877714732, 0.01591834040177692, 0.016991810028428183]}, "coverage": {"597_fri_c2_500_5": [0.040000000000000036, 0.039999999999999925, 0.030000000000000027, 0.06999999999999995, 0.13]}, "complexity": {"597_fri_c2_500_5": [12, 15, 5, 15, 14]}, "time_all": {"597_fri_c2_500_5": [115.01962804794312, 95.0721960067749, 81.8167474269867, 96.36761498451233, 94.2566876411438]}, "time_fit": {"597_fri_c2_500_5": [115.01962804794312, 95.0721960067749, 81.8167474269867, 96.36761498451233, 94.2566876411438]}, "sizes": {"597_fri_c2_500_5": []}, "tau": 0.7}, "LightGBM": {"losses": {"597_fri_c2_500_5": [0.031993327636469074, 0.03644650929295007, 0.03472917340893306, 0.027604108782599925, 0.03167194794609631]}, "coverage": {"597_fri_c2_500_5": [0.020000000000000018, 0.020000000000000018, 0.010000000000000009, 0.05999999999999994, 0.04999999999999993]}, "time_all": {"597_fri_c2_500_5": [0.27047061920166016, 0.21586179733276367, 0.2318871021270752, 0.21080589294433594, 0.21327972412109375]}, "time_fit": {"597_fri_c2_500_5": [0.052263736724853516, 0.04850149154663086, 0.04739069938659668, 0.04958677291870117, 0.05083775520324707]}, "sizes": {"597_fri_c2_500_5": []}, "tau": 0.7}, "DecisionTree": {"losses": {"597_fri_c2_500_5": [0.035679523374351124, 0.037815537828098815, 0.035212190649300826, 0.03572836290807417, 0.03376644810006435]}, "coverage": {"597_fri_c2_500_5": [0.07999999999999996, 0.010000000000000009, 0.16999999999999993, 0.12, 0.08999999999999997]}, "complexity": {"597_fri_c2_500_5": [161, 73, 165, 69, 71]}, "time_all": {"597_fri_c2_500_5": [0.08476018905639648, 0.07581567764282227, 0.08125090599060059, 0.07474613189697266, 0.07558608055114746]}, "time_fit": {"597_fri_c2_500_5": [0.015245676040649414, 0.008331537246704102, 0.014925479888916016, 0.007930755615234375, 0.008144855499267578]}, "sizes": {"597_fri_c2_500_5": []}, "tau": 0.7}, "LinearQuantile": {"losses": {"597_fri_c2_500_5": [0.07606946051534343, 0.07210057209512197, 0.07805361069114737, 0.08118734858344273, 0.0850034958263745]}, "coverage": {"597_fri_c2_500_5": [0.1499999999999999, 0.19999999999999996, 0.23999999999999994, 0.25999999999999995, 0.23999999999999994]}, "complexity": {"597_fri_c2_500_5": [5, 5, 5, 5, 5]}, "time_all": {"597_fri_c2_500_5": [0.4657154083251953, 0.09372568130493164, 0.402817964553833, 0.39829039573669434, 0.7025470733642578]}, "time_fit": {"597_fri_c2_500_5": [0.04099249839782715, 0.008006572723388672, 0.03426957130432129, 0.03518509864807129, 0.05399322509765625]}, "sizes": {"597_fri_c2_500_5": []}, "tau": 0.7}}
