{"SQR": {"losses": {"228_elusage": [0.037474334370697915, 0.07120998968389253, 0.01680958868528146, 0.03314069067488532, 0.05984681717049692]}, "coverage": {"228_elusage": [0.10909090909090902, 0.07272727272727275, 0.1636363636363637, 0.1636363636363637, 0.07272727272727275]}, "complexity": {"228_elusage": [10, 12, 11, 9, 16]}, "time_all": {"228_elusage": [79.95988440513611, 64.90347456932068, 64.54742860794067, 64.54241228103638, 63.89811396598816]}, "time_fit": {"228_elusage": [79.95988440513611, 64.90347456932068, 64.54742860794067, 64.54241228103638, 63.89811396598816]}, "sizes": {"228_elusage": []}, "tau": 0.8}, "LightGBM": {"losses": {"228_elusage": [0.04060799092505675, 0.06471645923375231, 0.09819876121076664, 0.03609829865782953, 0.06206971102579568]}, "coverage": {"228_elusage": [0.19999999999999996, 0.018181818181818188, 0.07272727272727275, 0.018181818181818188, 0.018181818181818188]}, "time_all": {"228_elusage": [0.09433865547180176, 0.05647850036621094, 0.055950164794921875, 0.05544090270996094, 0.05461239814758301]}, "time_fit": {"228_elusage": [0.011960983276367188, 0.011696338653564453, 0.014268636703491211, 0.014195680618286133, 0.014074087142944336]}, "sizes": {"228_elusage": []}, "tau": 0.8}, "DecisionTree": {"losses": {"228_elusage": [0.03529914095621517, 0.04466331781438925, 0.037989651218499454, 0.03370847612589021, 0.027275917240418935]}, "coverage": {"228_elusage": [0.018181818181818188, 0.1636363636363637, 0.07272727272727275, 0.07272727272727275, 0.10909090909090902]}, "complexity": {"228_elusage": [17, 17, 3, 17, 7]}, "time_all": {"228_elusage": [0.029702186584472656, 0.027227163314819336, 0.02876424789428711, 0.029848098754882812, 0.027670621871948242]}, "time_fit": {"228_elusage": [0.0027403831481933594, 0.0025110244750976562, 0.0016312599182128906, 0.0026335716247558594, 0.0018415451049804688]}, "sizes": {"228_elusage": []}, "tau": 0.8}, "LinearQuantile": {"losses": {"228_elusage": [0.11099190295879864, 0.16458961513203182, 0.18546186152952476, 0.13969396709722337, 0.16546792228248033]}, "coverage": {"228_elusage": [0.3454545454545455, 0.1636363636363637, 0.07272727272727275, 0.10909090909090902, 0.25454545454545463]}, "complexity": {"228_elusage": [2, 2, 2, 2, 2]}, "time_all": {"228_elusage": [0.07974028587341309, 0.2445220947265625, 0.4068796634674072, 0.10489344596862793, 0.056192874908447266]}, "time_fit": {"228_elusage": [0.006328582763671875, 0.02004837989807129, 0.03243756294250488, 0.00889134407043457, 0.00450444221496582]}, "sizes": {"228_elusage": []}, "tau": 0.8}}
