{"SQR": {"losses": {"663_rabe_266": [0.0230053278230188, 0.013523635116779521, 0.011241955304294296, 0.011736579950966268, 0.014439949486398486]}, "coverage": {"663_rabe_266": [0.125, 0.04166666666666663, 0.16666666666666669, 0.04166666666666663, 0.16666666666666663]}, "complexity": {"663_rabe_266": [15, 16, 11, 21, 16]}, "time_all": {"663_rabe_266": [85.75767111778259, 73.81354427337646, 72.44645643234253, 74.07283115386963, 74.05668210983276]}, "time_fit": {"663_rabe_266": [85.75767111778259, 73.81354427337646, 72.44645643234253, 74.07283115386963, 74.05668210983276]}, "sizes": {"663_rabe_266": []}, "tau": 0.5}, "LightGBM": {"losses": {"663_rabe_266": [0.044690910500234916, 0.04577788348930017, 0.049674546847530456, 0.03319967274663114, 0.048457719089602745]}, "coverage": {"663_rabe_266": [0.0, 0.125, 0.125, 0.20833333333333337, 0.0]}, "time_all": {"663_rabe_266": [0.12682247161865234, 0.09815573692321777, 0.09757590293884277, 0.09666728973388672, 0.09789299964904785]}, "time_fit": {"663_rabe_266": [0.017339706420898438, 0.020263671875, 0.02062249183654785, 0.020815134048461914, 0.020609140396118164]}, "sizes": {"663_rabe_266": []}, "tau": 0.5}, "DecisionTree": {"losses": {"663_rabe_266": [0.04199050086355786, 0.04047927461139896, 0.04598445595854922, 0.035082037996545766, 0.04004749568221071]}, "coverage": {"663_rabe_266": [0.041666666666666685, 0.08333333333333331, 0.20833333333333331, 0.125, 0.125]}, "complexity": {"663_rabe_266": [23, 23, 11, 23, 13]}, "time_all": {"663_rabe_266": [0.0377199649810791, 0.03368997573852539, 0.03238821029663086, 0.03329300880432129, 0.03170633316040039]}, "time_fit": {"663_rabe_266": [0.003252744674682617, 0.0031516551971435547, 0.002262592315673828, 0.0031430721282958984, 0.002332925796508789]}, "sizes": {"663_rabe_266": []}, "tau": 0.5}, "LinearQuantile": {"losses": {"663_rabe_266": [0.013926458417432161, 0.014536557512480897, 0.012192978651523174, 0.008679101572893515, 0.015322491821949717]}, "coverage": {"663_rabe_266": [0.04166666666666663, 0.04166666666666663, 0.08333333333333331, 0.041666666666666685, 0.08333333333333337]}, "complexity": {"663_rabe_266": [11, 11, 11, 11, 11]}, "time_all": {"663_rabe_266": [0.23758316040039062, 0.12794113159179688, 0.07396101951599121, 0.18192672729492188, 0.09065675735473633]}, "time_fit": {"663_rabe_266": [0.020175933837890625, 0.011000871658325195, 0.006051778793334961, 0.015958786010742188, 0.0075719356536865234]}, "sizes": {"663_rabe_266": []}, "tau": 0.5}}
