{"SQR": {"losses": {"641_fri_c1_500_10": [0.009094982245528955, 0.008894834093461547, 0.011685881347504689, 0.009306212239580829, 0.009612326106464612]}, "coverage": {"641_fri_c1_500_10": [0.06999999999999995, 0.0, 0.030000000000000027, 0.030000000000000027, 0.010000000000000009]}, "complexity": {"641_fri_c1_500_10": [12, 12, 9, 14, 13]}, "time_all": {"641_fri_c1_500_10": [112.63138151168823, 97.46356630325317, 84.26199078559875, 99.64325952529907, 91.89631533622742]}, "time_fit": {"641_fri_c1_500_10": [112.63138151168823, 97.46356630325317, 84.26199078559875, 99.64325952529907, 91.89631533622742]}, "sizes": {"641_fri_c1_500_10": []}, "tau": 0.9}, "LightGBM": {"losses": {"641_fri_c1_500_10": [0.025026531226881397, 0.024010674486257377, 0.02056518484483482, 0.019011153995498017, 0.024606536728610018]}, "coverage": {"641_fri_c1_500_10": [0.050000000000000044, 0.0, 0.030000000000000027, 0.050000000000000044, 0.010000000000000009]}, "time_all": {"641_fri_c1_500_10": [0.23179149627685547, 0.21491479873657227, 0.21520042419433594, 0.22249460220336914, 0.18403220176696777]}, "time_fit": {"641_fri_c1_500_10": [0.04047966003417969, 0.04223012924194336, 0.042388916015625, 0.048622846603393555, 0.0405118465423584]}, "sizes": {"641_fri_c1_500_10": []}, "tau": 0.9}, "DecisionTree": {"losses": {"641_fri_c1_500_10": [0.01822801996568972, 0.019012160150572884, 0.01849670024798751, 0.021283855968574145, 0.022751966530133887]}, "coverage": {"641_fri_c1_500_10": [0.12, 0.030000000000000027, 0.17000000000000004, 0.040000000000000036, 0.010000000000000009]}, "complexity": {"641_fri_c1_500_10": [29, 19, 159, 29, 19]}, "time_all": {"641_fri_c1_500_10": [0.08723306655883789, 0.08534812927246094, 0.09531188011169434, 0.08681678771972656, 0.08672547340393066]}, "time_fit": {"641_fri_c1_500_10": [0.006165742874145508, 0.005156040191650391, 0.016594648361206055, 0.0062487125396728516, 0.005116939544677734]}, "sizes": {"641_fri_c1_500_10": []}, "tau": 0.9}, "LinearQuantile": {"losses": {"641_fri_c1_500_10": [0.09178280448392374, 0.08451316784524159, 0.0644338347793155, 0.08971509453733081, 0.07260445998467714]}, "coverage": {"641_fri_c1_500_10": [0.46, 0.45, 0.46, 0.5, 0.4]}, "complexity": {"641_fri_c1_500_10": [10, 10, 10, 10, 10]}, "time_all": {"641_fri_c1_500_10": [2.0188496112823486, 0.16617703437805176, 0.3560812473297119, 0.1614973545074463, 0.31588053703308105]}, "time_fit": {"641_fri_c1_500_10": [0.11865544319152832, 0.014771223068237305, 0.0317530632019043, 0.014075040817260742, 0.027612924575805664]}, "sizes": {"641_fri_c1_500_10": []}, "tau": 0.9}}
