{"SQR": {"losses": {"623_fri_c4_1000_10": [0.011062336010057496, 0.011456990289713411, 0.017772533800073077, 0.010782349512308168, 0.009067213538196168]}, "coverage": {"623_fri_c4_1000_10": [0.0, 0.11499999999999999, 0.02499999999999991, 0.0050000000000000044, 0.05500000000000005]}, "complexity": {"623_fri_c4_1000_10": [13, 13, 11, 14, 17]}, "time_all": {"623_fri_c4_1000_10": [122.43429255485535, 108.66511011123657, 105.67940092086792, 119.66191482543945, 122.8113305568695]}, "time_fit": {"623_fri_c4_1000_10": [122.43429255485535, 108.66511011123657, 105.67940092086792, 119.66191482543945, 122.8113305568695]}, "sizes": {"623_fri_c4_1000_10": []}, "tau": 0.7}, "LightGBM": {"losses": {"623_fri_c4_1000_10": [0.024307169629126046, 0.021872303852371502, 0.023323738831270903, 0.0243517564647235, 0.02251473991510894]}, "coverage": {"623_fri_c4_1000_10": [0.014999999999999902, 0.029999999999999916, 0.025000000000000022, 0.03500000000000003, 0.0050000000000000044]}, "time_all": {"623_fri_c4_1000_10": [0.4399547576904297, 0.42685699462890625, 0.4099245071411133, 0.4092097282409668, 0.42890191078186035]}, "time_fit": {"623_fri_c4_1000_10": [0.0708303451538086, 0.0657041072845459, 0.06402707099914551, 0.06492185592651367, 0.06738138198852539]}, "sizes": {"623_fri_c4_1000_10": []}, "tau": 0.7}, "DecisionTree": {"losses": {"623_fri_c4_1000_10": [0.023564320921906568, 0.020202170982610124, 0.022279203303263814, 0.021914062280976872, 0.02128329967953962]}, "coverage": {"623_fri_c4_1000_10": [0.10499999999999998, 0.05999999999999994, 0.1499999999999999, 0.07999999999999996, 0.08999999999999997]}, "complexity": {"623_fri_c4_1000_10": [139, 315, 321, 141, 321]}, "time_all": {"623_fri_c4_1000_10": [0.18288779258728027, 0.19666409492492676, 0.19507265090942383, 0.18377423286437988, 0.19263601303100586]}, "time_fit": {"623_fri_c4_1000_10": [0.02057480812072754, 0.03453660011291504, 0.03443312644958496, 0.020809173583984375, 0.03436160087585449]}, "sizes": {"623_fri_c4_1000_10": []}, "tau": 0.7}, "LinearQuantile": {"losses": {"623_fri_c4_1000_10": [0.05103056711953504, 0.05165543012787437, 0.05349947026786932, 0.05525074940195908, 0.0552196788162696]}, "coverage": {"623_fri_c4_1000_10": [0.20499999999999996, 0.21499999999999997, 0.18999999999999995, 0.17499999999999993, 0.285]}, "complexity": {"623_fri_c4_1000_10": [10, 10, 10, 10, 10]}, "time_all": {"623_fri_c4_1000_10": [0.7330126762390137, 0.9772586822509766, 0.5197744369506836, 0.1811530590057373, 0.524700403213501]}, "time_fit": {"623_fri_c4_1000_10": [0.06515002250671387, 0.06911683082580566, 0.046860694885253906, 0.015430688858032227, 0.04107928276062012]}, "sizes": {"623_fri_c4_1000_10": []}, "tau": 0.7}}
