{"SQR": {"losses": {"527_analcatdata_election2000": [0.0, 0.0, 0.0, 0.0, 0.0]}, "coverage": {"527_analcatdata_election2000": [0.30000000000000004, 0.30000000000000004, 0.30000000000000004, 0.30000000000000004, 0.30000000000000004]}, "complexity": {"527_analcatdata_election2000": [16, 16, 16, 18, 17]}, "time_all": {"527_analcatdata_election2000": [79.16850805282593, 62.9653263092041, 63.132351875305176, 63.37646961212158, 63.870200872421265]}, "time_fit": {"527_analcatdata_election2000": [79.16850805282593, 62.9653263092041, 63.132351875305176, 63.37646961212158, 63.870200872421265]}, "sizes": {"527_analcatdata_election2000": []}, "tau": 0.7}, "LightGBM": {"losses": {"527_analcatdata_election2000": [0.10011643256613155, 0.013684197503382095, 0.02151730191586896, 0.04131115733645019, 0.024422964075497374]}, "coverage": {"527_analcatdata_election2000": [0.05714285714285705, 0.014285714285714346, 0.1461538461538462, 0.06923076923076932, 0.22307692307692317]}, "time_all": {"527_analcatdata_election2000": [0.11150670051574707, 0.06913924217224121, 0.06805062294006348, 0.06657195091247559, 0.06704473495483398]}, "time_fit": {"527_analcatdata_election2000": [0.013204813003540039, 0.014810323715209961, 0.014593124389648438, 0.014429330825805664, 0.014710426330566406]}, "sizes": {"527_analcatdata_election2000": []}, "tau": 0.7}, "DecisionTree": {"losses": {"527_analcatdata_election2000": [0.059664691438496946, 0.006671074511779149, 0.02096395246575425, 0.009179533711304637, 0.019430588155525286]}, "coverage": {"527_analcatdata_election2000": [0.2714285714285714, 0.2714285714285714, 0.007692307692307665, 0.007692307692307665, 0.06923076923076932]}, "complexity": {"527_analcatdata_election2000": [19, 23, 3, 21, 19]}, "time_all": {"527_analcatdata_election2000": [0.03151893615722656, 0.03059983253479004, 0.029221296310424805, 0.03043341636657715, 0.03008747100830078]}, "time_fit": {"527_analcatdata_election2000": [0.0031266212463378906, 0.003232240676879883, 0.0016775131225585938, 0.0030906200408935547, 0.002969026565551758]}, "sizes": {"527_analcatdata_election2000": []}, "tau": 0.7}, "LinearQuantile": {"losses": {"527_analcatdata_election2000": [8.352638252554263e-13, 5.975308040341256e-13, 9.598969328201579e-13, 1.5069448037481098e-12, 1.5885049035965514e-13]}, "coverage": {"527_analcatdata_election2000": [0.7, 0.30000000000000004, 0.7, 0.6230769230769231, 0.30000000000000004]}, "complexity": {"527_analcatdata_election2000": [14, 14, 14, 14, 14]}, "time_all": {"527_analcatdata_election2000": [0.034027099609375, 0.027531862258911133, 0.02804732322692871, 0.027624845504760742, 0.027609825134277344]}, "time_fit": {"527_analcatdata_election2000": [0.0021309852600097656, 0.001928567886352539, 0.0019674301147460938, 0.0019495487213134766, 0.0019330978393554688]}, "sizes": {"527_analcatdata_election2000": []}, "tau": 0.7}}
