{"SQR": {"losses": {"556_analcatdata_apnea2": [0.008558626347421269, 0.012986894745560834, 0.006921217095123317, 0.005033944636091376, 0.008003854732633675]}, "coverage": {"556_analcatdata_apnea2": [0.047368421052631615, 0.0052631578947368585, 0.05789473684210522, 0.1842105263157895, 0.06842105263157894]}, "complexity": {"556_analcatdata_apnea2": [5, 12, 6, 14, 8]}, "time_all": {"556_analcatdata_apnea2": [113.54994511604309, 80.18340682983398, 87.06456136703491, 91.61415219306946, 95.49795174598694]}, "time_fit": {"556_analcatdata_apnea2": [113.54994511604309, 80.18340682983398, 87.06456136703491, 91.61415219306946, 95.49795174598694]}, "sizes": {"556_analcatdata_apnea2": []}, "tau": 0.5}, "LightGBM": {"losses": {"556_analcatdata_apnea2": [0.02267315527524573, 0.0172497692522457, 0.012246149869574736, 0.015797743143416514, 0.0078050584917487955]}, "coverage": {"556_analcatdata_apnea2": [0.07894736842105265, 0.015789473684210575, 0.1842105263157895, 0.16315789473684206, 0.07894736842105265]}, "time_all": {"556_analcatdata_apnea2": [0.2350296974182129, 0.239654541015625, 0.2062842845916748, 0.20244073867797852, 0.21989107131958008]}, "time_fit": {"556_analcatdata_apnea2": [0.05229473114013672, 0.06258988380432129, 0.05905270576477051, 0.0571751594543457, 0.055719614028930664]}, "sizes": {"556_analcatdata_apnea2": []}, "tau": 0.5}, "DecisionTree": {"losses": {"556_analcatdata_apnea2": [0.005700160035293297, 0.006970313565635853, 0.004371034287167691, 0.00476673336679594, 0.007570614729099188]}, "coverage": {"556_analcatdata_apnea2": [0.17368421052631577, 0.07894736842105265, 0.20526315789473681, 0.24736842105263157, 0.09999999999999998]}, "complexity": {"556_analcatdata_apnea2": [135, 55, 57, 135, 127]}, "time_all": {"556_analcatdata_apnea2": [0.06600284576416016, 0.0582122802734375, 0.06005215644836426, 0.06421256065368652, 0.06356096267700195]}, "time_fit": {"556_analcatdata_apnea2": [0.011601686477661133, 0.005722999572753906, 0.005957603454589844, 0.011371135711669922, 0.010760307312011719]}, "sizes": {"556_analcatdata_apnea2": []}, "tau": 0.5}, "LinearQuantile": {"losses": {"556_analcatdata_apnea2": [0.02602837929973892, 0.02053890459018061, 0.014118894294021692, 0.018613222172373867, 0.01017123920112995]}, "coverage": {"556_analcatdata_apnea2": [0.0368421052631579, 0.07894736842105265, 0.06842105263157894, 0.02631578947368418, 0.1105263157894737]}, "complexity": {"556_analcatdata_apnea2": [11, 11, 11, 11, 11]}, "time_all": {"556_analcatdata_apnea2": [0.1522047519683838, 0.1679236888885498, 0.15542221069335938, 0.12153100967407227, 0.18045735359191895]}, "time_fit": {"556_analcatdata_apnea2": [0.012903213500976562, 0.014364242553710938, 0.013500213623046875, 0.010423660278320312, 0.015773296356201172]}, "sizes": {"556_analcatdata_apnea2": []}, "tau": 0.5}}
