{"SQR": {"losses": {"631_fri_c1_500_5": [0.0052026203825843486, 0.013338805240784589, 0.01206707834239051, 0.006601832165984478, 0.014014416926968818]}, "coverage": {"631_fri_c1_500_5": [0.030000000000000027, 0.030000000000000027, 0.050000000000000044, 0.010000000000000009, 0.0]}, "complexity": {"631_fri_c1_500_5": [16, 10, 11, 16, 11]}, "time_all": {"631_fri_c1_500_5": [110.55022668838501, 87.0922863483429, 98.33765077590942, 98.94190812110901, 91.20608067512512]}, "time_fit": {"631_fri_c1_500_5": [110.55022668838501, 87.0922863483429, 98.33765077590942, 98.94190812110901, 91.20608067512512]}, "sizes": {"631_fri_c1_500_5": []}, "tau": 0.9}, "LightGBM": {"losses": {"631_fri_c1_500_5": [0.023700785964070544, 0.02079134065020138, 0.023319008915872103, 0.02207771937329101, 0.023533075468224033]}, "coverage": {"631_fri_c1_500_5": [0.040000000000000036, 0.010000000000000009, 0.010000000000000009, 0.0, 0.08000000000000007]}, "time_all": {"631_fri_c1_500_5": [0.2424030303955078, 0.1856067180633545, 0.20960330963134766, 0.18887901306152344, 0.1914229393005371]}, "time_fit": {"631_fri_c1_500_5": [0.042675018310546875, 0.03784823417663574, 0.03928518295288086, 0.0395810604095459, 0.041665077209472656]}, "sizes": {"631_fri_c1_500_5": []}, "tau": 0.9}, "DecisionTree": {"losses": {"631_fri_c1_500_5": [0.019199319918033773, 0.024892004066951152, 0.021101556021509905, 0.017283135492882025, 0.02498437938762462]}, "coverage": {"631_fri_c1_500_5": [0.020000000000000018, 0.06000000000000005, 0.050000000000000044, 0.07000000000000006, 0.040000000000000036]}, "complexity": {"631_fri_c1_500_5": [17, 17, 29, 69, 11]}, "time_all": {"631_fri_c1_500_5": [0.07361221313476562, 0.07068204879760742, 0.07101750373840332, 0.07414865493774414, 0.06989765167236328]}, "time_fit": {"631_fri_c1_500_5": [0.0038607120513916016, 0.0037572383880615234, 0.004746913909912109, 0.007922172546386719, 0.00312042236328125]}, "sizes": {"631_fri_c1_500_5": []}, "tau": 0.9}, "LinearQuantile": {"losses": {"631_fri_c1_500_5": [0.08291092608917426, 0.07116668692054152, 0.06625461223046228, 0.06845582541558906, 0.07876298416149768]}, "coverage": {"631_fri_c1_500_5": [0.41000000000000003, 0.36, 0.39, 0.37, 0.42000000000000004]}, "complexity": {"631_fri_c1_500_5": [5, 5, 5, 5, 5]}, "time_all": {"631_fri_c1_500_5": [0.22215843200683594, 0.1267855167388916, 0.49915504455566406, 0.3208622932434082, 0.22075843811035156]}, "time_fit": {"631_fri_c1_500_5": [0.01915454864501953, 0.01090550422668457, 0.044799089431762695, 0.028583765029907227, 0.01954483985900879]}, "sizes": {"631_fri_c1_500_5": []}, "tau": 0.9}}
