{"SQR": {"losses": {"556_analcatdata_apnea2": [0.011102161181526257, 0.0113538236877198, 0.007032738859516926, 0.004250264503623312, 0.008740488794153197]}, "coverage": {"556_analcatdata_apnea2": [0.06315789473684208, 0.09473684210526312, 0.021052631578947323, 0.08421052631578951, 0.06315789473684208]}, "complexity": {"556_analcatdata_apnea2": [14, 6, 11, 7, 5]}, "time_all": {"556_analcatdata_apnea2": [101.45432543754578, 86.44524049758911, 84.02936506271362, 98.62380266189575, 95.2671389579773]}, "time_fit": {"556_analcatdata_apnea2": [101.45432543754578, 86.44524049758911, 84.02936506271362, 98.62380266189575, 95.2671389579773]}, "sizes": {"556_analcatdata_apnea2": []}, "tau": 0.6}, "LightGBM": {"losses": {"556_analcatdata_apnea2": [0.02529223065881998, 0.020455018824676107, 0.013634292493703178, 0.01821115174238706, 0.01057509303366063]}, "coverage": {"556_analcatdata_apnea2": [0.10526315789473684, 0.03157894736842104, 0.1578947368421053, 0.21052631578947367, 0.10526315789473684]}, "time_all": {"556_analcatdata_apnea2": [0.24838590621948242, 0.20078516006469727, 0.22817683219909668, 0.22202754020690918, 0.23513317108154297]}, "time_fit": {"556_analcatdata_apnea2": [0.05399131774902344, 0.05428743362426758, 0.056372642517089844, 0.07394194602966309, 0.06638002395629883]}, "sizes": {"556_analcatdata_apnea2": []}, "tau": 0.6}, "DecisionTree": {"losses": {"556_analcatdata_apnea2": [0.006452857113917667, 0.006994825300431938, 0.004687976195031478, 0.00448921731262253, 0.007772142154556731]}, "coverage": {"556_analcatdata_apnea2": [0.12631578947368427, 0.010526315789473717, 0.12631578947368427, 0.17894736842105263, 0.04210526315789476]}, "complexity": {"556_analcatdata_apnea2": [135, 55, 57, 135, 127]}, "time_all": {"556_analcatdata_apnea2": [0.06644558906555176, 0.05766487121582031, 0.059090614318847656, 0.06320595741271973, 0.06378746032714844]}, "time_fit": {"556_analcatdata_apnea2": [0.011664152145385742, 0.005661725997924805, 0.0058786869049072266, 0.011167287826538086, 0.01066136360168457]}, "sizes": {"556_analcatdata_apnea2": []}, "tau": 0.6}, "LinearQuantile": {"losses": {"556_analcatdata_apnea2": [0.030536894777749, 0.024049531515647968, 0.017354038130824, 0.02254265317021777, 0.012236600138558882]}, "coverage": {"556_analcatdata_apnea2": [0.0736842105263158, 0.14736842105263154, 0.06315789473684208, 0.03157894736842104, 0.03157894736842104]}, "complexity": {"556_analcatdata_apnea2": [11, 11, 11, 11, 11]}, "time_all": {"556_analcatdata_apnea2": [0.18411588668823242, 0.14879488945007324, 0.318511962890625, 0.27306652069091797, 0.1756880283355713]}, "time_fit": {"556_analcatdata_apnea2": [0.01557302474975586, 0.012797117233276367, 0.02828216552734375, 0.024211645126342773, 0.015361309051513672]}, "sizes": {"556_analcatdata_apnea2": []}, "tau": 0.6}}
