{"SQR": {"losses": {"542_pollution": [0.07911417838836907, 0.08164857009497031, 0.059061556277035084, 0.07645508212008574, 0.03637089178405647]}, "coverage": {"542_pollution": [0.33333333333333337, 0.0, 0.08333333333333337, 0.08333333333333331, 0.08333333333333331]}, "complexity": {"542_pollution": [8, 14, 14, 14, 6]}, "time_all": {"542_pollution": [79.42857432365417, 64.5956449508667, 65.52886438369751, 65.17245268821716, 64.53389739990234]}, "time_fit": {"542_pollution": [79.42857432365417, 64.5956449508667, 65.52886438369751, 65.17245268821716, 64.53389739990234]}, "sizes": {"542_pollution": []}, "tau": 0.5}, "LightGBM": {"losses": {"542_pollution": [0.07925126079724361, 0.06553499134878894, 0.06842397150993744, 0.05704609964303503, 0.044199952031503675]}, "coverage": {"542_pollution": [0.16666666666666663, 0.0, 0.08333333333333337, 0.08333333333333331, 0.0]}, "time_all": {"542_pollution": [0.1100015640258789, 0.061357975006103516, 0.06119799613952637, 0.06783056259155273, 0.05797553062438965]}, "time_fit": {"542_pollution": [0.01322031021118164, 0.012955427169799805, 0.012698888778686523, 0.01266026496887207, 0.012461662292480469]}, "sizes": {"542_pollution": []}, "tau": 0.5}, "DecisionTree": {"losses": {"542_pollution": [0.0681398509768303, 0.04554475585378529, 0.0663650747106669, 0.05740891428220958, 0.04616926930955503]}, "coverage": {"542_pollution": [0.16666666666666663, 0.08333333333333337, 0.08333333333333337, 0.25, 0.25]}, "complexity": {"542_pollution": [3, 7, 3, 7, 19]}, "time_all": {"542_pollution": [0.030235767364501953, 0.028168678283691406, 0.028156757354736328, 0.028566360473632812, 0.028108835220336914]}, "time_fit": {"542_pollution": [0.0017693042755126953, 0.002045154571533203, 0.001718282699584961, 0.0020782947540283203, 0.002790689468383789]}, "sizes": {"542_pollution": []}, "tau": 0.5}, "LinearQuantile": {"losses": {"542_pollution": [0.05341442946030554, 0.0850550122860112, 0.05492878908890722, 0.06036188973189003, 0.07872354228490212]}, "coverage": {"542_pollution": [0.25, 0.08333333333333337, 0.08333333333333337, 0.16666666666666669, 0.08333333333333331]}, "complexity": {"542_pollution": [15, 15, 15, 15, 15]}, "time_all": {"542_pollution": [0.37087583541870117, 1.8601322174072266, 0.4469268321990967, 0.25756049156188965, 0.40224552154541016]}, "time_fit": {"542_pollution": [0.03218674659729004, 0.14749932289123535, 0.035788536071777344, 0.021577835083007812, 0.03160548210144043]}, "sizes": {"542_pollution": []}, "tau": 0.5}}
