{"SQR": {"losses": {"1030_ERA": [0.03696151698812499, 0.04035975495899999, 0.0381055491825, 0.03751755001875, 0.03872553772499999]}, "coverage": {"1030_ERA": [0.030000000000000027, 0.03500000000000003, 0.04499999999999993, 0.04999999999999993, 0.020000000000000018]}, "complexity": {"1030_ERA": [4, 5, 4, 5, 4]}, "time_all": {"1030_ERA": [99.75655627250671, 88.3881733417511, 92.07008981704712, 82.52978897094727, 96.77168130874634]}, "time_fit": {"1030_ERA": [99.75655627250671, 88.3881733417511, 92.07008981704712, 82.52978897094727, 96.77168130874634]}, "sizes": {"1030_ERA": []}, "tau": 0.9}, "LightGBM": {"losses": {"1030_ERA": [0.03499471787211763, 0.03820712321772044, 0.03641697665024656, 0.03543708395519736, 0.03715637872372977]}, "coverage": {"1030_ERA": [0.04500000000000004, 0.020000000000000018, 0.030000000000000027, 0.030000000000000027, 0.030000000000000027]}, "time_all": {"1030_ERA": [0.31119203567504883, 0.2720520496368408, 0.28847837448120117, 0.2787494659423828, 0.3454151153564453]}, "time_fit": {"1030_ERA": [0.05106210708618164, 0.05967545509338379, 0.04459547996520996, 0.04507946968078613, 0.10175085067749023]}, "sizes": {"1030_ERA": []}, "tau": 0.9}, "DecisionTree": {"losses": {"1030_ERA": [0.03466874999999999, 0.0358, 0.0326375, 0.035318749999999996, 0.035875]}, "coverage": {"1030_ERA": [0.04499999999999993, 0.010000000000000009, 0.05999999999999994, 0.04999999999999993, 0.015000000000000013]}, "complexity": {"1030_ERA": [29, 55, 37, 31, 21]}, "time_all": {"1030_ERA": [0.07149982452392578, 0.0698854923248291, 0.06878900527954102, 0.06838798522949219, 0.06671643257141113]}, "time_fit": {"1030_ERA": [0.004071712493896484, 0.00582122802734375, 0.004610300064086914, 0.004118919372558594, 0.0033681392669677734]}, "sizes": {"1030_ERA": []}, "tau": 0.9}, "LinearQuantile": {"losses": {"1030_ERA": [0.03655239922551445, 0.04202362197134604, 0.036137697349650964, 0.03923087367842947, 0.0432152319460797]}, "coverage": {"1030_ERA": [0.025000000000000022, 0.08500000000000008, 0.010000000000000009, 0.020000000000000018, 0.08999999999999997]}, "complexity": {"1030_ERA": [4, 4, 4, 4, 4]}, "time_all": {"1030_ERA": [0.18307065963745117, 0.3826780319213867, 0.15076637268066406, 0.3436143398284912, 0.36187267303466797]}, "time_fit": {"1030_ERA": [0.015566110610961914, 0.03302454948425293, 0.013113737106323242, 0.03075575828552246, 0.03238105773925781]}, "sizes": {"1030_ERA": []}, "tau": 0.9}}
