{"SQR": {"losses": {"646_fri_c3_500_10": [0.02000788204047022, 0.024904185300260232, 0.020662150337414975, 0.018576931254310876, 0.01614053456004025]}, "coverage": {"646_fri_c3_500_10": [0.07000000000000006, 0.030000000000000027, 0.010000000000000009, 0.04999999999999993, 0.050000000000000044]}, "complexity": {"646_fri_c3_500_10": [10, 7, 10, 13, 12]}, "time_all": {"646_fri_c3_500_10": [95.60110211372375, 85.12697911262512, 87.37752151489258, 85.2396183013916, 90.7798273563385]}, "time_fit": {"646_fri_c3_500_10": [95.60110211372375, 85.12697911262512, 87.37752151489258, 85.2396183013916, 90.7798273563385]}, "sizes": {"646_fri_c3_500_10": []}, "tau": 0.7}, "LightGBM": {"losses": {"646_fri_c3_500_10": [0.023896644434293558, 0.029916441922153265, 0.02902353614554882, 0.02511182140880435, 0.029878866321532933]}, "coverage": {"646_fri_c3_500_10": [0.039999999999999925, 0.029999999999999916, 0.029999999999999916, 0.019999999999999907, 0.010000000000000009]}, "time_all": {"646_fri_c3_500_10": [0.26450395584106445, 0.251781702041626, 0.2200479507446289, 0.2139420509338379, 0.25097227096557617]}, "time_fit": {"646_fri_c3_500_10": [0.04884648323059082, 0.04884934425354004, 0.04694938659667969, 0.045583248138427734, 0.04793214797973633]}, "sizes": {"646_fri_c3_500_10": []}, "tau": 0.7}, "DecisionTree": {"losses": {"646_fri_c3_500_10": [0.03293742911300687, 0.029818307379723, 0.03366809090794399, 0.028361338507816188, 0.02952734024579501]}, "coverage": {"646_fri_c3_500_10": [0.18999999999999995, 0.1399999999999999, 0.029999999999999916, 0.23999999999999994, 0.13]}, "complexity": {"646_fri_c3_500_10": [161, 165, 159, 165, 157]}, "time_all": {"646_fri_c3_500_10": [0.1008610725402832, 0.10094523429870605, 0.09752130508422852, 0.10040664672851562, 0.09934544563293457]}, "time_fit": {"646_fri_c3_500_10": [0.017583131790161133, 0.0177001953125, 0.016590595245361328, 0.017151832580566406, 0.016958951950073242]}, "sizes": {"646_fri_c3_500_10": []}, "tau": 0.7}, "LinearQuantile": {"losses": {"646_fri_c3_500_10": [0.05876034807807355, 0.05467360504315188, 0.06609560492139815, 0.05535482231748985, 0.0628401062788173]}, "coverage": {"646_fri_c3_500_10": [0.20999999999999996, 0.15999999999999992, 0.25999999999999995, 0.24999999999999994, 0.22999999999999998]}, "complexity": {"646_fri_c3_500_10": [10, 10, 10, 10, 10]}, "time_all": {"646_fri_c3_500_10": [0.33550119400024414, 0.4843728542327881, 0.26488375663757324, 0.24254202842712402, 0.2194983959197998]}, "time_fit": {"646_fri_c3_500_10": [0.0292971134185791, 0.03977322578430176, 0.023337364196777344, 0.021265268325805664, 0.019368648529052734]}, "sizes": {"646_fri_c3_500_10": []}, "tau": 0.7}}
