{"SQR": {"losses": {"228_elusage": [0.06264764998388746, 0.06964430005019685, 0.04094959103897136, 0.045182500625955815, 0.0505004256298178]}, "coverage": {"228_elusage": [0.21818181818181825, 0.036363636363636376, 0.23636363636363633, 0.14545454545454545, 0.036363636363636376]}, "complexity": {"228_elusage": [12, 12, 10, 10, 4]}, "time_all": {"228_elusage": [79.67780494689941, 63.8923134803772, 63.627052545547485, 63.191986322402954, 60.41257047653198]}, "time_fit": {"228_elusage": [79.67780494689941, 63.8923134803772, 63.627052545547485, 63.191986322402954, 60.41257047653198]}, "sizes": {"228_elusage": []}, "tau": 0.6}, "LightGBM": {"losses": {"228_elusage": [0.03743806221380084, 0.07459120158496878, 0.12000985426829576, 0.04802140785030942, 0.07866712063753076]}, "coverage": {"228_elusage": [0.12727272727272732, 0.054545454545454564, 0.036363636363636376, 0.12727272727272732, 0.12727272727272732]}, "time_all": {"228_elusage": [0.09308123588562012, 0.0550537109375, 0.0579226016998291, 0.05527782440185547, 0.04722261428833008]}, "time_fit": {"228_elusage": [0.01225423812866211, 0.012115955352783203, 0.014009475708007812, 0.01419520378112793, 0.011983871459960938]}, "sizes": {"228_elusage": []}, "tau": 0.6}, "DecisionTree": {"losses": {"228_elusage": [0.03953647553303276, 0.0593910135307774, 0.046694510368435395, 0.04903587322629119, 0.038046400513037024]}, "coverage": {"228_elusage": [0.21818181818181825, 0.054545454545454564, 0.32727272727272727, 0.14545454545454545, 0.036363636363636376]}, "complexity": {"228_elusage": [3, 17, 7, 17, 7]}, "time_all": {"228_elusage": [0.029349088668823242, 0.02773261070251465, 0.02888798713684082, 0.029250144958496094, 0.02488541603088379]}, "time_fit": {"228_elusage": [0.001725912094116211, 0.002538442611694336, 0.0019345283508300781, 0.002592325210571289, 0.001733541488647461]}, "sizes": {"228_elusage": []}, "tau": 0.6}, "LinearQuantile": {"losses": {"228_elusage": [0.18457382502543426, 0.1682080039486474, 0.16291050468900764, 0.09620523145427737, 0.18494389533164576]}, "coverage": {"228_elusage": [0.23636363636363633, 0.14545454545454545, 0.036363636363636376, 0.12727272727272732, 0.14545454545454545]}, "complexity": {"228_elusage": [2, 2, 2, 2, 2]}, "time_all": {"228_elusage": [0.09056949615478516, 0.07907319068908691, 0.22113490104675293, 0.11759305000305176, 0.2943582534790039]}, "time_fit": {"228_elusage": [0.007357120513916016, 0.006551504135131836, 0.018559694290161133, 0.009896993637084961, 0.023706436157226562]}, "sizes": {"228_elusage": []}, "tau": 0.6}}
