{"SQR": {"losses": {"588_fri_c4_1000_100": [0.018418449569556974, 0.015036111487252484, 0.012054709268322113, 0.01984516213256437, 0.011022478427747196]}, "coverage": {"588_fri_c4_1000_100": [0.07500000000000007, 0.025000000000000022, 0.050000000000000044, 0.025000000000000022, 0.03500000000000003]}, "complexity": {"588_fri_c4_1000_100": [10, 13, 13, 11, 14]}, "time_all": {"588_fri_c4_1000_100": [121.1240439414978, 97.4435863494873, 123.91905093193054, 104.66962790489197, 106.6046392917633]}, "time_fit": {"588_fri_c4_1000_100": [121.1240439414978, 97.4435863494873, 123.91905093193054, 104.66962790489197, 106.6046392917633]}, "sizes": {"588_fri_c4_1000_100": []}, "tau": 0.6}, "LightGBM": {"losses": {"588_fri_c4_1000_100": [0.024267782744187987, 0.024253106813582684, 0.023975503784609088, 0.021665885911636665, 0.02533320727659234]}, "coverage": {"588_fri_c4_1000_100": [0.025000000000000022, 0.08499999999999996, 0.07500000000000007, 0.010000000000000009, 0.015000000000000013]}, "time_all": {"588_fri_c4_1000_100": [0.5781452655792236, 0.49237871170043945, 0.5186069011688232, 0.5088677406311035, 0.518918514251709]}, "time_fit": {"588_fri_c4_1000_100": [0.0867462158203125, 0.08240818977355957, 0.08703446388244629, 0.08157014846801758, 0.08443593978881836]}, "sizes": {"588_fri_c4_1000_100": []}, "tau": 0.6}, "DecisionTree": {"losses": {"588_fri_c4_1000_100": [0.0259477896232397, 0.029791987205553563, 0.024531955054518814, 0.025962892024922402, 0.02675752406800518]}, "coverage": {"588_fri_c4_1000_100": [0.06499999999999995, 0.08999999999999997, 0.050000000000000044, 0.010000000000000009, 0.03500000000000003]}, "complexity": {"588_fri_c4_1000_100": [133, 135, 141, 141, 143]}, "time_all": {"588_fri_c4_1000_100": [1.0213143825531006, 0.7752354145050049, 0.8034229278564453, 0.7853834629058838, 0.8075888156890869]}, "time_fit": {"588_fri_c4_1000_100": [0.10349106788635254, 0.06636357307434082, 0.0699915885925293, 0.06783771514892578, 0.0722196102142334]}, "sizes": {"588_fri_c4_1000_100": []}, "tau": 0.6}, "LinearQuantile": {"losses": {"588_fri_c4_1000_100": [0.061557800022706666, 0.057685306648159636, 0.05831478708327527, 0.05960972657889066, 0.05999322805670776]}, "coverage": {"588_fri_c4_1000_100": [0.125, 0.12, 0.15499999999999997, 0.12, 0.10999999999999999]}, "complexity": {"588_fri_c4_1000_100": [100, 100, 100, 100, 100]}, "time_all": {"588_fri_c4_1000_100": [68.79889607429504, 34.70692467689514, 59.2411847114563, 63.51289439201355, 45.83383393287659]}, "time_fit": {"588_fri_c4_1000_100": [5.998929738998413, 3.008898973464966, 4.696293354034424, 5.222079753875732, 4.029289245605469]}, "sizes": {"588_fri_c4_1000_100": []}, "tau": 0.6}}
