{"SQR": {"losses": {"485_analcatdata_vehicle": [0.09561885807823721, 0.06681181212272125, 0.05884767341704604, 0.04622532771341394, 0.11446669776803846]}, "coverage": {"485_analcatdata_vehicle": [0.09999999999999998, 0.30000000000000004, 0.09999999999999998, 0.16666666666666669, 0.2777777777777778]}, "complexity": {"485_analcatdata_vehicle": [12, 14, 16, 18, 16]}, "time_all": {"485_analcatdata_vehicle": [81.08296537399292, 65.55746698379517, 65.4811909198761, 66.03605723381042, 65.42759203910828]}, "time_fit": {"485_analcatdata_vehicle": [81.08296537399292, 65.55746698379517, 65.4811909198761, 66.03605723381042, 65.42759203910828]}, "sizes": {"485_analcatdata_vehicle": []}, "tau": 0.5}, "LightGBM": {"losses": {"485_analcatdata_vehicle": [0.11625230202578268, 0.10211786372007367, 0.08743093922651934, 0.11535706977695927, 0.15080826683036627]}, "coverage": {"485_analcatdata_vehicle": [0.09999999999999998, 0.4, 0.0, 0.16666666666666669, 0.16666666666666669]}, "time_all": {"485_analcatdata_vehicle": [0.0768890380859375, 0.037540435791015625, 0.036217451095581055, 0.030560016632080078, 0.0319516658782959]}, "time_fit": {"485_analcatdata_vehicle": [0.003961324691772461, 0.004654645919799805, 0.0045320987701416016, 0.0036764144897460938, 0.0037865638732910156]}, "sizes": {"485_analcatdata_vehicle": []}, "tau": 0.5}, "DecisionTree": {"losses": {"485_analcatdata_vehicle": [0.07863720073664826, 0.02265193370165746, 0.037476979742173115, 0.06650296705545325, 0.09069981583793739]}, "coverage": {"485_analcatdata_vehicle": [0.09999999999999998, 0.0, 0.0, 0.05555555555555558, 0.16666666666666669]}, "complexity": {"485_analcatdata_vehicle": [13, 13, 13, 7, 13]}, "time_all": {"485_analcatdata_vehicle": [0.028931856155395508, 0.028946399688720703, 0.02924036979675293, 0.024828672409057617, 0.026819705963134766]}, "time_fit": {"485_analcatdata_vehicle": [0.0024759769439697266, 0.0023925304412841797, 0.0023844242095947266, 0.0017635822296142578, 0.0023088455200195312]}, "sizes": {"485_analcatdata_vehicle": []}, "tau": 0.5}, "LinearQuantile": {"losses": {"485_analcatdata_vehicle": [0.08232596189308479, 0.049130554022147395, 0.0471280681096278, 0.050997294287851144, 0.08931860008716976]}, "coverage": {"485_analcatdata_vehicle": [0.09999999999999998, 0.30000000000000004, 0.09999999999999998, 0.05555555555555558, 0.05555555555555558]}, "complexity": {"485_analcatdata_vehicle": [12, 12, 12, 12, 12]}, "time_all": {"485_analcatdata_vehicle": [0.06361269950866699, 0.0718846321105957, 0.055969953536987305, 0.05264472961425781, 0.14552927017211914]}, "time_fit": {"485_analcatdata_vehicle": [0.0048258304595947266, 0.00592041015625, 0.0044896602630615234, 0.0041964054107666016, 0.012284040451049805]}, "sizes": {"485_analcatdata_vehicle": []}, "tau": 0.5}}
