{"SQR": {"losses": {"593_fri_c1_1000_10": [0.018859484257795444, 0.024549117830282866, 0.02258758969406145, 0.021307370544469025, 0.02703897806873954]}, "coverage": {"593_fri_c1_1000_10": [0.0050000000000000044, 0.040000000000000036, 0.05499999999999994, 0.030000000000000027, 0.010000000000000009]}, "complexity": {"593_fri_c1_1000_10": [13, 12, 13, 10, 10]}, "time_all": {"593_fri_c1_1000_10": [115.60259962081909, 109.50178146362305, 94.79591369628906, 100.34897971153259, 97.21374416351318]}, "time_fit": {"593_fri_c1_1000_10": [115.60259962081909, 109.50178146362305, 94.79591369628906, 100.34897971153259, 97.21374416351318]}, "sizes": {"593_fri_c1_1000_10": []}, "tau": 0.6}, "LightGBM": {"losses": {"593_fri_c1_1000_10": [0.03180786464882548, 0.03222516726885608, 0.03334909116357254, 0.030642712987481956, 0.029650251700219867]}, "coverage": {"593_fri_c1_1000_10": [0.03500000000000003, 0.0, 0.06999999999999995, 0.03500000000000003, 0.0050000000000000044]}, "time_all": {"593_fri_c1_1000_10": [0.4415256977081299, 0.42310547828674316, 0.4292278289794922, 0.400188684463501, 0.4083681106567383]}, "time_fit": {"593_fri_c1_1000_10": [0.07547211647033691, 0.07358479499816895, 0.07493710517883301, 0.07567048072814941, 0.07334160804748535]}, "sizes": {"593_fri_c1_1000_10": []}, "tau": 0.6}, "DecisionTree": {"losses": {"593_fri_c1_1000_10": [0.031260235850907515, 0.035023388957600446, 0.03519600108950502, 0.03494891826361075, 0.033087770147602044]}, "coverage": {"593_fri_c1_1000_10": [0.07999999999999996, 0.06499999999999995, 0.08499999999999996, 0.09499999999999997, 0.030000000000000027]}, "complexity": {"593_fri_c1_1000_10": [325, 141, 61, 323, 323]}, "time_all": {"593_fri_c1_1000_10": [0.19241714477539062, 0.17473125457763672, 0.16970467567443848, 0.1851963996887207, 0.19191217422485352]}, "time_fit": {"593_fri_c1_1000_10": [0.03375816345214844, 0.019927263259887695, 0.013193130493164062, 0.0320737361907959, 0.033533573150634766]}, "sizes": {"593_fri_c1_1000_10": []}, "tau": 0.6}, "LinearQuantile": {"losses": {"593_fri_c1_1000_10": [0.07324287681204492, 0.07155323425189052, 0.07183904056962212, 0.06633782877027326, 0.07039229355847694]}, "coverage": {"593_fri_c1_1000_10": [0.13999999999999996, 0.11499999999999999, 0.16499999999999998, 0.125, 0.125]}, "complexity": {"593_fri_c1_1000_10": [10, 10, 10, 10, 10]}, "time_all": {"593_fri_c1_1000_10": [0.27620911598205566, 0.3215792179107666, 0.4909250736236572, 0.27452588081359863, 0.5070745944976807]}, "time_fit": {"593_fri_c1_1000_10": [0.02391362190246582, 0.02836155891418457, 0.04386115074157715, 0.022632837295532227, 0.04482316970825195]}, "sizes": {"593_fri_c1_1000_10": []}, "tau": 0.6}}
