{"SQR": {"losses": {"591_fri_c1_100_10": [0.028883949809355994, 0.01820982746587088, 0.03700547463596508, 0.014471215571742456, 0.03671002158888601]}, "coverage": {"591_fri_c1_100_10": [0.15000000000000002, 0.050000000000000044, 0.10000000000000009, 0.1499999999999999, 0.0]}, "complexity": {"591_fri_c1_100_10": [10, 9, 14, 14, 10]}, "time_all": {"591_fri_c1_100_10": [79.68156170845032, 68.14233040809631, 64.14269042015076, 64.52390909194946, 67.10823488235474]}, "time_fit": {"591_fri_c1_100_10": [79.68156170845032, 68.14233040809631, 64.14269042015076, 64.52390909194946, 67.10823488235474]}, "sizes": {"591_fri_c1_100_10": []}, "tau": 0.8}, "LightGBM": {"losses": {"591_fri_c1_100_10": [0.04115289570850639, 0.05402439283997299, 0.04813815638172696, 0.04743618856395799, 0.0629583436660088]}, "coverage": {"591_fri_c1_100_10": [0.19999999999999996, 0.15000000000000002, 0.0, 0.10000000000000009, 0.15000000000000002]}, "time_all": {"591_fri_c1_100_10": [0.12525105476379395, 0.09839034080505371, 0.09642529487609863, 0.09163975715637207, 0.06916379928588867]}, "time_fit": {"591_fri_c1_100_10": [0.017259836196899414, 0.020813941955566406, 0.020557403564453125, 0.01451253890991211, 0.014894723892211914]}, "sizes": {"591_fri_c1_100_10": []}, "tau": 0.8}, "DecisionTree": {"losses": {"591_fri_c1_100_10": [0.0382452660292024, 0.03724176494629191, 0.04728713271407652, 0.050622133393062686, 0.05558324625776936]}, "coverage": {"591_fri_c1_100_10": [0.0, 0.15000000000000002, 0.09999999999999998, 0.10000000000000009, 0.25]}, "complexity": {"591_fri_c1_100_10": [33, 13, 3, 13, 13]}, "time_all": {"591_fri_c1_100_10": [0.03639483451843262, 0.03509116172790527, 0.034310102462768555, 0.038094520568847656, 0.03306007385253906]}, "time_fit": {"591_fri_c1_100_10": [0.0043087005615234375, 0.002726316452026367, 0.0018215179443359375, 0.0030243396759033203, 0.0026612281799316406]}, "sizes": {"591_fri_c1_100_10": []}, "tau": 0.8}, "LinearQuantile": {"losses": {"591_fri_c1_100_10": [0.060207215657522094, 0.11685581297216194, 0.10818284827137453, 0.08386040224764842, 0.10292716593541695]}, "coverage": {"591_fri_c1_100_10": [0.20000000000000007, 0.35000000000000003, 0.25, 0.35000000000000003, 0.35000000000000003]}, "complexity": {"591_fri_c1_100_10": [10, 10, 10, 10, 10]}, "time_all": {"591_fri_c1_100_10": [0.41872191429138184, 0.5365025997161865, 0.2935171127319336, 0.7940595149993896, 0.6808350086212158]}, "time_fit": {"591_fri_c1_100_10": [0.036762237548828125, 0.045207977294921875, 0.025376081466674805, 0.0598759651184082, 0.05009031295776367]}, "sizes": {"591_fri_c1_100_10": []}, "tau": 0.8}}
