{"SQR": {"losses": {"602_fri_c3_250_10": [0.029881156329453776, 0.021099669221166083, 0.019584409231995656, 0.02493224562497633, 0.018107095127529862]}, "coverage": {"602_fri_c3_250_10": [0.06000000000000005, 0.12, 0.12, 0.17999999999999994, 0.020000000000000018]}, "complexity": {"602_fri_c3_250_10": [7, 11, 12, 9, 10]}, "time_all": {"602_fri_c3_250_10": [86.41500997543335, 69.17416572570801, 74.72381258010864, 70.13840770721436, 71.361088514328]}, "time_fit": {"602_fri_c3_250_10": [86.41500997543335, 69.17416572570801, 74.72381258010864, 70.13840770721436, 71.361088514328]}, "sizes": {"602_fri_c3_250_10": []}, "tau": 0.7}, "LightGBM": {"losses": {"602_fri_c3_250_10": [0.04462509312544763, 0.037895732084301255, 0.03562084959625144, 0.037505870519346486, 0.02852967480107958]}, "coverage": {"602_fri_c3_250_10": [0.10000000000000009, 0.040000000000000036, 0.039999999999999925, 0.23999999999999994, 0.020000000000000018]}, "time_all": {"602_fri_c3_250_10": [0.18784022331237793, 0.18131613731384277, 0.14444351196289062, 0.1432650089263916, 0.14002656936645508]}, "time_fit": {"602_fri_c3_250_10": [0.033846378326416016, 0.05269908905029297, 0.03329181671142578, 0.03472709655761719, 0.03278183937072754]}, "sizes": {"602_fri_c3_250_10": []}, "tau": 0.7}, "DecisionTree": {"losses": {"602_fri_c3_250_10": [0.0353874689492036, 0.032917438565352924, 0.03683962636199922, 0.042561283732172925, 0.03196194077993865]}, "coverage": {"602_fri_c3_250_10": [0.12, 0.0, 0.09999999999999998, 0.12, 0.05999999999999994]}, "complexity": {"602_fri_c3_250_10": [81, 35, 35, 35, 81]}, "time_all": {"602_fri_c3_250_10": [0.060286521911621094, 0.05290818214416504, 0.053253889083862305, 0.05281686782836914, 0.058142900466918945]}, "time_fit": {"602_fri_c3_250_10": [0.009511947631835938, 0.005227565765380859, 0.005272626876831055, 0.005211830139160156, 0.009171485900878906]}, "sizes": {"602_fri_c3_250_10": []}, "tau": 0.7}, "LinearQuantile": {"losses": {"602_fri_c3_250_10": [0.07005358615251764, 0.06524480087331723, 0.07352924262274942, 0.07083904514418657, 0.052096750750220654]}, "coverage": {"602_fri_c3_250_10": [0.17999999999999994, 0.17999999999999994, 0.31999999999999995, 0.35999999999999993, 0.31999999999999995]}, "complexity": {"602_fri_c3_250_10": [10, 10, 10, 10, 10]}, "time_all": {"602_fri_c3_250_10": [0.21719717979431152, 0.6564974784851074, 0.8294320106506348, 0.33412790298461914, 0.17015480995178223]}, "time_fit": {"602_fri_c3_250_10": [0.018572092056274414, 0.05919599533081055, 0.06352424621582031, 0.028859615325927734, 0.014870166778564453]}, "sizes": {"602_fri_c3_250_10": []}, "tau": 0.7}}
