{"SQR": {"losses": {"628_fri_c3_1000_5": [0.011813017489286806, 0.016889069754517677, 0.01309707474291344, 0.01641595201412192, 0.011946518786557418]}, "coverage": {"628_fri_c3_1000_5": [0.1100000000000001, 0.06499999999999995, 0.07000000000000006, 0.029999999999999916, 0.029999999999999916]}, "complexity": {"628_fri_c3_1000_5": [10, 8, 11, 9, 14]}, "time_all": {"628_fri_c3_1000_5": [127.7714455127716, 100.050288438797, 105.08346343040466, 101.37556672096252, 108.65866494178772]}, "time_fit": {"628_fri_c3_1000_5": [127.7714455127716, 100.050288438797, 105.08346343040466, 101.37556672096252, 108.65866494178772]}, "sizes": {"628_fri_c3_1000_5": []}, "tau": 0.8}, "LightGBM": {"losses": {"628_fri_c3_1000_5": [0.02322482268359316, 0.0210154208087603, 0.019505208114961793, 0.02075994580385159, 0.024177482795556763]}, "coverage": {"628_fri_c3_1000_5": [0.015000000000000013, 0.014999999999999902, 0.0050000000000000044, 0.03499999999999992, 0.010000000000000009]}, "time_all": {"628_fri_c3_1000_5": [0.3867778778076172, 0.32130002975463867, 0.32816171646118164, 0.33669447898864746, 0.3675558567047119]}, "time_fit": {"628_fri_c3_1000_5": [0.06290197372436523, 0.057164907455444336, 0.05528116226196289, 0.05805802345275879, 0.0579068660736084]}, "sizes": {"628_fri_c3_1000_5": []}, "tau": 0.8}, "DecisionTree": {"losses": {"628_fri_c3_1000_5": [0.0205252386605264, 0.02198324103016992, 0.02166895701267076, 0.017691707913417475, 0.02341762896553215]}, "coverage": {"628_fri_c3_1000_5": [0.135, 0.14, 0.030000000000000027, 0.09000000000000008, 0.12]}, "complexity": {"628_fri_c3_1000_5": [323, 135, 41, 315, 135]}, "time_all": {"628_fri_c3_1000_5": [0.1528182029724121, 0.13662242889404297, 0.1313326358795166, 0.15154504776000977, 0.13861632347106934]}, "time_fit": {"628_fri_c3_1000_5": [0.02901768684387207, 0.015412330627441406, 0.007729053497314453, 0.028167009353637695, 0.015509843826293945]}, "sizes": {"628_fri_c3_1000_5": []}, "tau": 0.8}, "LinearQuantile": {"losses": {"628_fri_c3_1000_5": [0.06388072349078462, 0.05956961813706936, 0.05814272141475528, 0.06161592695060673, 0.06325989853204624]}, "coverage": {"628_fri_c3_1000_5": [0.33000000000000007, 0.34500000000000003, 0.335, 0.35000000000000003, 0.28500000000000003]}, "complexity": {"628_fri_c3_1000_5": [5, 5, 5, 5, 5]}, "time_all": {"628_fri_c3_1000_5": [0.15581846237182617, 0.1435871124267578, 0.18229413032531738, 0.27967286109924316, 0.15064573287963867]}, "time_fit": {"628_fri_c3_1000_5": [0.013127326965332031, 0.012335538864135742, 0.015967130661010742, 0.02338719367980957, 0.012896537780761719]}, "sizes": {"628_fri_c3_1000_5": []}, "tau": 0.8}}
