{"SQR": {"losses": {"556_analcatdata_apnea2": [0.0061218589753689705, 0.006591879745215828, 0.004968987516925557, 0.0042483758244550715, 0.008564289927681493]}, "coverage": {"556_analcatdata_apnea2": [0.1578947368421053, 0.17894736842105263, 0.10526315789473684, 0.11578947368421055, 0.08421052631578951]}, "complexity": {"556_analcatdata_apnea2": [8, 9, 8, 7, 7]}, "time_all": {"556_analcatdata_apnea2": [113.92476034164429, 95.00460624694824, 92.5678493976593, 91.27763557434082, 100.22128486633301]}, "time_fit": {"556_analcatdata_apnea2": [113.92476034164429, 95.00460624694824, 92.5678493976593, 91.27763557434082, 100.22128486633301]}, "sizes": {"556_analcatdata_apnea2": []}, "tau": 0.8}, "LightGBM": {"losses": {"556_analcatdata_apnea2": [0.02825900545795245, 0.025400095955120786, 0.01913994758860381, 0.021579538830727222, 0.014580128614518373]}, "coverage": {"556_analcatdata_apnea2": [0.0736842105263158, 0.021052631578947434, 0.11578947368421044, 0.11578947368421044, 0.12631578947368416]}, "time_all": {"556_analcatdata_apnea2": [0.21728992462158203, 0.1783297061920166, 0.1842365264892578, 0.17048001289367676, 0.1651468276977539]}, "time_fit": {"556_analcatdata_apnea2": [0.03559255599975586, 0.03251290321350098, 0.03525996208190918, 0.03770875930786133, 0.03356337547302246]}, "sizes": {"556_analcatdata_apnea2": []}, "tau": 0.8}, "DecisionTree": {"losses": {"556_analcatdata_apnea2": [0.00537066739894255, 0.006974081485199549, 0.004467321063210565, 0.004204584077051028, 0.006807266637705755]}, "coverage": {"556_analcatdata_apnea2": [0.010526315789473717, 0.04210526315789476, 0.042105263157894646, 0.06315789473684208, 0.09473684210526323]}, "complexity": {"556_analcatdata_apnea2": [135, 55, 57, 55, 127]}, "time_all": {"556_analcatdata_apnea2": [0.06667494773864746, 0.057668447494506836, 0.05876350402832031, 0.05807137489318848, 0.06213116645812988]}, "time_fit": {"556_analcatdata_apnea2": [0.011720895767211914, 0.00565338134765625, 0.005866050720214844, 0.0057220458984375, 0.01060795783996582]}, "sizes": {"556_analcatdata_apnea2": []}, "tau": 0.8}, "LinearQuantile": {"losses": {"556_analcatdata_apnea2": [0.03253537769645091, 0.024966005276437244, 0.02301565273213432, 0.027508809260190073, 0.020421133660767237]}, "coverage": {"556_analcatdata_apnea2": [0.06315789473684219, 0.136842105263158, 0.05263157894736836, 0.021052631578947323, 0.010526315789473717]}, "complexity": {"556_analcatdata_apnea2": [11, 11, 11, 11, 11]}, "time_all": {"556_analcatdata_apnea2": [0.7206528186798096, 4.836485385894775, 0.3122236728668213, 0.40186071395874023, 0.21985983848571777]}, "time_fit": {"556_analcatdata_apnea2": [0.06409168243408203, 0.5950007438659668, 0.028861045837402344, 0.034567832946777344, 0.019367218017578125]}, "sizes": {"556_analcatdata_apnea2": []}, "tau": 0.8}}
