{"SQR": {"losses": {"617_fri_c3_500_5": [0.014401216889422152, 0.009944266529233445, 0.009975913691281152, 0.016497149231727796, 0.02156096322896485]}, "coverage": {"617_fri_c3_500_5": [0.08999999999999997, 0.020000000000000018, 0.06999999999999995, 0.07000000000000006, 0.13]}, "complexity": {"617_fri_c3_500_5": [10, 13, 14, 11, 9]}, "time_all": {"617_fri_c3_500_5": [113.14912509918213, 88.56832456588745, 88.80317783355713, 87.8969087600708, 85.30763745307922]}, "time_fit": {"617_fri_c3_500_5": [113.14912509918213, 88.56832456588745, 88.80317783355713, 87.8969087600708, 85.30763745307922]}, "sizes": {"617_fri_c3_500_5": []}, "tau": 0.8}, "LightGBM": {"losses": {"617_fri_c3_500_5": [0.025254369803455304, 0.023314260885172154, 0.01826616393642747, 0.02228556865371877, 0.027231745127954118]}, "coverage": {"617_fri_c3_500_5": [0.029999999999999916, 0.019999999999999907, 0.0, 0.029999999999999916, 0.09000000000000008]}, "time_all": {"617_fri_c3_500_5": [0.24216246604919434, 0.2174210548400879, 0.22804713249206543, 0.20490360260009766, 0.1900653839111328]}, "time_fit": {"617_fri_c3_500_5": [0.04310441017150879, 0.03798031806945801, 0.04132962226867676, 0.038657188415527344, 0.040412187576293945]}, "sizes": {"617_fri_c3_500_5": []}, "tau": 0.8}, "DecisionTree": {"losses": {"617_fri_c3_500_5": [0.02244916116145642, 0.021360642042766897, 0.021772270605112155, 0.019715346007008132, 0.024603376242543388]}, "coverage": {"617_fri_c3_500_5": [0.06000000000000005, 0.08000000000000007, 0.06000000000000005, 0.040000000000000036, 0.21000000000000008]}, "complexity": {"617_fri_c3_500_5": [165, 65, 67, 67, 157]}, "time_all": {"617_fri_c3_500_5": [0.0870065689086914, 0.0752108097076416, 0.07494258880615234, 0.07645750045776367, 0.08265829086303711]}, "time_fit": {"617_fri_c3_500_5": [0.015717029571533203, 0.007961273193359375, 0.007889270782470703, 0.008188009262084961, 0.014722347259521484]}, "sizes": {"617_fri_c3_500_5": []}, "tau": 0.8}, "LinearQuantile": {"losses": {"617_fri_c3_500_5": [0.05793234890738529, 0.05556921451303774, 0.050414537888172815, 0.055319551246648335, 0.0663947688836256]}, "coverage": {"617_fri_c3_500_5": [0.27, 0.31000000000000005, 0.31000000000000005, 0.28, 0.36000000000000004]}, "complexity": {"617_fri_c3_500_5": [5, 5, 5, 5, 5]}, "time_all": {"617_fri_c3_500_5": [0.09208297729492188, 0.19103407859802246, 0.16373085975646973, 0.1419205665588379, 0.21599245071411133]}, "time_fit": {"617_fri_c3_500_5": [0.007241725921630859, 0.016573190689086914, 0.014306068420410156, 0.012319087982177734, 0.018831491470336914]}, "sizes": {"617_fri_c3_500_5": []}, "tau": 0.8}}
