{"SQR": {"losses": {"583_fri_c1_1000_50": [0.024452539878636093, 0.01111030482701892, 0.0116722658355876, 0.021463559205835276, 0.01315505983527036]}, "coverage": {"583_fri_c1_1000_50": [0.030000000000000027, 0.05500000000000005, 0.010000000000000009, 0.0050000000000000044, 0.025000000000000022]}, "complexity": {"583_fri_c1_1000_50": [11, 15, 14, 12, 14]}, "time_all": {"583_fri_c1_1000_50": [118.00761008262634, 116.2942271232605, 121.95258736610413, 105.23403263092041, 111.91098093986511]}, "time_fit": {"583_fri_c1_1000_50": [118.00761008262634, 116.2942271232605, 121.95258736610413, 105.23403263092041, 111.91098093986511]}, "sizes": {"583_fri_c1_1000_50": []}, "tau": 0.6}, "LightGBM": {"losses": {"583_fri_c1_1000_50": [0.03340758900703237, 0.03889314384145179, 0.033258086040025385, 0.036701575751710735, 0.035864195371281625]}, "coverage": {"583_fri_c1_1000_50": [0.0050000000000000044, 0.0050000000000000044, 0.020000000000000018, 0.04499999999999993, 0.03500000000000003]}, "time_all": {"583_fri_c1_1000_50": [0.5193691253662109, 0.49073100090026855, 0.49198341369628906, 0.4762253761291504, 0.49102067947387695]}, "time_fit": {"583_fri_c1_1000_50": [0.08693838119506836, 0.08712148666381836, 0.08231973648071289, 0.08286428451538086, 0.08492851257324219]}, "sizes": {"583_fri_c1_1000_50": []}, "tau": 0.6}, "DecisionTree": {"losses": {"583_fri_c1_1000_50": [0.04150623744283434, 0.038539376194425115, 0.03766805661545125, 0.037588109817079704, 0.03821494446954767]}, "coverage": {"583_fri_c1_1000_50": [0.0, 0.05499999999999994, 0.05999999999999994, 0.015000000000000013, 0.025000000000000022]}, "complexity": {"583_fri_c1_1000_50": [139, 139, 139, 137, 59]}, "time_all": {"583_fri_c1_1000_50": [0.4960756301879883, 0.48750901222229004, 0.4684460163116455, 0.4931645393371582, 0.44943904876708984]}, "time_fit": {"583_fri_c1_1000_50": [0.05512857437133789, 0.05421638488769531, 0.04883623123168945, 0.05537915229797363, 0.03464341163635254]}, "sizes": {"583_fri_c1_1000_50": []}, "tau": 0.6}, "LinearQuantile": {"losses": {"583_fri_c1_1000_50": [0.07597771462298926, 0.07694934027660917, 0.07510112174422662, 0.07826221071435129, 0.08212809992435903]}, "coverage": {"583_fri_c1_1000_50": [0.13499999999999995, 0.08499999999999996, 0.16499999999999998, 0.13, 0.10999999999999999]}, "complexity": {"583_fri_c1_1000_50": [50, 50, 50, 50, 50]}, "time_all": {"583_fri_c1_1000_50": [12.650960445404053, 12.093127965927124, 14.705999612808228, 7.381985425949097, 4.759758234024048]}, "time_fit": {"583_fri_c1_1000_50": [1.1319801807403564, 0.9834871292114258, 1.189556360244751, 0.641625165939331, 0.3863503932952881]}, "sizes": {"583_fri_c1_1000_50": []}, "tau": 0.6}}
