{"SQR": {"losses": {"620_fri_c1_1000_25": [0.01557090648157482, 0.019869782848528878, 0.01255210734152679, 0.00763317303876531, 0.014582700548218076]}, "coverage": {"620_fri_c1_1000_25": [0.04499999999999993, 0.050000000000000044, 0.04500000000000004, 0.0050000000000000044, 0.09000000000000008]}, "complexity": {"620_fri_c1_1000_25": [13, 8, 13, 13, 13]}, "time_all": {"620_fri_c1_1000_25": [117.29400062561035, 107.2408504486084, 101.57985734939575, 121.74143385887146, 116.75829720497131]}, "time_fit": {"620_fri_c1_1000_25": [117.29400062561035, 107.2408504486084, 101.57985734939575, 121.74143385887146, 116.75829720497131]}, "sizes": {"620_fri_c1_1000_25": []}, "tau": 0.8}, "LightGBM": {"losses": {"620_fri_c1_1000_25": [0.02854849986168675, 0.030279873756871023, 0.028821125998884606, 0.02347079931997672, 0.027310270573450642]}, "coverage": {"620_fri_c1_1000_25": [0.030000000000000027, 0.0, 0.010000000000000009, 0.039999999999999925, 0.040000000000000036]}, "time_all": {"620_fri_c1_1000_25": [0.44250035285949707, 0.3685910701751709, 0.3913147449493408, 0.38075733184814453, 0.40138673782348633]}, "time_fit": {"620_fri_c1_1000_25": [0.09019112586975098, 0.06561017036437988, 0.06699371337890625, 0.06642937660217285, 0.06714701652526855]}, "sizes": {"620_fri_c1_1000_25": []}, "tau": 0.8}, "DecisionTree": {"losses": {"620_fri_c1_1000_25": [0.023420377052088926, 0.027772240466033417, 0.028220579184159884, 0.02604902393272291, 0.025814767707173565]}, "coverage": {"620_fri_c1_1000_25": [0.05500000000000005, 0.030000000000000027, 0.08500000000000008, 0.05500000000000005, 0.040000000000000036]}, "complexity": {"620_fri_c1_1000_25": [65, 41, 65, 63, 61]}, "time_all": {"620_fri_c1_1000_25": [0.28256940841674805, 0.2799954414367676, 0.2710871696472168, 0.2829165458679199, 0.2820558547973633]}, "time_fit": {"620_fri_c1_1000_25": [0.023825883865356445, 0.01976776123046875, 0.02174854278564453, 0.023356914520263672, 0.023063182830810547]}, "sizes": {"620_fri_c1_1000_25": []}, "tau": 0.8}, "LinearQuantile": {"losses": {"620_fri_c1_1000_25": [0.07013754228177951, 0.07083551976599099, 0.07230070731065852, 0.0716145596441988, 0.07360829146678073]}, "coverage": {"620_fri_c1_1000_25": [0.32500000000000007, 0.33000000000000007, 0.31500000000000006, 0.31500000000000006, 0.34500000000000003]}, "complexity": {"620_fri_c1_1000_25": [25, 25, 25, 25, 25]}, "time_all": {"620_fri_c1_1000_25": [5.061016082763672, 1.2581799030303955, 1.382267951965332, 1.2730448246002197, 1.0858724117279053]}, "time_fit": {"620_fri_c1_1000_25": [0.32134246826171875, 0.09189128875732422, 0.11507916450500488, 0.11115217208862305, 0.09838557243347168]}, "sizes": {"620_fri_c1_1000_25": []}, "tau": 0.8}}
