{"SQR": {"losses": {"589_fri_c2_1000_25": [0.008984881038175168, 0.018992044584815286, 0.009988290362805663, 0.030226459475343068, 0.011167070620138237]}, "coverage": {"589_fri_c2_1000_25": [0.0, 0.015000000000000013, 0.050000000000000044, 0.0050000000000000044, 0.010000000000000009]}, "complexity": {"589_fri_c2_1000_25": [16, 11, 15, 6, 19]}, "time_all": {"589_fri_c2_1000_25": [127.61937260627747, 112.23400592803955, 121.30063319206238, 102.32540249824524, 101.97552394866943]}, "time_fit": {"589_fri_c2_1000_25": [127.61937260627747, 112.23400592803955, 121.30063319206238, 102.32540249824524, 101.97552394866943]}, "sizes": {"589_fri_c2_1000_25": []}, "tau": 0.7}, "LightGBM": {"losses": {"589_fri_c2_1000_25": [0.03152328295220778, 0.029982403240920705, 0.02923314813191699, 0.028362839272635835, 0.03104320191743924]}, "coverage": {"589_fri_c2_1000_25": [0.03499999999999992, 0.04500000000000004, 0.030000000000000027, 0.010000000000000009, 0.014999999999999902]}, "time_all": {"589_fri_c2_1000_25": [0.44028401374816895, 0.3948805332183838, 0.4044191837310791, 0.39820098876953125, 0.3954157829284668]}, "time_fit": {"589_fri_c2_1000_25": [0.07627987861633301, 0.07620906829833984, 0.07359480857849121, 0.07649540901184082, 0.07915902137756348]}, "sizes": {"589_fri_c2_1000_25": []}, "tau": 0.7}, "DecisionTree": {"losses": {"589_fri_c2_1000_25": [0.0330182315025237, 0.031235726487774625, 0.03062056514785245, 0.0315486090360004, 0.0330301456969803]}, "coverage": {"589_fri_c2_1000_25": [0.06499999999999995, 0.015000000000000013, 0.03499999999999992, 0.10999999999999999, 0.10999999999999999]}, "complexity": {"589_fri_c2_1000_25": [63, 61, 137, 61, 131]}, "time_all": {"589_fri_c2_1000_25": [0.2866365909576416, 0.28168773651123047, 0.29291677474975586, 0.26171112060546875, 0.29256677627563477]}, "time_fit": {"589_fri_c2_1000_25": [0.023482799530029297, 0.02286219596862793, 0.03251385688781738, 0.020511388778686523, 0.02947545051574707]}, "sizes": {"589_fri_c2_1000_25": []}, "tau": 0.7}, "LinearQuantile": {"losses": {"589_fri_c2_1000_25": [0.07188593189213285, 0.07114002092307342, 0.0726560625697655, 0.07012263401549182, 0.07505729845137042]}, "coverage": {"589_fri_c2_1000_25": [0.23499999999999993, 0.24999999999999994, 0.22499999999999998, 0.18999999999999995, 0.21499999999999997]}, "complexity": {"589_fri_c2_1000_25": [25, 25, 25, 25, 25]}, "time_all": {"589_fri_c2_1000_25": [1.7551326751708984, 1.296189785003662, 2.5622050762176514, 0.6090083122253418, 7.841364145278931]}, "time_fit": {"589_fri_c2_1000_25": [0.10478043556213379, 0.11271905899047852, 0.16554903984069824, 0.05570244789123535, 0.3185257911682129]}, "sizes": {"589_fri_c2_1000_25": []}, "tau": 0.7}}
