{"SQR": {"losses": {"583_fri_c1_1000_50": [0.014433110930529323, 0.030417193478202494, 0.010160324916037982, 0.010897579809125403, 0.01344716385997694]}, "coverage": {"583_fri_c1_1000_50": [0.010000000000000009, 0.03499999999999992, 0.019999999999999907, 0.015000000000000013, 0.014999999999999902]}, "complexity": {"583_fri_c1_1000_50": [16, 8, 15, 12, 13]}, "time_all": {"583_fri_c1_1000_50": [115.85312485694885, 109.1148931980133, 120.31690979003906, 112.65974473953247, 99.9086217880249]}, "time_fit": {"583_fri_c1_1000_50": [115.85312485694885, 109.1148931980133, 120.31690979003906, 112.65974473953247, 99.9086217880249]}, "sizes": {"583_fri_c1_1000_50": []}, "tau": 0.7}, "LightGBM": {"losses": {"583_fri_c1_1000_50": [0.03266294366317635, 0.037202517870787336, 0.034155255201436925, 0.0380390977901163, 0.03497890829556471]}, "coverage": {"583_fri_c1_1000_50": [0.015000000000000013, 0.0050000000000000044, 0.020000000000000018, 0.03499999999999992, 0.019999999999999907]}, "time_all": {"583_fri_c1_1000_50": [0.5093429088592529, 0.4824187755584717, 0.4539024829864502, 0.476193904876709, 0.4470839500427246]}, "time_fit": {"583_fri_c1_1000_50": [0.08556485176086426, 0.08112668991088867, 0.08237409591674805, 0.07709527015686035, 0.08060526847839355]}, "sizes": {"583_fri_c1_1000_50": []}, "tau": 0.7}, "DecisionTree": {"losses": {"583_fri_c1_1000_50": [0.0386683706595825, 0.03573712591469128, 0.03400302372423308, 0.03456467478181012, 0.03485353812508847]}, "coverage": {"583_fri_c1_1000_50": [0.039999999999999925, 0.06499999999999995, 0.07499999999999996, 0.03499999999999992, 0.029999999999999916]}, "complexity": {"583_fri_c1_1000_50": [139, 139, 139, 137, 59]}, "time_all": {"583_fri_c1_1000_50": [0.48903894424438477, 0.417757511138916, 0.46070218086242676, 0.46466851234436035, 0.46086883544921875]}, "time_fit": {"583_fri_c1_1000_50": [0.05589771270751953, 0.04220438003540039, 0.0481419563293457, 0.04822587966918945, 0.03714895248413086]}, "sizes": {"583_fri_c1_1000_50": []}, "tau": 0.7}, "LinearQuantile": {"losses": {"583_fri_c1_1000_50": [0.07713034776223918, 0.07578288927135808, 0.07638770234666514, 0.07855613168657705, 0.08343553021065751]}, "coverage": {"583_fri_c1_1000_50": [0.24499999999999994, 0.17499999999999993, 0.24999999999999994, 0.23499999999999993, 0.20999999999999996]}, "complexity": {"583_fri_c1_1000_50": [50, 50, 50, 50, 50]}, "time_all": {"583_fri_c1_1000_50": [12.901704788208008, 7.844160079956055, 12.256244659423828, 11.750000715255737, 6.243585824966431]}, "time_fit": {"583_fri_c1_1000_50": [1.1531038284301758, 0.6289548873901367, 1.0469932556152344, 0.9790897369384766, 0.5509908199310303]}, "sizes": {"583_fri_c1_1000_50": []}, "tau": 0.7}}
