{"SQR": {"losses": {"618_fri_c3_1000_50": [0.008729443108685665, 0.006203888585699775, 0.011246997434305241, 0.005510962261910137, 0.008779012159306113]}, "coverage": {"618_fri_c3_1000_50": [0.010000000000000009, 0.020000000000000018, 0.015000000000000013, 0.0050000000000000044, 0.015000000000000013]}, "complexity": {"618_fri_c3_1000_50": [13, 14, 6, 16, 12]}, "time_all": {"618_fri_c3_1000_50": [118.05737209320068, 103.88276863098145, 97.33954215049744, 107.98163485527039, 103.10983681678772]}, "time_fit": {"618_fri_c3_1000_50": [118.05737209320068, 103.88276863098145, 97.33954215049744, 107.98163485527039, 103.10983681678772]}, "sizes": {"618_fri_c3_1000_50": []}, "tau": 0.9}, "LightGBM": {"losses": {"618_fri_c3_1000_50": [0.017744794296314762, 0.015469215978965258, 0.017854266476497176, 0.015010188061036184, 0.017652682723150733]}, "coverage": {"618_fri_c3_1000_50": [0.03500000000000003, 0.010000000000000009, 0.015000000000000013, 0.010000000000000009, 0.020000000000000018]}, "time_all": {"618_fri_c3_1000_50": [0.42354774475097656, 0.36234450340270996, 0.3377702236175537, 0.3737466335296631, 0.34653568267822266]}, "time_fit": {"618_fri_c3_1000_50": [0.06362199783325195, 0.06152081489562988, 0.061219215393066406, 0.06121349334716797, 0.06085920333862305]}, "sizes": {"618_fri_c3_1000_50": []}, "tau": 0.9}, "DecisionTree": {"losses": {"618_fri_c3_1000_50": [0.013164590837219613, 0.01245869766463852, 0.014253330642484791, 0.013925368370506584, 0.01552593290805745]}, "coverage": {"618_fri_c3_1000_50": [0.04500000000000004, 0.03500000000000003, 0.015000000000000013, 0.0050000000000000044, 0.050000000000000044]}, "complexity": {"618_fri_c3_1000_50": [65, 61, 37, 33, 35]}, "time_all": {"618_fri_c3_1000_50": [0.5478224754333496, 0.5376474857330322, 0.5217270851135254, 0.5160434246063232, 0.504840612411499]}, "time_fit": {"618_fri_c3_1000_50": [0.04825782775878906, 0.04774069786071777, 0.03591775894165039, 0.03553652763366699, 0.03327322006225586]}, "sizes": {"618_fri_c3_1000_50": []}, "tau": 0.9}, "LinearQuantile": {"losses": {"618_fri_c3_1000_50": [0.0722283646459623, 0.06100256310802815, 0.06837277404201672, 0.06800140034621595, 0.0676357700043127]}, "coverage": {"618_fri_c3_1000_50": [0.47500000000000003, 0.405, 0.43000000000000005, 0.47500000000000003, 0.435]}, "complexity": {"618_fri_c3_1000_50": [50, 50, 50, 50, 50]}, "time_all": {"618_fri_c3_1000_50": [35.62238621711731, 23.08521556854248, 24.519527673721313, 6.500530242919922, 7.571666717529297]}, "time_fit": {"618_fri_c3_1000_50": [2.2464802265167236, 2.061765193939209, 2.1463499069213867, 0.49646902084350586, 0.6327476501464844]}, "sizes": {"618_fri_c3_1000_50": []}, "tau": 0.9}}
