{"SQR": {"losses": {"644_fri_c4_250_25": [0.00921725292062154, 0.01077110447985444, 0.012992425880681842, 0.007568954859165274, 0.01331724802759917]}, "coverage": {"644_fri_c4_250_25": [0.039999999999999925, 0.09999999999999998, 0.07999999999999996, 0.12, 0.08000000000000007]}, "complexity": {"644_fri_c4_250_25": [13, 11, 16, 13, 6]}, "time_all": {"644_fri_c4_250_25": [87.70185494422913, 73.21740937232971, 75.55025744438171, 77.36042809486389, 72.02001357078552]}, "time_fit": {"644_fri_c4_250_25": [87.70185494422913, 73.21740937232971, 75.55025744438171, 77.36042809486389, 72.02001357078552]}, "sizes": {"644_fri_c4_250_25": []}, "tau": 0.9}, "LightGBM": {"losses": {"644_fri_c4_250_25": [0.017772465132169984, 0.02119718248668477, 0.023544997523870397, 0.026489381656404565, 0.02038533511645675]}, "coverage": {"644_fri_c4_250_25": [0.020000000000000018, 0.020000000000000018, 0.06000000000000005, 0.08000000000000007, 0.040000000000000036]}, "time_all": {"644_fri_c4_250_25": [0.17022943496704102, 0.15197205543518066, 0.13118910789489746, 0.13481402397155762, 0.12414360046386719]}, "time_fit": {"644_fri_c4_250_25": [0.029512643814086914, 0.03417086601257324, 0.0289309024810791, 0.03113102912902832, 0.02727055549621582]}, "sizes": {"644_fri_c4_250_25": []}, "tau": 0.9}, "DecisionTree": {"losses": {"644_fri_c4_250_25": [0.018101860448064274, 0.022496601792533957, 0.02014259074295624, 0.02416517029125144, 0.020323906863765017]}, "coverage": {"644_fri_c4_250_25": [0.040000000000000036, 0.0, 0.0, 0.040000000000000036, 0.14]}, "complexity": {"644_fri_c4_250_25": [7, 7, 9, 9, 39]}, "time_all": {"644_fri_c4_250_25": [0.06585311889648438, 0.06465506553649902, 0.06458854675292969, 0.06553387641906738, 0.06691503524780273]}, "time_fit": {"644_fri_c4_250_25": [0.003522634506225586, 0.003398418426513672, 0.0038199424743652344, 0.003884553909301758, 0.00746464729309082]}, "sizes": {"644_fri_c4_250_25": []}, "tau": 0.9}, "LinearQuantile": {"losses": {"644_fri_c4_250_25": [0.08369150705834759, 0.06686325172082205, 0.09169705222630442, 0.09690907256875815, 0.07533725352255209]}, "coverage": {"644_fri_c4_250_25": [0.54, 0.4, 0.4, 0.4, 0.38]}, "complexity": {"644_fri_c4_250_25": [25, 25, 25, 25, 25]}, "time_all": {"644_fri_c4_250_25": [3.4760329723358154, 0.38317012786865234, 2.12168025970459, 0.8706116676330566, 0.9237308502197266]}, "time_fit": {"644_fri_c4_250_25": [0.24413490295410156, 0.032029151916503906, 0.15448904037475586, 0.06410837173461914, 0.0642852783203125]}, "sizes": {"644_fri_c4_250_25": []}, "tau": 0.9}}
