{"SQR": {"losses": {"608_fri_c3_1000_10": [0.01880917255586515, 0.011309057668991922, 0.013991322771665437, 0.015455229668944873, 0.020870558126520573]}, "coverage": {"608_fri_c3_1000_10": [0.08000000000000002, 0.040000000000000036, 0.05500000000000005, 0.06, 0.09999999999999998]}, "complexity": {"608_fri_c3_1000_10": [9, 15, 17, 12, 9]}, "time_all": {"608_fri_c3_1000_10": [120.05651998519897, 103.23616027832031, 110.99572587013245, 103.06925654411316, 102.16804504394531]}, "time_fit": {"608_fri_c3_1000_10": [120.05651998519897, 103.23616027832031, 110.99572587013245, 103.06925654411316, 102.16804504394531]}, "sizes": {"608_fri_c3_1000_10": []}, "tau": 0.5}, "LightGBM": {"losses": {"608_fri_c3_1000_10": [0.019612188505492813, 0.02643766502392663, 0.025358468326149783, 0.024076743693100183, 0.019172701893787204]}, "coverage": {"608_fri_c3_1000_10": [0.044999999999999984, 0.07499999999999996, 0.04500000000000004, 0.030000000000000027, 0.04999999999999999]}, "time_all": {"608_fri_c3_1000_10": [0.4427971839904785, 0.38892126083374023, 0.38265562057495117, 0.4066498279571533, 0.41905975341796875]}, "time_fit": {"608_fri_c3_1000_10": [0.07507038116455078, 0.07446551322937012, 0.0717315673828125, 0.07648134231567383, 0.07895636558532715]}, "sizes": {"608_fri_c3_1000_10": []}, "tau": 0.5}, "DecisionTree": {"losses": {"608_fri_c3_1000_10": [0.02269416461361499, 0.027229421687444567, 0.022198610305999143, 0.02857533748020699, 0.025319583257690473]}, "coverage": {"608_fri_c3_1000_10": [0.0, 0.015000000000000013, 0.0, 0.03500000000000003, 0.0050000000000000044]}, "complexity": {"608_fri_c3_1000_10": [325, 323, 321, 333, 143]}, "time_all": {"608_fri_c3_1000_10": [0.19778966903686523, 0.19257116317749023, 0.19409704208374023, 0.18924641609191895, 0.17984557151794434]}, "time_fit": {"608_fri_c3_1000_10": [0.035134315490722656, 0.0333256721496582, 0.03408002853393555, 0.03447461128234863, 0.020033836364746094]}, "sizes": {"608_fri_c3_1000_10": []}, "tau": 0.5}, "LinearQuantile": {"losses": {"608_fri_c3_1000_10": [0.05175759223513986, 0.06141646460826947, 0.05668786539562548, 0.05406855973101159, 0.04965271468868276]}, "coverage": {"608_fri_c3_1000_10": [0.04999999999999999, 0.04999999999999999, 0.010000000000000009, 0.015000000000000013, 0.04999999999999999]}, "complexity": {"608_fri_c3_1000_10": [10, 10, 10, 10, 10]}, "time_all": {"608_fri_c3_1000_10": [0.8659944534301758, 0.324169397354126, 0.56573486328125, 0.36416172981262207, 0.47315311431884766]}, "time_fit": {"608_fri_c3_1000_10": [0.07448029518127441, 0.026755332946777344, 0.04414987564086914, 0.02982163429260254, 0.03695535659790039]}, "sizes": {"608_fri_c3_1000_10": []}, "tau": 0.5}}
