{"SQR": {"losses": {"617_fri_c3_500_5": [0.008786944829768889, 0.010956304495167508, 0.005914059395365648, 0.0058656238685881636, 0.006016122083290539]}, "coverage": {"617_fri_c3_500_5": [0.020000000000000018, 0.020000000000000018, 0.039999999999999925, 0.010000000000000009, 0.08999999999999997]}, "complexity": {"617_fri_c3_500_5": [11, 9, 13, 16, 13]}, "time_all": {"617_fri_c3_500_5": [100.67111325263977, 91.7632257938385, 98.77459192276001, 90.61832523345947, 88.02322268486023]}, "time_fit": {"617_fri_c3_500_5": [100.67111325263977, 91.7632257938385, 98.77459192276001, 90.61832523345947, 88.02322268486023]}, "sizes": {"617_fri_c3_500_5": []}, "tau": 0.9}, "LightGBM": {"losses": {"617_fri_c3_500_5": [0.01775959742859501, 0.018585365224855516, 0.012107871449355075, 0.015633614463835203, 0.0168707784756134]}, "coverage": {"617_fri_c3_500_5": [0.0, 0.010000000000000009, 0.030000000000000027, 0.010000000000000009, 0.040000000000000036]}, "time_all": {"617_fri_c3_500_5": [0.22898602485656738, 0.17729878425598145, 0.21344280242919922, 0.1671288013458252, 0.18942904472351074]}, "time_fit": {"617_fri_c3_500_5": [0.04141950607299805, 0.03969240188598633, 0.04286313056945801, 0.035863399505615234, 0.03832364082336426]}, "sizes": {"617_fri_c3_500_5": []}, "tau": 0.9}, "DecisionTree": {"losses": {"617_fri_c3_500_5": [0.01590724728330397, 0.012452627600330021, 0.014471535147343444, 0.012430497244583593, 0.019486458719218454]}, "coverage": {"617_fri_c3_500_5": [0.10999999999999999, 0.050000000000000044, 0.07000000000000006, 0.06000000000000005, 0.17000000000000004]}, "complexity": {"617_fri_c3_500_5": [165, 65, 67, 29, 31]}, "time_all": {"617_fri_c3_500_5": [0.08744955062866211, 0.07584762573242188, 0.07480144500732422, 0.07361578941345215, 0.0719306468963623]}, "time_fit": {"617_fri_c3_500_5": [0.01557016372680664, 0.007953643798828125, 0.007815122604370117, 0.005152463912963867, 0.005007266998291016]}, "sizes": {"617_fri_c3_500_5": []}, "tau": 0.9}, "LinearQuantile": {"losses": {"617_fri_c3_500_5": [0.05869367284433654, 0.05405045640122027, 0.0519811863003572, 0.05485760834240131, 0.06777583383197906]}, "coverage": {"617_fri_c3_500_5": [0.38, 0.4, 0.41000000000000003, 0.38, 0.46]}, "complexity": {"617_fri_c3_500_5": [5, 5, 5, 5, 5]}, "time_all": {"617_fri_c3_500_5": [0.1344132423400879, 0.17412734031677246, 2.1181111335754395, 0.5568780899047852, 0.155745267868042]}, "time_fit": {"617_fri_c3_500_5": [0.011029243469238281, 0.015175104141235352, 0.12735652923583984, 0.048209190368652344, 0.013649940490722656]}, "sizes": {"617_fri_c3_500_5": []}, "tau": 0.9}}
