{"SQR": {"losses": {"615_fri_c4_250_10": [0.022340462261725546, 0.01710667618469856, 0.024073204378799864, 0.012454775139545606, 0.022404194518887328]}, "coverage": {"615_fri_c4_250_10": [0.19999999999999996, 0.0, 0.039999999999999925, 0.0, 0.10000000000000009]}, "complexity": {"615_fri_c4_250_10": [8, 14, 10, 12, 11]}, "time_all": {"615_fri_c4_250_10": [94.11145210266113, 78.82966756820679, 79.96434688568115, 72.9183087348938, 74.68112540245056]}, "time_fit": {"615_fri_c4_250_10": [94.11145210266113, 78.82966756820679, 79.96434688568115, 72.9183087348938, 74.68112540245056]}, "sizes": {"615_fri_c4_250_10": []}, "tau": 0.7}, "LightGBM": {"losses": {"615_fri_c4_250_10": [0.03239233025212053, 0.030779741062333794, 0.03791415682477864, 0.037122777723774175, 0.047725804003992005]}, "coverage": {"615_fri_c4_250_10": [0.039999999999999925, 0.12, 0.08000000000000007, 0.040000000000000036, 0.039999999999999925]}, "time_all": {"615_fri_c4_250_10": [0.187225341796875, 0.16907000541687012, 0.13872766494750977, 0.14689111709594727, 0.17211532592773438]}, "time_fit": {"615_fri_c4_250_10": [0.032243967056274414, 0.0399022102355957, 0.032433271408081055, 0.032233238220214844, 0.04427957534790039]}, "sizes": {"615_fri_c4_250_10": []}, "tau": 0.7}, "DecisionTree": {"losses": {"615_fri_c4_250_10": [0.037464821781477226, 0.030836467515518457, 0.03385691395171068, 0.03434433485098703, 0.04472676810087335]}, "coverage": {"615_fri_c4_250_10": [0.039999999999999925, 0.27999999999999997, 0.039999999999999925, 0.0, 0.1399999999999999]}, "complexity": {"615_fri_c4_250_10": [83, 79, 81, 77, 83]}, "time_all": {"615_fri_c4_250_10": [0.05850982666015625, 0.05626797676086426, 0.05692315101623535, 0.05639958381652832, 0.05757021903991699]}, "time_fit": {"615_fri_c4_250_10": [0.009135723114013672, 0.008783578872680664, 0.00907444953918457, 0.008686065673828125, 0.008875608444213867]}, "sizes": {"615_fri_c4_250_10": []}, "tau": 0.7}, "LinearQuantile": {"losses": {"615_fri_c4_250_10": [0.05484665694300073, 0.054927264986809964, 0.060125185163601935, 0.05400184705123348, 0.07093396579105177]}, "coverage": {"615_fri_c4_250_10": [0.25999999999999995, 0.31999999999999995, 0.27999999999999997, 0.09999999999999998, 0.25999999999999995]}, "complexity": {"615_fri_c4_250_10": [10, 10, 10, 10, 10]}, "time_all": {"615_fri_c4_250_10": [0.265500545501709, 0.5154526233673096, 0.3552680015563965, 4.957744598388672, 0.3228147029876709]}, "time_fit": {"615_fri_c4_250_10": [0.022958040237426758, 0.04233694076538086, 0.03064441680908203, 0.1385340690612793, 0.029108762741088867]}, "sizes": {"615_fri_c4_250_10": []}, "tau": 0.7}}
