{"SQR": {"losses": {"612_fri_c1_1000_5": [0.009063261039470636, 0.010687624641090894, 0.009677449217325317, 0.010592915989745488, 0.013901915012775325]}, "coverage": {"612_fri_c1_1000_5": [0.030000000000000027, 0.02499999999999991, 0.010000000000000009, 0.030000000000000027, 0.02499999999999991]}, "complexity": {"612_fri_c1_1000_5": [14, 12, 12, 14, 14]}, "time_all": {"612_fri_c1_1000_5": [117.16177010536194, 115.1867663860321, 105.34805631637573, 100.6695122718811, 114.11806082725525]}, "time_fit": {"612_fri_c1_1000_5": [117.16177010536194, 115.1867663860321, 105.34805631637573, 100.6695122718811, 114.11806082725525]}, "sizes": {"612_fri_c1_1000_5": []}, "tau": 0.7}, "LightGBM": {"losses": {"612_fri_c1_1000_5": [0.028477729673495378, 0.03479814189212353, 0.028653840218610248, 0.030562977026581523, 0.033505872678437645]}, "coverage": {"612_fri_c1_1000_5": [0.0050000000000000044, 0.029999999999999916, 0.019999999999999907, 0.025000000000000022, 0.025000000000000022]}, "time_all": {"612_fri_c1_1000_5": [0.41349148750305176, 0.3572390079498291, 0.37467384338378906, 0.3623929023742676, 0.3594365119934082]}, "time_fit": {"612_fri_c1_1000_5": [0.07051944732666016, 0.0712432861328125, 0.07258129119873047, 0.06682014465332031, 0.07197809219360352]}, "sizes": {"612_fri_c1_1000_5": []}, "tau": 0.7}, "DecisionTree": {"losses": {"612_fri_c1_1000_5": [0.029449981823876564, 0.031661502092335536, 0.025530559890766275, 0.029589010164032245, 0.029596082724649683]}, "coverage": {"612_fri_c1_1000_5": [0.08999999999999997, 0.08999999999999997, 0.135, 0.16499999999999992, 0.08499999999999996]}, "complexity": {"612_fri_c1_1000_5": [135, 143, 331, 323, 323]}, "time_all": {"612_fri_c1_1000_5": [0.139998197555542, 0.13607215881347656, 0.1498558521270752, 0.14981293678283691, 0.15029454231262207]}, "time_fit": {"612_fri_c1_1000_5": [0.015695571899414062, 0.015781641006469727, 0.029378652572631836, 0.028868436813354492, 0.028970003128051758]}, "sizes": {"612_fri_c1_1000_5": []}, "tau": 0.7}, "LinearQuantile": {"losses": {"612_fri_c1_1000_5": [0.07433968413551821, 0.06772611415920846, 0.06869759451430141, 0.06858220681894794, 0.06727906270466036]}, "coverage": {"612_fri_c1_1000_5": [0.26999999999999996, 0.20499999999999996, 0.23999999999999994, 0.21499999999999997, 0.22499999999999998]}, "complexity": {"612_fri_c1_1000_5": [5, 5, 5, 5, 5]}, "time_all": {"612_fri_c1_1000_5": [0.5840091705322266, 0.22021985054016113, 0.1459338665008545, 0.2925240993499756, 0.33672451972961426]}, "time_fit": {"612_fri_c1_1000_5": [0.05179762840270996, 0.019497156143188477, 0.01267385482788086, 0.0247194766998291, 0.02848339080810547]}, "sizes": {"612_fri_c1_1000_5": []}, "tau": 0.7}}
