{"SQR": {"losses": {"605_fri_c2_250_25": [0.030571262073496818, 0.026081914652182746, 0.036331189046415184, 0.031122964999122624, 0.02428916356794601]}, "coverage": {"605_fri_c2_250_25": [0.18000000000000005, 0.06000000000000005, 0.0, 0.020000000000000018, 0.12]}, "complexity": {"605_fri_c2_250_25": [14, 13, 9, 9, 17]}, "time_all": {"605_fri_c2_250_25": [88.64326429367065, 71.41258668899536, 70.97305822372437, 71.78656077384949, 70.69122123718262]}, "time_fit": {"605_fri_c2_250_25": [88.64326429367065, 71.41258668899536, 70.97305822372437, 71.78656077384949, 70.69122123718262]}, "sizes": {"605_fri_c2_250_25": []}, "tau": 0.5}, "LightGBM": {"losses": {"605_fri_c2_250_25": [0.04620039459415324, 0.045413991611220075, 0.0563164823120134, 0.050023558284235534, 0.04927720702476482]}, "coverage": {"605_fri_c2_250_25": [0.020000000000000018, 0.040000000000000036, 0.03999999999999998, 0.03999999999999998, 0.020000000000000018]}, "time_all": {"605_fri_c2_250_25": [0.1948244571685791, 0.17460846900939941, 0.17252063751220703, 0.1469132900238037, 0.14858174324035645]}, "time_fit": {"605_fri_c2_250_25": [0.036110877990722656, 0.03905940055847168, 0.037358999252319336, 0.03461122512817383, 0.035471439361572266]}, "sizes": {"605_fri_c2_250_25": []}, "tau": 0.5}, "DecisionTree": {"losses": {"605_fri_c2_250_25": [0.045752149061518754, 0.050756116687534776, 0.05382932426900837, 0.049988014376812766, 0.0574513872709118]}, "coverage": {"605_fri_c2_250_25": [0.08000000000000002, 0.0, 0.020000000000000018, 0.06, 0.020000000000000018]}, "complexity": {"605_fri_c2_250_25": [37, 9, 15, 75, 35]}, "time_all": {"605_fri_c2_250_25": [0.07095789909362793, 0.06364631652832031, 0.06554102897644043, 0.07073640823364258, 0.06742191314697266]}, "time_fit": {"605_fri_c2_250_25": [0.00755620002746582, 0.0037992000579833984, 0.004727840423583984, 0.010460853576660156, 0.0070743560791015625]}, "sizes": {"605_fri_c2_250_25": []}, "tau": 0.5}, "LinearQuantile": {"losses": {"605_fri_c2_250_25": [0.08624831910375469, 0.07860214688238934, 0.10159786655882067, 0.07641637169397826, 0.07479504915397024]}, "coverage": {"605_fri_c2_250_25": [0.0, 0.020000000000000018, 0.03999999999999998, 0.06, 0.0]}, "complexity": {"605_fri_c2_250_25": [25, 25, 25, 25, 25]}, "time_all": {"605_fri_c2_250_25": [1.6731443405151367, 1.34175443649292, 0.9190692901611328, 0.8477766513824463, 0.6357903480529785]}, "time_fit": {"605_fri_c2_250_25": [0.11672115325927734, 0.09984993934631348, 0.06255435943603516, 0.07462692260742188, 0.050272226333618164]}, "sizes": {"605_fri_c2_250_25": []}, "tau": 0.5}}
