{"SQR": {"losses": {"666_rmftsa_ladata": [0.03238383622900539, 0.025954862684441117, 0.0294875227704124, 0.026992159326395853, 0.03370052158005022]}, "coverage": {"666_rmftsa_ladata": [0.02941176470588236, 0.009803921568627416, 0.05882352941176472, 0.024752475247524774, 0.024752475247524774]}, "complexity": {"666_rmftsa_ladata": [2, 2, 2, 2, 2]}, "time_all": {"666_rmftsa_ladata": [107.85024523735046, 87.37180519104004, 72.86899495124817, 91.27497863769531, 89.09040975570679]}, "time_fit": {"666_rmftsa_ladata": [107.85024523735046, 87.37180519104004, 72.86899495124817, 91.27497863769531, 89.09040975570679]}, "sizes": {"666_rmftsa_ladata": []}, "tau": 0.5}, "LightGBM": {"losses": {"666_rmftsa_ladata": [0.028981020625721266, 0.023208641109206393, 0.027169038862541166, 0.02273410899699704, 0.02735997115605099]}, "coverage": {"666_rmftsa_ladata": [0.04901960784313725, 0.05882352941176472, 0.05882352941176472, 0.07425742574257421, 0.014851485148514865]}, "time_all": {"666_rmftsa_ladata": [0.26613450050354004, 0.2743704319000244, 0.241471529006958, 0.22349119186401367, 0.23607611656188965]}, "time_fit": {"666_rmftsa_ladata": [0.043712615966796875, 0.07281351089477539, 0.04425501823425293, 0.04338860511779785, 0.04639911651611328]}, "sizes": {"666_rmftsa_ladata": []}, "tau": 0.5}, "DecisionTree": {"losses": {"666_rmftsa_ladata": [0.02778990151280223, 0.025494671941255202, 0.027865445289643766, 0.02507836382212645, 0.026367790345819136]}, "coverage": {"666_rmftsa_ladata": [0.039215686274509776, 0.06862745098039214, 0.039215686274509776, 0.044554455445544594, 0.08415841584158418]}, "complexity": {"666_rmftsa_ladata": [69, 19, 13, 15, 29]}, "time_all": {"666_rmftsa_ladata": [0.09500432014465332, 0.0877838134765625, 0.08833694458007812, 0.08942604064941406, 0.08994507789611816]}, "time_fit": {"666_rmftsa_ladata": [0.010001659393310547, 0.005350589752197266, 0.004530906677246094, 0.005029439926147461, 0.006431102752685547]}, "sizes": {"666_rmftsa_ladata": []}, "tau": 0.5}, "LinearQuantile": {"losses": {"666_rmftsa_ladata": [0.030026020938051682, 0.024661433152169274, 0.02517077568565041, 0.02236821460717911, 0.026876922842458545]}, "coverage": {"666_rmftsa_ladata": [0.019607843137254888, 0.009803921568627416, 0.0490196078431373, 0.054455445544554504, 0.08415841584158418]}, "complexity": {"666_rmftsa_ladata": [10, 10, 10, 10, 10]}, "time_all": {"666_rmftsa_ladata": [1.1456661224365234, 0.16757726669311523, 2.030949354171753, 0.17477726936340332, 0.3730795383453369]}, "time_fit": {"666_rmftsa_ladata": [0.09857916831970215, 0.014771461486816406, 0.1266467571258545, 0.015558481216430664, 0.03334832191467285]}, "sizes": {"666_rmftsa_ladata": []}, "tau": 0.5}}
