{"SQR": {"losses": {"665_sleuth_case2002": [0.05617685752568794, 0.07065421152935872, 0.06749996170911879, 0.0683141450176245, 0.04828389064769127]}, "coverage": {"665_sleuth_case2002": [0.0, 0.09999999999999998, 0.2206896551724138, 0.08965517241379317, 0.08965517241379317]}, "complexity": {"665_sleuth_case2002": [4, 8, 4, 2, 4]}, "time_all": {"665_sleuth_case2002": [83.77176547050476, 70.91245079040527, 68.25205969810486, 70.32805228233337, 67.64473176002502]}, "time_fit": {"665_sleuth_case2002": [83.77176547050476, 70.91245079040527, 68.25205969810486, 70.32805228233337, 67.64473176002502]}, "sizes": {"665_sleuth_case2002": []}, "tau": 0.6}, "LightGBM": {"losses": {"665_sleuth_case2002": [0.06306848302914281, 0.06514079261892652, 0.07091756561770954, 0.06295488732315237, 0.049307735601702075]}, "coverage": {"665_sleuth_case2002": [0.1333333333333333, 0.06666666666666665, 0.2551724137931034, 0.020689655172413834, 0.22758620689655173]}, "time_all": {"665_sleuth_case2002": [0.16958093643188477, 0.10242295265197754, 0.09559059143066406, 0.09834885597229004, 0.1012113094329834]}, "time_fit": {"665_sleuth_case2002": [0.028946638107299805, 0.021986007690429688, 0.02093648910522461, 0.022199630737304688, 0.022793054580688477]}, "sizes": {"665_sleuth_case2002": []}, "tau": 0.6}, "DecisionTree": {"losses": {"665_sleuth_case2002": [0.05605925925925925, 0.05365925925925926, 0.06390804597701148, 0.05394636015325671, 0.04398467432950192]}, "coverage": {"665_sleuth_case2002": [0.1333333333333333, 0.06666666666666665, 0.01379310344827589, 0.08965517241379317, 0.29655172413793107]}, "complexity": {"665_sleuth_case2002": [19, 19, 21, 21, 9]}, "time_all": {"665_sleuth_case2002": [0.03864026069641113, 0.03429913520812988, 0.035453081130981445, 0.03601384162902832, 0.034384965896606445]}, "time_fit": {"665_sleuth_case2002": [0.0030672550201416016, 0.0028023719787597656, 0.0030248165130615234, 0.0031065940856933594, 0.002168893814086914]}, "sizes": {"665_sleuth_case2002": []}, "tau": 0.6}, "LinearQuantile": {"losses": {"665_sleuth_case2002": [0.06397658073078756, 0.0616084529213753, 0.07099592056423291, 0.060595404574502916, 0.051768968123290744]}, "coverage": {"665_sleuth_case2002": [0.0, 0.0, 0.2206896551724138, 0.08965517241379317, 0.08965517241379317]}, "complexity": {"665_sleuth_case2002": [10, 10, 10, 10, 10]}, "time_all": {"665_sleuth_case2002": [0.32361865043640137, 0.20035886764526367, 0.2624986171722412, 0.8199172019958496, 0.15815401077270508]}, "time_fit": {"665_sleuth_case2002": [0.02789783477783203, 0.016788959503173828, 0.021805763244628906, 0.05824780464172363, 0.013474464416503906]}, "sizes": {"665_sleuth_case2002": []}, "tau": 0.6}}
