{"SQR": {"losses": {"599_fri_c2_1000_5": [0.0066680440679155895, 0.007085684210950945, 0.013274638148478677, 0.006766462548256632, 0.012796732348675477]}, "coverage": {"599_fri_c2_1000_5": [0.0050000000000000044, 0.015000000000000013, 0.015000000000000013, 0.050000000000000044, 0.025000000000000022]}, "complexity": {"599_fri_c2_1000_5": [17, 16, 10, 13, 11]}, "time_all": {"599_fri_c2_1000_5": [123.85021924972534, 105.94925928115845, 101.75355648994446, 118.90117383003235, 100.51369643211365]}, "time_fit": {"599_fri_c2_1000_5": [123.85021924972534, 105.94925928115845, 101.75355648994446, 118.90117383003235, 100.51369643211365]}, "sizes": {"599_fri_c2_1000_5": []}, "tau": 0.9}, "LightGBM": {"losses": {"599_fri_c2_1000_5": [0.019997708133851575, 0.02152221738871039, 0.019384804718176565, 0.019089191195590695, 0.0194041669024062]}, "coverage": {"599_fri_c2_1000_5": [0.0, 0.020000000000000018, 0.025000000000000022, 0.025000000000000022, 0.039999999999999925]}, "time_all": {"599_fri_c2_1000_5": [0.35109734535217285, 0.29930758476257324, 0.32857322692871094, 0.34185075759887695, 0.3326420783996582]}, "time_fit": {"599_fri_c2_1000_5": [0.06352400779724121, 0.06502604484558105, 0.05928850173950195, 0.07005167007446289, 0.06400275230407715]}, "sizes": {"599_fri_c2_1000_5": []}, "tau": 0.9}, "DecisionTree": {"losses": {"599_fri_c2_1000_5": [0.017971688134430338, 0.021401344522698252, 0.019333604863837152, 0.017581275810049805, 0.01734255441796321]}, "coverage": {"599_fri_c2_1000_5": [0.025000000000000022, 0.16500000000000004, 0.135, 0.040000000000000036, 0.020000000000000018]}, "complexity": {"599_fri_c2_1000_5": [41, 139, 137, 37, 35]}, "time_all": {"599_fri_c2_1000_5": [0.13461995124816895, 0.1402146816253662, 0.13630342483520508, 0.12880301475524902, 0.1293787956237793]}, "time_fit": {"599_fri_c2_1000_5": [0.007870912551879883, 0.016063690185546875, 0.015532255172729492, 0.007416725158691406, 0.007223844528198242]}, "sizes": {"599_fri_c2_1000_5": []}, "tau": 0.9}, "LinearQuantile": {"losses": {"599_fri_c2_1000_5": [0.07832804001909625, 0.07601364169970862, 0.07949967359286207, 0.0786307767130483, 0.07834912561172709]}, "coverage": {"599_fri_c2_1000_5": [0.455, 0.42000000000000004, 0.42500000000000004, 0.445, 0.43000000000000005]}, "complexity": {"599_fri_c2_1000_5": [5, 5, 5, 5, 5]}, "time_all": {"599_fri_c2_1000_5": [0.1408231258392334, 0.18332576751708984, 0.3716092109680176, 0.13665533065795898, 0.4063892364501953]}, "time_fit": {"599_fri_c2_1000_5": [0.011721611022949219, 0.01566314697265625, 0.03310513496398926, 0.011870145797729492, 0.036270856857299805]}, "sizes": {"599_fri_c2_1000_5": []}, "tau": 0.9}}
