{"SQR": {"losses": {"595_fri_c0_1000_10": [0.015772050343517106, 0.016074585426306055, 0.017561654416696323, 0.016567562355045362, 0.016790615021051444]}, "coverage": {"595_fri_c0_1000_10": [0.03999999999999998, 0.0, 0.025000000000000022, 0.065, 0.034999999999999976]}, "complexity": {"595_fri_c0_1000_10": [14, 16, 15, 19, 18]}, "time_all": {"595_fri_c0_1000_10": [102.01943802833557, 100.12383818626404, 98.40650796890259, 96.07066297531128, 97.89008688926697]}, "time_fit": {"595_fri_c0_1000_10": [102.01943802833557, 100.12383818626404, 98.40650796890259, 96.07066297531128, 97.89008688926697]}, "sizes": {"595_fri_c0_1000_10": []}, "tau": 0.5}, "LightGBM": {"losses": {"595_fri_c0_1000_10": [0.03344893105309172, 0.03259873909630168, 0.033654807565606355, 0.0360638798525137, 0.03631136545732584]}, "coverage": {"595_fri_c0_1000_10": [0.044999999999999984, 0.025000000000000022, 0.025000000000000022, 0.06000000000000005, 0.0]}, "time_all": {"595_fri_c0_1000_10": [0.438981294631958, 0.40930914878845215, 0.39987683296203613, 0.40765380859375, 0.39922595024108887]}, "time_fit": {"595_fri_c0_1000_10": [0.07698726654052734, 0.07058882713317871, 0.07247471809387207, 0.07337617874145508, 0.07092618942260742]}, "sizes": {"595_fri_c0_1000_10": []}, "tau": 0.5}, "DecisionTree": {"losses": {"595_fri_c0_1000_10": [0.03768333681726102, 0.04048762595495749, 0.040064614051770794, 0.04181091176712303, 0.04228948830300274]}, "coverage": {"595_fri_c0_1000_10": [0.025000000000000022, 0.030000000000000027, 0.0050000000000000044, 0.015000000000000013, 0.030000000000000027]}, "complexity": {"595_fri_c0_1000_10": [37, 139, 59, 135, 135]}, "time_all": {"595_fri_c0_1000_10": [0.16962242126464844, 0.17336225509643555, 0.16521096229553223, 0.17289304733276367, 0.1754744052886963]}, "time_fit": {"595_fri_c0_1000_10": [0.010711431503295898, 0.01958608627319336, 0.012447118759155273, 0.019126415252685547, 0.01961827278137207]}, "sizes": {"595_fri_c0_1000_10": []}, "tau": 0.5}, "LinearQuantile": {"losses": {"595_fri_c0_1000_10": [0.03436873598708859, 0.03687904373529114, 0.03939720892974144, 0.03871627739544081, 0.03991576161468567]}, "coverage": {"595_fri_c0_1000_10": [0.08000000000000002, 0.020000000000000018, 0.030000000000000027, 0.06999999999999995, 0.030000000000000027]}, "complexity": {"595_fri_c0_1000_10": [10, 10, 10, 10, 10]}, "time_all": {"595_fri_c0_1000_10": [0.6627161502838135, 0.391002893447876, 0.2514920234680176, 0.20159673690795898, 0.5816822052001953]}, "time_fit": {"595_fri_c0_1000_10": [0.0591733455657959, 0.03176474571228027, 0.022319316864013672, 0.017731428146362305, 0.05234718322753906]}, "sizes": {"595_fri_c0_1000_10": []}, "tau": 0.5}}
