{"SQR": {"losses": {"613_fri_c3_250_5": [0.014709491102205275, 0.020310174364095754, 0.019921333617479754, 0.023822021403866682, 0.02116011949082864]}, "coverage": {"613_fri_c3_250_5": [0.12, 0.15999999999999992, 0.06000000000000005, 0.09999999999999998, 0.039999999999999925]}, "complexity": {"613_fri_c3_250_5": [16, 11, 9, 7, 7]}, "time_all": {"613_fri_c3_250_5": [91.52570295333862, 78.48600578308105, 69.59554362297058, 69.03503274917603, 73.22187495231628]}, "time_fit": {"613_fri_c3_250_5": [91.52570295333862, 78.48600578308105, 69.59554362297058, 69.03503274917603, 73.22187495231628]}, "sizes": {"613_fri_c3_250_5": []}, "tau": 0.7}, "LightGBM": {"losses": {"613_fri_c3_250_5": [0.03147636585517077, 0.038756757201582094, 0.040300218903680775, 0.03733870115083489, 0.026835772497390675]}, "coverage": {"613_fri_c3_250_5": [0.019999999999999907, 0.020000000000000018, 0.020000000000000018, 0.019999999999999907, 0.12]}, "time_all": {"613_fri_c3_250_5": [0.18201231956481934, 0.14278888702392578, 0.14461231231689453, 0.14724254608154297, 0.13907408714294434]}, "time_fit": {"613_fri_c3_250_5": [0.03217673301696777, 0.031121492385864258, 0.030158281326293945, 0.03159737586975098, 0.03058004379272461]}, "sizes": {"613_fri_c3_250_5": []}, "tau": 0.7}, "DecisionTree": {"losses": {"613_fri_c3_250_5": [0.03611238193055521, 0.035604094397055364, 0.04287652616113045, 0.04118195326948764, 0.035646698943293455]}, "coverage": {"613_fri_c3_250_5": [0.019999999999999907, 0.09999999999999998, 0.039999999999999925, 0.05999999999999994, 0.1399999999999999]}, "complexity": {"613_fri_c3_250_5": [37, 81, 83, 79, 33]}, "time_all": {"613_fri_c3_250_5": [0.05029153823852539, 0.051708221435546875, 0.050678253173828125, 0.05232501029968262, 0.047737836837768555]}, "time_fit": {"613_fri_c3_250_5": [0.0049097537994384766, 0.008147478103637695, 0.008152961730957031, 0.007929563522338867, 0.004511594772338867]}, "sizes": {"613_fri_c3_250_5": []}, "tau": 0.7}, "LinearQuantile": {"losses": {"613_fri_c3_250_5": [0.06444712729762876, 0.07456968768370514, 0.06005822984065694, 0.0748058792044446, 0.05344405906800961]}, "coverage": {"613_fri_c3_250_5": [0.27999999999999997, 0.21999999999999997, 0.1399999999999999, 0.27999999999999997, 0.17999999999999994]}, "complexity": {"613_fri_c3_250_5": [5, 5, 5, 5, 5]}, "time_all": {"613_fri_c3_250_5": [0.09231162071228027, 0.2178211212158203, 0.43304920196533203, 0.1275801658630371, 0.175248384475708]}, "time_fit": {"613_fri_c3_250_5": [0.007483720779418945, 0.019078731536865234, 0.038764238357543945, 0.011009931564331055, 0.015308856964111328]}, "sizes": {"613_fri_c3_250_5": []}, "tau": 0.7}}
