{"SQR": {"losses": {"666_rmftsa_ladata": [0.030279229289460405, 0.01955226000330026, 0.020190308690161626, 0.021790534515809857, 0.030874006900574482]}, "coverage": {"666_rmftsa_ladata": [0.015686274509803977, 0.0039215686274509665, 0.0235294117647058, 0.02178217821782169, 0.0871287128712872]}, "complexity": {"666_rmftsa_ladata": [2, 3, 3, 3, 2]}, "time_all": {"666_rmftsa_ladata": [101.03988671302795, 86.67076325416565, 81.9577226638794, 94.86088347434998, 97.05353617668152]}, "time_fit": {"666_rmftsa_ladata": [101.03988671302795, 86.67076325416565, 81.9577226638794, 94.86088347434998, 97.05353617668152]}, "sizes": {"666_rmftsa_ladata": []}, "tau": 0.8}, "LightGBM": {"losses": {"666_rmftsa_ladata": [0.023096455012559074, 0.017537474894587315, 0.021065248411595603, 0.017920470224851645, 0.02260797775847643]}, "coverage": {"666_rmftsa_ladata": [0.025490196078431393, 0.0039215686274509665, 0.04313725490196074, 0.0316831683168316, 0.007920792079207928]}, "time_all": {"666_rmftsa_ladata": [0.25133419036865234, 0.26114583015441895, 0.23681354522705078, 0.22499895095825195, 0.21702241897583008]}, "time_fit": {"666_rmftsa_ladata": [0.048282623291015625, 0.07008171081542969, 0.04791450500488281, 0.04555082321166992, 0.05102682113647461]}, "sizes": {"666_rmftsa_ladata": []}, "tau": 0.8}, "DecisionTree": {"losses": {"666_rmftsa_ladata": [0.022848509761417213, 0.019168979550825395, 0.021017548095048324, 0.018916014048867745, 0.02266829433027198]}, "coverage": {"666_rmftsa_ladata": [0.0745098039215687, 0.08431372549019611, 0.03529411764705892, 0.0316831683168316, 0.04752475247524757]}, "complexity": {"666_rmftsa_ladata": [17, 25, 71, 15, 29]}, "time_all": {"666_rmftsa_ladata": [0.09331655502319336, 0.08885979652404785, 0.09508109092712402, 0.09060072898864746, 0.09125256538391113]}, "time_fit": {"666_rmftsa_ladata": [0.005259513854980469, 0.00604701042175293, 0.010327816009521484, 0.005034208297729492, 0.006517887115478516]}, "sizes": {"666_rmftsa_ladata": []}, "tau": 0.8}, "LinearQuantile": {"losses": {"666_rmftsa_ladata": [0.02560019531628856, 0.01910570741817999, 0.019219274294584615, 0.01762040938396618, 0.023990726049864356]}, "coverage": {"666_rmftsa_ladata": [0.09411764705882353, 0.0235294117647058, 0.04313725490196074, 0.04158415841584151, 0.027722772277227747]}, "complexity": {"666_rmftsa_ladata": [10, 10, 10, 10, 10]}, "time_all": {"666_rmftsa_ladata": [0.48432016372680664, 0.4293375015258789, 1.1810216903686523, 0.225294828414917, 0.610304594039917]}, "time_fit": {"666_rmftsa_ladata": [0.042891740798950195, 0.03692269325256348, 0.08835816383361816, 0.020120620727539062, 0.050702571868896484]}, "sizes": {"666_rmftsa_ladata": []}, "tau": 0.8}}
