{"SQR": {"losses": {"634_fri_c2_100_10": [0.042328102928759534, 0.0633651263588922, 0.06071348031552224, 0.05214783247620163, 0.037714605336806754]}, "coverage": {"634_fri_c2_100_10": [0.0, 0.050000000000000044, 0.09999999999999998, 0.09999999999999998, 0.050000000000000044]}, "complexity": {"634_fri_c2_100_10": [18, 9, 14, 10, 11]}, "time_all": {"634_fri_c2_100_10": [79.41447567939758, 66.81727242469788, 67.05358791351318, 65.510737657547, 66.10035753250122]}, "time_fit": {"634_fri_c2_100_10": [79.41447567939758, 66.81727242469788, 67.05358791351318, 65.510737657547, 66.10035753250122]}, "sizes": {"634_fri_c2_100_10": []}, "tau": 0.6}, "LightGBM": {"losses": {"634_fri_c2_100_10": [0.07395451030224087, 0.06741677944492654, 0.08520354572984595, 0.06046220329612551, 0.06565035267071725]}, "coverage": {"634_fri_c2_100_10": [0.09999999999999998, 0.15000000000000002, 0.0, 0.0, 0.04999999999999993]}, "time_all": {"634_fri_c2_100_10": [0.12129092216491699, 0.0821082592010498, 0.08196806907653809, 0.07783675193786621, 0.09555912017822266]}, "time_fit": {"634_fri_c2_100_10": [0.016198396682739258, 0.016544103622436523, 0.01660752296447754, 0.0172426700592041, 0.020331382751464844]}, "sizes": {"634_fri_c2_100_10": []}, "tau": 0.6}, "DecisionTree": {"losses": {"634_fri_c2_100_10": [0.07216458378494205, 0.04426405503692086, 0.08681164256731384, 0.05077321288927203, 0.04117326051705152]}, "coverage": {"634_fri_c2_100_10": [0.14999999999999997, 0.0, 0.25, 0.14999999999999997, 0.09999999999999998]}, "complexity": {"634_fri_c2_100_10": [5, 31, 31, 13, 29]}, "time_all": {"634_fri_c2_100_10": [0.03390097618103027, 0.03528928756713867, 0.03451061248779297, 0.03303337097167969, 0.03447437286376953]}, "time_fit": {"634_fri_c2_100_10": [0.002048015594482422, 0.00414276123046875, 0.004040241241455078, 0.0029113292694091797, 0.003774881362915039]}, "sizes": {"634_fri_c2_100_10": []}, "tau": 0.6}, "LinearQuantile": {"losses": {"634_fri_c2_100_10": [0.10434652609806258, 0.04740269691242236, 0.08358391563175, 0.08239000626390829, 0.06680846261284729]}, "coverage": {"634_fri_c2_100_10": [0.14999999999999997, 0.0, 0.19999999999999996, 0.3, 0.09999999999999998]}, "complexity": {"634_fri_c2_100_10": [10, 10, 10, 10, 10]}, "time_all": {"634_fri_c2_100_10": [0.17041993141174316, 0.6176631450653076, 0.6881279945373535, 0.3657374382019043, 0.13799500465393066]}, "time_fit": {"634_fri_c2_100_10": [0.014634370803833008, 0.046782732009887695, 0.0503544807434082, 0.029776334762573242, 0.011696100234985352]}, "sizes": {"634_fri_c2_100_10": []}, "tau": 0.6}}
