{"SQR": {"losses": {"485_analcatdata_vehicle": [0.07571379331270103, 0.03887032667618072, 0.0369561470556099, 0.04285637592881442, 0.15674580794724696]}, "coverage": {"485_analcatdata_vehicle": [0.09999999999999998, 0.39999999999999997, 0.0, 0.14444444444444438, 0.36666666666666664]}, "complexity": {"485_analcatdata_vehicle": [21, 18, 14, 15, 15]}, "time_all": {"485_analcatdata_vehicle": [80.74231553077698, 65.01857733726501, 66.24674797058105, 66.09029841423035, 66.70482993125916]}, "time_fit": {"485_analcatdata_vehicle": [80.74231553077698, 65.01857733726501, 66.24674797058105, 66.09029841423035, 66.70482993125916]}, "sizes": {"485_analcatdata_vehicle": []}, "tau": 0.7}, "LightGBM": {"losses": {"485_analcatdata_vehicle": [0.1065193342064845, 0.09359116134503052, 0.07509208103130757, 0.09757520356792014, 0.14100675666798151]}, "coverage": {"485_analcatdata_vehicle": [0.10000000000000009, 0.20000000000000007, 0.0, 0.14444444444444438, 0.14444444444444438]}, "time_all": {"485_analcatdata_vehicle": [0.07894492149353027, 0.037157297134399414, 0.03312039375305176, 0.0326228141784668, 0.03491926193237305]}, "time_fit": {"485_analcatdata_vehicle": [0.003965616226196289, 0.004608154296875, 0.0038878917694091797, 0.003953456878662109, 0.004315853118896484]}, "sizes": {"485_analcatdata_vehicle": []}, "tau": 0.7}, "DecisionTree": {"losses": {"485_analcatdata_vehicle": [0.07451197053406998, 0.018791896869244932, 0.03472375690607734, 0.06440147329650095, 0.09443216697360345]}, "coverage": {"485_analcatdata_vehicle": [0.0, 0.10000000000000009, 0.30000000000000004, 0.14444444444444438, 0.033333333333333326]}, "complexity": {"485_analcatdata_vehicle": [13, 13, 13, 15, 5]}, "time_all": {"485_analcatdata_vehicle": [0.029229402542114258, 0.029069900512695312, 0.027399063110351562, 0.02716851234436035, 0.02649068832397461]}, "time_fit": {"485_analcatdata_vehicle": [0.0024840831756591797, 0.0023975372314453125, 0.002350330352783203, 0.0024232864379882812, 0.0016939640045166016]}, "sizes": {"485_analcatdata_vehicle": []}, "tau": 0.7}, "LinearQuantile": {"losses": {"485_analcatdata_vehicle": [0.07147328980004185, 0.03733885789616759, 0.05298342556883178, 0.07509719714419874, 0.09211027565459295]}, "coverage": {"485_analcatdata_vehicle": [0.09999999999999998, 0.0, 0.10000000000000009, 0.14444444444444438, 0.033333333333333326]}, "complexity": {"485_analcatdata_vehicle": [12, 12, 12, 12, 12]}, "time_all": {"485_analcatdata_vehicle": [0.17869091033935547, 0.13761663436889648, 0.26157355308532715, 0.34122300148010254, 0.14265060424804688]}, "time_fit": {"485_analcatdata_vehicle": [0.015296697616577148, 0.011636018753051758, 0.02167224884033203, 0.027578115463256836, 0.011983156204223633]}, "sizes": {"485_analcatdata_vehicle": []}, "tau": 0.7}}
