{"SQR": {"losses": {"706_sleuth_case1202": [0.017095873107873114, 0.03125250603799218, 0.05290664855256872, 0.028797421651171096, 0.01616098724730524]}, "coverage": {"706_sleuth_case1202": [0.05789473684210533, 0.21578947368421053, 0.16315789473684217, 0.011111111111111183, 0.12222222222222223]}, "complexity": {"706_sleuth_case1202": [10, 5, 5, 10, 8]}, "time_all": {"706_sleuth_case1202": [84.06034755706787, 67.71756935119629, 66.03397464752197, 69.79482412338257, 69.73599934577942]}, "time_fit": {"706_sleuth_case1202": [84.06034755706787, 67.71756935119629, 66.03397464752197, 69.79482412338257, 69.73599934577942]}, "sizes": {"706_sleuth_case1202": []}, "tau": 0.9}, "LightGBM": {"losses": {"706_sleuth_case1202": [0.02507216011067906, 0.034583891198075624, 0.03281705877247571, 0.02834882972556222, 0.04293121774559713]}, "coverage": {"706_sleuth_case1202": [0.0052631578947368585, 0.047368421052631504, 0.0052631578947368585, 0.011111111111111183, 0.011111111111111183]}, "time_all": {"706_sleuth_case1202": [0.11139655113220215, 0.0794062614440918, 0.07620549201965332, 0.07982587814331055, 0.07196354866027832]}, "time_fit": {"706_sleuth_case1202": [0.015150308609008789, 0.017813444137573242, 0.016840696334838867, 0.01822805404663086, 0.016840219497680664]}, "sizes": {"706_sleuth_case1202": []}, "tau": 0.9}, "DecisionTree": {"losses": {"706_sleuth_case1202": [0.026488465257632272, 0.029875673435557398, 0.025576737118386515, 0.016867891513560804, 0.034449547973170014]}, "coverage": {"706_sleuth_case1202": [0.0052631578947368585, 0.05789473684210533, 0.047368421052631504, 0.0444444444444444, 0.06666666666666665]}, "complexity": {"706_sleuth_case1202": [3, 5, 5, 11, 3]}, "time_all": {"706_sleuth_case1202": [0.03171563148498535, 0.03133749961853027, 0.03241467475891113, 0.03187298774719238, 0.02996683120727539]}, "time_fit": {"706_sleuth_case1202": [0.0017588138580322266, 0.0018188953399658203, 0.0019233226776123047, 0.002317190170288086, 0.0016603469848632812]}, "sizes": {"706_sleuth_case1202": []}, "tau": 0.9}, "LinearQuantile": {"losses": {"706_sleuth_case1202": [0.016671518057014754, 0.024329620610700865, 0.03313938548240853, 0.019941931809363538, 0.026606691187226795]}, "coverage": {"706_sleuth_case1202": [0.0052631578947368585, 0.1105263157894737, 0.1105263157894737, 0.0444444444444444, 0.1777777777777778]}, "complexity": {"706_sleuth_case1202": [11, 11, 11, 11, 11]}, "time_all": {"706_sleuth_case1202": [0.128920316696167, 0.1950078010559082, 0.31615686416625977, 0.3209242820739746, 3.8527135848999023]}, "time_fit": {"706_sleuth_case1202": [0.010573148727416992, 0.016350507736206055, 0.026498794555664062, 0.026427030563354492, 0.39882421493530273]}, "sizes": {"706_sleuth_case1202": []}, "tau": 0.9}}
