{"SQR": {"losses": {"titanic": [0.13666666666666666, 0.11047619047619048, 0.11857142857142855, 0.13952380952380952, 0.12553699284009545]}, "coverage": {"titanic": [0.15714285714285714, 0.07619047619047614, 0.17619047619047612, 0.059523809523809534, 0.09260143198090687]}, "complexity": {"titanic": [4, 2, 4, 4, 3]}, "time_all": {"titanic": [125.64389133453369, 101.99032926559448, 109.52777361869812, 107.83219742774963, 113.5544798374176]}, "time_fit": {"titanic": [125.64389133453369, 101.99032926559448, 109.52777361869812, 107.83219742774963, 113.5544798374176]}, "sizes": {"titanic": []}, "tau": 0.8}, "LightGBM": {"losses": {"titanic": [0.1409523809523809, 0.13761904761904759, 0.1333333333333333, 0.12809523809523807, 0.1355608591885441]}, "coverage": {"titanic": [0.19999999999999996, 0.19999999999999996, 0.19999999999999996, 0.19999999999999996, 0.19999999999999996]}, "time_all": {"titanic": [0.13193440437316895, 0.09318256378173828, 0.09027361869812012, 0.07898783683776855, 0.12330222129821777]}, "time_fit": {"titanic": [0.016117334365844727, 0.018372297286987305, 0.01785445213317871, 0.015532255172729492, 0.02567744255065918]}, "sizes": {"titanic": []}, "tau": 0.8}, "DecisionTree": {"losses": {"titanic": [0.10619047619047618, 0.09609523809523812, 0.09638095238095239, 0.12, 0.1028162291169451]}, "coverage": {"titanic": [0.14047619047619042, 0.13095238095238093, 0.14523809523809517, 0.11904761904761896, 0.14033412887828156]}, "complexity": {"titanic": [57, 77, 117, 71, 55]}, "time_all": {"titanic": [0.18099665641784668, 0.18876147270202637, 0.18664264678955078, 0.18117332458496094, 0.18265080451965332]}, "time_fit": {"titanic": [0.009697437286376953, 0.011485099792480469, 0.014538764953613281, 0.010919570922851562, 0.009527206420898438]}, "sizes": {"titanic": []}, "tau": 0.8}, "LinearQuantile": {"losses": {"titanic": [0.13168328905346852, 0.12004090549600467, 0.124762149584996, 0.13882584253883307, 0.12278476501004318]}, "coverage": {"titanic": [0.0071428571428571175, 0.030952380952380953, 0.0071428571428572285, 0.03571428571428581, 0.03150357995226738]}, "complexity": {"titanic": [31, 31, 31, 31, 31]}, "time_all": {"titanic": [2.07893967628479, 28.92153787612915, 1.447998046875, 1.7703509330749512, 1.7719664573669434]}, "time_fit": {"titanic": [0.14227914810180664, 4.124775171279907, 0.12487006187438965, 0.1445469856262207, 0.1367485523223877]}, "sizes": {"titanic": []}, "tau": 0.8}}
