{"SQR": {"losses": {"634_fri_c2_100_10": [0.03665574175354495, 0.03465197321351898, 0.031513546266183405, 0.08204397107546296, 0.024111477592696603]}, "coverage": {"634_fri_c2_100_10": [0.15000000000000002, 0.050000000000000044, 0.25, 0.45, 0.050000000000000044]}, "complexity": {"634_fri_c2_100_10": [10, 6, 16, 14, 9]}, "time_all": {"634_fri_c2_100_10": [82.60368084907532, 66.91787075996399, 69.1864583492279, 72.71781206130981, 66.80132579803467]}, "time_fit": {"634_fri_c2_100_10": [82.60368084907532, 66.91787075996399, 69.1864583492279, 72.71781206130981, 66.80132579803467]}, "sizes": {"634_fri_c2_100_10": []}, "tau": 0.9}, "LightGBM": {"losses": {"634_fri_c2_100_10": [0.033136378584050524, 0.036135632601386566, 0.0375244508365416, 0.033923896237244684, 0.03233153849110373]}, "coverage": {"634_fri_c2_100_10": [0.0, 0.050000000000000044, 0.050000000000000044, 0.0, 0.0]}, "time_all": {"634_fri_c2_100_10": [0.12418365478515625, 0.09273028373718262, 0.09050250053405762, 0.07646608352661133, 0.08065605163574219]}, "time_fit": {"634_fri_c2_100_10": [0.017465829849243164, 0.020946741104125977, 0.014055728912353516, 0.007848501205444336, 0.016772747039794922]}, "sizes": {"634_fri_c2_100_10": []}, "tau": 0.9}, "DecisionTree": {"losses": {"634_fri_c2_100_10": [0.030127079976555886, 0.024280921534315908, 0.037968895982542286, 0.020170957879416297, 0.0219242505770213]}, "coverage": {"634_fri_c2_100_10": [0.050000000000000044, 0.20000000000000007, 0.04999999999999993, 0.0, 0.050000000000000044]}, "complexity": {"634_fri_c2_100_10": [3, 31, 1, 13, 29]}, "time_all": {"634_fri_c2_100_10": [0.03401350975036621, 0.03519487380981445, 0.03342604637145996, 0.03454756736755371, 0.03275799751281738]}, "time_fit": {"634_fri_c2_100_10": [0.0018029212951660156, 0.004130363464355469, 0.0015263557434082031, 0.002726316452026367, 0.0036869049072265625]}, "sizes": {"634_fri_c2_100_10": []}, "tau": 0.9}, "LinearQuantile": {"losses": {"634_fri_c2_100_10": [0.10544980200155708, 0.039466291796582086, 0.1169667856641149, 0.10035666029442213, 0.06371957866456505]}, "coverage": {"634_fri_c2_100_10": [0.45, 0.25, 0.55, 0.6000000000000001, 0.4]}, "complexity": {"634_fri_c2_100_10": [10, 10, 10, 10, 10]}, "time_all": {"634_fri_c2_100_10": [0.2465214729309082, 0.44707179069519043, 0.823270320892334, 0.3449900150299072, 0.21127748489379883]}, "time_fit": {"634_fri_c2_100_10": [0.021027326583862305, 0.04013991355895996, 0.05789351463317871, 0.029179811477661133, 0.01767420768737793]}, "sizes": {"634_fri_c2_100_10": []}, "tau": 0.9}}
