{"SQR": {"losses": {"579_fri_c0_250_5": [0.014057659194775328, 0.01368339234465712, 0.01402281504198201, 0.011763018450947732, 0.012234979067310234]}, "coverage": {"579_fri_c0_250_5": [0.040000000000000036, 0.040000000000000036, 0.06000000000000005, 0.040000000000000036, 0.039999999999999925]}, "complexity": {"579_fri_c0_250_5": [11, 13, 9, 10, 8]}, "time_all": {"579_fri_c0_250_5": [92.47561478614807, 78.6629946231842, 77.8296570777893, 76.98014235496521, 77.6577320098877]}, "time_fit": {"579_fri_c0_250_5": [92.47561478614807, 78.6629946231842, 77.8296570777893, 76.98014235496521, 77.6577320098877]}, "sizes": {"579_fri_c0_250_5": []}, "tau": 0.9}, "LightGBM": {"losses": {"579_fri_c0_250_5": [0.02234423137875488, 0.030217441077129207, 0.029213657884309196, 0.026840486321433675, 0.029792419116087213]}, "coverage": {"579_fri_c0_250_5": [0.040000000000000036, 0.020000000000000018, 0.040000000000000036, 0.020000000000000018, 0.0]}, "time_all": {"579_fri_c0_250_5": [0.16035842895507812, 0.12377429008483887, 0.11800456047058105, 0.11929678916931152, 0.1125636100769043]}, "time_fit": {"579_fri_c0_250_5": [0.019570350646972656, 0.028000593185424805, 0.026279926300048828, 0.026067495346069336, 0.01914191246032715]}, "sizes": {"579_fri_c0_250_5": []}, "tau": 0.9}, "DecisionTree": {"losses": {"579_fri_c0_250_5": [0.024407078559304237, 0.029283698889141917, 0.03781087985346462, 0.02802694903498265, 0.026101897618370402]}, "coverage": {"579_fri_c0_250_5": [0.09999999999999998, 0.040000000000000036, 0.09999999999999998, 0.06000000000000005, 0.040000000000000036]}, "complexity": {"579_fri_c0_250_5": [33, 33, 5, 33, 9]}, "time_all": {"579_fri_c0_250_5": [0.048180341720581055, 0.04688143730163574, 0.04442572593688965, 0.046947479248046875, 0.04525160789489746]}, "time_fit": {"579_fri_c0_250_5": [0.004568576812744141, 0.004400968551635742, 0.002042531967163086, 0.004443168640136719, 0.002448558807373047]}, "sizes": {"579_fri_c0_250_5": []}, "tau": 0.9}, "LinearQuantile": {"losses": {"579_fri_c0_250_5": [0.05245004934261034, 0.048511285299686395, 0.05766569166282957, 0.03947524411879031, 0.042914602955644705]}, "coverage": {"579_fri_c0_250_5": [0.5, 0.44, 0.42000000000000004, 0.42000000000000004, 0.5]}, "complexity": {"579_fri_c0_250_5": [5, 5, 5, 5, 5]}, "time_all": {"579_fri_c0_250_5": [0.11072826385498047, 0.4640631675720215, 0.26088404655456543, 0.19107627868652344, 0.12154889106750488]}, "time_fit": {"579_fri_c0_250_5": [0.009059429168701172, 0.037801265716552734, 0.022533416748046875, 0.016715288162231445, 0.010486364364624023]}, "sizes": {"579_fri_c0_250_5": []}, "tau": 0.9}}
