{"SQR": {"losses": {"615_fri_c4_250_10": [0.01694696081648956, 0.010790583803611418, 0.01241054509984961, 0.010290782609455804, 0.02481462462284221]}, "coverage": {"615_fri_c4_250_10": [0.09999999999999998, 0.06000000000000005, 0.10000000000000009, 0.0, 0.0]}, "complexity": {"615_fri_c4_250_10": [8, 14, 17, 15, 5]}, "time_all": {"615_fri_c4_250_10": [88.4923300743103, 76.36592245101929, 78.0629186630249, 74.33077836036682, 69.32527351379395]}, "time_fit": {"615_fri_c4_250_10": [88.4923300743103, 76.36592245101929, 78.0629186630249, 74.33077836036682, 69.32527351379395]}, "sizes": {"615_fri_c4_250_10": []}, "tau": 0.8}, "LightGBM": {"losses": {"615_fri_c4_250_10": [0.027379946016828895, 0.02490021834439503, 0.033478397803708176, 0.03386951223255345, 0.04239232923459336]}, "coverage": {"615_fri_c4_250_10": [0.06000000000000005, 0.020000000000000018, 0.019999999999999907, 0.05999999999999994, 0.12]}, "time_all": {"615_fri_c4_250_10": [0.18179655075073242, 0.13539862632751465, 0.14447569847106934, 0.1390995979309082, 0.1630713939666748]}, "time_fit": {"615_fri_c4_250_10": [0.033348798751831055, 0.031546831130981445, 0.031386613845825195, 0.03205609321594238, 0.03815650939941406]}, "sizes": {"615_fri_c4_250_10": []}, "tau": 0.8}, "DecisionTree": {"losses": {"615_fri_c4_250_10": [0.0329212113551726, 0.02819815279262113, 0.02795545100439455, 0.03203529767338196, 0.04090812056075218]}, "coverage": {"615_fri_c4_250_10": [0.14, 0.34, 0.08000000000000007, 0.040000000000000036, 0.14]}, "complexity": {"615_fri_c4_250_10": [35, 79, 81, 77, 35]}, "time_all": {"615_fri_c4_250_10": [0.054476022720336914, 0.055309295654296875, 0.05574226379394531, 0.0555875301361084, 0.052866458892822266]}, "time_fit": {"615_fri_c4_250_10": [0.005376100540161133, 0.008682012557983398, 0.008799552917480469, 0.008568048477172852, 0.005200862884521484]}, "sizes": {"615_fri_c4_250_10": []}, "tau": 0.8}, "LinearQuantile": {"losses": {"615_fri_c4_250_10": [0.056487179165649166, 0.05614231677243309, 0.05843264204076185, 0.05279683291609935, 0.07481020956740501]}, "coverage": {"615_fri_c4_250_10": [0.36000000000000004, 0.4, 0.38000000000000006, 0.20000000000000007, 0.36000000000000004]}, "complexity": {"615_fri_c4_250_10": [10, 10, 10, 10, 10]}, "time_all": {"615_fri_c4_250_10": [0.8257169723510742, 0.3105347156524658, 0.37891411781311035, 0.21103739738464355, 0.40436363220214844]}, "time_fit": {"615_fri_c4_250_10": [0.07390427589416504, 0.026725053787231445, 0.03384518623352051, 0.018534421920776367, 0.03615832328796387]}, "sizes": {"615_fri_c4_250_10": []}, "tau": 0.8}}
