{"SQR": {"losses": {"605_fri_c2_250_25": [0.019044557782059435, 0.03697620409057778, 0.029400705577741396, 0.026374407878832853, 0.02469665561138089]}, "coverage": {"605_fri_c2_250_25": [0.020000000000000018, 0.05999999999999994, 0.020000000000000018, 0.07999999999999996, 0.13999999999999996]}, "complexity": {"605_fri_c2_250_25": [14, 14, 12, 16, 14]}, "time_all": {"605_fri_c2_250_25": [88.6588773727417, 77.90773177146912, 69.29700803756714, 75.7358615398407, 72.92037296295166]}, "time_fit": {"605_fri_c2_250_25": [88.6588773727417, 77.90773177146912, 69.29700803756714, 75.7358615398407, 72.92037296295166]}, "sizes": {"605_fri_c2_250_25": []}, "tau": 0.6}, "LightGBM": {"losses": {"605_fri_c2_250_25": [0.04077344830389256, 0.04672482191380748, 0.057630688771775025, 0.050719261070733004, 0.048874717196204044]}, "coverage": {"605_fri_c2_250_25": [0.05999999999999994, 0.040000000000000036, 0.039999999999999925, 0.07999999999999996, 0.020000000000000018]}, "time_all": {"605_fri_c2_250_25": [0.19192171096801758, 0.14841747283935547, 0.1526775360107422, 0.16849279403686523, 0.17747950553894043]}, "time_fit": {"605_fri_c2_250_25": [0.03690338134765625, 0.03617119789123535, 0.036432743072509766, 0.03801393508911133, 0.04360842704772949]}, "sizes": {"605_fri_c2_250_25": []}, "tau": 0.6}, "DecisionTree": {"losses": {"605_fri_c2_250_25": [0.046066508313397724, 0.04726402284742838, 0.053695212175620274, 0.04833801119837743, 0.056365653255217724]}, "coverage": {"605_fri_c2_250_25": [0.09999999999999998, 0.08000000000000007, 0.0, 0.12, 0.020000000000000018]}, "complexity": {"605_fri_c2_250_25": [37, 9, 15, 75, 35]}, "time_all": {"605_fri_c2_250_25": [0.07154130935668945, 0.06384897232055664, 0.06567883491516113, 0.06919002532958984, 0.0673973560333252]}, "time_fit": {"605_fri_c2_250_25": [0.007531404495239258, 0.0037860870361328125, 0.004712820053100586, 0.010424375534057617, 0.006993293762207031]}, "sizes": {"605_fri_c2_250_25": []}, "tau": 0.6}, "LinearQuantile": {"losses": {"605_fri_c2_250_25": [0.08680263593921736, 0.07608063329214156, 0.10223621168277018, 0.07912692663991529, 0.07716234102345995]}, "coverage": {"605_fri_c2_250_25": [0.12, 0.07999999999999996, 0.15999999999999998, 0.15999999999999998, 0.09999999999999998]}, "complexity": {"605_fri_c2_250_25": [25, 25, 25, 25, 25]}, "time_all": {"605_fri_c2_250_25": [7.963543176651001, 1.3930480480194092, 0.7895839214324951, 0.9087817668914795, 0.5743856430053711]}, "time_fit": {"605_fri_c2_250_25": [0.9707255363464355, 0.09404492378234863, 0.056418657302856445, 0.07679557800292969, 0.05118417739868164]}, "sizes": {"605_fri_c2_250_25": []}, "tau": 0.6}}
