{"SQR": {"losses": {"218_house_8L": [0.022678164446670555, 0.022717701615522112, 0.018827687728771286, 0.02296861150693628, 0.023018921323360798]}, "coverage": {"218_house_8L": [0.04180381830151414, 0.055848145709896824, 0.004718016238753564, 0.03456221198156684, 0.046312554872695366]}, "complexity": {"218_house_8L": [5, 5, 10, 5, 5]}, "time_all": {"218_house_8L": [514.3858954906464, 479.1236162185669, 475.706072807312, 592.6698400974274, 538.4759876728058]}, "time_fit": {"218_house_8L": [514.3858954906464, 479.1236162185669, 475.706072807312, 592.6698400974274, 538.4759876728058]}, "sizes": {"218_house_8L": []}, "tau": 0.5}, "LightGBM": {"losses": {"218_house_8L": [0.016687161250119, 0.016635156099036878, 0.01624939846591833, 0.01682479484985137, 0.01677521948314927]}, "coverage": {"218_house_8L": [0.01810401579986831, 0.020956769804696074, 0.033245556287030964, 0.0055957867017775165, 0.021729587357330993]}, "time_all": {"218_house_8L": [1.8579058647155762, 1.8265461921691895, 1.70986008644104, 1.6986842155456543, 1.7189743518829346]}, "time_fit": {"218_house_8L": [0.48057031631469727, 0.45838212966918945, 0.4366884231567383, 0.429274320602417, 0.4305229187011719]}, "sizes": {"218_house_8L": []}, "tau": 0.5}, "DecisionTree": {"losses": {"218_house_8L": [0.016367379268752546, 0.016342231963330674, 0.016308938086534622, 0.016644770089876103, 0.01653964404977248]}, "coverage": {"218_house_8L": [0.02205398288347593, 0.02797893350888747, 0.037634408602150504, 0.011740179942944962, 0.022827041264266934]}, "complexity": {"218_house_8L": [581, 785, 779, 587, 879]}, "time_all": {"218_house_8L": [2.546888589859009, 2.5397818088531494, 2.4708669185638428, 2.426609754562378, 2.4544618129730225]}, "time_fit": {"218_house_8L": [0.15355777740478516, 0.17421865463256836, 0.16791915893554688, 0.15243291854858398, 0.17305493354797363]}, "sizes": {"218_house_8L": []}, "tau": 0.5}, "LinearQuantile": {"losses": {"218_house_8L": [0.02297916391715242, 0.02297448920083437, 0.022595526629837794, 0.02327781631956177, 0.023478798957150188]}, "coverage": {"218_house_8L": [0.004718016238753564, 0.02797893350888747, 0.015031819179284645, 0.009545753785385136, 0.011413520632133412]}, "complexity": {"218_house_8L": [8, 8, 8, 8, 8]}, "time_all": {"218_house_8L": [22.51297092437744, 22.42664074897766, 23.75764513015747, 25.33833146095276, 22.666677713394165]}, "time_fit": {"218_house_8L": [2.238204002380371, 2.2223143577575684, 3.1468114852905273, 3.1948435306549072, 2.5007827281951904]}, "sizes": {"218_house_8L": []}, "tau": 0.5}}
