{"SQR": {"losses": {"583_fri_c1_1000_50": [0.02352957497985028, 0.028005930038240315, 0.028572443674891097, 0.01712480628210826, 0.030831015274997875]}, "coverage": {"583_fri_c1_1000_50": [0.015000000000000013, 0.06499999999999995, 0.034999999999999976, 0.20499999999999996, 0.08000000000000002]}, "complexity": {"583_fri_c1_1000_50": [12, 11, 12, 15, 14]}, "time_all": {"583_fri_c1_1000_50": [115.95395302772522, 101.83048605918884, 100.15149760246277, 98.95147800445557, 105.35309720039368]}, "time_fit": {"583_fri_c1_1000_50": [115.95395302772522, 101.83048605918884, 100.15149760246277, 98.95147800445557, 105.35309720039368]}, "sizes": {"583_fri_c1_1000_50": []}, "tau": 0.5}, "LightGBM": {"losses": {"583_fri_c1_1000_50": [0.031019975972245536, 0.036756880727883565, 0.03207316599760979, 0.03472317015715724, 0.03415482378360349]}, "coverage": {"583_fri_c1_1000_50": [0.0050000000000000044, 0.04500000000000004, 0.030000000000000027, 0.03999999999999998, 0.020000000000000018]}, "time_all": {"583_fri_c1_1000_50": [0.5407319068908691, 0.4638378620147705, 0.47837138175964355, 0.4844827651977539, 0.49028778076171875]}, "time_fit": {"583_fri_c1_1000_50": [0.09186673164367676, 0.08290243148803711, 0.08403277397155762, 0.08279919624328613, 0.08574676513671875]}, "sizes": {"583_fri_c1_1000_50": []}, "tau": 0.5}, "DecisionTree": {"losses": {"583_fri_c1_1000_50": [0.04229800349447675, 0.03915745582827827, 0.038719280652483486, 0.03756545105184892, 0.039710936597704555]}, "coverage": {"583_fri_c1_1000_50": [0.05500000000000005, 0.015000000000000013, 0.015000000000000013, 0.025000000000000022, 0.0]}, "complexity": {"583_fri_c1_1000_50": [139, 139, 139, 137, 59]}, "time_all": {"583_fri_c1_1000_50": [0.49911975860595703, 0.4446089267730713, 0.4947054386138916, 0.44196105003356934, 0.48078179359436035]}, "time_fit": {"583_fri_c1_1000_50": [0.055258989334106445, 0.04391813278198242, 0.054079532623291016, 0.045391082763671875, 0.040665388107299805]}, "sizes": {"583_fri_c1_1000_50": []}, "tau": 0.5}, "LinearQuantile": {"losses": {"583_fri_c1_1000_50": [0.07508249685708238, 0.07840952524105547, 0.07367685279038455, 0.07844014787644366, 0.08185817663473517]}, "coverage": {"583_fri_c1_1000_50": [0.044999999999999984, 0.020000000000000018, 0.020000000000000018, 0.030000000000000027, 0.010000000000000009]}, "complexity": {"583_fri_c1_1000_50": [50, 50, 50, 50, 50]}, "time_all": {"583_fri_c1_1000_50": [27.08512306213379, 197.01064896583557, 4.477052927017212, 6.054585933685303, 18.43545937538147]}, "time_fit": {"583_fri_c1_1000_50": [2.2811503410339355, 18.526316165924072, 0.38773560523986816, 0.4360933303833008, 1.6323158740997314]}, "sizes": {"583_fri_c1_1000_50": []}, "tau": 0.5}}
