{"SQR": {"losses": {"633_fri_c0_500_25": [0.014933290306264526, 0.013502762894490749, 0.011190897954124568, 0.011461988416267001, 0.014644167007975299]}, "coverage": {"633_fri_c0_500_25": [0.13, 0.040000000000000036, 0.13, 0.039999999999999925, 0.050000000000000044]}, "complexity": {"633_fri_c0_500_25": [8, 8, 8, 9, 8]}, "time_all": {"633_fri_c0_500_25": [102.75670623779297, 86.6884663105011, 87.3982605934143, 84.63674807548523, 92.53563952445984]}, "time_fit": {"633_fri_c0_500_25": [102.75670623779297, 86.6884663105011, 87.3982605934143, 84.63674807548523, 92.53563952445984]}, "sizes": {"633_fri_c0_500_25": []}, "tau": 0.9}, "LightGBM": {"losses": {"633_fri_c0_500_25": [0.020757689508668922, 0.0218177820517369, 0.018794972309737396, 0.022223121705430636, 0.02528663100583866]}, "coverage": {"633_fri_c0_500_25": [0.0, 0.030000000000000027, 0.020000000000000018, 0.050000000000000044, 0.030000000000000027]}, "time_all": {"633_fri_c0_500_25": [0.24344563484191895, 0.2221086025238037, 0.2222135066986084, 0.22458910942077637, 0.1880350112915039]}, "time_fit": {"633_fri_c0_500_25": [0.045674800872802734, 0.04510307312011719, 0.04598116874694824, 0.04633140563964844, 0.04389667510986328]}, "sizes": {"633_fri_c0_500_25": []}, "tau": 0.9}, "DecisionTree": {"losses": {"633_fri_c0_500_25": [0.018256907695134418, 0.021313212152869212, 0.019553907569148907, 0.021100981142154827, 0.021096580287667234]}, "coverage": {"633_fri_c0_500_25": [0.06000000000000005, 0.030000000000000027, 0.020000000000000018, 0.10999999999999999, 0.08999999999999997]}, "complexity": {"633_fri_c0_500_25": [31, 15, 15, 31, 31]}, "time_all": {"633_fri_c0_500_25": [0.12605953216552734, 0.12700510025024414, 0.12821364402770996, 0.12485003471374512, 0.13058066368103027]}, "time_fit": {"633_fri_c0_500_25": [0.010294675827026367, 0.007634401321411133, 0.0077991485595703125, 0.01014399528503418, 0.010443687438964844]}, "sizes": {"633_fri_c0_500_25": []}, "tau": 0.9}, "LinearQuantile": {"losses": {"633_fri_c0_500_25": [0.040647479252546935, 0.04824733542893932, 0.037966002575868775, 0.047869480048225777, 0.048875299162949415]}, "coverage": {"633_fri_c0_500_25": [0.44, 0.5900000000000001, 0.42000000000000004, 0.44, 0.48000000000000004]}, "complexity": {"633_fri_c0_500_25": [25, 25, 25, 25, 25]}, "time_all": {"633_fri_c0_500_25": [2.10032057762146, 0.5740392208099365, 3.785386323928833, 0.5834548473358154, 0.6212470531463623]}, "time_fit": {"633_fri_c0_500_25": [0.12234902381896973, 0.05119967460632324, 0.252788782119751, 0.05246782302856445, 0.055527687072753906]}, "sizes": {"633_fri_c0_500_25": []}, "tau": 0.9}}
