{"SQR": {"losses": {"1191_BNG_pbc": [0.04825084918395002, 0.04839980965291499, 0.04832080336885394, 0.048193321754313456, 0.04841073257874263]}, "coverage": {"1191_BNG_pbc": [0.00183499999999992, 0.013135000000000008, 0.0029399999999999427, 0.002074999999999938, 0.00837499999999991]}, "complexity": {"1191_BNG_pbc": [2, 2, 2, 2, 2]}, "time_all": {"1191_BNG_pbc": [559.4929029941559, 576.1434032917023, 598.4188756942749, 581.6634192466736, 600.4984948635101]}, "time_fit": {"1191_BNG_pbc": [559.4929029941559, 576.1434032917023, 598.4188756942749, 581.6634192466736, 600.4984948635101]}, "sizes": {"1191_BNG_pbc": []}, "tau": 0.8}, "LightGBM": {"losses": {"1191_BNG_pbc": [0.0393864120706104, 0.03937495582171288, 0.03941585361868683, 0.039276030138644724, 0.0394037734943953]}, "coverage": {"1191_BNG_pbc": [0.009934999999999916, 0.013174999999999937, 0.010784999999999934, 0.011440000000000006, 0.009709999999999996]}, "time_all": {"1191_BNG_pbc": [7.510714769363403, 7.166496753692627, 7.105353593826294, 7.178847789764404, 7.135964632034302]}, "time_fit": {"1191_BNG_pbc": [1.5732004642486572, 1.56129789352417, 1.5098037719726562, 1.5634243488311768, 1.5443568229675293]}, "sizes": {"1191_BNG_pbc": []}, "tau": 0.8}, "DecisionTree": {"losses": {"1191_BNG_pbc": [0.038683696628941375, 0.03856793093590862, 0.03861393108807896, 0.03852249946427577, 0.03863447693446644]}, "coverage": {"1191_BNG_pbc": [0.02629500000000007, 0.02257500000000001, 0.025575000000000014, 0.024965000000000015, 0.027495000000000047]}, "complexity": {"1191_BNG_pbc": [25433, 25521, 25589, 25515, 25509]}, "time_all": {"1191_BNG_pbc": [411.1794013977051, 410.4224679470062, 410.1452920436859, 410.9331142902374, 410.10998249053955]}, "time_fit": {"1191_BNG_pbc": [24.844326734542847, 24.79421305656433, 24.844963550567627, 24.835123538970947, 24.74634885787964]}, "sizes": {"1191_BNG_pbc": []}, "tau": 0.8}, "LinearQuantile": {"losses": {"1191_BNG_pbc": [0.04165339396142021, 0.04168778043461658, 0.04167126630776516, 0.041607643549610523, 0.04173174035672209]}, "coverage": {"1191_BNG_pbc": [0.0005249999999999977, 0.0009899999999999354, 0.001294999999999935, 0.0009050000000000447, 0.0010150000000000992]}, "complexity": {"1191_BNG_pbc": [29, 29, 29, 29, 29]}, "time_all": {"1191_BNG_pbc": [1114.2731301784515, 662.1702618598938, 1468.4876227378845, 966.0673038959503, 1635.4349102973938]}, "time_fit": {"1191_BNG_pbc": [101.5375988483429, 61.04636216163635, 133.36846327781677, 87.53795528411865, 148.2681188583374]}, "sizes": {"1191_BNG_pbc": []}, "tau": 0.8}}
