{"SQR": {"losses": {"574_house_16H": [0.02333821635143637, 0.021457899419979647, 0.02437008550716349, 0.02605768546542779, 0.02196775529129145]}, "coverage": {"574_house_16H": [0.028637261356155408, 0.018981786262892264, 0.0040596883914856274, 0.0023041474654378336, 0.005048287971905152]}, "complexity": {"574_house_16H": [4, 7, 4, 3, 7]}, "time_all": {"574_house_16H": [633.7983200550079, 625.6220893859863, 615.1657147407532, 588.0456621646881, 561.2924897670746]}, "time_fit": {"574_house_16H": [633.7983200550079, 625.6220893859863, 615.1657147407532, 588.0456621646881, 561.2924897670746]}, "sizes": {"574_house_16H": []}, "tau": 0.5}, "LightGBM": {"losses": {"574_house_16H": [0.017951471564064517, 0.017873163950421, 0.0176639521503855, 0.018084998057979747, 0.01822701467302864]}, "coverage": {"574_house_16H": [0.030173359666447186, 0.03543998244459079, 0.04290103138029411, 0.015470704410796565, 0.03336259877085157]}, "time_all": {"574_house_16H": [1.8571836948394775, 1.7271149158477783, 1.7544519901275635, 1.7535605430603027, 1.7133276462554932]}, "time_fit": {"574_house_16H": [0.4751904010772705, 0.42838335037231445, 0.4420316219329834, 0.43598151206970215, 0.4129364490509033]}, "sizes": {"574_house_16H": []}, "tau": 0.5}, "DecisionTree": {"losses": {"574_house_16H": [0.01781269775182635, 0.017997369754657024, 0.01745056395777048, 0.01797342290766373, 0.017715954142279597]}, "coverage": {"574_house_16H": [0.03938994952819841, 0.03456221198156684, 0.030173359666447186, 0.01086240947992101, 0.03643546971027212]}, "complexity": {"574_house_16H": [631, 1391, 909, 757, 921]}, "time_all": {"574_house_16H": [4.197544097900391, 4.2710888385772705, 4.158524513244629, 4.161814212799072, 4.154700756072998]}, "time_fit": {"574_house_16H": [0.29371166229248047, 0.3618764877319336, 0.3232274055480957, 0.3043863773345947, 0.32251644134521484]}, "sizes": {"574_house_16H": []}, "tau": 0.5}, "LinearQuantile": {"losses": {"574_house_16H": [0.02295008055135617, 0.02273800485300558, 0.022806688918685234, 0.023412526226586725, 0.02318057014424836]}, "coverage": {"574_house_16H": [0.0003291639236340238, 0.0038402457757296116, 0.0009874917709019049, 0.008667983322361184, 0.0032923617208077127]}, "complexity": {"574_house_16H": [16, 16, 16, 16, 16]}, "time_all": {"574_house_16H": [96.74145126342773, 95.5965964794159, 105.41025876998901, 71.62632036209106, 98.1698670387268]}, "time_fit": {"574_house_16H": [12.227486610412598, 12.852678060531616, 11.395788431167603, 7.046369314193726, 4.8086676597595215]}, "sizes": {"574_house_16H": []}, "tau": 0.5}}
