{"SQR": {"losses": {"590_fri_c0_1000_50": [0.020017922287018867, 0.02383845114567174, 0.019355816307858, 0.025529598871043307, 0.019781199867301626]}, "coverage": {"590_fri_c0_1000_50": [0.08000000000000007, 0.0050000000000000044, 0.135, 0.030000000000000027, 0.04500000000000004]}, "complexity": {"590_fri_c0_1000_50": [13, 11, 13, 8, 14]}, "time_all": {"590_fri_c0_1000_50": [104.25679087638855, 90.73264074325562, 101.41750597953796, 97.54042291641235, 103.04611396789551]}, "time_fit": {"590_fri_c0_1000_50": [104.25679087638855, 90.73264074325562, 101.41750597953796, 97.54042291641235, 103.04611396789551]}, "sizes": {"590_fri_c0_1000_50": []}, "tau": 0.6}, "LightGBM": {"losses": {"590_fri_c0_1000_50": [0.03376734808758314, 0.034510589446918254, 0.03545183376029607, 0.033401758114560504, 0.03413724550315105]}, "coverage": {"590_fri_c0_1000_50": [0.04999999999999993, 0.03500000000000003, 0.010000000000000009, 0.03500000000000003, 0.030000000000000027]}, "time_all": {"590_fri_c0_1000_50": [0.522932767868042, 0.48490285873413086, 0.4666445255279541, 0.4917762279510498, 0.48679471015930176]}, "time_fit": {"590_fri_c0_1000_50": [0.08902168273925781, 0.08443093299865723, 0.08522343635559082, 0.08432865142822266, 0.0867922306060791]}, "sizes": {"590_fri_c0_1000_50": []}, "tau": 0.6}, "DecisionTree": {"losses": {"590_fri_c0_1000_50": [0.04292484812899267, 0.04391037018705872, 0.04574612629634575, 0.04318205441683481, 0.04414023619047909]}, "coverage": {"590_fri_c0_1000_50": [0.05499999999999994, 0.04999999999999993, 0.04499999999999993, 0.06499999999999995, 0.040000000000000036]}, "complexity": {"590_fri_c0_1000_50": [37, 23, 323, 61, 37]}, "time_all": {"590_fri_c0_1000_50": [0.45745372772216797, 0.4177098274230957, 0.46916699409484863, 0.4571065902709961, 0.4223194122314453]}, "time_fit": {"590_fri_c0_1000_50": [0.03394675254821777, 0.02389049530029297, 0.06557011604309082, 0.04002690315246582, 0.029231786727905273]}, "sizes": {"590_fri_c0_1000_50": []}, "tau": 0.6}, "LinearQuantile": {"losses": {"590_fri_c0_1000_50": [0.03961347492476382, 0.0420987811290134, 0.03691857687934246, 0.03664368569566055, 0.03888969041872606]}, "coverage": {"590_fri_c0_1000_50": [0.14999999999999997, 0.15999999999999998, 0.10999999999999999, 0.16999999999999998, 0.13999999999999996]}, "complexity": {"590_fri_c0_1000_50": [50, 50, 50, 50, 50]}, "time_all": {"590_fri_c0_1000_50": [10.672653675079346, 15.677837610244751, 268.9784059524536, 18.90400528907776, 6.653784275054932]}, "time_fit": {"590_fri_c0_1000_50": [0.9464707374572754, 1.3186554908752441, 37.42730093002319, 1.6237444877624512, 0.5463771820068359]}, "sizes": {"590_fri_c0_1000_50": []}, "tau": 0.6}}
