{"SQR": {"losses": {"505_tecator": [0.00609085556315981, 0.006116932538189409, 0.0054148305237733335, 0.004680413026359382, 0.003944019182363607]}, "coverage": {"505_tecator": [0.054166666666666585, 0.050000000000000044, 0.012499999999999956, 0.033333333333333326, 0.029166666666666674]}, "complexity": {"505_tecator": [5, 13, 10, 7, 12]}, "time_all": {"505_tecator": [88.59970808029175, 76.87683057785034, 75.22135901451111, 77.00925493240356, 77.68942975997925]}, "time_fit": {"505_tecator": [88.59970808029175, 76.87683057785034, 75.22135901451111, 77.00925493240356, 77.68942975997925]}, "sizes": {"505_tecator": []}, "tau": 0.7}, "LightGBM": {"losses": {"505_tecator": [0.018647222876874144, 0.015425025527288331, 0.01580461415801257, 0.028287560144853754, 0.016229650229878646]}, "coverage": {"505_tecator": [0.09166666666666667, 0.13333333333333341, 0.11250000000000004, 0.008333333333333415, 0.09166666666666667]}, "time_all": {"505_tecator": [0.21255898475646973, 0.18643951416015625, 0.18122506141662598, 0.18950772285461426, 0.16129684448242188]}, "time_fit": {"505_tecator": [0.03804373741149902, 0.04489755630493164, 0.04152798652648926, 0.0441131591796875, 0.04009819030761719]}, "sizes": {"505_tecator": []}, "tau": 0.7}, "DecisionTree": {"losses": {"505_tecator": [0.010922381825777233, 0.009995007642753835, 0.013061343429860693, 0.010798249534966664, 0.01216435184440223]}, "coverage": {"505_tecator": [0.008333333333333415, 0.012499999999999956, 0.11666666666666659, 0.15833333333333333, 0.050000000000000044]}, "complexity": {"505_tecator": [75, 75, 73, 77, 81]}, "time_all": {"505_tecator": [0.1410350799560547, 0.14134573936462402, 0.1407923698425293, 0.1407947540283203, 0.1420426368713379]}, "time_fit": {"505_tecator": [0.020928144454956055, 0.020528316497802734, 0.020941972732543945, 0.02100229263305664, 0.02144932746887207]}, "sizes": {"505_tecator": []}, "tau": 0.7}, "LinearQuantile": {"losses": {"505_tecator": [0.003749603947848248, 0.004944788936496313, 0.004529907867783943, 0.005725935428058981, 0.0026304363134273543]}, "coverage": {"505_tecator": [0.22083333333333327, 0.033333333333333326, 0.054166666666666585, 0.09583333333333333, 0.050000000000000044]}, "complexity": {"505_tecator": [124, 124, 124, 124, 124]}, "time_all": {"505_tecator": [222.9530384540558, 220.3251667022705, 214.74095845222473, 221.31735157966614, 210.54776787757874]}, "time_fit": {"505_tecator": [24.929291009902954, 28.201592683792114, 24.104126930236816, 29.708062887191772, 21.30778956413269]}, "sizes": {"505_tecator": []}, "tau": 0.7}}
