{"SQR": {"losses": {"678_visualizing_environmental": [0.05012384935363, 0.08345907596077498, 0.0820699763952158, 0.06708083540279154, 0.09398232947255744]}, "coverage": {"678_visualizing_environmental": [0.16956521739130437, 0.19999999999999996, 0.10909090909090902, 0.1636363636363637, 0.29090909090909084]}, "complexity": {"678_visualizing_environmental": [5, 14, 10, 18, 13]}, "time_all": {"678_visualizing_environmental": [79.14537167549133, 65.62069606781006, 64.26221036911011, 65.49846744537354, 66.01858305931091]}, "time_fit": {"678_visualizing_environmental": [79.14537167549133, 65.62069606781006, 64.26221036911011, 65.49846744537354, 66.01858305931091]}, "sizes": {"678_visualizing_environmental": []}, "tau": 0.7}, "LightGBM": {"losses": {"678_visualizing_environmental": [0.04710680427616343, 0.049965563444902786, 0.08464278319922337, 0.052067126637912235, 0.07118950558195104]}, "coverage": {"678_visualizing_environmental": [0.16956521739130437, 0.11818181818181828, 0.15454545454545454, 0.11818181818181828, 0.19999999999999996]}, "time_all": {"678_visualizing_environmental": [0.12671351432800293, 0.09399175643920898, 0.08885812759399414, 0.07953906059265137, 0.09490394592285156]}, "time_fit": {"678_visualizing_environmental": [0.01718616485595703, 0.019467830657958984, 0.013921976089477539, 0.016338348388671875, 0.019717931747436523]}, "sizes": {"678_visualizing_environmental": []}, "tau": 0.7}, "DecisionTree": {"losses": {"678_visualizing_environmental": [0.04404536676973179, 0.04275691740231468, 0.08313981988516102, 0.0533349782643957, 0.07036561293131523]}, "coverage": {"678_visualizing_environmental": [0.16956521739130437, 0.2090909090909091, 0.10909090909090902, 0.1636363636363637, 0.24545454545454543]}, "complexity": {"678_visualizing_environmental": [5, 5, 3, 1, 3]}, "time_all": {"678_visualizing_environmental": [0.03320884704589844, 0.032698869705200195, 0.03290677070617676, 0.031233787536621094, 0.03321957588195801]}, "time_fit": {"678_visualizing_environmental": [0.0019104480743408203, 0.0018596649169921875, 0.0017025470733642578, 0.001516103744506836, 0.0017547607421875]}, "sizes": {"678_visualizing_environmental": []}, "tau": 0.7}, "LinearQuantile": {"losses": {"678_visualizing_environmental": [0.05747200371042557, 0.05389666826826264, 0.09552293966654943, 0.05343734267478123, 0.0840305519702079]}, "coverage": {"678_visualizing_environmental": [0.16956521739130437, 0.027272727272727337, 0.19999999999999996, 0.11818181818181828, 0.29090909090909084]}, "complexity": {"678_visualizing_environmental": [3, 3, 3, 3, 3]}, "time_all": {"678_visualizing_environmental": [0.18402910232543945, 0.06368875503540039, 0.19481897354125977, 0.15923333168029785, 0.08849287033081055]}, "time_fit": {"678_visualizing_environmental": [0.01567387580871582, 0.005179882049560547, 0.01648235321044922, 0.013455867767333984, 0.007464885711669922]}, "sizes": {"678_visualizing_environmental": []}, "tau": 0.7}}
