{"SQR": {"losses": {"201_pol": [0.08045439414808676, 0.04640368792155874, 0.04486652251705907, 0.052140246445155414, 0.056609286612440475]}, "coverage": {"201_pol": [0.2446666666666667, 0.247, 0.2646666666666667, 0.2326666666666667, 0.25]}, "complexity": {"201_pol": [8, 15, 16, 16, 9]}, "time_all": {"201_pol": [641.1015253067017, 385.49919271469116, 385.95780515670776, 387.7045557498932, 653.6098387241364]}, "time_fit": {"201_pol": [641.1015253067017, 385.49919271469116, 385.95780515670776, 387.7045557498932, 653.6098387241364]}, "sizes": {"201_pol": []}, "tau": 0.5}, "LightGBM": {"losses": {"201_pol": [0.03466048393127125, 0.033818542087772754, 0.034329076134247315, 0.03589880390905472, 0.033641881314950425]}, "coverage": {"201_pol": [0.18833333333333335, 0.19233333333333336, 0.17666666666666664, 0.18033333333333335, 0.18400000000000005]}, "time_all": {"201_pol": [2.223820924758911, 1.9727535247802734, 1.9562740325927734, 2.020528793334961, 1.9259107112884521]}, "time_fit": {"201_pol": [0.46805453300476074, 0.4630429744720459, 0.4879446029663086, 0.4899749755859375, 0.48794007301330566]}, "sizes": {"201_pol": []}, "tau": 0.5}, "DecisionTree": {"losses": {"201_pol": [0.01, 0.0096, 0.010533333333333332, 0.010808333333333333, 0.009899999999999999]}, "coverage": {"201_pol": [0.43933333333333335, 0.43500000000000005, 0.41633333333333333, 0.42966666666666664, 0.41466666666666663]}, "complexity": {"201_pol": [1213, 1167, 1173, 1193, 1155]}, "time_all": {"201_pol": [0.7916886806488037, 0.7922511100769043, 0.7707743644714355, 0.8074638843536377, 0.766155481338501]}, "time_fit": {"201_pol": [0.10670661926269531, 0.10502243041992188, 0.10256338119506836, 0.1057577133178711, 0.10231351852416992]}, "sizes": {"201_pol": []}, "tau": 0.5}, "LinearQuantile": {"losses": {"201_pol": [0.12981493480669665, 0.13175078826891712, 0.13157675270081642, 0.1340453806375623, 0.13333342560616407]}, "coverage": {"201_pol": [0.009333333333333305, 0.007333333333333303, 0.01266666666666666, 0.012333333333333307, 0.008333333333333304]}, "complexity": {"201_pol": [48, 48, 48, 48, 48]}, "time_all": {"201_pol": [14.10664701461792, 293.16591930389404, 164.72731351852417, 53.257296085357666, 135.64043188095093]}, "time_fit": {"201_pol": [1.2718889713287354, 6.571150302886963, 13.106586456298828, 4.81095552444458, 4.290327548980713]}, "sizes": {"201_pol": []}, "tau": 0.5}}
