{"SQR": {"losses": {"654_fri_c0_500_10": [0.020111092608258108, 0.024607518854731565, 0.028421980600354144, 0.01970869317212602, 0.020880708443643033]}, "coverage": {"654_fri_c0_500_10": [0.030000000000000027, 0.07000000000000006, 0.10999999999999999, 0.040000000000000036, 0.010000000000000009]}, "complexity": {"654_fri_c0_500_10": [16, 10, 8, 12, 11]}, "time_all": {"654_fri_c0_500_10": [109.9129388332367, 91.22538566589355, 90.59752035140991, 90.41553378105164, 89.23231387138367]}, "time_fit": {"654_fri_c0_500_10": [109.9129388332367, 91.22538566589355, 90.59752035140991, 90.41553378105164, 89.23231387138367]}, "sizes": {"654_fri_c0_500_10": []}, "tau": 0.6}, "LightGBM": {"losses": {"654_fri_c0_500_10": [0.037377623576999905, 0.04020138941533256, 0.03483159506826912, 0.03877089233308998, 0.03417711689478083]}, "coverage": {"654_fri_c0_500_10": [0.06999999999999995, 0.040000000000000036, 0.09999999999999998, 0.030000000000000027, 0.030000000000000027]}, "time_all": {"654_fri_c0_500_10": [0.3188626766204834, 0.26751065254211426, 0.2680799961090088, 0.2647583484649658, 0.25324034690856934]}, "time_fit": {"654_fri_c0_500_10": [0.07840538024902344, 0.05677533149719238, 0.055326223373413086, 0.0550837516784668, 0.05650019645690918]}, "sizes": {"654_fri_c0_500_10": []}, "tau": 0.6}, "DecisionTree": {"losses": {"654_fri_c0_500_10": [0.042023272702334115, 0.04087435236550093, 0.043861402545523315, 0.0439457939233641, 0.043939025185432065]}, "coverage": {"654_fri_c0_500_10": [0.039999999999999925, 0.020000000000000018, 0.020000000000000018, 0.039999999999999925, 0.05999999999999994]}, "complexity": {"654_fri_c0_500_10": [73, 67, 29, 67, 71]}, "time_all": {"654_fri_c0_500_10": [0.09283089637756348, 0.08928847312927246, 0.08574938774108887, 0.08868741989135742, 0.09148383140563965]}, "time_fit": {"654_fri_c0_500_10": [0.010037899017333984, 0.009412050247192383, 0.00604248046875, 0.00959014892578125, 0.009914875030517578]}, "sizes": {"654_fri_c0_500_10": []}, "tau": 0.6}, "LinearQuantile": {"losses": {"654_fri_c0_500_10": [0.04768759431526153, 0.03931694093477168, 0.04056188405668488, 0.041637068176640514, 0.038584598462062136]}, "coverage": {"654_fri_c0_500_10": [0.14999999999999997, 0.14999999999999997, 0.14999999999999997, 0.05999999999999994, 0.08999999999999997]}, "complexity": {"654_fri_c0_500_10": [10, 10, 10, 10, 10]}, "time_all": {"654_fri_c0_500_10": [0.9584987163543701, 0.3195934295654297, 0.12680506706237793, 0.3572051525115967, 0.18106937408447266]}, "time_fit": {"654_fri_c0_500_10": [0.0855872631072998, 0.028584957122802734, 0.010952472686767578, 0.03180384635925293, 0.015523195266723633]}, "sizes": {"654_fri_c0_500_10": []}, "tau": 0.6}}
