{"SQR": {"losses": {"605_fri_c2_250_25": [0.013126371124292921, 0.019637738411709845, 0.018401217969458414, 0.02835560972965681, 0.006730424101921664]}, "coverage": {"605_fri_c2_250_25": [0.020000000000000018, 0.14, 0.0, 0.0, 0.0]}, "complexity": {"605_fri_c2_250_25": [11, 12, 10, 5, 14]}, "time_all": {"605_fri_c2_250_25": [96.37790417671204, 70.72629880905151, 78.2392270565033, 74.5452253818512, 79.89621615409851]}, "time_fit": {"605_fri_c2_250_25": [96.37790417671204, 70.72629880905151, 78.2392270565033, 74.5452253818512, 79.89621615409851]}, "sizes": {"605_fri_c2_250_25": []}, "tau": 0.9}, "LightGBM": {"losses": {"605_fri_c2_250_25": [0.025886255758530676, 0.03047129255338336, 0.03158524301872526, 0.022594628857713565, 0.028915813421993043]}, "coverage": {"605_fri_c2_250_25": [0.0, 0.020000000000000018, 0.08000000000000007, 0.020000000000000018, 0.040000000000000036]}, "time_all": {"605_fri_c2_250_25": [0.1678757667541504, 0.13657808303833008, 0.12731122970581055, 0.1425471305847168, 0.14807438850402832]}, "time_fit": {"605_fri_c2_250_25": [0.023248672485351562, 0.0327911376953125, 0.029201269149780273, 0.022556066513061523, 0.028316736221313477]}, "sizes": {"605_fri_c2_250_25": []}, "tau": 0.9}, "DecisionTree": {"losses": {"605_fri_c2_250_25": [0.020954352598760075, 0.02381263896915577, 0.026536877753624132, 0.022383750289283015, 0.027105511256181956]}, "coverage": {"605_fri_c2_250_25": [0.0, 0.020000000000000018, 0.06000000000000005, 0.0, 0.06000000000000005]}, "complexity": {"605_fri_c2_250_25": [9, 7, 15, 5, 17]}, "time_all": {"605_fri_c2_250_25": [0.06657004356384277, 0.06269621849060059, 0.06527972221374512, 0.0625753402709961, 0.0662539005279541]}, "time_fit": {"605_fri_c2_250_25": [0.003882884979248047, 0.0033698081970214844, 0.0047397613525390625, 0.0029604434967041016, 0.004992246627807617]}, "sizes": {"605_fri_c2_250_25": []}, "tau": 0.9}, "LinearQuantile": {"losses": {"605_fri_c2_250_25": [0.09223070981964306, 0.07377247551347951, 0.11038479470904945, 0.09408408857114918, 0.0886866617329567]}, "coverage": {"605_fri_c2_250_25": [0.44, 0.36, 0.48000000000000004, 0.46, 0.4]}, "complexity": {"605_fri_c2_250_25": [25, 25, 25, 25, 25]}, "time_all": {"605_fri_c2_250_25": [0.5288305282592773, 2.0209953784942627, 1.8670625686645508, 1.420076608657837, 0.8987874984741211]}, "time_fit": {"605_fri_c2_250_25": [0.04693198204040527, 0.13095545768737793, 0.13155412673950195, 0.09204769134521484, 0.0655066967010498]}, "sizes": {"605_fri_c2_250_25": []}, "tau": 0.9}}
