{"SQR": {"losses": {"586_fri_c3_1000_25": [0.012904338634755102, 0.024601050384760726, 0.011829803791380829, 0.013025662004512365, 0.012227126409664177]}, "coverage": {"586_fri_c3_1000_25": [0.04499999999999993, 0.015000000000000013, 0.03500000000000003, 0.06499999999999995, 0.05999999999999994]}, "complexity": {"586_fri_c3_1000_25": [11, 8, 10, 14, 11]}, "time_all": {"586_fri_c3_1000_25": [122.05167746543884, 98.16497659683228, 120.98726177215576, 107.46754384040833, 109.2942304611206]}, "time_fit": {"586_fri_c3_1000_25": [122.05167746543884, 98.16497659683228, 120.98726177215576, 107.46754384040833, 109.2942304611206]}, "sizes": {"586_fri_c3_1000_25": []}, "tau": 0.6}, "LightGBM": {"losses": {"586_fri_c3_1000_25": [0.026517852930315382, 0.025365146039466047, 0.024360770083578082, 0.02253958655329244, 0.020991801843965926]}, "coverage": {"586_fri_c3_1000_25": [0.0050000000000000044, 0.05500000000000005, 0.030000000000000027, 0.020000000000000018, 0.04499999999999993]}, "time_all": {"586_fri_c3_1000_25": [0.46269941329956055, 0.401653528213501, 0.39600205421447754, 0.42995524406433105, 0.40454602241516113]}, "time_fit": {"586_fri_c3_1000_25": [0.07940888404846191, 0.07262587547302246, 0.07131195068359375, 0.0670921802520752, 0.0730593204498291]}, "sizes": {"586_fri_c3_1000_25": []}, "tau": 0.6}, "DecisionTree": {"losses": {"586_fri_c3_1000_25": [0.025887268429909627, 0.028299526990849918, 0.029211212899727737, 0.025383459961369655, 0.025534302213789977]}, "coverage": {"586_fri_c3_1000_25": [0.039999999999999925, 0.03500000000000003, 0.030000000000000027, 0.10499999999999998, 0.08499999999999996]}, "complexity": {"586_fri_c3_1000_25": [325, 323, 129, 139, 327]}, "time_all": {"586_fri_c3_1000_25": [0.332108736038208, 0.3057980537414551, 0.3041036128997803, 0.3048098087310791, 0.32504844665527344]}, "time_fit": {"586_fri_c3_1000_25": [0.05154061317443848, 0.04506230354309082, 0.03213334083557129, 0.03446030616760254, 0.05129837989807129]}, "sizes": {"586_fri_c3_1000_25": []}, "tau": 0.6}, "LinearQuantile": {"losses": {"586_fri_c3_1000_25": [0.059619363729750484, 0.058705345758684406, 0.05918575026027855, 0.0573265930934766, 0.055154368353560135]}, "coverage": {"586_fri_c3_1000_25": [0.09999999999999998, 0.08999999999999997, 0.125, 0.13999999999999996, 0.14999999999999997]}, "complexity": {"586_fri_c3_1000_25": [25, 25, 25, 25, 25]}, "time_all": {"586_fri_c3_1000_25": [1.0035219192504883, 1.2978699207305908, 2.493816614151001, 2.432765245437622, 1.2110662460327148]}, "time_fit": {"586_fri_c3_1000_25": [0.07552886009216309, 0.10506200790405273, 0.20714807510375977, 0.17879271507263184, 0.08577346801757812]}, "sizes": {"586_fri_c3_1000_25": []}, "tau": 0.6}}
