{"SQR": {"losses": {"542_pollution": [0.05599324568244313, 0.07003363480588803, 0.06089421587228742, 0.04868847812874591, 0.042210503764272586]}, "coverage": {"542_pollution": [0.2333333333333334, 0.09999999999999998, 0.06666666666666665, 0.1833333333333333, 0.1833333333333333]}, "complexity": {"542_pollution": [10, 14, 8, 15, 10]}, "time_all": {"542_pollution": [77.73889899253845, 64.91213965415955, 63.271929025650024, 64.20389008522034, 63.78222060203552]}, "time_fit": {"542_pollution": [77.73889899253845, 64.91213965415955, 63.271929025650024, 64.20389008522034, 63.78222060203552]}, "sizes": {"542_pollution": []}, "tau": 0.6}, "LightGBM": {"losses": {"542_pollution": [0.07996055238324129, 0.06698185207734861, 0.06168380637553424, 0.055301492468870846, 0.047246629301185505]}, "coverage": {"542_pollution": [0.15000000000000002, 0.016666666666666607, 0.06666666666666665, 0.09999999999999998, 0.016666666666666607]}, "time_all": {"542_pollution": [0.10516595840454102, 0.06916975975036621, 0.06569838523864746, 0.06869649887084961, 0.06855607032775879]}, "time_fit": {"542_pollution": [0.01288294792175293, 0.014954566955566406, 0.01277303695678711, 0.015006065368652344, 0.014869451522827148]}, "sizes": {"542_pollution": []}, "tau": 0.6}, "DecisionTree": {"losses": {"542_pollution": [0.06844747171157628, 0.04546084529292731, 0.06177952536693409, 0.05501764889207842, 0.04341817320668561]}, "coverage": {"542_pollution": [0.15000000000000002, 0.016666666666666607, 0.016666666666666607, 0.26666666666666666, 0.26666666666666666]}, "complexity": {"542_pollution": [3, 7, 3, 7, 19]}, "time_all": {"542_pollution": [0.029522180557250977, 0.03158092498779297, 0.027222394943237305, 0.029833555221557617, 0.031940460205078125]}, "time_fit": {"542_pollution": [0.0017294883728027344, 0.00212860107421875, 0.001680135726928711, 0.0020520687103271484, 0.0030715465545654297]}, "sizes": {"542_pollution": []}, "tau": 0.6}, "LinearQuantile": {"losses": {"542_pollution": [0.046565333204360286, 0.08069891340668527, 0.057136124874326816, 0.06949736568684904, 0.07695205694453879]}, "coverage": {"542_pollution": [0.15000000000000002, 0.09999999999999998, 0.016666666666666607, 0.26666666666666666, 0.1833333333333333]}, "complexity": {"542_pollution": [15, 15, 15, 15, 15]}, "time_all": {"542_pollution": [0.15879511833190918, 1.0128109455108643, 0.8655283451080322, 3.896061658859253, 0.6914818286895752]}, "time_fit": {"542_pollution": [0.013228416442871094, 0.0748281478881836, 0.059687137603759766, 0.14440464973449707, 0.051850318908691406]}, "sizes": {"542_pollution": []}, "tau": 0.6}}
