{"SQR": {"losses": {"608_fri_c3_1000_10": [0.01549934314277973, 0.01806181102615582, 0.008932954482509988, 0.014998766487532044, 0.015063273276979294]}, "coverage": {"608_fri_c3_1000_10": [0.07499999999999996, 0.06000000000000005, 0.0050000000000000044, 0.019999999999999907, 0.06999999999999995]}, "complexity": {"608_fri_c3_1000_10": [10, 11, 13, 13, 11]}, "time_all": {"608_fri_c3_1000_10": [122.21255373954773, 108.61565709114075, 98.94348526000977, 106.41576528549194, 106.7210865020752]}, "time_fit": {"608_fri_c3_1000_10": [122.21255373954773, 108.61565709114075, 98.94348526000977, 106.41576528549194, 106.7210865020752]}, "sizes": {"608_fri_c3_1000_10": []}, "tau": 0.7}, "LightGBM": {"losses": {"608_fri_c3_1000_10": [0.019089302195504792, 0.0287748832828497, 0.025098528748948145, 0.025039608348472436, 0.017023206929190574]}, "coverage": {"608_fri_c3_1000_10": [0.020000000000000018, 0.0050000000000000044, 0.03499999999999992, 0.029999999999999916, 0.025000000000000022]}, "time_all": {"608_fri_c3_1000_10": [0.429976224899292, 0.4068164825439453, 0.3918778896331787, 0.3804798126220703, 0.37292027473449707]}, "time_fit": {"608_fri_c3_1000_10": [0.06928253173828125, 0.09479832649230957, 0.06436800956726074, 0.06744956970214844, 0.06638145446777344]}, "sizes": {"608_fri_c3_1000_10": []}, "tau": 0.7}, "DecisionTree": {"losses": {"608_fri_c3_1000_10": [0.022274244081514644, 0.024397415446345494, 0.019830162892355462, 0.027743217494271576, 0.023099353286143914]}, "coverage": {"608_fri_c3_1000_10": [0.10999999999999999, 0.09499999999999997, 0.13, 0.10499999999999998, 0.04999999999999993]}, "complexity": {"608_fri_c3_1000_10": [135, 323, 321, 333, 143]}, "time_all": {"608_fri_c3_1000_10": [0.18255376815795898, 0.19365930557250977, 0.19519996643066406, 0.19056963920593262, 0.18256664276123047]}, "time_fit": {"608_fri_c3_1000_10": [0.02067279815673828, 0.03445744514465332, 0.034731149673461914, 0.03481793403625488, 0.02102828025817871]}, "sizes": {"608_fri_c3_1000_10": []}, "tau": 0.7}, "LinearQuantile": {"losses": {"608_fri_c3_1000_10": [0.05415226688318547, 0.060240380821318815, 0.05453125957214498, 0.05408194259835415, 0.05099209133085741]}, "coverage": {"608_fri_c3_1000_10": [0.26999999999999996, 0.24499999999999994, 0.20999999999999996, 0.20999999999999996, 0.26499999999999996]}, "complexity": {"608_fri_c3_1000_10": [10, 10, 10, 10, 10]}, "time_all": {"608_fri_c3_1000_10": [1.7420525550842285, 0.3034520149230957, 0.6786973476409912, 0.3370323181152344, 0.3452720642089844]}, "time_fit": {"608_fri_c3_1000_10": [0.1042325496673584, 0.025531768798828125, 0.05715632438659668, 0.02764749526977539, 0.028729915618896484]}, "sizes": {"608_fri_c3_1000_10": []}, "tau": 0.7}}
