{"SQR": {"losses": {"1595_poker": [0.030213565416745896, 0.03010275212880405, 0.026605352672648082, 0.030037393604521106, 0.02538752146874201]}, "coverage": {"1595_poker": [0.30918137384025524, 0.3164934976244135, 0.0704227275831456, 0.3183861620862236, 0.07125198778548503]}, "complexity": {"1595_poker": [15, 10, 14, 13, 18]}, "time_all": {"1595_poker": [469.6922378540039, 432.9337947368622, 531.2951560020447, 429.31112146377563, 512.4500646591187]}, "time_fit": {"1595_poker": [469.6922378540039, 432.9337947368622, 531.2951560020447, 429.31112146377563, 512.4500646591187]}, "sizes": {"1595_poker": []}, "tau": 0.6}, "LightGBM": {"losses": {"1595_poker": [0.028671086577390283, 0.029249913262342473, 0.02921103854346395, 0.02918389959823548, 0.029252683578717582]}, "coverage": {"1595_poker": [0.22590413752060956, 0.1792167881288963, 0.17810948185871356, 0.17702656559448204, 0.17873874401225354]}, "time_all": {"1595_poker": [7.831706523895264, 5.500595569610596, 5.615875959396362, 6.741868495941162, 5.640470743179321]}, "time_fit": {"1595_poker": [1.895266056060791, 1.1024179458618164, 1.3014440536499023, 1.8122215270996094, 1.1163389682769775]}, "sizes": {"1595_poker": []}, "tau": 0.6}, "DecisionTree": {"losses": {"1595_poker": [0.02409038827805474, 0.02402068706104764, 0.024061098590908058, 0.024374396347352698, 0.023843453017802538]}, "coverage": {"1595_poker": [0.2190993258602355, 0.22044565418873963, 0.21959688198163918, 0.2157871630520678, 0.22126515838869865]}, "complexity": {"1595_poker": [59539, 59259, 59427, 59639, 59475]}, "time_all": {"1595_poker": [220.9227533340454, 220.7680640220642, 220.83579087257385, 219.53690719604492, 220.39169096946716]}, "time_fit": {"1595_poker": [16.85235571861267, 17.596163511276245, 16.78955101966858, 16.715761184692383, 16.67473602294922]}, "sizes": {"1595_poker": []}, "tau": 0.6}, "LinearQuantile": {"losses": {"1595_poker": [0.03013349871526088, 0.030093496835281272, 0.0302773419535329, 0.030182168546635316, 0.03007539423255898]}, "coverage": {"1595_poker": [0.09987317196905399, 0.09860001365840332, 0.09700978527038762, 0.09856098964888149, 0.09893171773933906]}, "complexity": {"1595_poker": [25, 25, 25, 25, 25]}, "time_all": {"1595_poker": [63.21571111679077, 63.07608127593994, 63.77680540084839, 62.907829999923706, 65.04363083839417]}, "time_fit": {"1595_poker": [5.64411735534668, 5.6750359535217285, 5.754105806350708, 5.7402050495147705, 5.6841490268707275]}, "sizes": {"1595_poker": []}, "tau": 0.6}}
