{"SQR": {"losses": {"573_cpu_act": [0.006000187376751137, 0.005593360610044157, 0.006140748020972864, 0.00544721169318908, 0.006018346359932378]}, "coverage": {"573_cpu_act": [0.0017693715680292543, 0.0017693715680292543, 0.0123321123321124, 0.009279609279609247, 0.01391941391941387]}, "complexity": {"573_cpu_act": [4, 6, 4, 8, 4]}, "time_all": {"573_cpu_act": [539.4470825195312, 376.47189831733704, 516.3270590305328, 394.34070348739624, 526.784939289093]}, "time_fit": {"573_cpu_act": [539.4470825195312, 376.47189831733704, 516.3270590305328, 394.34070348739624, 526.784939289093]}, "sizes": {"573_cpu_act": []}, "tau": 0.9}, "LightGBM": {"losses": {"573_cpu_act": [0.008440937323918065, 0.008846938892245795, 0.008920026681571228, 0.009268418138332053, 0.009964037927474509]}, "coverage": {"573_cpu_act": [0.00726052471018912, 0.028004881025015194, 0.002564102564102555, 0.03284493284493284, 0.037728937728937706]}, "time_all": {"573_cpu_act": [1.0446691513061523, 0.9782390594482422, 0.9700102806091309, 1.010392665863037, 0.9845921993255615]}, "time_fit": {"573_cpu_act": [0.1509532928466797, 0.14456534385681152, 0.14280056953430176, 0.14168286323547363, 0.14996552467346191]}, "sizes": {"573_cpu_act": []}, "tau": 0.9}, "DecisionTree": {"losses": {"573_cpu_act": [0.00457318764213212, 0.0045238843591497635, 0.004514189514189513, 0.004300760967427633, 0.0041277241277241266]}, "coverage": {"573_cpu_act": [0.011043319097010396, 6.101281269066394e-05, 0.009645909645909612, 0.007814407814407787, 0.024297924297924323]}, "complexity": {"573_cpu_act": [321, 231, 205, 227, 267]}, "time_all": {"573_cpu_act": [1.5917057991027832, 1.2467098236083984, 1.1918189525604248, 1.4723148345947266, 1.2200987339019775]}, "time_fit": {"573_cpu_act": [0.0852499008178711, 0.07739543914794922, 0.07543253898620605, 0.07825350761413574, 0.08189821243286133]}, "sizes": {"573_cpu_act": []}, "tau": 0.9}, "LinearQuantile": {"losses": {"573_cpu_act": [0.03274272234235256, 0.03135529733905536, 0.03071546143823342, 0.030796032503379332, 0.03028261126830779]}, "coverage": {"573_cpu_act": [0.028737034777303272, 0.03544844417327642, 0.03675213675213673, 0.04163614163614171, 0.028205128205128216]}, "complexity": {"573_cpu_act": [21, 21, 21, 21, 21]}, "time_all": {"573_cpu_act": [52.134599447250366, 51.82686972618103, 66.4171085357666, 63.61544632911682, 47.44405245780945]}, "time_fit": {"573_cpu_act": [2.2435805797576904, 3.4255387783050537, 5.480624198913574, 2.8037288188934326, 2.02056622505188]}, "sizes": {"573_cpu_act": []}, "tau": 0.9}}
