{"SQR": {"losses": {"1027_ESL": [0.035076530612244895, 0.04400550733418367, 0.03443877551020408, 0.03414948453608247, 0.03801546391752577]}, "coverage": {"1027_ESL": [0.36734693877551017, 0.11224489795918369, 0.3979591836734694, 0.28350515463917525, 0.2731958762886598]}, "complexity": {"1027_ESL": [8, 8, 9, 10, 9]}, "time_all": {"1027_ESL": [101.5930655002594, 88.71237349510193, 86.65929865837097, 83.95870399475098, 87.77330207824707]}, "time_fit": {"1027_ESL": [101.5930655002594, 88.71237349510193, 86.65929865837097, 83.95870399475098, 87.77330207824707]}, "sizes": {"1027_ESL": []}, "tau": 0.5}, "LightGBM": {"losses": {"1027_ESL": [0.037221778655055174, 0.04612120763347823, 0.04004744244386181, 0.03717932072349425, 0.03224375453826367]}, "coverage": {"1027_ESL": [0.061224489795918324, 0.04081632653061229, 0.05102040816326531, 0.03608247422680411, 0.07731958762886598]}, "time_all": {"1027_ESL": [0.22490859031677246, 0.18016886711120605, 0.22495603561401367, 0.21695661544799805, 0.21525168418884277]}, "time_fit": {"1027_ESL": [0.03516101837158203, 0.03521156311035156, 0.04691004753112793, 0.040178775787353516, 0.04374289512634277]}, "sizes": {"1027_ESL": []}, "tau": 0.5}, "DecisionTree": {"losses": {"1027_ESL": [0.029017857142857144, 0.03284438775510204, 0.03380102040816327, 0.031894329896907214, 0.025128865979381444]}, "coverage": {"1027_ESL": [0.2551020408163265, 0.26530612244897955, 0.29591836734693877, 0.31443298969072164, 0.25257731958762886]}, "complexity": {"1027_ESL": [129, 125, 127, 121, 133]}, "time_all": {"1027_ESL": [0.06778430938720703, 0.06502628326416016, 0.06599998474121094, 0.06461882591247559, 0.06689310073852539]}, "time_fit": {"1027_ESL": [0.011552810668945312, 0.010730743408203125, 0.010905265808105469, 0.010667085647583008, 0.011273860931396484]}, "sizes": {"1027_ESL": []}, "tau": 0.5}, "LinearQuantile": {"losses": {"1027_ESL": [0.029336624601460335, 0.027931281449002844, 0.0312499096696521, 0.027090420914426233, 0.022943145710722503]}, "coverage": {"1027_ESL": [0.010204081632653073, 0.020408163265306145, 0.030612244897959162, 0.005154639175257714, 0.02577319587628868]}, "complexity": {"1027_ESL": [34, 34, 34, 34, 34]}, "time_all": {"1027_ESL": [1.2818009853363037, 4.406047344207764, 1.0341851711273193, 0.9616403579711914, 1.1946940422058105]}, "time_fit": {"1027_ESL": [0.1049797534942627, 0.3516099452972412, 0.07027435302734375, 0.08972811698913574, 0.07676100730895996]}, "sizes": {"1027_ESL": []}, "tau": 0.5}}
