{"SQR": {"losses": {"560_bodyfat": [0.0004909379493048804, 0.0016901316273917103, 0.004657402551771137, 0.0022379350689815253, 0.00037166505272302703]}, "coverage": {"560_bodyfat": [0.08823529411764708, 0.06862745098039214, 0.06000000000000005, 0.03999999999999998, 0.24]}, "complexity": {"560_bodyfat": [11, 13, 5, 10, 10]}, "time_all": {"560_bodyfat": [89.28138279914856, 76.58215141296387, 77.417809009552, 73.71653819084167, 75.19372057914734]}, "time_fit": {"560_bodyfat": [89.28138279914856, 76.58215141296387, 77.417809009552, 73.71653819084167, 75.19372057914734]}, "sizes": {"560_bodyfat": []}, "tau": 0.5}, "LightGBM": {"losses": {"560_bodyfat": [0.007387417991616346, 0.015801926367918207, 0.008136193256368527, 0.016401345555053008, 0.014209140467340382]}, "coverage": {"560_bodyfat": [0.04901960784313725, 0.06862745098039214, 0.03999999999999998, 0.020000000000000018, 0.07999999999999996]}, "time_all": {"560_bodyfat": [0.17183804512023926, 0.1462993621826172, 0.1285417079925537, 0.14792156219482422, 0.14818620681762695]}, "time_fit": {"560_bodyfat": [0.029735088348388672, 0.03369879722595215, 0.02935028076171875, 0.03448486328125, 0.03209066390991211]}, "sizes": {"560_bodyfat": []}, "tau": 0.5}, "DecisionTree": {"losses": {"560_bodyfat": [0.004189886077392706, 0.008926729668773727, 0.006210526115015932, 0.006357894608848974, 0.003894736189591258]}, "coverage": {"560_bodyfat": [0.06862745098039214, 0.0490196078431373, 0.06, 0.040000000000000036, 0.0]}, "complexity": {"560_bodyfat": [75, 81, 79, 83, 81]}, "time_all": {"560_bodyfat": [0.05758929252624512, 0.059941768646240234, 0.05675387382507324, 0.0577549934387207, 0.05736684799194336]}, "time_fit": {"560_bodyfat": [0.008772134780883789, 0.008876562118530273, 0.008743524551391602, 0.00896596908569336, 0.008825302124023438]}, "sizes": {"560_bodyfat": []}, "tau": 0.5}, "LinearQuantile": {"losses": {"560_bodyfat": [0.027682196836679898, 0.03764171496045298, 0.043789624331134834, 0.03387752863581792, 0.031448714327970986]}, "coverage": {"560_bodyfat": [0.08823529411764708, 0.06862745098039214, 0.14, 0.06, 0.14]}, "complexity": {"560_bodyfat": [14, 14, 14, 14, 14]}, "time_all": {"560_bodyfat": [0.8842201232910156, 3.3211166858673096, 0.3698728084564209, 0.41716957092285156, 0.6430084705352783]}, "time_fit": {"560_bodyfat": [0.0789487361907959, 0.26877737045288086, 0.03133678436279297, 0.03366565704345703, 0.05781364440917969]}, "sizes": {"560_bodyfat": []}, "tau": 0.5}}
