{"SQR": {"losses": {"485_analcatdata_vehicle": [0.06816625811814256, 0.03379376403860674, 0.0240486593020636, 0.03872929702672259, 0.1352053499746202]}, "coverage": {"485_analcatdata_vehicle": [0.10000000000000009, 0.10000000000000009, 0.10000000000000009, 0.46666666666666673, 0.13333333333333341]}, "complexity": {"485_analcatdata_vehicle": [13, 17, 14, 17, 17]}, "time_all": {"485_analcatdata_vehicle": [81.38038063049316, 67.04442071914673, 65.46951627731323, 66.80092644691467, 66.42726588249207]}, "time_fit": {"485_analcatdata_vehicle": [81.38038063049316, 67.04442071914673, 65.46951627731323, 66.80092644691467, 66.42726588249207]}, "sizes": {"485_analcatdata_vehicle": []}, "tau": 0.8}, "LightGBM": {"losses": {"485_analcatdata_vehicle": [0.10176795580110498, 0.07990792458887257, 0.0690791908109605, 0.07821567286395185, 0.12781665193929684]}, "coverage": {"485_analcatdata_vehicle": [0.0, 0.09999999999999998, 0.09999999999999998, 0.24444444444444446, 0.13333333333333341]}, "time_all": {"485_analcatdata_vehicle": [0.07477927207946777, 0.037595510482788086, 0.03528857231140137, 0.034595489501953125, 0.03472709655761719]}, "time_fit": {"485_analcatdata_vehicle": [0.004147052764892578, 0.004737377166748047, 0.00445246696472168, 0.004405021667480469, 0.004452228546142578]}, "sizes": {"485_analcatdata_vehicle": []}, "tau": 0.8}, "DecisionTree": {"losses": {"485_analcatdata_vehicle": [0.06916390423572744, 0.02163904235727441, 0.0294548802946593, 0.04254962144464905, 0.07580928995293634]}, "coverage": {"485_analcatdata_vehicle": [0.0, 0.0, 0.19999999999999996, 0.13333333333333341, 0.13333333333333341]}, "complexity": {"485_analcatdata_vehicle": [13, 13, 13, 15, 5]}, "time_all": {"485_analcatdata_vehicle": [0.02879810333251953, 0.02898263931274414, 0.02783679962158203, 0.027491331100463867, 0.026366233825683594]}, "time_fit": {"485_analcatdata_vehicle": [0.0024251937866210938, 0.0023844242095947266, 0.002252340316772461, 0.0023212432861328125, 0.0016937255859375]}, "sizes": {"485_analcatdata_vehicle": []}, "tau": 0.8}, "LinearQuantile": {"losses": {"485_analcatdata_vehicle": [0.06760589312908687, 0.038268876088346365, 0.04756035225606535, 0.049399221480592705, 0.08110575533725652]}, "coverage": {"485_analcatdata_vehicle": [0.30000000000000004, 0.0, 0.0, 0.13333333333333341, 0.13333333333333341]}, "complexity": {"485_analcatdata_vehicle": [12, 12, 12, 12, 12]}, "time_all": {"485_analcatdata_vehicle": [0.1894378662109375, 0.19066834449768066, 0.117706298828125, 0.23032832145690918, 0.16948890686035156]}, "time_fit": {"485_analcatdata_vehicle": [0.016106843948364258, 0.0167691707611084, 0.009868621826171875, 0.019116878509521484, 0.014272689819335938]}, "sizes": {"485_analcatdata_vehicle": []}, "tau": 0.8}}
