{"SQR": {"losses": {"592_fri_c4_1000_25": [0.022949322524330556, 0.013493671938767729, 0.012473160221415973, 0.011220791104257338, 0.010940926154094963]}, "coverage": {"592_fri_c4_1000_25": [0.034999999999999976, 0.10999999999999999, 0.050000000000000044, 0.04999999999999999, 0.025000000000000022]}, "complexity": {"592_fri_c4_1000_25": [11, 14, 15, 16, 14]}, "time_all": {"592_fri_c4_1000_25": [109.93183135986328, 110.44308638572693, 110.17712020874023, 109.27278065681458, 105.65217161178589]}, "time_fit": {"592_fri_c4_1000_25": [109.93183135986328, 110.44308638572693, 110.17712020874023, 109.27278065681458, 105.65217161178589]}, "sizes": {"592_fri_c4_1000_25": []}, "tau": 0.5}, "LightGBM": {"losses": {"592_fri_c4_1000_25": [0.024926199274843092, 0.02375196029626084, 0.025586076181790485, 0.0290264367687017, 0.025496098749864356]}, "coverage": {"592_fri_c4_1000_25": [0.03999999999999998, 0.010000000000000009, 0.10999999999999999, 0.034999999999999976, 0.05499999999999999]}, "time_all": {"592_fri_c4_1000_25": [0.4707469940185547, 0.4568502902984619, 0.4409782886505127, 0.43123555183410645, 0.4375631809234619]}, "time_fit": {"592_fri_c4_1000_25": [0.0773472785949707, 0.07349133491516113, 0.07475113868713379, 0.07080602645874023, 0.07454204559326172]}, "sizes": {"592_fri_c4_1000_25": []}, "tau": 0.5}, "DecisionTree": {"losses": {"592_fri_c4_1000_25": [0.026635830767089714, 0.026722854933568598, 0.028401833794009502, 0.03317714251617468, 0.02954570033006525]}, "coverage": {"592_fri_c4_1000_25": [0.065, 0.07999999999999996, 0.03500000000000003, 0.09999999999999998, 0.010000000000000009]}, "complexity": {"592_fri_c4_1000_25": [323, 331, 141, 137, 325]}, "time_all": {"592_fri_c4_1000_25": [0.3138916492462158, 0.3104846477508545, 0.3169522285461426, 0.29559326171875, 0.3136122226715088]}, "time_fit": {"592_fri_c4_1000_25": [0.04998970031738281, 0.05035281181335449, 0.034468650817871094, 0.0334162712097168, 0.04999375343322754]}, "sizes": {"592_fri_c4_1000_25": []}, "tau": 0.5}, "LinearQuantile": {"losses": {"592_fri_c4_1000_25": [0.059724722432214314, 0.060268947813208844, 0.061311713633277996, 0.06081836940716023, 0.060602183597262396]}, "coverage": {"592_fri_c4_1000_25": [0.08500000000000002, 0.025000000000000022, 0.025000000000000022, 0.010000000000000009, 0.10499999999999998]}, "complexity": {"592_fri_c4_1000_25": [25, 25, 25, 25, 25]}, "time_all": {"592_fri_c4_1000_25": [0.4058091640472412, 2.1447415351867676, 1.7309837341308594, 0.6452052593231201, 1.3552896976470947]}, "time_fit": {"592_fri_c4_1000_25": [0.03358197212219238, 0.15459442138671875, 0.1389603614807129, 0.05581784248352051, 0.08548545837402344]}, "sizes": {"592_fri_c4_1000_25": []}, "tau": 0.5}}
