{"SQR": {"losses": {"635_fri_c0_250_10": [0.03120417289937969, 0.03290696791880937, 0.026617338832447938, 0.02943005646671625, 0.02772698577628861]}, "coverage": {"635_fri_c0_250_10": [0.020000000000000018, 0.06, 0.09999999999999998, 0.03999999999999998, 0.03999999999999998]}, "complexity": {"635_fri_c0_250_10": [13, 10, 12, 9, 11]}, "time_all": {"635_fri_c0_250_10": [94.16104364395142, 78.06810307502747, 76.72030830383301, 73.5997109413147, 76.90287613868713]}, "time_fit": {"635_fri_c0_250_10": [94.16104364395142, 78.06810307502747, 76.72030830383301, 73.5997109413147, 76.90287613868713]}, "sizes": {"635_fri_c0_250_10": []}, "tau": 0.5}, "LightGBM": {"losses": {"635_fri_c0_250_10": [0.04807780463169818, 0.052476725114992566, 0.042514428840052056, 0.04428713341874916, 0.05061182500130854]}, "coverage": {"635_fri_c0_250_10": [0.09999999999999998, 0.020000000000000018, 0.03999999999999998, 0.020000000000000018, 0.020000000000000018]}, "time_all": {"635_fri_c0_250_10": [0.18645477294921875, 0.14142155647277832, 0.161055326461792, 0.13744425773620605, 0.16330456733703613]}, "time_fit": {"635_fri_c0_250_10": [0.03354024887084961, 0.03142285346984863, 0.03821301460266113, 0.031293630599975586, 0.03692913055419922]}, "sizes": {"635_fri_c0_250_10": []}, "tau": 0.5}, "DecisionTree": {"losses": {"635_fri_c0_250_10": [0.05503714585770633, 0.05409506195828307, 0.05182082786322674, 0.05086761285765035, 0.056371572294319126]}, "coverage": {"635_fri_c0_250_10": [0.06000000000000005, 0.06, 0.040000000000000036, 0.040000000000000036, 0.040000000000000036]}, "complexity": {"635_fri_c0_250_10": [33, 15, 79, 15, 15]}, "time_all": {"635_fri_c0_250_10": [0.053521156311035156, 0.04971623420715332, 0.057073354721069336, 0.049979209899902344, 0.05006003379821777]}, "time_fit": {"635_fri_c0_250_10": [0.005138874053955078, 0.003418445587158203, 0.008476734161376953, 0.003368854522705078, 0.003393888473510742]}, "sizes": {"635_fri_c0_250_10": []}, "tau": 0.5}, "LinearQuantile": {"losses": {"635_fri_c0_250_10": [0.05567713968448191, 0.05190056892271078, 0.04597582827522586, 0.04490638955563335, 0.04838359870200505]}, "coverage": {"635_fri_c0_250_10": [0.040000000000000036, 0.14, 0.020000000000000018, 0.0, 0.06]}, "complexity": {"635_fri_c0_250_10": [10, 10, 10, 10, 10]}, "time_all": {"635_fri_c0_250_10": [0.8126156330108643, 0.2402968406677246, 0.23287487030029297, 0.3326866626739502, 0.2453470230102539]}, "time_fit": {"635_fri_c0_250_10": [0.07275104522705078, 0.02128458023071289, 0.020600318908691406, 0.027785301208496094, 0.021367549896240234]}, "sizes": {"635_fri_c0_250_10": []}, "tau": 0.5}}
