{"SQR": {"losses": {"650_fri_c0_500_50": [0.01975937001677091, 0.014507887459634357, 0.022551537347301684, 0.030124612279779153, 0.020029051343371487]}, "coverage": {"650_fri_c0_500_50": [0.07000000000000006, 0.030000000000000027, 0.0, 0.09999999999999998, 0.08000000000000007]}, "complexity": {"650_fri_c0_500_50": [14, 14, 12, 8, 12]}, "time_all": {"650_fri_c0_500_50": [106.34966611862183, 94.05007433891296, 100.76698756217957, 88.47595119476318, 92.23333740234375]}, "time_fit": {"650_fri_c0_500_50": [106.34966611862183, 94.05007433891296, 100.76698756217957, 88.47595119476318, 92.23333740234375]}, "sizes": {"650_fri_c0_500_50": []}, "tau": 0.6}, "LightGBM": {"losses": {"650_fri_c0_500_50": [0.03848573793968528, 0.04089033170184699, 0.03710733147774312, 0.03651593893327213, 0.042809954972667194]}, "coverage": {"650_fri_c0_500_50": [0.010000000000000009, 0.020000000000000018, 0.010000000000000009, 0.010000000000000009, 0.0]}, "time_all": {"650_fri_c0_500_50": [0.32102012634277344, 0.3136324882507324, 0.27423977851867676, 0.268230676651001, 0.30180788040161133]}, "time_fit": {"650_fri_c0_500_50": [0.06343340873718262, 0.0611271858215332, 0.06229805946350098, 0.06101536750793457, 0.06199979782104492]}, "sizes": {"650_fri_c0_500_50": []}, "tau": 0.6}, "DecisionTree": {"losses": {"650_fri_c0_500_50": [0.04127452446512706, 0.05310875975549303, 0.04193339963504614, 0.04535322965313178, 0.047882841756735746]}, "coverage": {"650_fri_c0_500_50": [0.040000000000000036, 0.09999999999999998, 0.020000000000000018, 0.05999999999999994, 0.05999999999999994]}, "complexity": {"650_fri_c0_500_50": [33, 69, 17, 73, 29]}, "time_all": {"650_fri_c0_500_50": [0.19712138175964355, 0.20258831977844238, 0.19544529914855957, 0.2063288688659668, 0.20251226425170898]}, "time_fit": {"650_fri_c0_500_50": [0.016915082931518555, 0.02291584014892578, 0.013158798217773438, 0.023061513900756836, 0.016988754272460938]}, "sizes": {"650_fri_c0_500_50": []}, "tau": 0.6}, "LinearQuantile": {"losses": {"650_fri_c0_500_50": [0.04179640674994326, 0.03717443147438751, 0.040654574053366914, 0.038991646971350914, 0.043829951793121026]}, "coverage": {"650_fri_c0_500_50": [0.22999999999999998, 0.18, 0.13999999999999996, 0.13, 0.13999999999999996]}, "complexity": {"650_fri_c0_500_50": [50, 50, 50, 50, 50]}, "time_all": {"650_fri_c0_500_50": [6.81259822845459, 10.169715642929077, 7.111457586288452, 9.25497317314148, 8.081121683120728]}, "time_fit": {"650_fri_c0_500_50": [0.5967497825622559, 0.8836591243743896, 0.5612454414367676, 0.7791421413421631, 0.6563177108764648]}, "sizes": {"650_fri_c0_500_50": []}, "tau": 0.6}}
