{"SQR": {"losses": {"598_fri_c0_1000_25": [0.0103674732331661, 0.008136709194989574, 0.00880854800529667, 0.009654136134654602, 0.009745033167696905]}, "coverage": {"598_fri_c0_1000_25": [0.020000000000000018, 0.030000000000000027, 0.04999999999999993, 0.07500000000000007, 0.010000000000000009]}, "complexity": {"598_fri_c0_1000_25": [10, 13, 10, 12, 12]}, "time_all": {"598_fri_c0_1000_25": [108.71094179153442, 91.77160620689392, 94.5824544429779, 94.78029417991638, 92.74051332473755]}, "time_fit": {"598_fri_c0_1000_25": [108.71094179153442, 91.77160620689392, 94.5824544429779, 94.78029417991638, 92.74051332473755]}, "sizes": {"598_fri_c0_1000_25": []}, "tau": 0.9}, "LightGBM": {"losses": {"598_fri_c0_1000_25": [0.02103840019841297, 0.02279883886029122, 0.022640621356838957, 0.022253458528527583, 0.023422787729221822]}, "coverage": {"598_fri_c0_1000_25": [0.030000000000000027, 0.0050000000000000044, 0.010000000000000009, 0.0050000000000000044, 0.010000000000000009]}, "time_all": {"598_fri_c0_1000_25": [0.3710901737213135, 0.35648226737976074, 0.37555670738220215, 0.3522179126739502, 0.3326084613800049]}, "time_fit": {"598_fri_c0_1000_25": [0.07075619697570801, 0.06891322135925293, 0.0717928409576416, 0.06673598289489746, 0.06202816963195801]}, "sizes": {"598_fri_c0_1000_25": []}, "tau": 0.9}, "DecisionTree": {"losses": {"598_fri_c0_1000_25": [0.021896339037798907, 0.020214798163058333, 0.021331504076779223, 0.023352186728876546, 0.02289708044945666]}, "coverage": {"598_fri_c0_1000_25": [0.040000000000000036, 0.050000000000000044, 0.08000000000000007, 0.0, 0.040000000000000036]}, "complexity": {"598_fri_c0_1000_25": [59, 63, 59, 25, 23]}, "time_all": {"598_fri_c0_1000_25": [0.28092312812805176, 0.28534984588623047, 0.2807457447052002, 0.2702348232269287, 0.2698385715484619]}, "time_fit": {"598_fri_c0_1000_25": [0.02223372459411621, 0.02349710464477539, 0.022694826126098633, 0.016533851623535156, 0.01582503318786621]}, "sizes": {"598_fri_c0_1000_25": []}, "tau": 0.9}, "LinearQuantile": {"losses": {"598_fri_c0_1000_25": [0.050789033381226804, 0.04658150369312842, 0.04386784067438862, 0.041027187937581366, 0.048188358355967464]}, "coverage": {"598_fri_c0_1000_25": [0.495, 0.385, 0.43000000000000005, 0.435, 0.4]}, "complexity": {"598_fri_c0_1000_25": [25, 25, 25, 25, 25]}, "time_all": {"598_fri_c0_1000_25": [0.855818510055542, 0.960413932800293, 1.3126976490020752, 0.7485482692718506, 0.8296074867248535]}, "time_fit": {"598_fri_c0_1000_25": [0.07292413711547852, 0.07544755935668945, 0.09679651260375977, 0.05521655082702637, 0.059201717376708984]}, "sizes": {"598_fri_c0_1000_25": []}, "tau": 0.9}}
