{"SQR": {"losses": {"586_fri_c3_1000_25": [0.007534396273948278, 0.007425241630247099, 0.006381357481369012, 0.005016632326228889, 0.010443186004091415]}, "coverage": {"586_fri_c3_1000_25": [0.0, 0.010000000000000009, 0.030000000000000027, 0.04500000000000004, 0.06500000000000006]}, "complexity": {"586_fri_c3_1000_25": [12, 13, 15, 15, 11]}, "time_all": {"586_fri_c3_1000_25": [121.7895393371582, 113.37383794784546, 115.28868794441223, 122.28750872612, 115.10183668136597]}, "time_fit": {"586_fri_c3_1000_25": [121.7895393371582, 113.37383794784546, 115.28868794441223, 122.28750872612, 115.10183668136597]}, "sizes": {"586_fri_c3_1000_25": []}, "tau": 0.9}, "LightGBM": {"losses": {"586_fri_c3_1000_25": [0.016400954087727543, 0.01647753030574724, 0.016333986368934735, 0.015312375828044322, 0.012974834755179025]}, "coverage": {"586_fri_c3_1000_25": [0.015000000000000013, 0.025000000000000022, 0.040000000000000036, 0.030000000000000027, 0.0050000000000000044]}, "time_all": {"586_fri_c3_1000_25": [0.3565516471862793, 0.3211393356323242, 0.31157684326171875, 0.33667969703674316, 0.33245038986206055]}, "time_fit": {"586_fri_c3_1000_25": [0.06114840507507324, 0.05814862251281738, 0.060587406158447266, 0.05833601951599121, 0.05777597427368164]}, "sizes": {"586_fri_c3_1000_25": []}, "tau": 0.9}, "DecisionTree": {"losses": {"586_fri_c3_1000_25": [0.014194944278575478, 0.014276646122270762, 0.014369898243356938, 0.01379213812514848, 0.013340007863885738]}, "coverage": {"586_fri_c3_1000_25": [0.09499999999999997, 0.050000000000000044, 0.050000000000000044, 0.16500000000000004, 0.07000000000000006]}, "complexity": {"586_fri_c3_1000_25": [137, 65, 41, 139, 65]}, "time_all": {"586_fri_c3_1000_25": [0.3159830570220947, 0.29670262336730957, 0.29517030715942383, 0.3052332401275635, 0.29744791984558105]}, "time_fit": {"586_fri_c3_1000_25": [0.0350499153137207, 0.024347782135009766, 0.02114081382751465, 0.03437685966491699, 0.025089502334594727]}, "sizes": {"586_fri_c3_1000_25": []}, "tau": 0.9}, "LinearQuantile": {"losses": {"586_fri_c3_1000_25": [0.06029585284671492, 0.05389418009271404, 0.06270337908142225, 0.06213620377262322, 0.061638695456356314]}, "coverage": {"586_fri_c3_1000_25": [0.41000000000000003, 0.375, 0.44, 0.445, 0.445]}, "complexity": {"586_fri_c3_1000_25": [25, 25, 25, 25, 25]}, "time_all": {"586_fri_c3_1000_25": [1.5390093326568604, 1.7595345973968506, 1.6159496307373047, 0.6709446907043457, 0.7310731410980225]}, "time_fit": {"586_fri_c3_1000_25": [0.10019874572753906, 0.14943885803222656, 0.12459063529968262, 0.05001020431518555, 0.05863213539123535]}, "sizes": {"586_fri_c3_1000_25": []}, "tau": 0.9}}
