{"SQR": {"losses": {"647_fri_c1_250_10": [0.013838175683056758, 0.00804172345662262, 0.009524368620329578, 0.017229118095482516, 0.016751105179838494]}, "coverage": {"647_fri_c1_250_10": [0.020000000000000018, 0.040000000000000036, 0.040000000000000036, 0.08000000000000007, 0.09999999999999998]}, "complexity": {"647_fri_c1_250_10": [13, 13, 16, 12, 10]}, "time_all": {"647_fri_c1_250_10": [88.26106357574463, 79.77856421470642, 76.35342812538147, 72.92203855514526, 78.91394639015198]}, "time_fit": {"647_fri_c1_250_10": [88.26106357574463, 79.77856421470642, 76.35342812538147, 72.92203855514526, 78.91394639015198]}, "sizes": {"647_fri_c1_250_10": []}, "tau": 0.8}, "LightGBM": {"losses": {"647_fri_c1_250_10": [0.03339109318397412, 0.03612797853434057, 0.032692234934056735, 0.04116196224919957, 0.03597111702685772]}, "coverage": {"647_fri_c1_250_10": [0.0, 0.019999999999999907, 0.039999999999999925, 0.040000000000000036, 0.12]}, "time_all": {"647_fri_c1_250_10": [0.18149971961975098, 0.13278436660766602, 0.13459134101867676, 0.13462519645690918, 0.14417624473571777]}, "time_fit": {"647_fri_c1_250_10": [0.03252863883972168, 0.030180692672729492, 0.031182050704956055, 0.03175759315490723, 0.03083062171936035]}, "sizes": {"647_fri_c1_250_10": []}, "tau": 0.8}, "DecisionTree": {"losses": {"647_fri_c1_250_10": [0.03441929836854815, 0.03775535377253009, 0.030217347112125335, 0.02868366082688809, 0.026035869029680768]}, "coverage": {"647_fri_c1_250_10": [0.12, 0.0, 0.0, 0.10000000000000009, 0.06000000000000005]}, "complexity": {"647_fri_c1_250_10": [17, 33, 9, 35, 13]}, "time_all": {"647_fri_c1_250_10": [0.052230119705200195, 0.051422119140625, 0.04979729652404785, 0.05202460289001465, 0.04922151565551758]}, "time_fit": {"647_fri_c1_250_10": [0.00363922119140625, 0.004988670349121094, 0.002798795700073242, 0.005175590515136719, 0.0032324790954589844]}, "sizes": {"647_fri_c1_250_10": []}, "tau": 0.8}, "LinearQuantile": {"losses": {"647_fri_c1_250_10": [0.07839796894547513, 0.0758925662095476, 0.08524962745306794, 0.07284414592059746, 0.0860551988800027]}, "coverage": {"647_fri_c1_250_10": [0.4, 0.34, 0.28, 0.36000000000000004, 0.32000000000000006]}, "complexity": {"647_fri_c1_250_10": [10, 10, 10, 10, 10]}, "time_all": {"647_fri_c1_250_10": [0.6764316558837891, 0.3194460868835449, 0.23887872695922852, 0.18459534645080566, 0.25958800315856934]}, "time_fit": {"647_fri_c1_250_10": [0.06046247482299805, 0.028556346893310547, 0.020836353302001953, 0.016257524490356445, 0.022814273834228516]}, "sizes": {"647_fri_c1_250_10": []}, "tau": 0.8}}
