{"SQR": {"losses": {"557_analcatdata_apnea1": [0.007658415803054018, 0.009364178089800466, 0.03698698104480474, 0.005848354442215686, 0.01036202229953543]}, "coverage": {"557_analcatdata_apnea1": [0.021052631578947434, 0.052631578947368474, 0.05263157894736836, 0.052631578947368474, 0.010526315789473717]}, "complexity": {"557_analcatdata_apnea1": [7, 6, 9, 3, 13]}, "time_all": {"557_analcatdata_apnea1": [114.62504577636719, 88.53698897361755, 91.6004650592804, 94.19100022315979, 88.3381781578064]}, "time_fit": {"557_analcatdata_apnea1": [114.62504577636719, 88.53698897361755, 91.6004650592804, 94.19100022315979, 88.3381781578064]}, "sizes": {"557_analcatdata_apnea1": []}, "tau": 0.6}, "LightGBM": {"losses": {"557_analcatdata_apnea1": [0.02381237369774023, 0.021169655796500812, 0.01735218434349913, 0.015900149808282256, 0.016066737673679714]}, "coverage": {"557_analcatdata_apnea1": [0.052631578947368474, 0.09473684210526323, 0.06315789473684208, 0.17894736842105263, 0.1578947368421053]}, "time_all": {"557_analcatdata_apnea1": [0.25398921966552734, 0.22415995597839355, 0.23791193962097168, 0.19829607009887695, 0.21575713157653809]}, "time_fit": {"557_analcatdata_apnea1": [0.057241201400756836, 0.054543256759643555, 0.06454062461853027, 0.05586647987365723, 0.040511369705200195]}, "sizes": {"557_analcatdata_apnea1": []}, "tau": 0.6}, "DecisionTree": {"losses": {"557_analcatdata_apnea1": [0.005506900367114224, 0.007296547701473133, 0.006066695014682343, 0.004696069940936688, 0.005947401815311935]}, "coverage": {"557_analcatdata_apnea1": [0.12631578947368427, 0.18947368421052635, 0.052631578947368474, 0.17894736842105263, 0.10526315789473684]}, "complexity": {"557_analcatdata_apnea1": [129, 123, 121, 53, 61]}, "time_all": {"557_analcatdata_apnea1": [0.06364822387695312, 0.06215405464172363, 0.0624995231628418, 0.056079864501953125, 0.059723854064941406]}, "time_fit": {"557_analcatdata_apnea1": [0.010755062103271484, 0.010476827621459961, 0.01025080680847168, 0.005545616149902344, 0.006060600280761719]}, "sizes": {"557_analcatdata_apnea1": []}, "tau": 0.6}, "LinearQuantile": {"losses": {"557_analcatdata_apnea1": [0.02778046168694467, 0.023146637337652112, 0.01939271426183777, 0.018950842693893518, 0.016464616530263158]}, "coverage": {"557_analcatdata_apnea1": [0.05263157894736836, 0.1157894736842105, 0.04210526315789476, 0.0736842105263158, 0.09473684210526312]}, "complexity": {"557_analcatdata_apnea1": [11, 11, 11, 11, 11]}, "time_all": {"557_analcatdata_apnea1": [0.4173588752746582, 0.270902156829834, 0.22146320343017578, 0.19896769523620605, 0.5551018714904785]}, "time_fit": {"557_analcatdata_apnea1": [0.03664207458496094, 0.023132801055908203, 0.019316434860229492, 0.017498493194580078, 0.04574751853942871]}, "sizes": {"557_analcatdata_apnea1": []}, "tau": 0.6}}
