{"SQR": {"losses": {"1193_BNG_lowbwt": [0.03232894091125872, 0.03167505594725078, 0.03135973711505324, 0.03160285979377582, 0.03150210565434184]}, "coverage": {"1193_BNG_lowbwt": [0.0022825912232760093, 0.008390933933451139, 0.00045008841022342594, 0.0010930718533997963, 0.0035369774919613572]}, "complexity": {"1193_BNG_lowbwt": [3, 3, 4, 4, 4]}, "time_all": {"1193_BNG_lowbwt": [537.9341008663177, 578.4435713291168, 582.7180178165436, 580.4213829040527, 507.3099699020386]}, "time_fit": {"1193_BNG_lowbwt": [537.9341008663177, 578.4435713291168, 582.7180178165436, 580.4213829040527, 507.3099699020386]}, "sizes": {"1193_BNG_lowbwt": []}, "tau": 0.8}, "LightGBM": {"losses": {"1193_BNG_lowbwt": [0.029400023741180996, 0.028774211812030243, 0.02878449338540435, 0.028774809837492674, 0.029018562426471578]}, "coverage": {"1193_BNG_lowbwt": [0.026555216203182685, 0.02864491239350586, 0.023018807265712815, 0.028162674811123556, 0.0197749196141479]}, "time_all": {"1193_BNG_lowbwt": [1.8857157230377197, 2.0492889881134033, 1.8521921634674072, 1.977773904800415, 2.1131973266601562]}, "time_fit": {"1193_BNG_lowbwt": [0.2609367370605469, 0.23702263832092285, 0.24905180931091309, 0.3113589286804199, 0.23153996467590332]}, "sizes": {"1193_BNG_lowbwt": []}, "tau": 0.8}, "DecisionTree": {"losses": {"1193_BNG_lowbwt": [0.029760274962884005, 0.02890087379244478, 0.029437060411244918, 0.028862750486638854, 0.029214559243993125]}, "coverage": {"1193_BNG_lowbwt": [0.018132133097572778, 0.011702298665809407, 0.02134705031345452, 0.016524674489631908, 0.02057877813504827]}, "complexity": {"1193_BNG_lowbwt": [797, 789, 793, 793, 767]}, "time_all": {"1193_BNG_lowbwt": [2.3672873973846436, 2.3183772563934326, 2.3046114444732666, 2.301731824874878, 2.3036093711853027]}, "time_fit": {"1193_BNG_lowbwt": [0.12099218368530273, 0.12199831008911133, 0.12175893783569336, 0.12118005752563477, 0.12000226974487305]}, "sizes": {"1193_BNG_lowbwt": []}, "tau": 0.8}, "LinearQuantile": {"losses": {"1193_BNG_lowbwt": [0.02984442209638774, 0.029225964479403756, 0.029226816940629504, 0.029259253194779383, 0.029304607924357205]}, "coverage": {"1193_BNG_lowbwt": [0.0030220221829287963, 0.006622729464716204, 0.0017360552965761666, 0.0030863205272463334, 0.004180064308681675]}, "complexity": {"1193_BNG_lowbwt": [23, 23, 23, 23, 23]}, "time_all": {"1193_BNG_lowbwt": [13.893173217773438, 24.02782702445984, 18.681959867477417, 12.349900960922241, 77.42254757881165]}, "time_fit": {"1193_BNG_lowbwt": [1.236166000366211, 2.1554057598114014, 1.6689355373382568, 1.0363876819610596, 7.018151760101318]}, "sizes": {"1193_BNG_lowbwt": []}, "tau": 0.8}}
