{"SQR": {"losses": {"192_vineyard": [0.03292840308225051, 0.062477622747144884, 0.023002655562846423, 0.02748685255012368]}, "coverage": {"192_vineyard": [0.26363636363636367, 0.08181818181818179, 0.30000000000000004, 0.09999999999999998, 0.09999999999999998]}, "complexity": {"192_vineyard": [6, 8, 10, 11, 9]}, "time_all": {"192_vineyard": [79.50666403770447, 65.35479044914246, 65.98784446716309, 65.48351836204529, 65.13103675842285]}, "time_fit": {"192_vineyard": [79.50666403770447, 65.35479044914246, 65.98784446716309, 65.48351836204529, 65.13103675842285]}, "sizes": {"192_vineyard": []}, "tau": 0.9}, "LightGBM": {"losses": {"192_vineyard": [0.023017408123791102, 0.023791102514506765, 0.03893617021276595, 0.023191489361702126, 0.020638297872340415]}, "coverage": {"192_vineyard": [0.09999999999999998, 0.009090909090909038, 0.20000000000000007, 0.09999999999999998, 0.09999999999999998]}, "time_all": {"192_vineyard": [0.07562756538391113, 0.03583240509033203, 0.034752845764160156, 0.032128334045410156, 0.03116130828857422]}, "time_fit": {"192_vineyard": [0.003877401351928711, 0.004570484161376953, 0.0042438507080078125, 0.003751516342163086, 0.003815889358520508]}, "sizes": {"192_vineyard": []}, "tau": 0.9}, "DecisionTree": {"losses": {"192_vineyard": [0.014487427466150872, 0.023791102514506765, 0.033723404255319146, 0.011574468085106381, 0.020638297872340415]}, "coverage": {"192_vineyard": [0.09999999999999998, 0.009090909090909038, 0.09999999999999998, 0.09999999999999998, 0.09999999999999998]}, "complexity": {"192_vineyard": [5, 1, 5, 13, 1]}, "time_all": {"192_vineyard": [0.028501510620117188, 0.027739763259887695, 0.02732372283935547, 0.02773284912109375, 0.025724172592163086]}, "time_fit": {"192_vineyard": [0.0018696784973144531, 0.00150299072265625, 0.0017375946044921875, 0.0023941993713378906, 0.0014224052429199219]}, "sizes": {"192_vineyard": []}, "tau": 0.9}, "LinearQuantile": {"losses": {"192_vineyard": [0.025764008577945783, 0.02119148778792962, 0.06417693835315302, 0.02778720213606455, 0.023387256291053874]}, "coverage": {"192_vineyard": [0.09999999999999998, 0.009090909090909038, 0.30000000000000004, 0.09999999999999998, 0.0]}, "complexity": {"192_vineyard": [2, 2, 2, 2, 2]}, "time_all": {"192_vineyard": [0.161912202835083, 0.06954574584960938, 0.06416559219360352, 0.19453859329223633, 0.18187189102172852]}, "time_fit": {"192_vineyard": [0.013685941696166992, 0.0056667327880859375, 0.005213737487792969, 0.01635122299194336, 0.015161514282226562]}, "sizes": {"192_vineyard": []}, "tau": 0.9}}
