{"SQR": {"losses": {"1029_LEV": [0.045, 0.04699999999999999, 0.048499999999999995, 0.04774999999999999, 0.046]}, "coverage": {"1029_LEV": [0.13, 0.13, 0.12, 0.135, 0.125]}, "complexity": {"1029_LEV": [3, 3, 3, 3, 3]}, "time_all": {"1029_LEV": [90.4319634437561, 90.48953628540039, 86.07999920845032, 85.81622076034546, 86.73046731948853]}, "time_fit": {"1029_LEV": [90.4319634437561, 90.48953628540039, 86.07999920845032, 85.81622076034546, 86.73046731948853]}, "sizes": {"1029_LEV": []}, "tau": 0.8}, "LightGBM": {"losses": {"1029_LEV": [0.04210624598357629, 0.04685926837106617, 0.04919963274061047, 0.04783630637561566, 0.04723569698048392]}, "coverage": {"1029_LEV": [0.05499999999999994, 0.06499999999999995, 0.05999999999999994, 0.07999999999999996, 0.029999999999999916]}, "time_all": {"1029_LEV": [0.31422948837280273, 0.265578031539917, 0.2631096839904785, 0.2547328472137451, 0.2842590808868408]}, "time_fit": {"1029_LEV": [0.05175042152404785, 0.051717281341552734, 0.05199837684631348, 0.04967856407165527, 0.053347110748291016]}, "sizes": {"1029_LEV": []}, "tau": 0.8}, "DecisionTree": {"losses": {"1029_LEV": [0.0425, 0.0409, 0.03895, 0.0365, 0.037649999999999996]}, "coverage": {"1029_LEV": [0.12, 0.1399999999999999, 0.11499999999999999, 0.135, 0.125]}, "complexity": {"1029_LEV": [23, 57, 175, 55, 31]}, "time_all": {"1029_LEV": [0.08404016494750977, 0.08620572090148926, 0.09428119659423828, 0.08566474914550781, 0.08329486846923828]}, "time_fit": {"1029_LEV": [0.0039632320404052734, 0.006539583206176758, 0.014859199523925781, 0.006395101547241211, 0.0045642852783203125]}, "sizes": {"1029_LEV": []}, "tau": 0.8}, "LinearQuantile": {"losses": {"1029_LEV": [0.04146428358111964, 0.04387506638809, 0.04000373608784186, 0.04399596430864722, 0.038625041520481206]}, "coverage": {"1029_LEV": [0.13, 0.03500000000000003, 0.02499999999999991, 0.03500000000000003, 0.020000000000000018]}, "complexity": {"1029_LEV": [20, 20, 20, 20, 20]}, "time_all": {"1029_LEV": [1.1226353645324707, 0.7182421684265137, 3.5278916358947754, 0.6340451240539551, 0.5896801948547363]}, "time_fit": {"1029_LEV": [0.09765362739562988, 0.05584263801574707, 0.267596960067749, 0.051502227783203125, 0.05229020118713379]}, "sizes": {"1029_LEV": []}, "tau": 0.8}}
