{"SQR": {"losses": {"665_sleuth_case2002": [0.05297264217076531, 0.05316574337451849, 0.07097457755639851, 0.06477987747555229, 0.04772414944794836]}, "coverage": {"665_sleuth_case2002": [0.10000000000000009, 0.16666666666666663, 0.21724137931034476, 0.16206896551724137, 0.05862068965517242]}, "complexity": {"665_sleuth_case2002": [5, 4, 4, 4, 4]}, "time_all": {"665_sleuth_case2002": [82.15504789352417, 69.77605438232422, 68.58126831054688, 67.50130891799927, 67.8169207572937]}, "time_fit": {"665_sleuth_case2002": [82.15504789352417, 69.77605438232422, 68.58126831054688, 67.50130891799927, 67.8169207572937]}, "sizes": {"665_sleuth_case2002": []}, "tau": 0.7}, "LightGBM": {"losses": {"665_sleuth_case2002": [0.06511082716971876, 0.06172384615089706, 0.07167684945606825, 0.06048248579053065, 0.04554820030853975]}, "coverage": {"665_sleuth_case2002": [0.13333333333333341, 0.1333333333333333, 0.14827586206896548, 0.16206896551724137, 0.12758620689655176]}, "time_all": {"665_sleuth_case2002": [0.13855719566345215, 0.10177254676818848, 0.09743523597717285, 0.10911202430725098, 0.12133145332336426]}, "time_fit": {"665_sleuth_case2002": [0.020587682723999023, 0.023243427276611328, 0.02025580406188965, 0.014182806015014648, 0.02848529815673828]}, "sizes": {"665_sleuth_case2002": []}, "tau": 0.7}, "DecisionTree": {"losses": {"665_sleuth_case2002": [0.05414814814814815, 0.05494074074074074, 0.06260536398467434, 0.04785440613026821, 0.03897318007662835]}, "coverage": {"665_sleuth_case2002": [0.10000000000000009, 0.0, 0.010344827586206806, 0.09310344827586214, 0.2310344827586207]}, "complexity": {"665_sleuth_case2002": [19, 19, 9, 21, 9]}, "time_all": {"665_sleuth_case2002": [0.03753829002380371, 0.036150217056274414, 0.035715579986572266, 0.03758502006530762, 0.03463006019592285]}, "time_fit": {"665_sleuth_case2002": [0.003109455108642578, 0.0029981136322021484, 0.0022237300872802734, 0.003106355667114258, 0.0021276473999023438]}, "sizes": {"665_sleuth_case2002": []}, "tau": 0.7}, "LinearQuantile": {"losses": {"665_sleuth_case2002": [0.05721623661420277, 0.06065145312514587, 0.07018052844696798, 0.06033435783833925, 0.052976192774084975]}, "coverage": {"665_sleuth_case2002": [0.06666666666666665, 0.09999999999999998, 0.21724137931034476, 0.16206896551724137, 0.12758620689655176]}, "complexity": {"665_sleuth_case2002": [10, 10, 10, 10, 10]}, "time_all": {"665_sleuth_case2002": [0.45180487632751465, 0.7034540176391602, 1.5573065280914307, 0.4700157642364502, 0.18352508544921875]}, "time_fit": {"665_sleuth_case2002": [0.03957653045654297, 0.05439591407775879, 0.11672639846801758, 0.0374908447265625, 0.015448331832885742]}, "sizes": {"665_sleuth_case2002": []}, "tau": 0.7}}
