{"SQR": {"losses": {"590_fri_c0_1000_50": [0.01252500597705507, 0.01280499022525189, 0.013370952024300409, 0.01631672350604824, 0.01855709794354168]}, "coverage": {"590_fri_c0_1000_50": [0.07999999999999996, 0.015000000000000013, 0.04499999999999993, 0.07000000000000006, 0.039999999999999925]}, "complexity": {"590_fri_c0_1000_50": [13, 13, 12, 9, 14]}, "time_all": {"590_fri_c0_1000_50": [95.573415517807, 90.20599222183228, 93.31533980369568, 90.3271095752716, 99.20683646202087]}, "time_fit": {"590_fri_c0_1000_50": [95.573415517807, 90.20599222183228, 93.31533980369568, 90.3271095752716, 99.20683646202087]}, "sizes": {"590_fri_c0_1000_50": []}, "tau": 0.8}, "LightGBM": {"losses": {"590_fri_c0_1000_50": [0.025923573285309576, 0.028267141942991385, 0.029139542219567795, 0.025854119491456346, 0.02673852804132272]}, "coverage": {"590_fri_c0_1000_50": [0.025000000000000022, 0.030000000000000027, 0.010000000000000009, 0.010000000000000009, 0.0]}, "time_all": {"590_fri_c0_1000_50": [0.4696345329284668, 0.43052005767822266, 0.43168067932128906, 0.4490468502044678, 0.41042065620422363]}, "time_fit": {"590_fri_c0_1000_50": [0.08025574684143066, 0.07985544204711914, 0.0779716968536377, 0.08044791221618652, 0.07814359664916992]}, "sizes": {"590_fri_c0_1000_50": []}, "tau": 0.8}, "DecisionTree": {"losses": {"590_fri_c0_1000_50": [0.03210944150573881, 0.031958482018632814, 0.03314734372383349, 0.030546324183888474, 0.03141755254468024]}, "coverage": {"590_fri_c0_1000_50": [0.06000000000000005, 0.07000000000000006, 0.1100000000000001, 0.08000000000000007, 0.014999999999999902]}, "complexity": {"590_fri_c0_1000_50": [25, 39, 57, 61, 25]}, "time_all": {"590_fri_c0_1000_50": [0.45800018310546875, 0.45249438285827637, 0.43883180618286133, 0.4613773822784424, 0.443958044052124]}, "time_fit": {"590_fri_c0_1000_50": [0.02954578399658203, 0.03382444381713867, 0.03399825096130371, 0.03948497772216797, 0.027656078338623047]}, "sizes": {"590_fri_c0_1000_50": []}, "tau": 0.8}, "LinearQuantile": {"losses": {"590_fri_c0_1000_50": [0.042257089680636364, 0.04344178200953001, 0.03779019443884889, 0.03898948385354311, 0.038403202260251484]}, "coverage": {"590_fri_c0_1000_50": [0.36500000000000005, 0.37500000000000006, 0.31000000000000005, 0.38500000000000006, 0.35500000000000004]}, "complexity": {"590_fri_c0_1000_50": [50, 50, 50, 50, 50]}, "time_all": {"590_fri_c0_1000_50": [30.611051559448242, 4.791712284088135, 5.8237998485565186, 10.835805416107178, 99.14169692993164]}, "time_fit": {"590_fri_c0_1000_50": [2.8001339435577393, 0.40025973320007324, 0.30129218101501465, 0.8911116123199463, 0.9231348037719727]}, "sizes": {"590_fri_c0_1000_50": []}, "tau": 0.8}}
