{"SQR": {"losses": {"594_fri_c2_100_5": [0.08419440764977497, 0.04363006402959743, 0.033119429861090635, 0.0361875797468341, 0.03855361687022381]}, "coverage": {"594_fri_c2_100_5": [0.0, 0.1499999999999999, 0.050000000000000044, 0.29999999999999993, 0.10000000000000009]}, "complexity": {"594_fri_c2_100_5": [13, 14, 11, 10, 10]}, "time_all": {"594_fri_c2_100_5": [79.62345242500305, 67.9597156047821, 66.72155499458313, 64.45347189903259, 63.55104899406433]}, "time_fit": {"594_fri_c2_100_5": [79.62345242500305, 67.9597156047821, 66.72155499458313, 64.45347189903259, 63.55104899406433]}, "sizes": {"594_fri_c2_100_5": []}, "tau": 0.7}, "LightGBM": {"losses": {"594_fri_c2_100_5": [0.0771912779669096, 0.05202163238576881, 0.04560515403389878, 0.06406849598794057, 0.06107627716655435]}, "coverage": {"594_fri_c2_100_5": [0.15000000000000002, 0.04999999999999993, 0.1499999999999999, 0.04999999999999993, 0.10000000000000009]}, "time_all": {"594_fri_c2_100_5": [0.12687206268310547, 0.07613253593444824, 0.09419417381286621, 0.09304165840148926, 0.08802103996276855]}, "time_fit": {"594_fri_c2_100_5": [0.017107725143432617, 0.011433601379394531, 0.019787073135375977, 0.019402742385864258, 0.020966768264770508]}, "sizes": {"594_fri_c2_100_5": []}, "tau": 0.7}, "DecisionTree": {"losses": {"594_fri_c2_100_5": [0.03609483795992275, 0.056806466054605466, 0.041933115591661935, 0.04688941386442472, 0.06630135940284253]}, "coverage": {"594_fri_c2_100_5": [0.0, 0.09999999999999998, 0.1499999999999999, 0.050000000000000044, 0.04999999999999993]}, "complexity": {"594_fri_c2_100_5": [33, 1, 1, 5, 31]}, "time_all": {"594_fri_c2_100_5": [0.03492450714111328, 0.0317075252532959, 0.031746864318847656, 0.03256869316101074, 0.0347743034362793]}, "time_fit": {"594_fri_c2_100_5": [0.0041141510009765625, 0.0015223026275634766, 0.001470804214477539, 0.0019228458404541016, 0.003874540328979492]}, "sizes": {"594_fri_c2_100_5": []}, "tau": 0.7}, "LinearQuantile": {"losses": {"594_fri_c2_100_5": [0.07825130199069888, 0.10425411553061685, 0.09802078706405412, 0.11405676490325678, 0.08316776879600256]}, "coverage": {"594_fri_c2_100_5": [0.0, 0.39999999999999997, 0.44999999999999996, 0.24999999999999994, 0.09999999999999998]}, "complexity": {"594_fri_c2_100_5": [5, 5, 5, 5, 5]}, "time_all": {"594_fri_c2_100_5": [0.12571477890014648, 0.10767436027526855, 0.10570120811462402, 0.13302135467529297, 0.2435317039489746]}, "time_fit": {"594_fri_c2_100_5": [0.010529756546020508, 0.00903940200805664, 0.008798599243164062, 0.011301040649414062, 0.02144765853881836]}, "sizes": {"594_fri_c2_100_5": []}, "tau": 0.7}}
