{"SQR": {"losses": {"1089_USCrime": [0.045909501699730196, 0.06539936572073284, 0.0631777592732469, 0.13473089850357062, 0.06322807120858882]}, "coverage": {"1089_USCrime": [0.09999999999999998, 0.0, 0.05555555555555558, 0.05555555555555558, 0.2777777777777778]}, "complexity": {"1089_USCrime": [10, 9, 10, 9, 10]}, "time_all": {"1089_USCrime": [77.64914298057556, 63.337759494781494, 62.63070893287659, 63.059364318847656, 62.06602239608765]}, "time_fit": {"1089_USCrime": [77.64914298057556, 63.337759494781494, 62.63070893287659, 63.059364318847656, 62.06602239608765]}, "sizes": {"1089_USCrime": []}, "tau": 0.5}, "LightGBM": {"losses": {"1089_USCrime": [0.10200000000000001, 0.11233333333333334, 0.11703703703703705, 0.11111111111111112, 0.14666666666666667]}, "coverage": {"1089_USCrime": [0.0, 0.19999999999999996, 0.05555555555555558, 0.05555555555555558, 0.16666666666666669]}, "time_all": {"1089_USCrime": [0.08176016807556152, 0.035782814025878906, 0.03699493408203125, 0.03140425682067871, 0.035582780838012695]}, "time_fit": {"1089_USCrime": [0.003991842269897461, 0.004446744918823242, 0.004500389099121094, 0.003770589828491211, 0.004551410675048828]}, "sizes": {"1089_USCrime": []}, "tau": 0.5}, "DecisionTree": {"losses": {"1089_USCrime": [0.044333333333333336, 0.07966666666666666, 0.07351851851851852, 0.0637037037037037, 0.055]}, "coverage": {"1089_USCrime": [0.2, 0.30000000000000004, 0.05555555555555558, 0.05555555555555558, 0.16666666666666669]}, "complexity": {"1089_USCrime": [5, 5, 5, 5, 15]}, "time_all": {"1089_USCrime": [0.028662681579589844, 0.027575254440307617, 0.028668642044067383, 0.02644801139831543, 0.03139662742614746]}, "time_fit": {"1089_USCrime": [0.0019719600677490234, 0.0018138885498046875, 0.0019001960754394531, 0.0018105506896972656, 0.0028154850006103516]}, "sizes": {"1089_USCrime": []}, "tau": 0.5}, "LinearQuantile": {"losses": {"1089_USCrime": [0.05379547808195581, 0.05874983000667312, 0.04662101025186935, 0.0633516868351345, 0.06085119662583106]}, "coverage": {"1089_USCrime": [0.0, 0.0, 0.16666666666666663, 0.38888888888888884, 0.16666666666666669]}, "complexity": {"1089_USCrime": [14, 14, 14, 14, 14]}, "time_all": {"1089_USCrime": [2.1883630752563477, 4.222672462463379, 0.4034993648529053, 1.3881590366363525, 3.28641676902771]}, "time_fit": {"1089_USCrime": [0.12606191635131836, 0.5411827564239502, 0.03338193893432617, 0.10807299613952637, 0.14361047744750977]}, "sizes": {"1089_USCrime": []}, "tau": 0.5}}
