{"SQR": {"losses": {"611_fri_c3_100_5": [0.018411070843035587, 0.01999389215462671, 0.017554061413943913, 0.017980155824535025, 0.03325253907641046]}, "coverage": {"611_fri_c3_100_5": [0.14999999999999997, 0.04999999999999993, 0.35, 0.25, 0.09999999999999998]}, "complexity": {"611_fri_c3_100_5": [16, 12, 13, 12, 8]}, "time_all": {"611_fri_c3_100_5": [81.51961040496826, 66.85400366783142, 66.59985852241516, 66.99563789367676, 67.73654270172119]}, "time_fit": {"611_fri_c3_100_5": [81.51961040496826, 66.85400366783142, 66.59985852241516, 66.99563789367676, 67.73654270172119]}, "sizes": {"611_fri_c3_100_5": []}, "tau": 0.6}, "LightGBM": {"losses": {"611_fri_c3_100_5": [0.04211432877209737, 0.05083724488070708, 0.060417509232281334, 0.047862494123532086, 0.10772979882877097]}, "coverage": {"611_fri_c3_100_5": [0.04999999999999993, 0.04999999999999993, 0.19999999999999996, 0.09999999999999998, 0.09999999999999998]}, "time_all": {"611_fri_c3_100_5": [0.11885690689086914, 0.0854036808013916, 0.07763934135437012, 0.08375883102416992, 0.07178330421447754]}, "time_fit": {"611_fri_c3_100_5": [0.01720905303955078, 0.02028942108154297, 0.014991283416748047, 0.016750097274780273, 0.016413211822509766]}, "sizes": {"611_fri_c3_100_5": []}, "tau": 0.6}, "DecisionTree": {"losses": {"611_fri_c3_100_5": [0.04932639331992285, 0.04104546837320464, 0.04809845813115178, 0.03443894102703135, 0.058636265009816856]}, "coverage": {"611_fri_c3_100_5": [0.14999999999999997, 0.0, 0.19999999999999996, 0.09999999999999998, 0.0]}, "complexity": {"611_fri_c3_100_5": [33, 33, 13, 13, 35]}, "time_all": {"611_fri_c3_100_5": [0.03509163856506348, 0.03538393974304199, 0.0320737361907959, 0.03225207328796387, 0.033919334411621094]}, "time_fit": {"611_fri_c3_100_5": [0.004073619842529297, 0.004003047943115234, 0.0025446414947509766, 0.0025136470794677734, 0.004049777984619141]}, "sizes": {"611_fri_c3_100_5": []}, "tau": 0.6}, "LinearQuantile": {"losses": {"611_fri_c3_100_5": [0.08138192000896076, 0.07058618759464129, 0.07201638345474559, 0.05377596211694732, 0.11279032541657841]}, "coverage": {"611_fri_c3_100_5": [0.09999999999999998, 0.09999999999999998, 0.19999999999999996, 0.14999999999999997, 0.14999999999999997]}, "complexity": {"611_fri_c3_100_5": [5, 5, 5, 5, 5]}, "time_all": {"611_fri_c3_100_5": [0.3499338626861572, 0.4764976501464844, 0.08424973487854004, 0.14030146598815918, 0.07933378219604492]}, "time_fit": {"611_fri_c3_100_5": [0.030468225479125977, 0.03826785087585449, 0.0070683956146240234, 0.012131452560424805, 0.0065898895263671875]}, "sizes": {"611_fri_c3_100_5": []}, "tau": 0.6}}
