{"SQR": {"losses": {"201_pol": [0.040307487517315374, 0.048897045832970235, 0.038466775458656885, 0.040946502017744885, 0.03605842652715041]}, "coverage": {"201_pol": [0.028000000000000025, 0.011333333333333306, 0.021333333333333315, 0.009333333333333305, 0.020000000000000018]}, "complexity": {"201_pol": [10, 7, 8, 10, 8]}, "time_all": {"201_pol": [583.1174259185791, 544.5542318820953, 714.9056870937347, 510.7753689289093, 723.2584712505341]}, "time_fit": {"201_pol": [583.1174259185791, 544.5542318820953, 714.9056870937347, 510.7753689289093, 723.2584712505341]}, "sizes": {"201_pol": []}, "tau": 0.9}, "LightGBM": {"losses": {"201_pol": [0.07214333333333332, 0.07180666666666666, 0.07016666666666665, 0.07014333333333332, 0.07101333333333332]}, "coverage": {"201_pol": [0.09999999999999998, 0.09999999999999998, 0.09999999999999998, 0.09999999999999998, 0.09999999999999998]}, "time_all": {"201_pol": [0.25321125984191895, 0.21562886238098145, 0.23357748985290527, 0.23652195930480957, 0.21815872192382812]}, "time_fit": {"201_pol": [0.05120086669921875, 0.05649423599243164, 0.05843830108642578, 0.0577998161315918, 0.059401750564575195]}, "sizes": {"201_pol": []}, "tau": 0.9}, "DecisionTree": {"losses": {"201_pol": [0.006234999999999998, 0.005655666666666666, 0.007678666666666666, 0.006717333333333333, 0.005843666666666666]}, "coverage": {"201_pol": [0.07166666666666666, 0.07699999999999996, 0.06366666666666665, 0.06766666666666665, 0.07266666666666666]}, "complexity": {"201_pol": [627, 639, 615, 617, 601]}, "time_all": {"201_pol": [1.41131591796875, 1.2564358711242676, 1.3747611045837402, 1.2050340175628662, 1.1851286888122559]}, "time_fit": {"201_pol": [0.13453102111816406, 0.09968876838684082, 0.13261675834655762, 0.09222126007080078, 0.09152817726135254]}, "sizes": {"201_pol": []}, "tau": 0.9}, "LinearQuantile": {"losses": {"201_pol": [0.04704892834457758, 0.048296551557363274, 0.04762774835674143, 0.04818267188632773, 0.04833311483421945]}, "coverage": {"201_pol": [0.010666666666666602, 0.0, 0.003666666666666707, 0.004666666666666708, 0.00666666666666671]}, "complexity": {"201_pol": [48, 48, 48, 48, 48]}, "time_all": {"201_pol": [76.4734399318695, 27.18718695640564, 92.81449723243713, 118.70805597305298, 61.09948420524597]}, "time_fit": {"201_pol": [8.19522213935852, 2.4148387908935547, 8.265718698501587, 10.829415321350098, 5.685732364654541]}, "sizes": {"201_pol": []}, "tau": 0.9}}
