{"SQR": {"losses": {"647_fri_c1_250_10": [0.008163123138112844, 0.007060626394799916, 0.010466472315406341, 0.013159524818570963, 0.012217032336369366]}, "coverage": {"647_fri_c1_250_10": [0.040000000000000036, 0.12, 0.0, 0.020000000000000018, 0.020000000000000018]}, "complexity": {"647_fri_c1_250_10": [18, 17, 13, 9, 10]}, "time_all": {"647_fri_c1_250_10": [95.89934492111206, 78.46637463569641, 80.59313178062439, 71.77296495437622, 80.62510347366333]}, "time_fit": {"647_fri_c1_250_10": [95.89934492111206, 78.46637463569641, 80.59313178062439, 71.77296495437622, 80.62510347366333]}, "sizes": {"647_fri_c1_250_10": []}, "tau": 0.9}, "LightGBM": {"losses": {"647_fri_c1_250_10": [0.02072942294994987, 0.026306457690751364, 0.025989814340636127, 0.0236988636315383, 0.021617066191628127]}, "coverage": {"647_fri_c1_250_10": [0.040000000000000036, 0.0, 0.0, 0.020000000000000018, 0.020000000000000018]}, "time_all": {"647_fri_c1_250_10": [0.1719646453857422, 0.12644505500793457, 0.11788368225097656, 0.11834025382995605, 0.11699223518371582]}, "time_fit": {"647_fri_c1_250_10": [0.029987096786499023, 0.029173612594604492, 0.021007537841796875, 0.01974320411682129, 0.019833087921142578]}, "sizes": {"647_fri_c1_250_10": []}, "tau": 0.9}, "DecisionTree": {"losses": {"647_fri_c1_250_10": [0.020365509992661925, 0.0293192218421535, 0.018309296643319217, 0.020505363469650904, 0.01602411833910767]}, "coverage": {"647_fri_c1_250_10": [0.040000000000000036, 0.06000000000000005, 0.0, 0.18000000000000005, 0.040000000000000036]}, "complexity": {"647_fri_c1_250_10": [17, 33, 9, 35, 13]}, "time_all": {"647_fri_c1_250_10": [0.05299806594848633, 0.05149412155151367, 0.049963951110839844, 0.05207991600036621, 0.049337148666381836]}, "time_fit": {"647_fri_c1_250_10": [0.0037539005279541016, 0.005008220672607422, 0.002801179885864258, 0.005192279815673828, 0.003259420394897461]}, "sizes": {"647_fri_c1_250_10": []}, "tau": 0.9}, "LinearQuantile": {"losses": {"647_fri_c1_250_10": [0.08432417186453994, 0.07425864509237427, 0.08648666158170393, 0.07225589144114662, 0.08581258213789265]}, "coverage": {"647_fri_c1_250_10": [0.52, 0.44, 0.38, 0.46, 0.42000000000000004]}, "complexity": {"647_fri_c1_250_10": [10, 10, 10, 10, 10]}, "time_all": {"647_fri_c1_250_10": [1.8519580364227295, 0.11682391166687012, 0.1414661407470703, 2.4326579570770264, 0.24912333488464355]}, "time_fit": {"647_fri_c1_250_10": [0.1208341121673584, 0.010262727737426758, 0.012264728546142578, 0.20082974433898926, 0.022428035736083984]}, "sizes": {"647_fri_c1_250_10": []}, "tau": 0.9}}
