{"SQR": {"losses": {"609_fri_c0_1000_5": [0.012521953240472453, 0.0105415934325255, 0.007993190316107063, 0.006978810530479284, 0.01073224897131777]}, "coverage": {"609_fri_c0_1000_5": [0.025000000000000022, 0.07500000000000007, 0.020000000000000018, 0.025000000000000022, 0.040000000000000036]}, "complexity": {"609_fri_c0_1000_5": [11, 9, 12, 13, 9]}, "time_all": {"609_fri_c0_1000_5": [107.0308358669281, 87.25508618354797, 89.16753911972046, 91.99810075759888, 88.7837381362915]}, "time_fit": {"609_fri_c0_1000_5": [107.0308358669281, 87.25508618354797, 89.16753911972046, 91.99810075759888, 88.7837381362915]}, "sizes": {"609_fri_c0_1000_5": []}, "tau": 0.9}, "LightGBM": {"losses": {"609_fri_c0_1000_5": [0.021116423028491055, 0.021987380885169883, 0.018016620424565487, 0.0207266612222613, 0.019379958185681462]}, "coverage": {"609_fri_c0_1000_5": [0.040000000000000036, 0.030000000000000027, 0.020000000000000018, 0.040000000000000036, 0.0]}, "time_all": {"609_fri_c0_1000_5": [0.3464243412017822, 0.31931209564208984, 0.28191471099853516, 0.3021121025085449, 0.31313276290893555]}, "time_fit": {"609_fri_c0_1000_5": [0.06692385673522949, 0.06621742248535156, 0.06404852867126465, 0.06256365776062012, 0.05937528610229492]}, "sizes": {"609_fri_c0_1000_5": []}, "tau": 0.9}, "DecisionTree": {"losses": {"609_fri_c0_1000_5": [0.021522192527828478, 0.020951882159275823, 0.017788848984234343, 0.02211388242715255, 0.016724342233359703]}, "coverage": {"609_fri_c0_1000_5": [0.030000000000000027, 0.11499999999999999, 0.015000000000000013, 0.07000000000000006, 0.030000000000000027]}, "complexity": {"609_fri_c0_1000_5": [25, 61, 67, 63, 63]}, "time_all": {"609_fri_c0_1000_5": [0.12556171417236328, 0.1288597583770752, 0.12923312187194824, 0.12780499458312988, 0.12808632850646973]}, "time_fit": {"609_fri_c0_1000_5": [0.006025791168212891, 0.009305715560913086, 0.009637594223022461, 0.009318113327026367, 0.009415626525878906]}, "sizes": {"609_fri_c0_1000_5": []}, "tau": 0.9}, "LinearQuantile": {"losses": {"609_fri_c0_1000_5": [0.04032741613720165, 0.04498860688071328, 0.034315986836850255, 0.043355567710139424, 0.03530727358050141]}, "coverage": {"609_fri_c0_1000_5": [0.41000000000000003, 0.44, 0.32000000000000006, 0.445, 0.405]}, "complexity": {"609_fri_c0_1000_5": [5, 5, 5, 5, 5]}, "time_all": {"609_fri_c0_1000_5": [0.4407675266265869, 0.44440150260925293, 0.2412576675415039, 0.17957520484924316, 0.5473365783691406]}, "time_fit": {"609_fri_c0_1000_5": [0.03870272636413574, 0.03966403007507324, 0.02097320556640625, 0.015726327896118164, 0.049196481704711914]}, "sizes": {"609_fri_c0_1000_5": []}, "tau": 0.9}}
