{"SQR": {"losses": {"1030_ERA": [0.08261235989875, 0.08714846295800001, 0.07194400055556273, 0.07867798752, 0.091687422975]}, "coverage": {"1030_ERA": [0.06999999999999995, 0.06499999999999995, 0.03500000000000003, 0.08999999999999997, 0.09499999999999997]}, "complexity": {"1030_ERA": [3, 4, 5, 4, 3]}, "time_all": {"1030_ERA": [111.42182445526123, 97.71408176422119, 84.96975708007812, 90.3351263999939, 96.2861430644989]}, "time_fit": {"1030_ERA": [111.42182445526123, 97.71408176422119, 84.96975708007812, 90.3351263999939, 96.2861430644989]}, "sizes": {"1030_ERA": []}, "tau": 0.6}, "LightGBM": {"losses": {"1030_ERA": [0.07785262413242473, 0.0793558197090332, 0.0740677896954511, 0.07535996351135384, 0.08162900149424374]}, "coverage": {"1030_ERA": [0.020000000000000018, 0.125, 0.06500000000000006, 0.10499999999999998, 0.039999999999999925]}, "time_all": {"1030_ERA": [0.345043420791626, 0.3356924057006836, 0.29547548294067383, 0.33816003799438477, 0.4004652500152588]}, "time_fit": {"1030_ERA": [0.06087779998779297, 0.06411194801330566, 0.056609392166137695, 0.06595444679260254, 0.10965228080749512]}, "sizes": {"1030_ERA": []}, "tau": 0.6}, "DecisionTree": {"losses": {"1030_ERA": [0.07395, 0.07745, 0.0711, 0.075, 0.08205000000000001]}, "coverage": {"1030_ERA": [0.10999999999999999, 0.010000000000000009, 0.19500000000000006, 0.18500000000000005, 0.015000000000000013]}, "complexity": {"1030_ERA": [87, 55, 37, 87, 51]}, "time_all": {"1030_ERA": [0.07437968254089355, 0.06961512565612793, 0.06959152221679688, 0.0727236270904541, 0.07011222839355469]}, "time_fit": {"1030_ERA": [0.008128881454467773, 0.005827903747558594, 0.0046117305755615234, 0.008105039596557617, 0.005604982376098633]}, "sizes": {"1030_ERA": []}, "tau": 0.6}, "LinearQuantile": {"losses": {"1030_ERA": [0.07543140812882014, 0.07747377884658586, 0.07158221981942986, 0.07471141672772857, 0.0800378408920031]}, "coverage": {"1030_ERA": [0.010000000000000009, 0.10999999999999999, 0.040000000000000036, 0.13, 0.04499999999999993]}, "complexity": {"1030_ERA": [4, 4, 4, 4, 4]}, "time_all": {"1030_ERA": [0.15209603309631348, 1.3441798686981201, 0.149183988571167, 0.4550652503967285, 0.3412461280822754]}, "time_fit": {"1030_ERA": [0.012757539749145508, 0.09870266914367676, 0.013082265853881836, 0.0378568172454834, 0.03045058250427246]}, "sizes": {"1030_ERA": []}, "tau": 0.6}}
