{"SQR": {"losses": {"599_fri_c2_1000_5": [0.01541213027634813, 0.013011738594397883, 0.03431471837948155, 0.016507005710109834, 0.022102378303542093]}, "coverage": {"599_fri_c2_1000_5": [0.039999999999999925, 0.015000000000000013, 0.08499999999999996, 0.03500000000000003, 0.05500000000000005]}, "complexity": {"599_fri_c2_1000_5": [19, 17, 9, 14, 16]}, "time_all": {"599_fri_c2_1000_5": [118.89476084709167, 101.0565071105957, 96.14132142066956, 111.03730487823486, 106.96660900115967]}, "time_fit": {"599_fri_c2_1000_5": [118.89476084709167, 101.0565071105957, 96.14132142066956, 111.03730487823486, 106.96660900115967]}, "sizes": {"599_fri_c2_1000_5": []}, "tau": 0.6}, "LightGBM": {"losses": {"599_fri_c2_1000_5": [0.031151830621098678, 0.03613419496322617, 0.028770472034394368, 0.031139724066935902, 0.03121138793634385]}, "coverage": {"599_fri_c2_1000_5": [0.025000000000000022, 0.015000000000000013, 0.025000000000000022, 0.06999999999999995, 0.09499999999999997]}, "time_all": {"599_fri_c2_1000_5": [0.4230937957763672, 0.3714923858642578, 0.40832996368408203, 0.39473962783813477, 0.3662111759185791]}, "time_fit": {"599_fri_c2_1000_5": [0.07675433158874512, 0.07394790649414062, 0.07670927047729492, 0.07322549819946289, 0.07397055625915527]}, "sizes": {"599_fri_c2_1000_5": []}, "tau": 0.6}, "DecisionTree": {"losses": {"599_fri_c2_1000_5": [0.03094989778819539, 0.030451928868721317, 0.035988033732312505, 0.031118825274738367, 0.03260447564657507]}, "coverage": {"599_fri_c2_1000_5": [0.07999999999999996, 0.09999999999999998, 0.05999999999999994, 0.10499999999999998, 0.03500000000000003]}, "complexity": {"599_fri_c2_1000_5": [333, 317, 335, 333, 329]}, "time_all": {"599_fri_c2_1000_5": [0.15659260749816895, 0.14873504638671875, 0.15126395225524902, 0.15204906463623047, 0.15235328674316406]}, "time_fit": {"599_fri_c2_1000_5": [0.030285120010375977, 0.027358293533325195, 0.029840707778930664, 0.029352664947509766, 0.029549121856689453]}, "sizes": {"599_fri_c2_1000_5": []}, "tau": 0.6}, "LinearQuantile": {"losses": {"599_fri_c2_1000_5": [0.08012361504865567, 0.07567119172067403, 0.07762990856964365, 0.0756956983530937, 0.07735341146442669]}, "coverage": {"599_fri_c2_1000_5": [0.13999999999999996, 0.12, 0.12, 0.13499999999999995, 0.13]}, "complexity": {"599_fri_c2_1000_5": [5, 5, 5, 5, 5]}, "time_all": {"599_fri_c2_1000_5": [0.11354970932006836, 0.18854093551635742, 0.1559886932373047, 0.16571688652038574, 0.17291927337646484]}, "time_fit": {"599_fri_c2_1000_5": [0.009268760681152344, 0.01569819450378418, 0.013609170913696289, 0.014005661010742188, 0.014755487442016602]}, "sizes": {"599_fri_c2_1000_5": []}, "tau": 0.6}}
