{"SQR": {"losses": {"1595_poker": [0.025884563867039464, 0.02514245785550608, 0.026000967029628036, 0.025565541431932046, 0.023552415493986106]}, "coverage": {"1595_poker": [0.2241422034906977, 0.006016526668032429, 0.06778177773875371, 0.025197802948264014, 0.007480902625340291]}, "complexity": {"1595_poker": [6, 14, 9, 10, 20]}, "time_all": {"1595_poker": [480.7146828174591, 456.4904770851135, 452.9198980331421, 462.35487699508667, 467.4187569618225]}, "time_fit": {"1595_poker": [480.7146828174591, 456.4904770851135, 452.9198980331421, 462.35487699508667, 467.4187569618225]}, "sizes": {"1595_poker": []}, "tau": 0.7}, "LightGBM": {"losses": {"1595_poker": [0.025677163758353858, 0.025648730227625222, 0.025844999915776653, 0.025738650063757553, 0.02554756816582735]}, "coverage": {"1595_poker": [0.2237617193978596, 0.22472756363352553, 0.22431781153354602, 0.22394220544189813, 0.22551292182515292]}, "time_all": {"1595_poker": [7.4995033740997314, 5.576353311538696, 5.445277452468872, 5.55004620552063, 5.752726316452026]}, "time_fit": {"1595_poker": [1.58589768409729, 1.1633601188659668, 1.1664934158325195, 1.1515932083129883, 1.2338998317718506]}, "sizes": {"1595_poker": []}, "tau": 0.7}, "DecisionTree": {"losses": {"1595_poker": [0.022794590621880106, 0.022719512763561114, 0.023014149455452465, 0.02319549185970001, 0.02267929635374831]}, "coverage": {"1595_poker": [0.17945971258816995, 0.1792645925405606, 0.17853777036321605, 0.17534267958361383, 0.17920117852508766]}, "complexity": {"1595_poker": [32477, 33245, 32425, 33341, 32325]}, "time_all": {"1595_poker": [214.75284671783447, 214.04335951805115, 217.14322686195374, 216.9870743751526, 214.4452199935913]}, "time_fit": {"1595_poker": [11.076451539993286, 11.288671016693115, 11.136910438537598, 11.263163566589355, 11.141978025436401]}, "sizes": {"1595_poker": []}, "tau": 0.7}, "LinearQuantile": {"losses": {"1595_poker": [0.025903064055996666, 0.02582767136649633, 0.026011896938755594, 0.025931573020914665, 0.025810164721724555]}, "coverage": {"1595_poker": [0.20035609408688693, 0.19880488970839305, 0.1971707593096652, 0.19882927971434416, 0.1990000097560023]}, "complexity": {"1595_poker": [25, 25, 25, 25, 25]}, "time_all": {"1595_poker": [40.270140409469604, 40.684934854507446, 39.5967013835907, 39.20412564277649, 38.8909637928009]}, "time_fit": {"1595_poker": [3.5966780185699463, 3.6120102405548096, 3.5851500034332275, 3.537944793701172, 3.5223119258880615]}, "sizes": {"1595_poker": []}, "tau": 0.7}}
