{"SQR": {"losses": {"542_pollution": [0.052439160805839505, 0.11041872273027259, 0.059871487057620756, 0.10365254444263533, 0.04420078860516152]}, "coverage": {"542_pollution": [0.13333333333333341, 0.36666666666666664, 0.11666666666666659, 0.28333333333333327, 0.28333333333333327]}, "complexity": {"542_pollution": [8, 10, 11, 8, 14]}, "time_all": {"542_pollution": [80.53577518463135, 67.78632640838623, 67.94556641578674, 67.04611587524414, 68.26223015785217]}, "time_fit": {"542_pollution": [80.53577518463135, 67.78632640838623, 67.94556641578674, 67.04611587524414, 68.26223015785217]}, "sizes": {"542_pollution": []}, "tau": 0.7}, "LightGBM": {"losses": {"542_pollution": [0.07581646935536684, 0.05531270789726922, 0.054697532159677306, 0.04693253311117741, 0.04926848704013705]}, "coverage": {"542_pollution": [0.050000000000000044, 0.033333333333333326, 0.050000000000000044, 0.050000000000000044, 0.13333333333333341]}, "time_all": {"542_pollution": [0.10397005081176758, 0.06765222549438477, 0.06995224952697754, 0.06776237487792969, 0.0521237850189209]}, "time_fit": {"542_pollution": [0.01282501220703125, 0.014547586441040039, 0.015154123306274414, 0.014682292938232422, 0.0039215087890625]}, "sizes": {"542_pollution": []}, "tau": 0.7}, "DecisionTree": {"losses": {"542_pollution": [0.06974777644909172, 0.04398906039392249, 0.050916740352266045, 0.04815477219239575, 0.039811304131309115]}, "coverage": {"542_pollution": [0.13333333333333341, 0.13333333333333341, 0.11666666666666659, 0.28333333333333327, 0.19999999999999996]}, "complexity": {"542_pollution": [3, 7, 3, 7, 19]}, "time_all": {"542_pollution": [0.030555248260498047, 0.028064727783203125, 0.02781534194946289, 0.02846693992614746, 0.030107736587524414]}, "time_fit": {"542_pollution": [0.001811981201171875, 0.0019655227661132812, 0.0016088485717773438, 0.0019652843475341797, 0.0030443668365478516]}, "sizes": {"542_pollution": []}, "tau": 0.7}, "LinearQuantile": {"losses": {"542_pollution": [0.04172184191576597, 0.07569679409096357, 0.05221709835642087, 0.046605087701306, 0.06754219279565635]}, "coverage": {"542_pollution": [0.13333333333333341, 0.11666666666666659, 0.033333333333333326, 0.28333333333333327, 0.19999999999999996]}, "complexity": {"542_pollution": [15, 15, 15, 15, 15]}, "time_all": {"542_pollution": [0.34195780754089355, 0.18832182884216309, 0.7739651203155518, 0.5339524745941162, 0.39993858337402344]}, "time_fit": {"542_pollution": [0.029552221298217773, 0.015661954879760742, 0.05466771125793457, 0.04055666923522949, 0.032152652740478516]}, "sizes": {"542_pollution": []}, "tau": 0.7}}
