{"SQR": {"losses": {"659_sleuth_ex1714": [0.047001446020215415, 0.051684768069044776, 0.021515445488427373, 0.014715962583398239, 0.01773004913226867]}, "coverage": {"659_sleuth_ex1714": [0.4, 0.09999999999999998, 0.12222222222222223, 0.011111111111111183, 0.2333333333333334]}, "complexity": {"659_sleuth_ex1714": [15, 14, 8, 10, 13]}, "time_all": {"659_sleuth_ex1714": [79.07484340667725, 66.58790731430054, 64.45776796340942, 65.14566898345947, 64.5379433631897]}, "time_fit": {"659_sleuth_ex1714": [79.07484340667725, 66.58790731430054, 64.45776796340942, 65.14566898345947, 64.5379433631897]}, "sizes": {"659_sleuth_ex1714": []}, "tau": 0.9}, "LightGBM": {"losses": {"659_sleuth_ex1714": [0.036550926471975845, 0.0595999269712839, 0.020039070963773737, 0.029484460211089778, 0.01909388927003173]}, "coverage": {"659_sleuth_ex1714": [0.09999999999999998, 0.09999999999999998, 0.011111111111111183, 0.09999999999999998, 0.011111111111111183]}, "time_all": {"659_sleuth_ex1714": [0.07602691650390625, 0.03612399101257324, 0.0313570499420166, 0.03163933753967285, 0.03238105773925781]}, "time_fit": {"659_sleuth_ex1714": [0.0039048194885253906, 0.004529237747192383, 0.0037355422973632812, 0.003763914108276367, 0.003807544708251953]}, "sizes": {"659_sleuth_ex1714": []}, "tau": 0.9}, "DecisionTree": {"losses": {"659_sleuth_ex1714": [0.026891300245329305, 0.053078002138768315, 0.020039070963773737, 0.012528848909298047, 0.01909388913351925]}, "coverage": {"659_sleuth_ex1714": [0.4, 0.20000000000000007, 0.011111111111111183, 0.09999999999999998, 0.011111111111111183]}, "complexity": {"659_sleuth_ex1714": [15, 13, 1, 5, 1]}, "time_all": {"659_sleuth_ex1714": [0.0293424129486084, 0.028713703155517578, 0.025780916213989258, 0.026680469512939453, 0.02698969841003418]}, "time_fit": {"659_sleuth_ex1714": [0.0026612281799316406, 0.0023775100708007812, 0.0014057159423828125, 0.00179290771484375, 0.0015034675598144531]}, "sizes": {"659_sleuth_ex1714": []}, "tau": 0.9}, "LinearQuantile": {"losses": {"659_sleuth_ex1714": [0.014222047395963697, 0.013608607052190838, 0.028416558147629282, 0.027127294421339283, 0.017577347999908274]}, "coverage": {"659_sleuth_ex1714": [0.09999999999999998, 0.09999999999999998, 0.011111111111111183, 0.2333333333333334, 0.011111111111111183]}, "complexity": {"659_sleuth_ex1714": [7, 7, 7, 7, 7]}, "time_all": {"659_sleuth_ex1714": [0.9717509746551514, 0.2570912837982178, 0.6026113033294678, 0.5632052421569824, 0.25163912773132324]}, "time_fit": {"659_sleuth_ex1714": [0.0866093635559082, 0.02151346206665039, 0.04472804069519043, 0.0424656867980957, 0.021158218383789062]}, "sizes": {"659_sleuth_ex1714": []}, "tau": 0.9}}
