{"SQR": {"losses": {"695_chatfield_4": [0.03273320329760285, 0.026258922907317718, 0.024399405919343052, 0.02128812043553957, 0.032110874503334524]}, "coverage": {"695_chatfield_4": [0.2382978723404255, 0.06808510638297871, 0.2085106382978723, 0.05957446808510636, 0.04680851063829783]}, "complexity": {"695_chatfield_4": [5, 7, 4, 3, 7]}, "time_all": {"695_chatfield_4": [85.14903545379639, 76.85209822654724, 69.49382901191711, 77.60123181343079, 69.30355453491211]}, "time_fit": {"695_chatfield_4": [85.14903545379639, 76.85209822654724, 69.49382901191711, 77.60123181343079, 69.30355453491211]}, "sizes": {"695_chatfield_4": []}, "tau": 0.6}, "LightGBM": {"losses": {"695_chatfield_4": [0.034885841942498046, 0.030037390340355817, 0.022936174045977854, 0.027457591526440055, 0.03161379083445556]}, "coverage": {"695_chatfield_4": [0.03829787234042559, 0.025531914893616947, 0.16595744680851066, 0.004255319148936176, 0.04680851063829783]}, "time_all": {"695_chatfield_4": [0.177048921585083, 0.15287160873413086, 0.13868427276611328, 0.15412497520446777, 0.15613770484924316]}, "time_fit": {"695_chatfield_4": [0.03107428550720215, 0.03561520576477051, 0.023845434188842773, 0.03693127632141113, 0.03747439384460449]}, "sizes": {"695_chatfield_4": []}, "tau": 0.6}, "DecisionTree": {"losses": {"695_chatfield_4": [0.028091862831483932, 0.028827744582739866, 0.024942853834583365, 0.03217298621787862, 0.03238770678096994]}, "coverage": {"695_chatfield_4": [0.08936170212765959, 0.025531914893616947, 0.05957446808510636, 0.017021276595744705, 0.017021276595744705]}, "complexity": {"695_chatfield_4": [33, 7, 29, 13, 9]}, "time_all": {"695_chatfield_4": [0.05311942100524902, 0.048815250396728516, 0.0514528751373291, 0.05104780197143555, 0.050323486328125]}, "time_fit": {"695_chatfield_4": [0.005185842514038086, 0.002630472183227539, 0.00473332405090332, 0.0032951831817626953, 0.0028929710388183594]}, "sizes": {"695_chatfield_4": []}, "tau": 0.6}, "LinearQuantile": {"losses": {"695_chatfield_4": [0.0214800858781235, 0.028133611269322522, 0.022241487148737905, 0.023771955515982397, 0.026483813152513275]}, "coverage": {"695_chatfield_4": [0.04680851063829783, 0.06808510638297871, 0.017021276595744705, 0.03829787234042559, 0.05957446808510636]}, "complexity": {"695_chatfield_4": [12, 12, 12, 12, 12]}, "time_all": {"695_chatfield_4": [0.2741973400115967, 0.5490190982818604, 0.29010796546936035, 0.8132534027099609, 0.7815806865692139]}, "time_fit": {"695_chatfield_4": [0.023674726486206055, 0.04259204864501953, 0.02482891082763672, 0.058373451232910156, 0.057086944580078125]}, "sizes": {"695_chatfield_4": []}, "tau": 0.6}}
