{"SQR": {"losses": {"294_satellite_image": [0.08290263937015095, 0.06628495484884658, 0.09725992710909093, 0.06755612082922734, 0.07913738798437624]}, "coverage": {"294_satellite_image": [0.00015540015540016494, 0.0017094017094017033, 0.02082362082362088, 0.019269619269619342, 0.01693861693861698]}, "complexity": {"294_satellite_image": [5, 8, 3, 9, 7]}, "time_all": {"294_satellite_image": [349.04112935066223, 361.3194406032562, 302.3574528694153, 347.5214195251465, 343.5396161079407]}, "time_fit": {"294_satellite_image": [349.04112935066223, 361.3194406032562, 302.3574528694153, 347.5214195251465, 343.5396161079407]}, "sizes": {"294_satellite_image": []}, "tau": 0.6}, "LightGBM": {"losses": {"294_satellite_image": [0.055408263133450104, 0.0552702389715076, 0.05827186348496805, 0.05842417483905693, 0.05500047324273547]}, "coverage": {"294_satellite_image": [0.027350427350427364, 0.031235431235431266, 0.06666666666666665, 0.015384615384615441, 0.04133644133644132]}, "time_all": {"294_satellite_image": [0.959273099899292, 0.9003839492797852, 0.9716472625732422, 0.8735747337341309, 0.9230639934539795]}, "time_fit": {"294_satellite_image": [0.13062715530395508, 0.12737822532653809, 0.25376105308532715, 0.12817716598510742, 0.1312556266784668]}, "sizes": {"294_satellite_image": []}, "tau": 0.6}, "DecisionTree": {"losses": {"294_satellite_image": [0.030914270914270913, 0.027816627816627817, 0.02938616938616939, 0.02763532763532764, 0.03142709142709142]}, "coverage": {"294_satellite_image": [0.32696192696192694, 0.33861693861693865, 0.3261849261849262, 0.3370629370629371, 0.3098679098679099]}, "complexity": {"294_satellite_image": [385, 365, 379, 611, 373]}, "time_all": {"294_satellite_image": [1.181870937347412, 0.8289217948913574, 0.8923778533935547, 0.8929295539855957, 0.9073655605316162]}, "time_fit": {"294_satellite_image": [0.09465885162353516, 0.07605266571044922, 0.08018946647644043, 0.09398984909057617, 0.07944440841674805]}, "sizes": {"294_satellite_image": []}, "tau": 0.6}, "LinearQuantile": {"losses": {"294_satellite_image": [0.11251293943697192, 0.1121236575591506, 0.11263087541988037, 0.11134379812889761, 0.10779722685980762]}, "coverage": {"294_satellite_image": [0.022688422688422638, 0.023465423465423463, 0.03356643356643352, 0.014918414918414946, 0.042113442113442145]}, "complexity": {"294_satellite_image": [36, 36, 36, 36, 36]}, "time_all": {"294_satellite_image": [4.981668710708618, 5.134791135787964, 6.561338424682617, 3.6910758018493652, 9.534058332443237]}, "time_fit": {"294_satellite_image": [0.47405529022216797, 0.44370126724243164, 0.5967264175415039, 0.2784850597381592, 1.040473222732544]}, "sizes": {"294_satellite_image": []}, "tau": 0.6}}
