{"SQR": {"losses": {"294_satellite_image": [0.03458706148193543, 0.034317739614857797, 0.04322452358404558, 0.03036296632069441, 0.04579582609543007]}, "coverage": {"294_satellite_image": [0.015773115773115798, 0.005672105672105743, 0.00209790209790206, 0.0064491064491064565, 0.014996114996114973]}, "complexity": {"294_satellite_image": [6, 8, 3, 10, 3]}, "time_all": {"294_satellite_image": [338.097882270813, 357.3890564441681, 461.4661455154419, 394.4409716129303, 361.7809748649597]}, "time_fit": {"294_satellite_image": [338.097882270813, 357.3890564441681, 461.4661455154419, 394.4409716129303, 361.7809748649597]}, "sizes": {"294_satellite_image": []}, "tau": 0.9}, "LightGBM": {"losses": {"294_satellite_image": [0.027012705258054392, 0.04457812041106818, 0.046580994079767284, 0.038523299363419486, 0.04011111412951132]}, "coverage": {"294_satellite_image": [0.004895104895104918, 0.08756798756798756, 0.07824397824397822, 0.07280497280497278, 0.06814296814296816]}, "time_all": {"294_satellite_image": [0.8346598148345947, 0.31859350204467773, 0.33016014099121094, 0.661531925201416, 0.397808313369751]}, "time_fit": {"294_satellite_image": [0.1251354217529297, 0.11558985710144043, 0.07904982566833496, 0.17545056343078613, 0.1614217758178711]}, "sizes": {"294_satellite_image": []}, "tau": 0.9}, "DecisionTree": {"losses": {"294_satellite_image": [0.018578088578088577, 0.015360010360010357, 0.017280497280497277, 0.013899248899248899, 0.018829318829318827]}, "coverage": {"294_satellite_image": [0.0696969696969697, 0.07902097902097904, 0.06425796425796426, 0.08057498057498058, 0.06270396270396272]}, "complexity": {"294_satellite_image": [219, 133, 223, 225, 373]}, "time_all": {"294_satellite_image": [1.1965408325195312, 0.9964792728424072, 1.1488158702850342, 1.0152833461761475, 1.3141415119171143]}, "time_fit": {"294_satellite_image": [0.08047914505004883, 0.055527687072753906, 0.07638788223266602, 0.06643366813659668, 0.13355445861816406]}, "sizes": {"294_satellite_image": []}, "tau": 0.9}, "LinearQuantile": {"losses": {"294_satellite_image": [0.04026033759302699, 0.04087924409555687, 0.04127038719624953, 0.04077263115905281, 0.03917070655910638]}, "coverage": {"294_satellite_image": [0.00878010878010882, 0.011888111888111896, 0.006759906759906786, 0.025874125874125853, 0.017327117327117336]}, "complexity": {"294_satellite_image": [36, 36, 36, 36, 36]}, "time_all": {"294_satellite_image": [15.861992597579956, 4.452985048294067, 8.610623598098755, 3.195568799972534, 5.28681492805481]}, "time_fit": {"294_satellite_image": [1.5067873001098633, 0.36432719230651855, 0.7901535034179688, 0.26862239837646484, 0.4390065670013428]}, "sizes": {"294_satellite_image": []}, "tau": 0.9}}
