{"SQR": {"losses": {"641_fri_c1_500_10": [0.02093077533037186, 0.014498818850640407, 0.021110202975491498, 0.01788182326098288, 0.021129900862379866]}, "coverage": {"641_fri_c1_500_10": [0.18000000000000005, 0.10999999999999999, 0.09999999999999998, 0.07999999999999996, 0.10999999999999999]}, "complexity": {"641_fri_c1_500_10": [13, 18, 13, 18, 14]}, "time_all": {"641_fri_c1_500_10": [104.88041591644287, 84.14829087257385, 90.29137420654297, 90.02173614501953, 87.14230060577393]}, "time_fit": {"641_fri_c1_500_10": [104.88041591644287, 84.14829087257385, 90.29137420654297, 90.02173614501953, 87.14230060577393]}, "sizes": {"641_fri_c1_500_10": []}, "tau": 0.5}, "LightGBM": {"losses": {"641_fri_c1_500_10": [0.04030540967156823, 0.03897962245294464, 0.033717110422043214, 0.03456951978339651, 0.03864471827067473]}, "coverage": {"641_fri_c1_500_10": [0.010000000000000009, 0.020000000000000018, 0.010000000000000009, 0.03999999999999998, 0.050000000000000044]}, "time_all": {"641_fri_c1_500_10": [0.28756093978881836, 0.23162150382995605, 0.26000142097473145, 0.2543647289276123, 0.24750709533691406]}, "time_fit": {"641_fri_c1_500_10": [0.053351402282714844, 0.05320262908935547, 0.053211212158203125, 0.05273723602294922, 0.05051708221435547]}, "sizes": {"641_fri_c1_500_10": []}, "tau": 0.5}, "DecisionTree": {"losses": {"641_fri_c1_500_10": [0.03698753370687788, 0.03701553339910106, 0.03821789824819201, 0.037990878978929804, 0.03829105163097954]}, "coverage": {"641_fri_c1_500_10": [0.08000000000000002, 0.030000000000000027, 0.0, 0.0, 0.04999999999999999]}, "complexity": {"641_fri_c1_500_10": [161, 159, 159, 163, 167]}, "time_all": {"641_fri_c1_500_10": [0.09798693656921387, 0.09490561485290527, 0.09406805038452148, 0.09548091888427734, 0.09729170799255371]}, "time_fit": {"641_fri_c1_500_10": [0.01726841926574707, 0.016450166702270508, 0.016309022903442383, 0.01664566993713379, 0.017116308212280273]}, "sizes": {"641_fri_c1_500_10": []}, "tau": 0.5}, "LinearQuantile": {"losses": {"641_fri_c1_500_10": [0.08849462741418902, 0.0819937564469279, 0.06517034432973454, 0.07148473572935335, 0.07455561704235836]}, "coverage": {"641_fri_c1_500_10": [0.09000000000000002, 0.03999999999999998, 0.07, 0.09999999999999998, 0.0]}, "complexity": {"641_fri_c1_500_10": [10, 10, 10, 10, 10]}, "time_all": {"641_fri_c1_500_10": [0.7251095771789551, 0.2297818660736084, 0.34780287742614746, 0.4689507484436035, 1.173583984375]}, "time_fit": {"641_fri_c1_500_10": [0.06461977958679199, 0.020310640335083008, 0.030974626541137695, 0.04204058647155762, 0.07586503028869629]}, "sizes": {"641_fri_c1_500_10": []}, "tau": 0.5}}
