{"SQR": {"losses": {"579_fri_c0_250_5": [0.023629103613425736, 0.03266077403763535, 0.02541808790345023, 0.027974164476090756, 0.02115628291246466]}, "coverage": {"579_fri_c0_250_5": [0.09999999999999998, 0.10000000000000009, 0.019999999999999907, 0.12, 0.12]}, "complexity": {"579_fri_c0_250_5": [17, 9, 11, 8, 13]}, "time_all": {"579_fri_c0_250_5": [94.0992271900177, 77.69985389709473, 79.47399020195007, 77.61335515975952, 76.47038197517395]}, "time_fit": {"579_fri_c0_250_5": [94.0992271900177, 77.69985389709473, 79.47399020195007, 77.61335515975952, 76.47038197517395]}, "sizes": {"579_fri_c0_250_5": []}, "tau": 0.7}, "LightGBM": {"losses": {"579_fri_c0_250_5": [0.04171800451336191, 0.054478684514379774, 0.05415710840205329, 0.05008744119857871, 0.03921509543495499]}, "coverage": {"579_fri_c0_250_5": [0.12, 0.0, 0.039999999999999925, 0.020000000000000018, 0.019999999999999907]}, "time_all": {"579_fri_c0_250_5": [0.18452215194702148, 0.15718317031860352, 0.13076257705688477, 0.15600275993347168, 0.1598508358001709]}, "time_fit": {"579_fri_c0_250_5": [0.03173375129699707, 0.03710150718688965, 0.029725074768066406, 0.0355377197265625, 0.0354154109954834]}, "sizes": {"579_fri_c0_250_5": []}, "tau": 0.7}, "DecisionTree": {"losses": {"579_fri_c0_250_5": [0.04737887605366233, 0.047992290536596705, 0.05469767805270491, 0.05327127087102007, 0.05027576154693379]}, "coverage": {"579_fri_c0_250_5": [0.07999999999999996, 0.019999999999999907, 0.1399999999999999, 0.15999999999999992, 0.09999999999999998]}, "complexity": {"579_fri_c0_250_5": [33, 33, 83, 75, 81]}, "time_all": {"579_fri_c0_250_5": [0.048113107681274414, 0.04887080192565918, 0.050395965576171875, 0.05127286911010742, 0.05095505714416504]}, "time_fit": {"579_fri_c0_250_5": [0.004477024078369141, 0.004424095153808594, 0.007969856262207031, 0.007483959197998047, 0.007915258407592773]}, "sizes": {"579_fri_c0_250_5": []}, "tau": 0.7}, "LinearQuantile": {"losses": {"579_fri_c0_250_5": [0.05258186354121858, 0.0477086667610692, 0.05884765940225637, 0.04141217538604655, 0.03994843691423174]}, "coverage": {"579_fri_c0_250_5": [0.29999999999999993, 0.23999999999999994, 0.21999999999999997, 0.21999999999999997, 0.29999999999999993]}, "complexity": {"579_fri_c0_250_5": [5, 5, 5, 5, 5]}, "time_all": {"579_fri_c0_250_5": [0.8817398548126221, 0.08541512489318848, 0.32604312896728516, 0.27260923385620117, 0.2597830295562744]}, "time_fit": {"579_fri_c0_250_5": [0.07900547981262207, 0.00732421875, 0.0276947021484375, 0.02374553680419922, 0.022161245346069336]}, "sizes": {"579_fri_c0_250_5": []}, "tau": 0.7}}
