{"SQR": {"losses": {"561_cpu": [0.004194321034307437, 0.0042195126785468445, 0.0008770569938004666, 0.0018469222009981374, 0.001585865649332711]}, "coverage": {"561_cpu": [0.04285714285714293, 0.04285714285714293, 0.004761904761904745, 0.02857142857142858, 0.07073170731707323]}, "complexity": {"561_cpu": [11, 10, 14, 11, 16]}, "time_all": {"561_cpu": [95.15097784996033, 77.282634973526, 76.46424388885498, 81.15467619895935, 77.34197187423706]}, "time_fit": {"561_cpu": [95.15097784996033, 77.282634973526, 76.46424388885498, 81.15467619895935, 77.34197187423706]}, "sizes": {"561_cpu": []}, "tau": 0.9}, "LightGBM": {"losses": {"561_cpu": [0.025381227799747944, 0.013612922826735895, 0.00904751932017986, 0.01109884752035595, 0.006424048036117435]}, "coverage": {"561_cpu": [0.02857142857142858, 0.052380952380952306, 0.052380952380952306, 0.07619047619047614, 0.09999999999999998]}, "time_all": {"561_cpu": [0.12904739379882812, 0.09814906120300293, 0.0837395191192627, 0.09388041496276855, 0.09694623947143555]}, "time_fit": {"561_cpu": [0.01642465591430664, 0.019316434860229492, 0.016406774520874023, 0.01764655113220215, 0.01957559585571289]}, "sizes": {"561_cpu": []}, "tau": 0.9}, "DecisionTree": {"losses": {"561_cpu": [0.015651598333528013, 0.0032692831834287266, 0.005753027294319201, 0.005788264610832068, 0.004145144885627106]}, "coverage": {"561_cpu": [0.11428571428571432, 0.04285714285714293, 0.13809523809523816, 0.11428571428571432, 0.04634146341463419]}, "complexity": {"561_cpu": [69, 69, 63, 63, 29]}, "time_all": {"561_cpu": [0.046538352966308594, 0.046080589294433594, 0.04412961006164551, 0.04488992691040039, 0.043349266052246094]}, "time_fit": {"561_cpu": [0.006937742233276367, 0.006673097610473633, 0.006303310394287109, 0.006264209747314453, 0.0038530826568603516]}, "sizes": {"561_cpu": []}, "tau": 0.9}, "LinearQuantile": {"losses": {"561_cpu": [0.012009287048673102, 0.006164703124059404, 0.006183199450815106, 0.007219987350686099, 0.004822895901458507]}, "coverage": {"561_cpu": [0.01904761904761909, 0.02857142857142858, 0.004761904761904745, 0.052380952380952306, 0.02195121951219514]}, "complexity": {"561_cpu": [7, 7, 7, 7, 7]}, "time_all": {"561_cpu": [2.152545928955078, 0.21466779708862305, 0.3726518154144287, 1.0484044551849365, 1.898991584777832]}, "time_fit": {"561_cpu": [0.1245269775390625, 0.018883705139160156, 0.031247854232788086, 0.07074189186096191, 0.12422823905944824]}, "sizes": {"561_cpu": []}, "tau": 0.9}}
