{"SQR": {"losses": {"623_fri_c4_1000_10": [0.012580954434887284, 0.011873683042025702, 0.01331846418696066, 0.011072136720392978, 0.01326601817439329]}, "coverage": {"623_fri_c4_1000_10": [0.025000000000000022, 0.06999999999999995, 0.05999999999999994, 0.0, 0.015000000000000013]}, "complexity": {"623_fri_c4_1000_10": [13, 13, 12, 14, 11]}, "time_all": {"623_fri_c4_1000_10": [115.3990421295166, 117.64790344238281, 104.27416753768921, 106.12959361076355, 111.80418729782104]}, "time_fit": {"623_fri_c4_1000_10": [115.3990421295166, 117.64790344238281, 104.27416753768921, 106.12959361076355, 111.80418729782104]}, "sizes": {"623_fri_c4_1000_10": []}, "tau": 0.6}, "LightGBM": {"losses": {"623_fri_c4_1000_10": [0.023016202478708666, 0.0227948139618899, 0.023810251282782326, 0.023365438939062008, 0.024405328142030783]}, "coverage": {"623_fri_c4_1000_10": [0.0050000000000000044, 0.015000000000000013, 0.010000000000000009, 0.050000000000000044, 0.025000000000000022]}, "time_all": {"623_fri_c4_1000_10": [0.4434080123901367, 0.3992147445678711, 0.4166224002838135, 0.42145705223083496, 0.42186880111694336]}, "time_fit": {"623_fri_c4_1000_10": [0.07163262367248535, 0.07292723655700684, 0.06957054138183594, 0.07070541381835938, 0.07200479507446289]}, "sizes": {"623_fri_c4_1000_10": []}, "tau": 0.6}, "DecisionTree": {"losses": {"623_fri_c4_1000_10": [0.02581389495050507, 0.0218339425429514, 0.023480829055036817, 0.023373376745797658, 0.02257962106828388]}, "coverage": {"623_fri_c4_1000_10": [0.06499999999999995, 0.0050000000000000044, 0.06999999999999995, 0.04999999999999993, 0.015000000000000013]}, "complexity": {"623_fri_c4_1000_10": [139, 315, 321, 141, 321]}, "time_all": {"623_fri_c4_1000_10": [0.1847548484802246, 0.1966567039489746, 0.19172024726867676, 0.1821305751800537, 0.1917095184326172]}, "time_fit": {"623_fri_c4_1000_10": [0.020859479904174805, 0.034758806228637695, 0.03318285942077637, 0.02066946029663086, 0.033879756927490234]}, "sizes": {"623_fri_c4_1000_10": []}, "tau": 0.6}, "LinearQuantile": {"losses": {"623_fri_c4_1000_10": [0.05064786144083134, 0.0521628946042672, 0.053640007126315864, 0.05581286757812821, 0.05385839778219379]}, "coverage": {"623_fri_c4_1000_10": [0.10499999999999998, 0.10999999999999999, 0.08999999999999997, 0.07499999999999996, 0.19999999999999996]}, "complexity": {"623_fri_c4_1000_10": [10, 10, 10, 10, 10]}, "time_all": {"623_fri_c4_1000_10": [0.8999288082122803, 0.7384486198425293, 0.4553093910217285, 0.4554431438446045, 0.5568041801452637]}, "time_fit": {"623_fri_c4_1000_10": [0.07731747627258301, 0.05365872383117676, 0.035715341567993164, 0.036017656326293945, 0.04282498359680176]}, "sizes": {"623_fri_c4_1000_10": []}, "tau": 0.6}}
