{"SQR": {"losses": {"690_visualizing_galaxy": [0.010771903787836126, 0.010241212582126624, 0.009775421857507136, 0.012454732789225811, 0.008151004760370487]}, "coverage": {"690_visualizing_galaxy": [0.05384615384615388, 0.05384615384615388, 0.007692307692307665, 0.009375000000000022, 0.03749999999999998]}, "complexity": {"690_visualizing_galaxy": [8, 11, 11, 5, 10]}, "time_all": {"690_visualizing_galaxy": [94.12680840492249, 81.19509029388428, 83.07218170166016, 83.2231137752533, 78.81975388526917]}, "time_fit": {"690_visualizing_galaxy": [94.12680840492249, 81.19509029388428, 83.07218170166016, 83.2231137752533, 78.81975388526917]}, "sizes": {"690_visualizing_galaxy": []}, "tau": 0.9}, "LightGBM": {"losses": {"690_visualizing_galaxy": [0.019904864298771124, 0.01976715095625097, 0.019076978139829132, 0.017896923936239005, 0.018861676418304836]}, "coverage": {"690_visualizing_galaxy": [0.007692307692307665, 0.038461538461538436, 0.007692307692307665, 0.009375000000000022, 0.06874999999999998]}, "time_all": {"690_visualizing_galaxy": [0.1520369052886963, 0.11451172828674316, 2.2119030952453613, 0.10807609558105469, 0.12002706527709961]}, "time_fit": {"690_visualizing_galaxy": [0.023470163345336914, 0.02659296989440918, 0.029946088790893555, 0.023418426513671875, 0.02837848663330078]}, "sizes": {"690_visualizing_galaxy": []}, "tau": 0.9}, "DecisionTree": {"losses": {"690_visualizing_galaxy": [0.008767969735182861, 0.013576712904581763, 0.011983186212694414, 0.008199709699453552, 0.00695525956284153]}, "coverage": {"690_visualizing_galaxy": [0.038461538461538436, 0.08461538461538465, 0.023076923076923106, 0.15000000000000002, 0.05625000000000002]}, "complexity": {"690_visualizing_galaxy": [43, 45, 11, 103, 97]}, "time_all": {"690_visualizing_galaxy": [0.05417966842651367, 0.05273795127868652, 0.05074119567871094, 0.05690121650695801, 0.0561826229095459]}, "time_fit": {"690_visualizing_galaxy": [0.005255460739135742, 0.005205631256103516, 0.0026144981384277344, 0.009346723556518555, 0.008898496627807617]}, "sizes": {"690_visualizing_galaxy": []}, "tau": 0.9}, "LinearQuantile": {"losses": {"690_visualizing_galaxy": [0.013602818243293381, 0.013804617876439804, 0.012487842982715032, 0.01037225561394264, 0.011010563490538494]}, "coverage": {"690_visualizing_galaxy": [0.007692307692307665, 0.0692307692307692, 0.038461538461538436, 0.04062500000000002, 0.03749999999999998]}, "complexity": {"690_visualizing_galaxy": [10, 10, 10, 10, 10]}, "time_all": {"690_visualizing_galaxy": [0.9910719394683838, 0.38967466354370117, 0.9281625747680664, 0.24861764907836914, 0.5106935501098633]}, "time_fit": {"690_visualizing_galaxy": [0.0887448787689209, 0.03299593925476074, 0.0840306282043457, 0.022083759307861328, 0.04433894157409668]}, "sizes": {"690_visualizing_galaxy": []}, "tau": 0.9}}
