{"SQR": {"losses": {"1199_BNG_echoMonths": [0.04800209806728834, 0.048037996368742265, 0.04776028843237779, 0.04834135858985836, 0.04695951126187961]}, "coverage": {"1199_BNG_echoMonths": [0.010571428571428565, 0.005201486138896927, 0.005944555587310663, 0.009488425264361333, 0.0002286367533580469]}, "complexity": {"1199_BNG_echoMonths": [4, 3, 3, 3, 4]}, "time_all": {"1199_BNG_echoMonths": [583.8512766361237, 590.9951128959656, 659.1137292385101, 559.2669298648834, 598.3878259658813]}, "time_fit": {"1199_BNG_echoMonths": [583.8512766361237, 590.9951128959656, 659.1137292385101, 559.2669298648834, 598.3878259658813]}, "sizes": {"1199_BNG_echoMonths": []}, "tau": 0.8}, "LightGBM": {"losses": {"1199_BNG_echoMonths": [0.042650362315085434, 0.042796160221985534, 0.043074375201484605, 0.04327856719143528, 0.041753094648843365]}, "coverage": {"1199_BNG_echoMonths": [0.022857142857142798, 0.007945127179194045, 0.018233781080308598, 0.01051729065447271, 0.012803658188053735]}, "time_all": {"1199_BNG_echoMonths": [2.0201520919799805, 1.8118503093719482, 1.8234233856201172, 1.9127857685089111, 1.6610286235809326]}, "time_fit": {"1199_BNG_echoMonths": [0.48264098167419434, 0.4327201843261719, 0.4477217197418213, 0.4490776062011719, 0.21760344505310059]}, "sizes": {"1199_BNG_echoMonths": []}, "tau": 0.8}, "DecisionTree": {"losses": {"1199_BNG_echoMonths": [0.04198812166358539, 0.043267400183298256, 0.04508057259234841, 0.0441204614416265, 0.0430246097194894]}, "coverage": {"1199_BNG_echoMonths": [0.003142857142857225, 0.022349242640754552, 0.020920262932266454, 0.030923120891683364, 0.024635610174335576]}, "complexity": {"1199_BNG_echoMonths": [451, 485, 447, 453, 449]}, "time_all": {"1199_BNG_echoMonths": [2.032275915145874, 2.027904748916626, 2.0493452548980713, 2.0315568447113037, 2.0442559719085693]}, "time_fit": {"1199_BNG_echoMonths": [0.12259459495544434, 0.12424230575561523, 0.12339091300964355, 0.12133502960205078, 0.12209200859069824]}, "sizes": {"1199_BNG_echoMonths": []}, "tau": 0.8}, "LinearQuantile": {"losses": {"1199_BNG_echoMonths": [0.044280915211375116, 0.044289040872481734, 0.044248269709365434, 0.04459252674146216, 0.04333172876686727]}, "coverage": {"1199_BNG_echoMonths": [0.008857142857142786, 0.0032009145470134337, 0.002515004286939071, 0.00891683338096605, 0.004515575878822453]}, "complexity": {"1199_BNG_echoMonths": [12, 12, 12, 12, 12]}, "time_all": {"1199_BNG_echoMonths": [3.31022310256958, 11.664856195449829, 4.870647430419922, 4.595831394195557, 41.36327338218689]}, "time_fit": {"1199_BNG_echoMonths": [0.28138232231140137, 0.9659500122070312, 0.40461039543151855, 0.37603068351745605, 1.546682357788086]}, "sizes": {"1199_BNG_echoMonths": []}, "tau": 0.8}}
