{"SQR": {"losses": {"1196_BNG_pharynx": [0.04877291946488468, 0.048895201370284, 0.04873069997198222, 0.04877271295617537, 0.04869179730017745]}, "coverage": {"1196_BNG_pharynx": [0.0007400000000000184, 0.003180000000000016, 0.01200000000000001, 0.005404999999999993, 0.00819000000000003]}, "complexity": {"1196_BNG_pharynx": [3, 3, 3, 3, 3]}, "time_all": {"1196_BNG_pharynx": [572.0151205062866, 579.2687187194824, 605.9548714160919, 551.31139087677, 573.241162776947]}, "time_fit": {"1196_BNG_pharynx": [572.0151205062866, 579.2687187194824, 605.9548714160919, 551.31139087677, 573.241162776947]}, "sizes": {"1196_BNG_pharynx": []}, "tau": 0.5}, "LightGBM": {"losses": {"1196_BNG_pharynx": [0.042289298155022616, 0.042298335635750556, 0.04220183926530518, 0.04227364006656221, 0.042200290604854925]}, "coverage": {"1196_BNG_pharynx": [0.004334999999999978, 0.0021200000000000108, 0.0010299999999999754, 0.004170000000000007, 0.0023499999999999632]}, "time_all": {"1196_BNG_pharynx": [6.192966461181641, 5.867364883422852, 5.740874290466309, 5.869252443313599, 5.731785535812378]}, "time_fit": {"1196_BNG_pharynx": [1.0716345310211182, 1.0577683448791504, 1.0252196788787842, 1.0537240505218506, 1.0371944904327393]}, "sizes": {"1196_BNG_pharynx": []}, "tau": 0.5}, "DecisionTree": {"losses": {"1196_BNG_pharynx": [0.04137511425040747, 0.041509460898994995, 0.04134732291937035, 0.04143815408760657, 0.041428359076058616]}, "coverage": {"1196_BNG_pharynx": [0.002334999999999976, 0.0004899999999999904, 0.0004950000000000232, 0.0032050000000000134, 0.0018049999999999455]}, "complexity": {"1196_BNG_pharynx": [25415, 25477, 25477, 25511, 25451]}, "time_all": {"1196_BNG_pharynx": [245.2195065021515, 232.25726747512817, 232.7627420425415, 231.8047423362732, 231.1940016746521]}, "time_fit": {"1196_BNG_pharynx": [10.015050411224365, 9.867124080657959, 9.891128778457642, 9.911562204360962, 9.821018695831299]}, "sizes": {"1196_BNG_pharynx": []}, "tau": 0.5}, "LinearQuantile": {"losses": {"1196_BNG_pharynx": [0.043827585084134396, 0.04391649908276147, 0.043713647594713946, 0.04378139989455898, 0.04372225009758242]}, "coverage": {"1196_BNG_pharynx": [0.0006950000000000012, 0.0007000000000000339, 0.0018799999999999928, 0.0008000000000000229, 0.0003850000000000242]}, "complexity": {"1196_BNG_pharynx": [32, 32, 32, 32, 32]}, "time_all": {"1196_BNG_pharynx": [760.4641125202179, 1122.5681273937225, 1453.519677400589, 747.7027983665466, 1430.790254354477]}, "time_fit": {"1196_BNG_pharynx": [69.06760835647583, 102.2260422706604, 128.9663531780243, 67.56833028793335, 128.18701076507568]}, "sizes": {"1196_BNG_pharynx": []}, "tau": 0.5}}
