{"SQR": {"losses": {"1028_SWD": [0.08033333333333334, 0.08900000000000001, 0.08533333333333333, 0.09066666666666667, 0.07433333333333332]}, "coverage": {"1028_SWD": [0.265, 0.09999999999999998, 0.08999999999999997, 0.08500000000000008, 0.32500000000000007]}, "complexity": {"1028_SWD": [4, 3, 3, 3, 4]}, "time_all": {"1028_SWD": [98.34947896003723, 84.67016673088074, 83.92030549049377, 84.469886302948, 85.23044753074646]}, "time_fit": {"1028_SWD": [98.34947896003723, 84.67016673088074, 83.92030549049377, 84.469886302948, 85.23044753074646]}, "sizes": {"1028_SWD": []}, "tau": 0.6}, "LightGBM": {"losses": {"1028_SWD": [0.08421360716338078, 0.07838541686255567, 0.08303773742268959, 0.08322092204494244, 0.06928063471816916]}, "coverage": {"1028_SWD": [0.025000000000000022, 0.020000000000000018, 0.03500000000000003, 0.04999999999999993, 0.10499999999999998]}, "time_all": {"1028_SWD": [0.3800063133239746, 0.363433837890625, 0.3580343723297119, 0.3651309013366699, 0.34285902976989746]}, "time_fit": {"1028_SWD": [0.06343412399291992, 0.06879878044128418, 0.07029438018798828, 0.06663084030151367, 0.06559967994689941]}, "sizes": {"1028_SWD": []}, "tau": 0.6}, "DecisionTree": {"losses": {"1028_SWD": [0.07333333333333333, 0.07233333333333333, 0.07073333333333333, 0.074, 0.06233333333333333]}, "coverage": {"1028_SWD": [0.25, 0.235, 0.27, 0.22499999999999998, 0.28]}, "complexity": {"1028_SWD": [31, 59, 37, 121, 37]}, "time_all": {"1028_SWD": [0.10126280784606934, 0.09755086898803711, 0.09652161598205566, 0.10247516632080078, 0.09766626358032227]}, "time_fit": {"1028_SWD": [0.00528717041015625, 0.0074329376220703125, 0.0056383609771728516, 0.011953353881835938, 0.005718231201171875]}, "sizes": {"1028_SWD": []}, "tau": 0.6}, "LinearQuantile": {"losses": {"1028_SWD": [0.08536253574221347, 0.08077799389298317, 0.08003901746810838, 0.08131267719426441, 0.06629161181304806]}, "coverage": {"1028_SWD": [0.020000000000000018, 0.020000000000000018, 0.04999999999999993, 0.07499999999999996, 0.10499999999999998]}, "complexity": {"1028_SWD": [31, 31, 31, 31, 31]}, "time_all": {"1028_SWD": [2.228487491607666, 21.452013969421387, 1.6819496154785156, 0.7517592906951904, 2.1804704666137695]}, "time_fit": {"1028_SWD": [0.15155458450317383, 2.2570948600769043, 0.0973811149597168, 0.0630042552947998, 0.16811800003051758]}, "sizes": {"1028_SWD": []}, "tau": 0.6}}
