{"SQR": {"losses": {"1029_LEV": [0.0575, 0.060500000000000005, 0.06775, 0.065625, 0.06962499999999999]}, "coverage": {"1029_LEV": [0.2300000000000001, 0.2300000000000001, 0.18000000000000005, 0.18500000000000005, 0.14500000000000002]}, "complexity": {"1029_LEV": [3, 3, 2, 2, 2]}, "time_all": {"1029_LEV": [92.02289152145386, 82.61483097076416, 83.7359709739685, 84.61138319969177, 85.21929550170898]}, "time_fit": {"1029_LEV": [92.02289152145386, 82.61483097076416, 83.7359709739685, 84.61138319969177, 85.21929550170898]}, "sizes": {"1029_LEV": []}, "tau": 0.7}, "LightGBM": {"losses": {"1029_LEV": [0.05820759771009316, 0.05906749157773809, 0.057954537504471444, 0.060453750918818515, 0.06284250645904331]}, "coverage": {"1029_LEV": [0.040000000000000036, 0.10000000000000009, 0.03499999999999992, 0.07499999999999996, 0.06500000000000006]}, "time_all": {"1029_LEV": [0.3352620601654053, 0.3089160919189453, 0.3805277347564697, 0.27326416969299316, 0.30352306365966797]}, "time_fit": {"1029_LEV": [0.05611920356750488, 0.05412125587463379, 0.12314724922180176, 0.052277326583862305, 0.05385279655456543]}, "sizes": {"1029_LEV": []}, "tau": 0.7}, "DecisionTree": {"losses": {"1029_LEV": [0.055424999999999995, 0.0501, 0.048375, 0.046187500000000006, 0.04769999999999999]}, "coverage": {"1029_LEV": [0.11499999999999999, 0.15000000000000002, 0.16000000000000003, 0.16000000000000003, 0.16000000000000003]}, "complexity": {"1029_LEV": [107, 183, 175, 55, 175]}, "time_all": {"1029_LEV": [0.09375596046447754, 0.09682583808898926, 0.09595465660095215, 0.08679366111755371, 0.0948038101196289]}, "time_fit": {"1029_LEV": [0.010592937469482422, 0.01586151123046875, 0.015206575393676758, 0.006426572799682617, 0.015162467956542969]}, "sizes": {"1029_LEV": []}, "tau": 0.7}, "LinearQuantile": {"losses": {"1029_LEV": [0.051984773683656345, 0.051574678304177016, 0.049326578464641606, 0.05254928951494555, 0.04799972500688049]}, "coverage": {"1029_LEV": [0.1399999999999999, 0.03499999999999992, 0.020000000000000018, 0.04499999999999993, 0.04499999999999993]}, "complexity": {"1029_LEV": [20, 20, 20, 20, 20]}, "time_all": {"1029_LEV": [1.2085771560668945, 1.9987850189208984, 0.41002559661865234, 1.571929693222046, 0.3025479316711426]}, "time_fit": {"1029_LEV": [0.09565281867980957, 0.13048791885375977, 0.036780357360839844, 0.10430192947387695, 0.02695441246032715]}, "sizes": {"1029_LEV": []}, "tau": 0.7}}
