{"SQR": {"losses": {"656_fri_c1_100_5": [0.02481776937007876, 0.03700617494682601, 0.035876395700023316, 0.034397325443461746, 0.02752341556806363]}, "coverage": {"656_fri_c1_100_5": [0.0, 0.0, 0.0, 0.04999999999999993, 0.050000000000000044]}, "complexity": {"656_fri_c1_100_5": [11, 12, 11, 9, 14]}, "time_all": {"656_fri_c1_100_5": [79.23048114776611, 66.48033142089844, 67.6614179611206, 65.3675012588501, 66.08024334907532]}, "time_fit": {"656_fri_c1_100_5": [79.23048114776611, 66.48033142089844, 67.6614179611206, 65.3675012588501, 66.08024334907532]}, "sizes": {"656_fri_c1_100_5": []}, "tau": 0.6}, "LightGBM": {"losses": {"656_fri_c1_100_5": [0.0487267889931406, 0.062030645852227645, 0.059048227917378765, 0.07528972661038151, 0.06982044784521661]}, "coverage": {"656_fri_c1_100_5": [0.15000000000000002, 0.09999999999999998, 0.19999999999999996, 0.050000000000000044, 0.0]}, "time_all": {"656_fri_c1_100_5": [0.12617087364196777, 0.09596395492553711, 0.08728170394897461, 0.08361935615539551, 0.09117865562438965]}, "time_fit": {"656_fri_c1_100_5": [0.01622915267944336, 0.020505666732788086, 0.020633697509765625, 0.020070314407348633, 0.018980026245117188]}, "sizes": {"656_fri_c1_100_5": []}, "tau": 0.6}, "DecisionTree": {"losses": {"656_fri_c1_100_5": [0.04807001444334215, 0.049790359438163734, 0.06403637538686786, 0.055765768951753523, 0.05261036859477178]}, "coverage": {"656_fri_c1_100_5": [0.050000000000000044, 0.04999999999999993, 0.14999999999999997, 0.20000000000000007, 0.050000000000000044]}, "complexity": {"656_fri_c1_100_5": [29, 31, 3, 31, 31]}, "time_all": {"656_fri_c1_100_5": [0.03408384323120117, 0.03509664535522461, 0.03226351737976074, 0.03363776206970215, 0.03451085090637207]}, "time_fit": {"656_fri_c1_100_5": [0.0037872791290283203, 0.0038661956787109375, 0.001718759536743164, 0.003664255142211914, 0.0038216114044189453]}, "sizes": {"656_fri_c1_100_5": []}, "tau": 0.6}, "LinearQuantile": {"losses": {"656_fri_c1_100_5": [0.07623086052871156, 0.08083519937987249, 0.09740277218645958, 0.09133397747572555, 0.08068512137814488]}, "coverage": {"656_fri_c1_100_5": [0.04999999999999993, 0.09999999999999998, 0.44999999999999996, 0.14999999999999997, 0.14999999999999997]}, "complexity": {"656_fri_c1_100_5": [5, 5, 5, 5, 5]}, "time_all": {"656_fri_c1_100_5": [0.7717595100402832, 0.22133684158325195, 0.10161423683166504, 0.2009258270263672, 0.248823881149292]}, "time_fit": {"656_fri_c1_100_5": [0.06881165504455566, 0.019610166549682617, 0.008658647537231445, 0.016860008239746094, 0.020941734313964844]}, "sizes": {"656_fri_c1_100_5": []}, "tau": 0.6}}
