{"SQR": {"losses": {"542_pollution": [0.0629595925653781, 0.04494982951107178, 0.04375611445484327, 0.05025369175226366, 0.03337942028486913]}, "coverage": {"542_pollution": [0.06666666666666665, 0.2333333333333334, 0.06666666666666665, 0.15000000000000002, 0.06666666666666665]}, "complexity": {"542_pollution": [10, 11, 14, 5, 7]}, "time_all": {"542_pollution": [80.17201685905457, 67.15071368217468, 65.79283261299133, 64.89263796806335, 66.51492929458618]}, "time_fit": {"542_pollution": [80.17201685905457, 67.15071368217468, 65.79283261299133, 64.89263796806335, 66.51492929458618]}, "sizes": {"542_pollution": []}, "tau": 0.9}, "LightGBM": {"losses": {"542_pollution": [0.04850448261672113, 0.03233391782632777, 0.028404740058470178, 0.018128764504955402, 0.021439647037450285]}, "coverage": {"542_pollution": [0.06666666666666665, 0.15000000000000002, 0.016666666666666607, 0.016666666666666607, 0.016666666666666607]}, "time_all": {"542_pollution": [0.10783767700195312, 0.06996989250183105, 0.053131103515625, 0.05814480781555176, 0.06955075263977051]}, "time_fit": {"542_pollution": [0.013393163681030273, 0.015194416046142578, 0.00410151481628418, 0.012387752532958984, 0.015208959579467773]}, "sizes": {"542_pollution": []}, "tau": 0.9}, "DecisionTree": {"losses": {"542_pollution": [0.04363540927010589, 0.024723776808007348, 0.021732949000857347, 0.0248287152922843, 0.018572792443488917]}, "coverage": {"542_pollution": [0.06666666666666665, 0.016666666666666607, 0.09999999999999998, 0.06666666666666665, 0.06666666666666665]}, "complexity": {"542_pollution": [7, 7, 3, 7, 3]}, "time_all": {"542_pollution": [0.030466318130493164, 0.031407833099365234, 0.028643131256103516, 0.027823209762573242, 0.0299680233001709]}, "time_fit": {"542_pollution": [0.002198457717895508, 0.002123594284057617, 0.001748800277709961, 0.002019166946411133, 0.0017442703247070312]}, "sizes": {"542_pollution": []}, "tau": 0.9}, "LinearQuantile": {"losses": {"542_pollution": [0.0292950605618401, 0.04521752089087726, 0.03597380127763947, 0.0341519807310676, 0.08185038027247137]}, "coverage": {"542_pollution": [0.06666666666666665, 0.15000000000000002, 0.06666666666666665, 0.31666666666666665, 0.15000000000000002]}, "complexity": {"542_pollution": [15, 15, 15, 15, 15]}, "time_all": {"542_pollution": [0.18919849395751953, 0.34598445892333984, 5.126729726791382, 1.1334445476531982, 4.704206466674805]}, "time_fit": {"542_pollution": [0.015967369079589844, 0.030826807022094727, 0.6203200817108154, 0.09326839447021484, 0.22651433944702148]}, "sizes": {"542_pollution": []}, "tau": 0.9}}
