{"SQR": {"losses": {"1028_SWD": [0.05566666666666666, 0.06199999999999998, 0.06266666666666666, 0.06099999999999999, 0.058666666666666666]}, "coverage": {"1028_SWD": [0.1399999999999999, 0.19499999999999995, 0.135, 0.135, 0.15499999999999992]}, "complexity": {"1028_SWD": [2, 3, 3, 2, 2]}, "time_all": {"1028_SWD": [93.57338285446167, 86.57422161102295, 87.20316338539124, 83.57340812683105, 85.13283443450928]}, "time_fit": {"1028_SWD": [93.57338285446167, 86.57422161102295, 87.20316338539124, 83.57340812683105, 85.13283443450928]}, "sizes": {"1028_SWD": []}, "tau": 0.8}, "LightGBM": {"losses": {"1028_SWD": [0.05831439066926433, 0.08133333333333331, 0.06035741614537659, 0.07933333333333331, 0.08266666666666665]}, "coverage": {"1028_SWD": [0.06000000000000005, 0.19999999999999996, 0.09999999999999998, 0.19999999999999996, 0.19999999999999996]}, "time_all": {"1028_SWD": [0.3300919532775879, 0.06009101867675781, 0.23725199699401855, 0.06078982353210449, 0.0612943172454834]}, "time_fit": {"1028_SWD": [0.062236785888671875, 0.009820699691772461, 0.0538790225982666, 0.010697126388549805, 0.012099742889404297]}, "sizes": {"1028_SWD": []}, "tau": 0.8}, "DecisionTree": {"losses": {"1028_SWD": [0.05066666666666667, 0.052333333333333315, 0.04679999999999998, 0.04653333333333332, 0.047999999999999994]}, "coverage": {"1028_SWD": [0.1499999999999999, 0.1499999999999999, 0.1499999999999999, 0.13, 0.17499999999999993]}, "complexity": {"1028_SWD": [25, 21, 25, 41, 23]}, "time_all": {"1028_SWD": [0.09624171257019043, 0.0942683219909668, 0.09580564498901367, 0.09597158432006836, 0.09707927703857422]}, "time_fit": {"1028_SWD": [0.004647016525268555, 0.004318714141845703, 0.004654407501220703, 0.005890846252441406, 0.00449824333190918]}, "sizes": {"1028_SWD": []}, "tau": 0.8}, "LinearQuantile": {"losses": {"1028_SWD": [0.05994506776451188, 0.05980579938641218, 0.0596293778062492, 0.05699951416541598, 0.0531301262663163]}, "coverage": {"1028_SWD": [0.06000000000000005, 0.08500000000000008, 0.06500000000000006, 0.08000000000000007, 0.05499999999999994]}, "complexity": {"1028_SWD": [31, 31, 31, 31, 31]}, "time_all": {"1028_SWD": [1.771965742111206, 3.0183019638061523, 5.1762871742248535, 3.0003323554992676, 2.7197413444519043]}, "time_fit": {"1028_SWD": [0.11974358558654785, 0.2381572723388672, 0.3222355842590332, 0.21517443656921387, 0.21188092231750488]}, "sizes": {"1028_SWD": []}, "tau": 0.8}}
