{"SQR": {"losses": {"645_fri_c3_500_50": [0.018156312975871062, 0.017628571762797928, 0.015228200631138422, 0.02066967899510216, 0.018250672489582148]}, "coverage": {"645_fri_c3_500_50": [0.06000000000000005, 0.010000000000000009, 0.06999999999999995, 0.06000000000000005, 0.050000000000000044]}, "complexity": {"645_fri_c3_500_50": [8, 10, 13, 10, 8]}, "time_all": {"645_fri_c3_500_50": [107.58589291572571, 94.92288827896118, 91.99889159202576, 91.88805770874023, 85.66162919998169]}, "time_fit": {"645_fri_c3_500_50": [107.58589291572571, 94.92288827896118, 91.99889159202576, 91.88805770874023, 85.66162919998169]}, "sizes": {"645_fri_c3_500_50": []}, "tau": 0.5}, "LightGBM": {"losses": {"645_fri_c3_500_50": [0.027350746766111555, 0.02640443609311337, 0.027904990063044578, 0.02904128375166631, 0.030959537056562784]}, "coverage": {"645_fri_c3_500_50": [0.09999999999999998, 0.09999999999999998, 0.010000000000000009, 0.030000000000000027, 0.09999999999999998]}, "time_all": {"645_fri_c3_500_50": [0.3201148509979248, 0.2742917537689209, 0.3078329563140869, 0.29143357276916504, 0.2541484832763672]}, "time_fit": {"645_fri_c3_500_50": [0.05997514724731445, 0.06142020225524902, 0.06138038635253906, 0.056618690490722656, 0.05368447303771973]}, "sizes": {"645_fri_c3_500_50": []}, "tau": 0.5}, "DecisionTree": {"losses": {"645_fri_c3_500_50": [0.02957234794149048, 0.029048091134284387, 0.02953547770498538, 0.031049758922184246, 0.028874528747276154]}, "coverage": {"645_fri_c3_500_50": [0.03999999999999998, 0.020000000000000018, 0.030000000000000027, 0.050000000000000044, 0.030000000000000027]}, "complexity": {"645_fri_c3_500_50": [161, 67, 67, 71, 65]}, "time_all": {"645_fri_c3_500_50": [0.2361438274383545, 0.21651816368103027, 0.21853303909301758, 0.22403550148010254, 0.21873140335083008]}, "time_fit": {"645_fri_c3_500_50": [0.036702871322631836, 0.025239229202270508, 0.026102781295776367, 0.0267336368560791, 0.023989200592041016]}, "sizes": {"645_fri_c3_500_50": []}, "tau": 0.5}, "LinearQuantile": {"losses": {"645_fri_c3_500_50": [0.05234947831181682, 0.05915315151470593, 0.057644854437710315, 0.05046690425993793, 0.059520153562311884]}, "coverage": {"645_fri_c3_500_50": [0.08000000000000002, 0.06, 0.09999999999999998, 0.030000000000000027, 0.050000000000000044]}, "complexity": {"645_fri_c3_500_50": [50, 50, 50, 50, 50]}, "time_all": {"645_fri_c3_500_50": [8.921106576919556, 16.10999369621277, 9.628844976425171, 15.951324462890625, 6.469317436218262]}, "time_fit": {"645_fri_c3_500_50": [0.7500195503234863, 1.3789761066436768, 0.7427270412445068, 1.3187780380249023, 0.5714049339294434]}, "sizes": {"645_fri_c3_500_50": []}, "tau": 0.5}}
