{"SQR": {"losses": {"584_fri_c4_500_25": [0.024097200185736332, 0.01562546883365418, 0.018228671374242836, 0.01486875261418291, 0.021831001029582374]}, "coverage": {"584_fri_c4_500_25": [0.15999999999999998, 0.0, 0.06999999999999995, 0.050000000000000044, 0.09000000000000002]}, "complexity": {"584_fri_c4_500_25": [9, 15, 10, 13, 8]}, "time_all": {"584_fri_c4_500_25": [106.91708469390869, 93.39842486381531, 94.38829517364502, 88.51851034164429, 89.86846899986267]}, "time_fit": {"584_fri_c4_500_25": [106.91708469390869, 93.39842486381531, 94.38829517364502, 88.51851034164429, 89.86846899986267]}, "sizes": {"584_fri_c4_500_25": []}, "tau": 0.5}, "LightGBM": {"losses": {"584_fri_c4_500_25": [0.02640957583388586, 0.040961058997594106, 0.034839204322959554, 0.024831311866279564, 0.029580902203311926]}, "coverage": {"584_fri_c4_500_25": [0.03999999999999998, 0.040000000000000036, 0.010000000000000009, 0.04999999999999999, 0.06000000000000005]}, "time_all": {"584_fri_c4_500_25": [0.29626035690307617, 0.2677590847015381, 0.24579429626464844, 0.2928659915924072, 0.25978779792785645]}, "time_fit": {"584_fri_c4_500_25": [0.0579073429107666, 0.05476236343383789, 0.05705738067626953, 0.0672142505645752, 0.055207014083862305]}, "sizes": {"584_fri_c4_500_25": []}, "tau": 0.5}, "DecisionTree": {"losses": {"584_fri_c4_500_25": [0.03067984724357596, 0.037152470775857975, 0.03768342252067415, 0.03424404670797923, 0.03682308108791273]}, "coverage": {"584_fri_c4_500_25": [0.020000000000000018, 0.06000000000000005, 0.0, 0.08000000000000002, 0.030000000000000027]}, "complexity": {"584_fri_c4_500_25": [71, 159, 155, 157, 161]}, "time_all": {"584_fri_c4_500_25": [0.13681864738464355, 0.1414344310760498, 0.1376936435699463, 0.14299511909484863, 0.1410832405090332]}, "time_fit": {"584_fri_c4_500_25": [0.01522374153137207, 0.022728919982910156, 0.022237777709960938, 0.022861719131469727, 0.023012638092041016]}, "sizes": {"584_fri_c4_500_25": []}, "tau": 0.5}, "LinearQuantile": {"losses": {"584_fri_c4_500_25": [0.06696756300281816, 0.07495773198656487, 0.0685833230120044, 0.05622341415634376, 0.06053774902378808]}, "coverage": {"584_fri_c4_500_25": [0.010000000000000009, 0.0, 0.03999999999999998, 0.020000000000000018, 0.0]}, "complexity": {"584_fri_c4_500_25": [25, 25, 25, 25, 25]}, "time_all": {"584_fri_c4_500_25": [1.1065187454223633, 2.3407421112060547, 0.9923300743103027, 1.0099740028381348, 0.5701785087585449]}, "time_fit": {"584_fri_c4_500_25": [0.0917501449584961, 0.13359785079956055, 0.08867359161376953, 0.06703758239746094, 0.050702571868896484]}, "sizes": {"584_fri_c4_500_25": []}, "tau": 0.5}}
