{"SQR": {"losses": {"658_fri_c3_250_25": [0.01370443416743069, 0.013929852771887742, 0.013708095851028503, 0.027193702377457774, 0.02224981653769389]}, "coverage": {"658_fri_c3_250_25": [0.08000000000000007, 0.14, 0.10000000000000009, 0.1399999999999999, 0.039999999999999925]}, "complexity": {"658_fri_c3_250_25": [15, 12, 12, 12, 8]}, "time_all": {"658_fri_c3_250_25": [89.50348138809204, 71.86933755874634, 75.34307789802551, 77.52206897735596, 70.22490215301514]}, "time_fit": {"658_fri_c3_250_25": [89.50348138809204, 71.86933755874634, 75.34307789802551, 77.52206897735596, 70.22490215301514]}, "sizes": {"658_fri_c3_250_25": []}, "tau": 0.7}, "LightGBM": {"losses": {"658_fri_c3_250_25": [0.030666987417168882, 0.031854779406255834, 0.033232860475126774, 0.04068801375027255, 0.027562459789638248]}, "coverage": {"658_fri_c3_250_25": [0.020000000000000018, 0.040000000000000036, 0.0, 0.1399999999999999, 0.05999999999999994]}, "time_all": {"658_fri_c3_250_25": [0.19200515747070312, 0.17758417129516602, 0.14570212364196777, 0.14730072021484375, 0.1706404685974121]}, "time_fit": {"658_fri_c3_250_25": [0.03406023979187012, 0.04047751426696777, 0.033606529235839844, 0.034287452697753906, 0.038546085357666016]}, "sizes": {"658_fri_c3_250_25": []}, "tau": 0.7}, "DecisionTree": {"losses": {"658_fri_c3_250_25": [0.03441272269076464, 0.035936520004921244, 0.030525612154306308, 0.041147991776981314, 0.03178705219059029]}, "coverage": {"658_fri_c3_250_25": [0.07999999999999996, 0.020000000000000018, 0.06000000000000005, 0.12, 0.05999999999999994]}, "complexity": {"658_fri_c3_250_25": [33, 9, 9, 35, 15]}, "time_all": {"658_fri_c3_250_25": [0.06791067123413086, 0.06437420845031738, 0.06426453590393066, 0.06732535362243652, 0.06627750396728516]}, "time_fit": {"658_fri_c3_250_25": [0.006906032562255859, 0.003817319869995117, 0.0038018226623535156, 0.0070188045501708984, 0.004778385162353516]}, "sizes": {"658_fri_c3_250_25": []}, "tau": 0.7}, "LinearQuantile": {"losses": {"658_fri_c3_250_25": [0.06334252448695625, 0.055939070453028476, 0.06269584978208605, 0.07258181530853733, 0.06576904358361568]}, "coverage": {"658_fri_c3_250_25": [0.17999999999999994, 0.19999999999999996, 0.27999999999999997, 0.33999999999999997, 0.23999999999999994]}, "complexity": {"658_fri_c3_250_25": [25, 25, 25, 25, 25]}, "time_all": {"658_fri_c3_250_25": [0.8347864151000977, 0.8189241886138916, 0.4962794780731201, 1.0938053131103516, 0.5832538604736328]}, "time_fit": {"658_fri_c3_250_25": [0.07457828521728516, 0.06306338310241699, 0.04286336898803711, 0.07423996925354004, 0.05242490768432617]}, "sizes": {"658_fri_c3_250_25": []}, "tau": 0.7}}
