{"SQR": {"losses": {"537_houses": [0.06375407937179191, 0.0640749487985176, 0.06276832708280855, 0.062305064348300174, 0.06385974440530226]}, "coverage": {"537_houses": [0.02398255813953487, 0.03536821705426357, 0.03972868217054265, 0.01235465116279072, 0.02277131782945735]}, "complexity": {"537_houses": [2, 2, 2, 2, 2]}, "time_all": {"537_houses": [535.3978917598724, 533.8747165203094, 505.3576235771179, 571.1792719364166, 577.0787041187286]}, "time_fit": {"537_houses": [535.3978917598724, 533.8747165203094, 505.3576235771179, 571.1792719364166, 577.0787041187286]}, "sizes": {"537_houses": []}, "tau": 0.5}, "LightGBM": {"losses": {"537_houses": [0.04675939242431513, 0.04786803126644494, 0.04644045057109666, 0.0456699768614662, 0.04684065497647849]}, "coverage": {"537_houses": [0.023740310077519422, 0.004844961240310086, 0.023740310077519422, 0.015261627906976716, 0.030038759689922534]}, "time_all": {"537_houses": [1.5918972492218018, 1.485672950744629, 1.5003941059112549, 1.5026450157165527, 1.511094331741333]}, "time_fit": {"537_houses": [0.4226536750793457, 0.3875417709350586, 0.39516115188598633, 0.39441871643066406, 0.3928554058074951]}, "sizes": {"537_houses": []}, "tau": 0.5}, "DecisionTree": {"losses": {"537_houses": [0.03974362282059158, 0.04010323833596274, 0.039459402208291056, 0.03789818594290781, 0.039653842063194236]}, "coverage": {"537_houses": [0.03391472868217049, 0.015261627906976716, 0.02059108527131781, 0.007025193798449569, 0.025678294573643456]}, "complexity": {"537_houses": [1277, 1279, 2863, 1265, 1267]}, "time_all": {"537_houses": [2.1827778816223145, 2.047724723815918, 2.0917861461639404, 2.1549909114837646, 2.0940914154052734]}, "time_fit": {"537_houses": [0.16064214706420898, 0.16232562065124512, 0.2415010929107666, 0.16365742683410645, 0.16161561012268066]}, "sizes": {"537_houses": []}, "tau": 0.5}, "LinearQuantile": {"losses": {"537_houses": [0.05619032269032813, 0.05570792577461485, 0.0551479945636995, 0.05419712376199778, 0.05664950883143882]}, "coverage": {"537_houses": [0.011627906976744207, 0.012596899224806224, 0.004602713178294582, 0.0019379844961240345, 0.014534883720930258]}, "complexity": {"537_houses": [8, 8, 8, 8, 8]}, "time_all": {"537_houses": [18.640965223312378, 0.8948283195495605, 1.680309772491455, 3.8585093021392822, 2.1783041954040527]}, "time_fit": {"537_houses": [0.7106277942657471, 0.08123373985290527, 0.1595463752746582, 0.3501110076904297, 0.19783353805541992]}, "sizes": {"537_houses": []}, "tau": 0.5}}
