{"SQR": {"losses": {"197_cpu_act": [0.01306170780031451, 0.012715484708108793, 0.013143011027685074, 0.01339531737352335, 0.013018224643031989]}, "coverage": {"197_cpu_act": [0.0038438071995118284, 0.012629652226967658, 0.004639804639804623, 0.013675213675213738, 0.025274725274725296]}, "complexity": {"197_cpu_act": [4, 7, 4, 4, 4]}, "time_all": {"197_cpu_act": [528.6184589862823, 354.395977973938, 524.1753075122833, 475.8588185310364, 530.7055504322052]}, "time_fit": {"197_cpu_act": [528.6184589862823, 354.395977973938, 524.1753075122833, 475.8588185310364, 530.7055504322052]}, "sizes": {"197_cpu_act": []}, "tau": 0.7}, "LightGBM": {"losses": {"197_cpu_act": [0.01732365015389507, 0.018131107847938848, 0.017292593467117597, 0.0188931392100236, 0.020697080855617764]}, "coverage": {"197_cpu_act": [0.017266625991458118, 0.01140939597315438, 0.01611721611721617, 0.006349206349206438, 0.03565323565323575]}, "time_all": {"197_cpu_act": [1.3234896659851074, 1.1117501258850098, 1.0935640335083008, 1.110428810119629, 1.1518211364746094]}, "time_fit": {"197_cpu_act": [0.33336853981018066, 0.151716947555542, 0.14287590980529785, 0.1455833911895752, 0.1546318531036377]}, "sizes": {"197_cpu_act": []}, "tau": 0.7}, "DecisionTree": {"losses": {"197_cpu_act": [0.009261251933613131, 0.009082774049217004, 0.009095842429175764, 0.009116254116254116, 0.008830305496972163]}, "coverage": {"197_cpu_act": [0.02483221476510067, 0.05045759609518008, 0.05824175824175826, 0.051526251526251565, 0.07472527472527479]}, "complexity": {"197_cpu_act": [499, 491, 315, 497, 317]}, "time_all": {"197_cpu_act": [1.479475975036621, 1.4501104354858398, 1.1911475658416748, 1.2102599143981934, 1.4467432498931885]}, "time_fit": {"197_cpu_act": [0.0983889102935791, 0.09737205505371094, 0.08533215522766113, 0.10012102127075195, 0.0851430892944336]}, "sizes": {"197_cpu_act": []}, "tau": 0.7}, "LinearQuantile": {"losses": {"197_cpu_act": [0.060597313074893924, 0.06019792923580083, 0.06093301372351208, 0.059556849662500466, 0.05943878249916343]}, "coverage": {"197_cpu_act": [0.06241610738255032, 0.04838316046369728, 0.07240537240537237, 0.0461538461538461, 0.05714285714285705]}, "complexity": {"197_cpu_act": [21, 21, 21, 21, 21]}, "time_all": {"197_cpu_act": [46.921626329422, 45.22511267662048, 44.57349920272827, 53.175196409225464, 54.615238904953]}, "time_fit": {"197_cpu_act": [5.294000864028931, 3.364445924758911, 1.6613295078277588, 7.055710315704346, 4.90991997718811]}, "sizes": {"197_cpu_act": []}, "tau": 0.7}}
