{"SQR": {"losses": {"1196_BNG_pharynx": [0.02559787572320116, 0.025788032370320492, 0.02559937134782415, 0.02561824066509934, 0.0255822385783801]}, "coverage": {"1196_BNG_pharynx": [0.0033250000000000224, 0.002214999999999967, 0.0014450000000000296, 0.0003849999999999687, 0.0024899999999999922]}, "complexity": {"1196_BNG_pharynx": [3, 3, 3, 3, 3]}, "time_all": {"1196_BNG_pharynx": [545.0919935703278, 523.7321863174438, 542.522144317627, 548.4738824367523, 542.5392656326294]}, "time_fit": {"1196_BNG_pharynx": [545.0919935703278, 523.7321863174438, 542.522144317627, 548.4738824367523, 542.5392656326294]}, "sizes": {"1196_BNG_pharynx": []}, "tau": 0.9}, "LightGBM": {"losses": {"1196_BNG_pharynx": [0.02339466397572838, 0.023527338897171825, 0.023379844715150727, 0.023432657981789718, 0.023335946670161915]}, "coverage": {"1196_BNG_pharynx": [0.014149999999999996, 0.014214999999999978, 0.014490000000000003, 0.014024999999999954, 0.014549999999999952]}, "time_all": {"1196_BNG_pharynx": [6.25579571723938, 5.773928165435791, 5.739119052886963, 5.791673421859741, 5.749258518218994]}, "time_fit": {"1196_BNG_pharynx": [1.0626013278961182, 0.9917516708374023, 1.018174409866333, 1.0142266750335693, 0.9871466159820557]}, "sizes": {"1196_BNG_pharynx": []}, "tau": 0.9}, "DecisionTree": {"losses": {"1196_BNG_pharynx": [0.02316387820459814, 0.023414021400946686, 0.023145285731894793, 0.0231613052473388, 0.023151185565642628]}, "coverage": {"1196_BNG_pharynx": [0.01939000000000002, 0.02047500000000002, 0.018870000000000053, 0.01851999999999998, 0.020140000000000047]}, "complexity": {"1196_BNG_pharynx": [25415, 25477, 25477, 25511, 25451]}, "time_all": {"1196_BNG_pharynx": [233.9751579761505, 236.13811016082764, 233.1690375804901, 233.85804438591003, 234.31656575202942]}, "time_fit": {"1196_BNG_pharynx": [9.861891746520996, 10.01884651184082, 9.898494005203247, 9.880745887756348, 9.908456563949585]}, "sizes": {"1196_BNG_pharynx": []}, "tau": 0.9}, "LinearQuantile": {"losses": {"1196_BNG_pharynx": [0.02329730687257464, 0.02348053379120022, 0.023252424092905424, 0.023300518854835202, 0.023231062651703757]}, "coverage": {"1196_BNG_pharynx": [0.0002550000000000052, 0.0008650000000000047, 0.00024999999999997247, 0.0004750000000000032, 0.0005100000000000104]}, "complexity": {"1196_BNG_pharynx": [32, 32, 32, 32, 32]}, "time_all": {"1196_BNG_pharynx": [2186.787688732147, 1742.3836467266083, 2767.8234395980835, 5435.152262926102, 748.3193507194519]}, "time_fit": {"1196_BNG_pharynx": [197.03607749938965, 157.92012405395508, 257.6193368434906, 605.4943733215332, 67.96007585525513]}, "sizes": {"1196_BNG_pharynx": []}, "tau": 0.9}}
