{"SQR": {"losses": {"606_fri_c2_1000_10": [0.010797594553249242, 0.011467384773605262, 0.013287345426581576, 0.010024092922450763, 0.01011506779901279]}, "coverage": {"606_fri_c2_1000_10": [0.030000000000000027, 0.03500000000000003, 0.039999999999999925, 0.0050000000000000044, 0.050000000000000044]}, "complexity": {"606_fri_c2_1000_10": [15, 16, 13, 19, 14]}, "time_all": {"606_fri_c2_1000_10": [119.52932286262512, 117.03512144088745, 117.69844794273376, 116.19098663330078, 115.49761724472046]}, "time_fit": {"606_fri_c2_1000_10": [119.52932286262512, 117.03512144088745, 117.69844794273376, 116.19098663330078, 115.49761724472046]}, "sizes": {"606_fri_c2_1000_10": []}, "tau": 0.8}, "LightGBM": {"losses": {"606_fri_c2_1000_10": [0.03033421619988218, 0.027508177544531446, 0.025902048653272673, 0.024414148796672697, 0.024735779743635944]}, "coverage": {"606_fri_c2_1000_10": [0.0050000000000000044, 0.020000000000000018, 0.0050000000000000044, 0.020000000000000018, 0.03500000000000003]}, "time_all": {"606_fri_c2_1000_10": [0.410581111907959, 0.3911616802215576, 0.35049986839294434, 0.39737725257873535, 0.3833801746368408]}, "time_fit": {"606_fri_c2_1000_10": [0.07595610618591309, 0.07411050796508789, 0.07371044158935547, 0.07564067840576172, 0.07351446151733398]}, "sizes": {"606_fri_c2_1000_10": []}, "tau": 0.8}, "DecisionTree": {"losses": {"606_fri_c2_1000_10": [0.026938001771309412, 0.028327147852024063, 0.025292769458464245, 0.023752290053051777, 0.025915928892012097]}, "coverage": {"606_fri_c2_1000_10": [0.07000000000000006, 0.040000000000000036, 0.1050000000000001, 0.050000000000000044, 0.06500000000000006]}, "complexity": {"606_fri_c2_1000_10": [139, 61, 133, 139, 65]}, "time_all": {"606_fri_c2_1000_10": [0.18095040321350098, 0.16924715042114258, 0.1764664649963379, 0.17633676528930664, 0.17454123497009277]}, "time_fit": {"606_fri_c2_1000_10": [0.020566463470458984, 0.013226032257080078, 0.019586563110351562, 0.020380735397338867, 0.01375889778137207]}, "sizes": {"606_fri_c2_1000_10": []}, "tau": 0.8}, "LinearQuantile": {"losses": {"606_fri_c2_1000_10": [0.06873801594292889, 0.07361161146695196, 0.07168894547563714, 0.07068063466063328, 0.07441043944187907]}, "coverage": {"606_fri_c2_1000_10": [0.31000000000000005, 0.30000000000000004, 0.37500000000000006, 0.30000000000000004, 0.37000000000000005]}, "complexity": {"606_fri_c2_1000_10": [10, 10, 10, 10, 10]}, "time_all": {"606_fri_c2_1000_10": [0.27583813667297363, 0.5428211688995361, 0.7364456653594971, 0.210357666015625, 1.268700361251831]}, "time_fit": {"606_fri_c2_1000_10": [0.02420830726623535, 0.042310476303100586, 0.05378556251525879, 0.018611907958984375, 0.08431172370910645]}, "sizes": {"606_fri_c2_1000_10": []}, "tau": 0.8}}
