{"SQR": {"losses": {"197_cpu_act": [0.016839040122516035, 0.017042986275573394, 0.016695217393028264, 0.01712087911129904, 0.016778217809647448]}, "coverage": {"197_cpu_act": [0.007626601586333104, 0.0271507016473459, 0.007936507936507964, 0.04090354090354087, 0.0146520146520146]}, "complexity": {"197_cpu_act": [4, 4, 4, 4, 4]}, "time_all": {"197_cpu_act": [513.6638562679291, 506.6025900840759, 520.726774930954, 526.2794027328491, 515.3070704936981]}, "time_fit": {"197_cpu_act": [513.6638562679291, 506.6025900840759, 520.726774930954, 526.2794027328491, 515.3070704936981]}, "sizes": {"197_cpu_act": []}, "tau": 0.5}, "LightGBM": {"losses": {"197_cpu_act": [0.016469092501012153, 0.01580506034961037, 0.015464723801084332, 0.01794763409565272, 0.0188799132114455]}, "coverage": {"197_cpu_act": [0.031421598535692485, 0.010067114093959717, 0.013431013431013439, 0.014041514041514047, 0.014041514041513992]}, "time_all": {"197_cpu_act": [1.135394811630249, 1.1091549396514893, 1.0643541812896729, 1.097790241241455, 1.0888137817382812]}, "time_fit": {"197_cpu_act": [0.14937353134155273, 0.14317798614501953, 0.1388261318206787, 0.14040398597717285, 0.1455399990081787]}, "sizes": {"197_cpu_act": []}, "tau": 0.5}, "DecisionTree": {"losses": {"197_cpu_act": [0.01077893024201749, 0.01085750734927062, 0.010808635808635808, 0.010756219089552424, 0.010657552324218991]}, "coverage": {"197_cpu_act": [0.08938377059182423, 0.1070774862721171, 0.08119658119658124, 0.11477411477411481, 0.13492063492063489]}, "complexity": {"197_cpu_act": [1093, 491, 503, 497, 317]}, "time_all": {"197_cpu_act": [1.5798795223236084, 1.2475390434265137, 1.2231545448303223, 1.2982890605926514, 1.2202625274658203]}, "time_fit": {"197_cpu_act": [0.13399243354797363, 0.09838700294494629, 0.09970664978027344, 0.10097193717956543, 0.08587002754211426]}, "sizes": {"197_cpu_act": []}, "tau": 0.5}, "LinearQuantile": {"losses": {"197_cpu_act": [0.06004549886734055, 0.061108571920847336, 0.06160461407765331, 0.060648411270343296, 0.060892101751051635]}, "coverage": {"197_cpu_act": [0.057046979865771785, 0.04545454545454547, 0.06043956043956045, 0.057387057387057405, 0.0641025641025641]}, "complexity": {"197_cpu_act": [21, 21, 21, 21, 21]}, "time_all": {"197_cpu_act": [46.07923936843872, 54.68502449989319, 43.09258532524109, 50.4811749458313, 48.154025077819824]}, "time_fit": {"197_cpu_act": [5.069249868392944, 4.054277181625366, 1.6369452476501465, 2.7959976196289062, 6.346451044082642]}, "sizes": {"197_cpu_act": []}, "tau": 0.5}}
