{"SQR": {"losses": {"603_fri_c0_250_50": [0.01716158038064921, 0.027000308789976928, 0.020384632467778396, 0.01744537885732119, 0.02015772583038433]}, "coverage": {"603_fri_c0_250_50": [0.05999999999999994, 0.08000000000000007, 0.019999999999999907, 0.09999999999999998, 0.07999999999999996]}, "complexity": {"603_fri_c0_250_50": [13, 10, 12, 11, 11]}, "time_all": {"603_fri_c0_250_50": [90.69917058944702, 75.9583625793457, 78.2381911277771, 75.20534253120422, 75.00442028045654]}, "time_fit": {"603_fri_c0_250_50": [90.69917058944702, 75.9583625793457, 78.2381911277771, 75.20534253120422, 75.00442028045654]}, "sizes": {"603_fri_c0_250_50": []}, "tau": 0.7}, "LightGBM": {"losses": {"603_fri_c0_250_50": [0.031549746753245136, 0.0427216425311567, 0.03827787773207532, 0.03887317043339722, 0.04620838668655091]}, "coverage": {"603_fri_c0_250_50": [0.019999999999999907, 0.0, 0.05999999999999994, 0.040000000000000036, 0.10000000000000009]}, "time_all": {"603_fri_c0_250_50": [0.21119999885559082, 0.1861438751220703, 0.17705512046813965, 0.1901845932006836, 0.1828911304473877]}, "time_fit": {"603_fri_c0_250_50": [0.04096341133117676, 0.0397183895111084, 0.03819108009338379, 0.04606819152832031, 0.038979291915893555]}, "sizes": {"603_fri_c0_250_50": []}, "tau": 0.7}, "DecisionTree": {"losses": {"603_fri_c0_250_50": [0.04400258234510437, 0.04667143277578354, 0.04341067545741429, 0.04358322944148042, 0.04637729047902542]}, "coverage": {"603_fri_c0_250_50": [0.020000000000000018, 0.05999999999999994, 0.0, 0.08000000000000007, 0.039999999999999925]}, "complexity": {"603_fri_c0_250_50": [15, 13, 5, 9, 35]}, "time_all": {"603_fri_c0_250_50": [0.08981442451477051, 0.0869901180267334, 0.08571934700012207, 0.08780074119567871, 0.08943581581115723]}, "time_fit": {"603_fri_c0_250_50": [0.0071680545806884766, 0.00662541389465332, 0.0041582584381103516, 0.005483150482177734, 0.009694814682006836]}, "sizes": {"603_fri_c0_250_50": []}, "tau": 0.7}, "LinearQuantile": {"losses": {"603_fri_c0_250_50": [0.040219995141551355, 0.05094617116422977, 0.04366514575821797, 0.04592916566590775, 0.04865853682638637]}, "coverage": {"603_fri_c0_250_50": [0.29999999999999993, 0.29999999999999993, 0.31999999999999995, 0.17999999999999994, 0.17999999999999994]}, "complexity": {"603_fri_c0_250_50": [50, 50, 50, 50, 50]}, "time_all": {"603_fri_c0_250_50": [9.68342113494873, 7.719902276992798, 7.340518951416016, 4.468987464904785, 9.328741073608398]}, "time_fit": {"603_fri_c0_250_50": [0.8273317813873291, 0.6410136222839355, 0.5521042346954346, 0.3034327030181885, 0.8413877487182617]}, "sizes": {"603_fri_c0_250_50": []}, "tau": 0.7}}
