{"SQR": {"losses": {"594_fri_c2_100_5": [0.031080743875521958, 0.039489288128075596, 0.023995648490451826, 0.04696201576423, 0.030061472545335807]}, "coverage": {"594_fri_c2_100_5": [0.20000000000000007, 0.10000000000000009, 0.04999999999999993, 0.35000000000000003, 0.10000000000000009]}, "complexity": {"594_fri_c2_100_5": [11, 11, 12, 10, 10]}, "time_all": {"594_fri_c2_100_5": [81.98464298248291, 65.81254506111145, 64.80308222770691, 64.34066104888916, 63.41559910774231]}, "time_fit": {"594_fri_c2_100_5": [81.98464298248291, 65.81254506111145, 64.80308222770691, 64.34066104888916, 63.41559910774231]}, "sizes": {"594_fri_c2_100_5": []}, "tau": 0.8}, "LightGBM": {"losses": {"594_fri_c2_100_5": [0.05568248208721042, 0.03898082163358184, 0.031415453591810694, 0.05157621987041671, 0.04788027459334123]}, "coverage": {"594_fri_c2_100_5": [0.04999999999999993, 0.10000000000000009, 0.15000000000000002, 0.10000000000000009, 0.09999999999999998]}, "time_all": {"594_fri_c2_100_5": [0.12711191177368164, 0.08227753639221191, 0.09340286254882812, 0.09389829635620117, 0.07158422470092773]}, "time_fit": {"594_fri_c2_100_5": [0.01752448081970215, 0.01661515235900879, 0.020220518112182617, 0.019806385040283203, 0.016743898391723633]}, "sizes": {"594_fri_c2_100_5": []}, "tau": 0.8}, "DecisionTree": {"losses": {"594_fri_c2_100_5": [0.031061831885033253, 0.041136909216221984, 0.02783202477365346, 0.037712189436293654, 0.05143616506703021]}, "coverage": {"594_fri_c2_100_5": [0.04999999999999993, 0.0, 0.050000000000000044, 0.0, 0.04999999999999993]}, "complexity": {"594_fri_c2_100_5": [33, 3, 1, 5, 5]}, "time_all": {"594_fri_c2_100_5": [0.03509712219238281, 0.031200885772705078, 0.03448057174682617, 0.03245663642883301, 0.029871225357055664]}, "time_fit": {"594_fri_c2_100_5": [0.004128694534301758, 0.0016942024230957031, 0.001558065414428711, 0.0019137859344482422, 0.0018222332000732422]}, "sizes": {"594_fri_c2_100_5": []}, "tau": 0.8}, "LinearQuantile": {"losses": {"594_fri_c2_100_5": [0.06891526433411493, 0.11414619514898934, 0.1100472398991465, 0.11368219388811632, 0.07259760663832605]}, "coverage": {"594_fri_c2_100_5": [0.10000000000000009, 0.5, 0.55, 0.35000000000000003, 0.30000000000000004]}, "complexity": {"594_fri_c2_100_5": [5, 5, 5, 5, 5]}, "time_all": {"594_fri_c2_100_5": [0.6952793598175049, 0.14968132972717285, 0.09007930755615234, 0.14431214332580566, 0.2858302593231201]}, "time_fit": {"594_fri_c2_100_5": [0.06168079376220703, 0.012675762176513672, 0.007578372955322266, 0.012486696243286133, 0.0234220027923584]}, "sizes": {"594_fri_c2_100_5": []}, "tau": 0.8}}
