{"SQR": {"losses": {"1028_SWD": [0.0715, 0.07316666666666667, 0.07400000000000001, 0.08066666666666668, 0.0805]}, "coverage": {"1028_SWD": [0.16500000000000004, 0.16000000000000003, 0.135, 0.2350000000000001, 0.255]}, "complexity": {"1028_SWD": [4, 4, 4, 3, 2]}, "time_all": {"1028_SWD": [96.91398596763611, 84.58099675178528, 83.47229862213135, 84.11431527137756, 82.68486857414246]}, "time_fit": {"1028_SWD": [96.91398596763611, 84.58099675178528, 83.47229862213135, 84.11431527137756, 82.68486857414246]}, "sizes": {"1028_SWD": []}, "tau": 0.7}, "LightGBM": {"losses": {"1028_SWD": [0.0791183100325009, 0.07375225089909726, 0.07133263498929225, 0.07435301411817453, 0.07441404708230787]}, "coverage": {"1028_SWD": [0.050000000000000044, 0.02499999999999991, 0.07500000000000007, 0.04500000000000004, 0.1100000000000001]}, "time_all": {"1028_SWD": [0.3610198497772217, 0.32871127128601074, 0.3125770092010498, 0.32843804359436035, 0.3510477542877197]}, "time_fit": {"1028_SWD": [0.06193685531616211, 0.07103681564331055, 0.059889793395996094, 0.06417727470397949, 0.06993651390075684]}, "sizes": {"1028_SWD": []}, "tau": 0.7}, "DecisionTree": {"losses": {"1028_SWD": [0.06433333333333334, 0.06983333333333334, 0.06316666666666668, 0.06633333333333333, 0.05966666666666667]}, "coverage": {"1028_SWD": [0.20000000000000007, 0.18500000000000005, 0.20500000000000007, 0.17000000000000004, 0.21000000000000008]}, "complexity": {"1028_SWD": [37, 25, 25, 29, 209]}, "time_all": {"1028_SWD": [0.10176324844360352, 0.0946812629699707, 0.0951070785522461, 0.09573507308959961, 0.10958194732666016]}, "time_fit": {"1028_SWD": [0.005823850631713867, 0.0046465396881103516, 0.004603862762451172, 0.004964351654052734, 0.018194198608398438]}, "sizes": {"1028_SWD": []}, "tau": 0.7}, "LinearQuantile": {"losses": {"1028_SWD": [0.07635664510271763, 0.07516283142858134, 0.07222855846026772, 0.06962216788448629, 0.06176577390343141]}, "coverage": {"1028_SWD": [0.07999999999999996, 0.029999999999999916, 0.014999999999999902, 0.05499999999999994, 0.06000000000000005]}, "complexity": {"1028_SWD": [31, 31, 31, 31, 31]}, "time_all": {"1028_SWD": [1.0372486114501953, 2.3918235301971436, 9.506595611572266, 3.0740556716918945, 2.856478452682495]}, "time_fit": {"1028_SWD": [0.08743882179260254, 0.19052958488464355, 0.8603489398956299, 0.24094724655151367, 0.20535707473754883]}, "sizes": {"1028_SWD": []}, "tau": 0.7}}
