{"SQR": {"losses": {"612_fri_c1_1000_5": [0.013896765156096958, 0.012214040378891447, 0.02254409488019604, 0.015731540066856654, 0.010954823046351321]}, "coverage": {"612_fri_c1_1000_5": [0.040000000000000036, 0.06000000000000005, 0.04999999999999993, 0.07000000000000006, 0.039999999999999925]}, "complexity": {"612_fri_c1_1000_5": [15, 13, 15, 16, 17]}, "time_all": {"612_fri_c1_1000_5": [110.47757172584534, 114.30551147460938, 98.91773653030396, 103.46351313591003, 106.15523886680603]}, "time_fit": {"612_fri_c1_1000_5": [110.47757172584534, 114.30551147460938, 98.91773653030396, 103.46351313591003, 106.15523886680603]}, "sizes": {"612_fri_c1_1000_5": []}, "tau": 0.6}, "LightGBM": {"losses": {"612_fri_c1_1000_5": [0.02984780066462474, 0.03625166627861322, 0.03005117485266967, 0.030426770595049883, 0.035679650241930976]}, "coverage": {"612_fri_c1_1000_5": [0.04499999999999993, 0.039999999999999925, 0.0050000000000000044, 0.050000000000000044, 0.020000000000000018]}, "time_all": {"612_fri_c1_1000_5": [0.43387460708618164, 0.3817570209503174, 0.41069936752319336, 0.41486549377441406, 0.3986186981201172]}, "time_fit": {"612_fri_c1_1000_5": [0.07416319847106934, 0.07471251487731934, 0.07279586791992188, 0.07369422912597656, 0.07191824913024902]}, "sizes": {"612_fri_c1_1000_5": []}, "tau": 0.6}, "DecisionTree": {"losses": {"612_fri_c1_1000_5": [0.03144174273292851, 0.03414178283525842, 0.02766530471983043, 0.03074540789290532, 0.031036151815700255]}, "coverage": {"612_fri_c1_1000_5": [0.04999999999999993, 0.06499999999999995, 0.09499999999999997, 0.11499999999999999, 0.030000000000000027]}, "complexity": {"612_fri_c1_1000_5": [135, 321, 331, 323, 323]}, "time_all": {"612_fri_c1_1000_5": [0.1399226188659668, 0.15026092529296875, 0.1506364345550537, 0.14989113807678223, 0.14972710609436035]}, "time_fit": {"612_fri_c1_1000_5": [0.015845060348510742, 0.029036998748779297, 0.02968120574951172, 0.02914881706237793, 0.029082536697387695]}, "sizes": {"612_fri_c1_1000_5": []}, "tau": 0.6}, "LinearQuantile": {"losses": {"612_fri_c1_1000_5": [0.07274438169793854, 0.06767021381148726, 0.06804848976499243, 0.06970611858842175, 0.06775615101212415]}, "coverage": {"612_fri_c1_1000_5": [0.16999999999999998, 0.10499999999999998, 0.14499999999999996, 0.11499999999999999, 0.12]}, "complexity": {"612_fri_c1_1000_5": [5, 5, 5, 5, 5]}, "time_all": {"612_fri_c1_1000_5": [0.3566012382507324, 0.17472505569458008, 0.8229775428771973, 0.13143062591552734, 1.0278055667877197]}, "time_fit": {"612_fri_c1_1000_5": [0.0310213565826416, 0.014978885650634766, 0.06304383277893066, 0.011261224746704102, 0.06884074211120605]}, "sizes": {"612_fri_c1_1000_5": []}, "tau": 0.6}}
