{"SQR": {"losses": {"643_fri_c2_500_25": [0.019880685329223664, 0.011755090979429629, 0.012843193307132643, 0.012709417789962119, 0.008339844780808861]}, "coverage": {"643_fri_c2_500_25": [0.15000000000000002, 0.020000000000000018, 0.030000000000000027, 0.020000000000000018, 0.030000000000000027]}, "complexity": {"643_fri_c2_500_25": [9, 10, 9, 11, 14]}, "time_all": {"643_fri_c2_500_25": [99.85725212097168, 99.84728980064392, 99.94487977027893, 100.11056160926819, 100.18925499916077]}, "time_fit": {"643_fri_c2_500_25": [99.85725212097168, 99.84728980064392, 99.94487977027893, 100.11056160926819, 100.18925499916077]}, "sizes": {"643_fri_c2_500_25": []}, "tau": 0.9}, "LightGBM": {"losses": {"643_fri_c2_500_25": [0.02760912812636945, 0.02349751476376277, 0.02128634591755726, 0.020102007042447773, 0.021486302355511026]}, "coverage": {"643_fri_c2_500_25": [0.08000000000000007, 0.040000000000000036, 0.010000000000000009, 0.050000000000000044, 0.0]}, "time_all": {"643_fri_c2_500_25": [0.25733137130737305, 0.20314812660217285, 0.19822216033935547, 0.20473980903625488, 0.2288072109222412]}, "time_fit": {"643_fri_c2_500_25": [0.04875469207763672, 0.047083139419555664, 0.04465055465698242, 0.04845094680786133, 0.04602384567260742]}, "sizes": {"643_fri_c2_500_25": []}, "tau": 0.9}, "DecisionTree": {"losses": {"643_fri_c2_500_25": [0.021956557239522376, 0.017208239320999217, 0.018825389997543185, 0.02077663402167121, 0.018359491446491603]}, "coverage": {"643_fri_c2_500_25": [0.08000000000000007, 0.06000000000000005, 0.030000000000000027, 0.030000000000000027, 0.020000000000000018]}, "complexity": {"643_fri_c2_500_25": [29, 63, 19, 11, 29]}, "time_all": {"643_fri_c2_500_25": [0.13146233558654785, 0.12876486778259277, 0.12446045875549316, 0.12450194358825684, 0.1271224021911621]}, "time_fit": {"643_fri_c2_500_25": [0.010259151458740234, 0.014185905456542969, 0.008203744888305664, 0.006592273712158203, 0.009824991226196289]}, "sizes": {"643_fri_c2_500_25": []}, "tau": 0.9}, "LinearQuantile": {"losses": {"643_fri_c2_500_25": [0.09929103844150107, 0.08754994746243105, 0.07292531813189214, 0.07939218604326462, 0.07902340513000881]}, "coverage": {"643_fri_c2_500_25": [0.49000000000000005, 0.44, 0.45, 0.49000000000000005, 0.39]}, "complexity": {"643_fri_c2_500_25": [25, 25, 25, 25, 25]}, "time_all": {"643_fri_c2_500_25": [0.740572452545166, 1.302494764328003, 1.8073534965515137, 2.9558773040771484, 0.857414960861206]}, "time_fit": {"643_fri_c2_500_25": [0.06399297714233398, 0.08368730545043945, 0.1224985122680664, 0.18307209014892578, 0.07372188568115234]}, "sizes": {"643_fri_c2_500_25": []}, "tau": 0.9}}
