{"SQR": {"losses": {"banana": [0.08759249223262129, 0.07740875595033837, 0.07550763685212554, 0.0649163817218894, 0.0750386404449087]}, "coverage": {"banana": [0.05283018867924527, 0.05094339622641508, 0.06886792452830193, 0.04622641509433967, 0.03962264150943395]}, "complexity": {"banana": [8, 8, 9, 9, 8]}, "time_all": {"banana": [295.43403840065, 329.3218674659729, 346.87354040145874, 316.2379856109619, 337.56174778938293]}, "time_fit": {"banana": [295.43403840065, 329.3218674659729, 346.87354040145874, 316.2379856109619, 337.56174778938293]}, "sizes": {"banana": []}, "tau": 0.5}, "LightGBM": {"losses": {"banana": [0.09055411788887856, 0.09149751411529365, 0.08292422887596283, 0.09075327604255376, 0.08821137650669514]}, "coverage": {"banana": [0.05283018867924527, 0.05094339622641508, 0.06886792452830193, 0.04622641509433967, 0.03962264150943395]}, "time_all": {"banana": [0.8887538909912109, 0.8189103603363037, 0.7762529850006104, 0.6753528118133545, 0.7948005199432373]}, "time_fit": {"banana": [0.21024227142333984, 0.19593310356140137, 0.19162964820861816, 0.10299849510192871, 0.20588064193725586]}, "sizes": {"banana": []}, "tau": 0.5}, "DecisionTree": {"losses": {"banana": [0.05566037735849057, 0.053537735849056606, 0.0544811320754717, 0.05919811320754717, 0.04905660377358491]}, "coverage": {"banana": [0.43679245283018864, 0.440566037735849, 0.4273584905660377, 0.4273584905660377, 0.4462264150943396]}, "complexity": {"banana": [121, 181, 191, 177, 317]}, "time_all": {"banana": [0.3225858211517334, 0.3220851421356201, 0.18195104598999023, 0.19176626205444336, 0.2565908432006836]}, "time_fit": {"banana": [0.02109384536743164, 0.025137662887573242, 0.014460325241088867, 0.014793157577514648, 0.02620100975036621]}, "sizes": {"banana": []}, "tau": 0.5}, "LinearQuantile": {"losses": {"banana": [0.2235849255886366, 0.2245283183185992, 0.21556605798558898, 0.2268868111752464, 0.23018869956307922]}, "coverage": {"banana": [0.22169811320754718, 0.22264150943396227, 0.2037735849056604, 0.24339622641509434, 0.2490566037735849]}, "complexity": {"banana": [2, 2, 2, 2, 2]}, "time_all": {"banana": [0.08511567115783691, 0.059058427810668945, 0.0339353084564209, 0.0330052375793457, 0.04353690147399902]}, "time_fit": {"banana": [0.006134986877441406, 0.0047359466552734375, 0.0027360916137695312, 0.0026197433471679688, 0.0034682750701904297]}, "sizes": {"banana": []}, "tau": 0.5}}
