{"SQR": {"losses": {"560_bodyfat": [0.00041310222752323874, 0.001840192719039306, 0.0071999134428686025, 0.0011377453241835668, 0.00023418999271580769]}, "coverage": {"560_bodyfat": [0.08235294117647052, 0.03529411764705892, 0.07999999999999996, 0.12, 0.019999999999999907]}, "complexity": {"560_bodyfat": [9, 11, 11, 11, 16]}, "time_all": {"560_bodyfat": [89.87042760848999, 75.29266953468323, 75.09654426574707, 77.12503623962402, 77.23087167739868]}, "time_fit": {"560_bodyfat": [89.87042760848999, 75.29266953468323, 75.09654426574707, 77.12503623962402, 77.23087167739868]}, "sizes": {"560_bodyfat": []}, "tau": 0.8}, "LightGBM": {"losses": {"560_bodyfat": [0.014060158487767545, 0.01993053636968065, 0.014035800145883827, 0.019445070072890033, 0.017015317957619777]}, "coverage": {"560_bodyfat": [0.1215686274509803, 0.0235294117647058, 0.12, 0.09999999999999998, 0.09999999999999998]}, "time_all": {"560_bodyfat": [0.18905258178710938, 0.1418294906616211, 0.11655902862548828, 0.13045835494995117, 0.13607263565063477]}, "time_fit": {"560_bodyfat": [0.03161144256591797, 0.032800912857055664, 0.026179790496826172, 0.028536558151245117, 0.02913498878479004]}, "sizes": {"560_bodyfat": []}, "tau": 0.8}, "DecisionTree": {"losses": {"560_bodyfat": [0.0038968026168083093, 0.01006233179507733, 0.006514525411505447, 0.004614735823179544, 0.002847998243633071]}, "coverage": {"560_bodyfat": [0.2313725490196079, 0.09411764705882353, 0.18000000000000005, 0.12, 0.040000000000000036]}, "complexity": {"560_bodyfat": [75, 81, 79, 83, 81]}, "time_all": {"560_bodyfat": [0.0593719482421875, 0.06126832962036133, 0.05706477165222168, 0.05879068374633789, 0.059770822525024414]}, "time_fit": {"560_bodyfat": [0.008895158767700195, 0.00900578498840332, 0.00880742073059082, 0.009175777435302734, 0.00898289680480957]}, "sizes": {"560_bodyfat": []}, "tau": 0.8}, "LinearQuantile": {"losses": {"560_bodyfat": [0.020081012400391212, 0.024027920531659374, 0.03430877480120171, 0.023609592710099412, 0.02549244171872095]}, "coverage": {"560_bodyfat": [0.0235294117647058, 0.0745098039215687, 0.14, 0.040000000000000036, 0.07999999999999996]}, "complexity": {"560_bodyfat": [14, 14, 14, 14, 14]}, "time_all": {"560_bodyfat": [0.5510215759277344, 0.7617907524108887, 0.48180437088012695, 0.6266899108886719, 0.630131721496582]}, "time_fit": {"560_bodyfat": [0.048755645751953125, 0.05739545822143555, 0.03924822807312012, 0.05155634880065918, 0.04829001426696777]}, "sizes": {"560_bodyfat": []}, "tau": 0.8}}
