{"SQR": {"losses": {"648_fri_c1_250_50": [0.02570105296665759, 0.03317223343280223, 0.016853936508601338, 0.027184028160734137, 0.02023730799391222]}, "coverage": {"648_fri_c1_250_50": [0.07999999999999996, 0.18, 0.0, 0.08000000000000007, 0.040000000000000036]}, "complexity": {"648_fri_c1_250_50": [13, 10, 12, 7, 13]}, "time_all": {"648_fri_c1_250_50": [87.27651023864746, 69.88267946243286, 75.95619821548462, 69.37008929252625, 70.89285778999329]}, "time_fit": {"648_fri_c1_250_50": [87.27651023864746, 69.88267946243286, 75.95619821548462, 69.37008929252625, 70.89285778999329]}, "sizes": {"648_fri_c1_250_50": []}, "tau": 0.6}, "LightGBM": {"losses": {"648_fri_c1_250_50": [0.0435018535733621, 0.05294897585499032, 0.037958013060115856, 0.04304879324007381, 0.04089679911754588]}, "coverage": {"648_fri_c1_250_50": [0.020000000000000018, 0.07999999999999996, 0.12, 0.039999999999999925, 0.06000000000000005]}, "time_all": {"648_fri_c1_250_50": [0.21623849868774414, 0.16839933395385742, 0.18715500831604004, 0.18743896484375, 0.16251492500305176]}, "time_fit": {"648_fri_c1_250_50": [0.04344916343688965, 0.04158353805541992, 0.042357444763183594, 0.04204535484313965, 0.04216170310974121]}, "sizes": {"648_fri_c1_250_50": []}, "tau": 0.6}, "DecisionTree": {"losses": {"648_fri_c1_250_50": [0.05499691445521332, 0.04001299280261469, 0.046076920512393586, 0.04025757316124605, 0.04051920865745077]}, "coverage": {"648_fri_c1_250_50": [0.039999999999999925, 0.18, 0.040000000000000036, 0.07999999999999996, 0.020000000000000018]}, "complexity": {"648_fri_c1_250_50": [35, 79, 35, 85, 33]}, "time_all": {"648_fri_c1_250_50": [0.09276795387268066, 0.09302759170532227, 0.08898448944091797, 0.09412646293640137, 0.08995366096496582]}, "time_fit": {"648_fri_c1_250_50": [0.010345935821533203, 0.014555931091308594, 0.010099649429321289, 0.015132665634155273, 0.00987386703491211]}, "sizes": {"648_fri_c1_250_50": []}, "tau": 0.6}, "LinearQuantile": {"losses": {"648_fri_c1_250_50": [0.08445298920868599, 0.10052721489757162, 0.08194506101493824, 0.0860309489849854, 0.07572247834531402]}, "coverage": {"648_fri_c1_250_50": [0.25999999999999995, 0.05999999999999994, 0.07999999999999996, 0.18, 0.020000000000000018]}, "complexity": {"648_fri_c1_250_50": [50, 50, 50, 50, 50]}, "time_all": {"648_fri_c1_250_50": [1.8944597244262695, 6.285991668701172, 3.912688970565796, 7.317767858505249, 3.2991366386413574]}, "time_fit": {"648_fri_c1_250_50": [0.12666082382202148, 0.5251979827880859, 0.2969980239868164, 0.6075439453125, 0.2353830337524414]}, "sizes": {"648_fri_c1_250_50": []}, "tau": 0.6}}
