{"SQR": {"losses": {"690_visualizing_galaxy": [0.019159987188967356, 0.013916618133272546, 0.015596462220434999, 0.012903424889786491, 0.014603506723895817]}, "coverage": {"690_visualizing_galaxy": [0.06153846153846154, 0.03076923076923077, 0.03076923076923077, 0.050000000000000044, 0.018750000000000044]}, "complexity": {"690_visualizing_galaxy": [7, 13, 9, 10, 11]}, "time_all": {"690_visualizing_galaxy": [98.47333717346191, 84.17674279212952, 84.39624190330505, 83.80472254753113, 81.36323022842407]}, "time_fit": {"690_visualizing_galaxy": [98.47333717346191, 84.17674279212952, 84.39624190330505, 83.80472254753113, 81.36323022842407]}, "sizes": {"690_visualizing_galaxy": []}, "tau": 0.8}, "LightGBM": {"losses": {"690_visualizing_galaxy": [0.02206777444434706, 0.027213388293572897, 0.028075365489024957, 0.023319841018170383, 0.025532903585479147]}, "coverage": {"690_visualizing_galaxy": [0.0, 0.03076923076923077, 0.015384615384615441, 0.018750000000000044, 0.13749999999999996]}, "time_all": {"690_visualizing_galaxy": [0.18340539932250977, 0.14572453498840332, 0.14515924453735352, 0.15136170387268066, 0.15456342697143555]}, "time_fit": {"690_visualizing_galaxy": [0.03202557563781738, 0.030070066452026367, 0.028539657592773438, 0.03248929977416992, 0.036829233169555664]}, "sizes": {"690_visualizing_galaxy": []}, "tau": 0.8}, "DecisionTree": {"losses": {"690_visualizing_galaxy": [0.012425388818831443, 0.017666246321984023, 0.01643883984867591, 0.011675204918032778, 0.010064890710382515]}, "coverage": {"690_visualizing_galaxy": [0.03076923076923077, 0.0, 0.15384615384615385, 0.11250000000000004, 0.012499999999999956]}, "complexity": {"690_visualizing_galaxy": [43, 45, 105, 103, 97]}, "time_all": {"690_visualizing_galaxy": [0.05322861671447754, 0.05304741859436035, 0.05644488334655762, 0.056711673736572266, 0.056070566177368164]}, "time_fit": {"690_visualizing_galaxy": [0.0050983428955078125, 0.005229949951171875, 0.009409904479980469, 0.009299516677856445, 0.008820295333862305]}, "sizes": {"690_visualizing_galaxy": []}, "tau": 0.8}, "LinearQuantile": {"losses": {"690_visualizing_galaxy": [0.023497899312755397, 0.023378546429217977, 0.021478260725769416, 0.019688734745043356, 0.018807528017113228]}, "coverage": {"690_visualizing_galaxy": [0.03076923076923077, 0.10769230769230775, 0.01538461538461533, 0.018750000000000044, 0.07499999999999996]}, "complexity": {"690_visualizing_galaxy": [10, 10, 10, 10, 10]}, "time_all": {"690_visualizing_galaxy": [1.5601115226745605, 0.33498311042785645, 0.6070642471313477, 1.7776203155517578, 1.4915361404418945]}, "time_fit": {"690_visualizing_galaxy": [0.11706018447875977, 0.029135942459106445, 0.04923868179321289, 0.10668039321899414, 0.10107302665710449]}, "sizes": {"690_visualizing_galaxy": []}, "tau": 0.8}}
