{"SQR": {"losses": {"611_fri_c3_100_5": [0.030585619064781945, 0.022252865800959698, 0.03729457842003021, 0.01136162924184816, 0.023248806815532635]}, "coverage": {"611_fri_c3_100_5": [0.09999999999999998, 0.050000000000000044, 0.15000000000000002, 0.050000000000000044, 0.35]}, "complexity": {"611_fri_c3_100_5": [12, 7, 13, 9, 15]}, "time_all": {"611_fri_c3_100_5": [82.60230731964111, 68.00777173042297, 64.6597785949707, 67.2570230960846, 67.49670672416687]}, "time_fit": {"611_fri_c3_100_5": [82.60230731964111, 68.00777173042297, 64.6597785949707, 67.2570230960846, 67.49670672416687]}, "sizes": {"611_fri_c3_100_5": []}, "tau": 0.9}, "LightGBM": {"losses": {"611_fri_c3_100_5": [0.021466805379950417, 0.02676987718320027, 0.01891962507744006, 0.021873678115192995, 0.06796268396723597]}, "coverage": {"611_fri_c3_100_5": [0.04999999999999993, 0.09999999999999998, 0.20000000000000007, 0.09999999999999998, 0.20000000000000007]}, "time_all": {"611_fri_c3_100_5": [0.11868500709533691, 0.08813285827636719, 0.09321022033691406, 0.09410548210144043, 0.08494138717651367]}, "time_fit": {"611_fri_c3_100_5": [0.017246723175048828, 0.02119588851928711, 0.020429611206054688, 0.0194244384765625, 0.018082857131958008]}, "sizes": {"611_fri_c3_100_5": []}, "tau": 0.9}, "DecisionTree": {"losses": {"611_fri_c3_100_5": [0.021996863840880666, 0.023442580325033494, 0.016462538462624573, 0.01742948105561394, 0.05148104980467854]}, "coverage": {"611_fri_c3_100_5": [0.04999999999999993, 0.04999999999999993, 0.050000000000000044, 0.0, 0.25]}, "complexity": {"611_fri_c3_100_5": [3, 3, 3, 13, 35]}, "time_all": {"611_fri_c3_100_5": [0.03317093849182129, 0.033064842224121094, 0.033072710037231445, 0.03363347053527832, 0.034834861755371094]}, "time_fit": {"611_fri_c3_100_5": [0.0017676353454589844, 0.0017542839050292969, 0.0017554759979248047, 0.0025551319122314453, 0.004206180572509766]}, "sizes": {"611_fri_c3_100_5": []}, "tau": 0.9}, "LinearQuantile": {"losses": {"611_fri_c3_100_5": [0.0831313760226142, 0.06895854298100246, 0.09853983450918721, 0.05338251044580325, 0.15103475020871882]}, "coverage": {"611_fri_c3_100_5": [0.4, 0.4, 0.5, 0.45, 0.45]}, "complexity": {"611_fri_c3_100_5": [5, 5, 5, 5, 5]}, "time_all": {"611_fri_c3_100_5": [0.1385033130645752, 0.3378751277923584, 0.07959771156311035, 0.4645719528198242, 0.2566378116607666]}, "time_fit": {"611_fri_c3_100_5": [0.011635541915893555, 0.029268264770507812, 0.006615638732910156, 0.03702068328857422, 0.022855520248413086]}, "sizes": {"611_fri_c3_100_5": []}, "tau": 0.9}}
