{"SQR": {"losses": {"562_cpu_small": [0.006400585918647153, 0.00652986143762777, 0.0064865441388716125, 0.006449594979651474, 0.005253220321080637]}, "coverage": {"562_cpu_small": [0.012141549725442347, 0.007382550335570448, 0.00805860805860803, 0.012087912087912045, 0.020024420024419953]}, "complexity": {"562_cpu_small": [4, 4, 4, 4, 11]}, "time_all": {"562_cpu_small": [561.5503206253052, 493.1346220970154, 493.01228404045105, 506.1024281978607, 372.58759331703186]}, "time_fit": {"562_cpu_small": [561.5503206253052, 493.1346220970154, 493.01228404045105, 506.1024281978607, 372.58759331703186]}, "sizes": {"562_cpu_small": []}, "tau": 0.9}, "LightGBM": {"losses": {"562_cpu_small": [0.008710242803357566, 0.00916250504074613, 0.009165276715070976, 0.009599249798530395, 0.010202332670121318]}, "coverage": {"562_cpu_small": [0.006162294081757169, 0.011531421598535707, 0.0031746031746031633, 0.018803418803418737, 0.03284493284493284]}, "time_all": {"562_cpu_small": [0.9685707092285156, 0.9495944976806641, 0.912395715713501, 0.9470624923706055, 0.9337084293365479]}, "time_fit": {"562_cpu_small": [0.13991856575012207, 0.13756799697875977, 0.13921523094177246, 0.14467430114746094, 0.14369559288024902]}, "sizes": {"562_cpu_small": []}, "tau": 0.9}, "DecisionTree": {"losses": {"562_cpu_small": [0.005075711353929779, 0.0047612796667098065, 0.004859461526128192, 0.004578384578384578, 0.004772511439178105]}, "coverage": {"562_cpu_small": [0.007382550335570448, 0.001159243441122615, 0.007814407814407787, 0.01819291819291813, 0.02124542124542117]}, "complexity": {"562_cpu_small": [209, 313, 215, 225, 277]}, "time_all": {"562_cpu_small": [1.272918701171875, 0.9314742088317871, 0.9691040515899658, 0.9256749153137207, 1.055234670639038]}, "time_fit": {"562_cpu_small": [0.05610823631286621, 0.05938982963562012, 0.05255460739135742, 0.05347323417663574, 0.05849885940551758]}, "sizes": {"562_cpu_small": []}, "tau": 0.9}, "LinearQuantile": {"losses": {"562_cpu_small": [0.033895035216421954, 0.03230507291279727, 0.03167368482457748, 0.032113803835288425, 0.031219120916313008]}, "coverage": {"562_cpu_small": [0.02934716290420991, 0.03239780353874311, 0.039804639804639774, 0.04285714285714293, 0.025763125763125783]}, "complexity": {"562_cpu_small": [12, 12, 12, 12, 12]}, "time_all": {"562_cpu_small": [13.398650407791138, 25.2815260887146, 23.49292778968811, 21.199991941452026, 2.9039695262908936]}, "time_fit": {"562_cpu_small": [0.7575972080230713, 2.9870550632476807, 0.7542991638183594, 1.4533684253692627, 0.2416527271270752]}, "sizes": {"562_cpu_small": []}, "tau": 0.9}}
