{"SQR": {"losses": {"294_satellite_image": [0.06573375617204714, 0.08107222437127015, 0.07586334225489379, 0.07947276128702419, 0.1015310162582319]}, "coverage": {"294_satellite_image": [0.016705516705516732, 0.003496503496503489, 0.023698523698523655, 0.010489510489510467, 0.011266511266511237]}, "complexity": {"294_satellite_image": [12, 6, 8, 7, 4]}, "time_all": {"294_satellite_image": [302.72917437553406, 334.3418514728546, 334.5805149078369, 292.78551292419434, 314.403963804245]}, "time_fit": {"294_satellite_image": [302.72917437553406, 334.3418514728546, 334.5805149078369, 292.78551292419434, 314.403963804245]}, "sizes": {"294_satellite_image": []}, "tau": 0.5}, "LightGBM": {"losses": {"294_satellite_image": [0.0520035325155496, 0.051907816516956785, 0.052396165594328394, 0.04785564862678792, 0.05199660852464678]}, "coverage": {"294_satellite_image": [0.07964257964257965, 0.011266511266511237, 0.09052059052059053, 0.0718725718725719, 0.0174825174825175]}, "time_all": {"294_satellite_image": [0.9369173049926758, 0.9813275337219238, 0.8969283103942871, 0.8747484683990479, 0.8783867359161377]}, "time_fit": {"294_satellite_image": [0.12996864318847656, 0.23259544372558594, 0.10384941101074219, 0.12259101867675781, 0.1220695972442627]}, "sizes": {"294_satellite_image": []}, "tau": 0.5}, "DecisionTree": {"losses": {"294_satellite_image": [0.031857031857031856, 0.029234654234654236, 0.028425278425278425, 0.02839290339290339, 0.032828282828282825]}, "coverage": {"294_satellite_image": [0.4191919191919192, 0.4261849261849262, 0.41686091686091686, 0.433954933954934, 0.39355089355089357]}, "complexity": {"294_satellite_image": [219, 215, 593, 611, 373]}, "time_all": {"294_satellite_image": [1.1780235767364502, 0.8309268951416016, 0.9535975456237793, 0.9270608425140381, 0.9367599487304688]}, "time_fit": {"294_satellite_image": [0.07857704162597656, 0.061484336853027344, 0.09439444541931152, 0.09374237060546875, 0.07935738563537598]}, "sizes": {"294_satellite_image": []}, "tau": 0.5}, "LinearQuantile": {"losses": {"294_satellite_image": [0.11159964323762606, 0.11138236313292388, 0.11097319787866318, 0.11086254038584438, 0.10859888220309814]}, "coverage": {"294_satellite_image": [0.026029526029526018, 0.03379953379953382, 0.009712509712509698, 0.021367521367521347, 0.05633255633255635]}, "complexity": {"294_satellite_image": [36, 36, 36, 36, 36]}, "time_all": {"294_satellite_image": [6.033576011657715, 5.003014087677002, 7.435520887374878, 6.149783611297607, 5.271387100219727]}, "time_fit": {"294_satellite_image": [0.5245096683502197, 0.44266200065612793, 0.6892490386962891, 0.5918514728546143, 0.43577051162719727]}, "sizes": {"294_satellite_image": []}, "tau": 0.5}}
