{"SQR": {"losses": {"663_rabe_266": [0.005418343164628125, 0.008256323407667628, 0.005213181582494075, 0.009595215990540714, 0.008274428649025629]}, "coverage": {"663_rabe_266": [0.050000000000000044, 0.07499999999999996, 0.033333333333333326, 0.11666666666666659, 0.008333333333333415]}, "complexity": {"663_rabe_266": [19, 13, 15, 13, 13]}, "time_all": {"663_rabe_266": [88.1637351512909, 72.43407988548279, 73.53503966331482, 74.64943742752075, 72.84919834136963]}, "time_fit": {"663_rabe_266": [88.1637351512909, 72.43407988548279, 73.53503966331482, 74.64943742752075, 72.84919834136963]}, "sizes": {"663_rabe_266": []}, "tau": 0.8}, "LightGBM": {"losses": {"663_rabe_266": [0.03813123928272268, 0.03286515435295649, 0.04062584121531303, 0.040018542566726364, 0.029836323502975146]}, "coverage": {"663_rabe_266": [0.033333333333333326, 0.09166666666666667, 0.09166666666666667, 0.11666666666666659, 0.033333333333333326]}, "time_all": {"663_rabe_266": [0.1434328556060791, 0.08501696586608887, 0.08893942832946777, 0.09612894058227539, 0.0948948860168457]}, "time_fit": {"663_rabe_266": [0.020514488220214844, 0.017628192901611328, 0.013832569122314453, 0.0204160213470459, 0.019870519638061523]}, "sizes": {"663_rabe_266": []}, "tau": 0.8}, "DecisionTree": {"losses": {"663_rabe_266": [0.040708117443868735, 0.03580310880829015, 0.0379447322970639, 0.033316062176165805, 0.029050086355785838]}, "coverage": {"663_rabe_266": [0.008333333333333415, 0.008333333333333415, 0.09166666666666667, 0.15833333333333333, 0.11666666666666659]}, "complexity": {"663_rabe_266": [23, 5, 11, 23, 7]}, "time_all": {"663_rabe_266": [0.03432941436767578, 0.030615568161010742, 0.03217482566833496, 0.033345699310302734, 0.03192257881164551]}, "time_fit": {"663_rabe_266": [0.0032274723052978516, 0.0018384456634521484, 0.0023038387298583984, 0.0031490325927734375, 0.001977682113647461]}, "sizes": {"663_rabe_266": []}, "tau": 0.8}, "LinearQuantile": {"losses": {"663_rabe_266": [0.00982925651825946, 0.009880247111445669, 0.008966021999893423, 0.004940623969459704, 0.01015220931710099]}, "coverage": {"663_rabe_266": [0.050000000000000044, 0.09166666666666667, 0.09166666666666667, 0.07499999999999996, 0.008333333333333415]}, "complexity": {"663_rabe_266": [11, 11, 11, 11, 11]}, "time_all": {"663_rabe_266": [0.17863130569458008, 0.1599278450012207, 0.2939450740814209, 0.16505718231201172, 0.1790926456451416]}, "time_fit": {"663_rabe_266": [0.015156269073486328, 0.013874530792236328, 0.026098966598510742, 0.01436305046081543, 0.015516996383666992]}, "sizes": {"663_rabe_266": []}, "tau": 0.8}}
