{"SQR": {"losses": {"599_fri_c2_1000_5": [0.010095990833977763, 0.029752276998757963, 0.016488046516493028, 0.02757703643768563, 0.013419807412887267]}, "coverage": {"599_fri_c2_1000_5": [0.03500000000000003, 0.06500000000000006, 0.05499999999999994, 0.029999999999999916, 0.040000000000000036]}, "complexity": {"599_fri_c2_1000_5": [15, 10, 13, 9, 14]}, "time_all": {"599_fri_c2_1000_5": [120.04540157318115, 99.67810320854187, 117.93373417854309, 91.37048554420471, 111.68658971786499]}, "time_fit": {"599_fri_c2_1000_5": [120.04540157318115, 99.67810320854187, 117.93373417854309, 91.37048554420471, 111.68658971786499]}, "sizes": {"599_fri_c2_1000_5": []}, "tau": 0.7}, "LightGBM": {"losses": {"599_fri_c2_1000_5": [0.02941825336879607, 0.033996340570820786, 0.02652328124531282, 0.02845262440114715, 0.029798845538442722]}, "coverage": {"599_fri_c2_1000_5": [0.025000000000000022, 0.03499999999999992, 0.04500000000000004, 0.06999999999999995, 0.06000000000000005]}, "time_all": {"599_fri_c2_1000_5": [0.42574024200439453, 0.37285709381103516, 0.3993954658508301, 0.34563636779785156, 0.39600276947021484]}, "time_fit": {"599_fri_c2_1000_5": [0.07358646392822266, 0.06805419921875, 0.06833887100219727, 0.06525397300720215, 0.07007479667663574]}, "sizes": {"599_fri_c2_1000_5": []}, "tau": 0.7}, "DecisionTree": {"losses": {"599_fri_c2_1000_5": [0.029359062337189084, 0.028826342358703724, 0.03305428398107617, 0.030018819562974423, 0.029600541852304495]}, "coverage": {"599_fri_c2_1000_5": [0.1449999999999999, 0.1399999999999999, 0.10499999999999998, 0.15499999999999992, 0.014999999999999902]}, "complexity": {"599_fri_c2_1000_5": [333, 317, 335, 333, 329]}, "time_all": {"599_fri_c2_1000_5": [0.15398693084716797, 0.14961814880371094, 0.15040254592895508, 0.14875125885009766, 0.15142154693603516]}, "time_fit": {"599_fri_c2_1000_5": [0.0295565128326416, 0.027561187744140625, 0.029494762420654297, 0.028363943099975586, 0.029378652572631836]}, "sizes": {"599_fri_c2_1000_5": []}, "tau": 0.7}, "LinearQuantile": {"losses": {"599_fri_c2_1000_5": [0.07952418572936214, 0.07575987944552114, 0.07824500174854693, 0.07649308321610576, 0.07767593124820833]}, "coverage": {"599_fri_c2_1000_5": [0.24999999999999994, 0.21999999999999997, 0.22499999999999998, 0.23499999999999993, 0.22999999999999998]}, "complexity": {"599_fri_c2_1000_5": [5, 5, 5, 5, 5]}, "time_all": {"599_fri_c2_1000_5": [0.18597984313964844, 0.18784403800964355, 0.5073447227478027, 0.11980962753295898, 0.5564203262329102]}, "time_fit": {"599_fri_c2_1000_5": [0.01596808433532715, 0.015720129013061523, 0.045601844787597656, 0.010068893432617188, 0.04320955276489258]}, "sizes": {"599_fri_c2_1000_5": []}, "tau": 0.7}}
