{"SQR": {"losses": {"627_fri_c2_500_10": [0.01826481798478715, 0.02238756935117072, 0.011996836259817937, 0.026379469659726137, 0.02294694132370245]}, "coverage": {"627_fri_c2_500_10": [0.029999999999999916, 0.04999999999999993, 0.07000000000000006, 0.09000000000000008, 0.0]}, "complexity": {"627_fri_c2_500_10": [13, 12, 13, 10, 11]}, "time_all": {"627_fri_c2_500_10": [114.15416431427002, 95.03699827194214, 97.71627306938171, 91.45281076431274, 93.90946698188782]}, "time_fit": {"627_fri_c2_500_10": [114.15416431427002, 95.03699827194214, 97.71627306938171, 91.45281076431274, 93.90946698188782]}, "sizes": {"627_fri_c2_500_10": []}, "tau": 0.7}, "LightGBM": {"losses": {"627_fri_c2_500_10": [0.0347328336683505, 0.028208991815180683, 0.030504735046551826, 0.03347580642774549, 0.03573819893402061]}, "coverage": {"627_fri_c2_500_10": [0.07999999999999996, 0.030000000000000027, 0.0, 0.08000000000000007, 0.029999999999999916]}, "time_all": {"627_fri_c2_500_10": [0.279815673828125, 0.24772953987121582, 0.24590516090393066, 0.22525477409362793, 0.22929906845092773]}, "time_fit": {"627_fri_c2_500_10": [0.05357241630554199, 0.05106306076049805, 0.05080366134643555, 0.0492246150970459, 0.05090689659118652]}, "sizes": {"627_fri_c2_500_10": []}, "tau": 0.7}, "DecisionTree": {"losses": {"627_fri_c2_500_10": [0.037830698954754834, 0.032210550578830585, 0.03109853389358392, 0.03353725161956549, 0.04088839237379849]}, "coverage": {"627_fri_c2_500_10": [0.17999999999999994, 0.07999999999999996, 0.1499999999999999, 0.07000000000000006, 0.09999999999999998]}, "complexity": {"627_fri_c2_500_10": [161, 71, 71, 21, 163]}, "time_all": {"627_fri_c2_500_10": [0.1011819839477539, 0.09162354469299316, 0.09153246879577637, 0.08542704582214355, 0.0987405776977539]}, "time_fit": {"627_fri_c2_500_10": [0.017384767532348633, 0.010042667388916016, 0.010091304779052734, 0.005246162414550781, 0.017178773880004883]}, "sizes": {"627_fri_c2_500_10": []}, "tau": 0.7}, "LinearQuantile": {"losses": {"627_fri_c2_500_10": [0.0759905677670083, 0.06576753671956022, 0.07213429024728579, 0.0702549848792879, 0.08079103334661115]}, "coverage": {"627_fri_c2_500_10": [0.22999999999999998, 0.20999999999999996, 0.21999999999999997, 0.18999999999999995, 0.25999999999999995]}, "complexity": {"627_fri_c2_500_10": [10, 10, 10, 10, 10]}, "time_all": {"627_fri_c2_500_10": [0.27370667457580566, 0.15368986129760742, 0.18953537940979004, 0.2485041618347168, 0.1902456283569336]}, "time_fit": {"627_fri_c2_500_10": [0.02367258071899414, 0.013383626937866211, 0.01637125015258789, 0.02201700210571289, 0.016690969467163086]}, "sizes": {"627_fri_c2_500_10": []}, "tau": 0.7}}
