{"SQR": {"losses": {"228_elusage": [0.08562493834655936, 0.2057188698991377, 0.03644328056367914, 0.06047032612052279, 0.044520575578768394]}, "coverage": {"228_elusage": [0.045454545454545414, 0.13636363636363635, 0.2272727272727273, 0.04545454545454547, 0.13636363636363635]}, "complexity": {"228_elusage": [9, 5, 13, 12, 12]}, "time_all": {"228_elusage": [79.29114603996277, 65.12772297859192, 65.15895628929138, 64.24501776695251, 63.238911628723145]}, "time_fit": {"228_elusage": [79.29114603996277, 65.12772297859192, 65.15895628929138, 64.24501776695251, 63.238911628723145]}, "sizes": {"228_elusage": []}, "tau": 0.5}, "LightGBM": {"losses": {"228_elusage": [0.036298590494629815, 0.08356486212617414, 0.11095497483784887, 0.04569475551768706, 0.07251931404386668]}, "coverage": {"228_elusage": [0.045454545454545414, 0.04545454545454547, 0.13636363636363635, 0.13636363636363635, 0.045454545454545414]}, "time_all": {"228_elusage": [0.0959162712097168, 0.05767107009887695, 0.0523531436920166, 0.05471181869506836, 0.047467947006225586]}, "time_fit": {"228_elusage": [0.011844158172607422, 0.011919498443603516, 0.011562347412109375, 0.01386117935180664, 0.011659622192382812]}, "sizes": {"228_elusage": []}, "tau": 0.5}, "DecisionTree": {"losses": {"228_elusage": [0.035589603718450394, 0.06277036948229402, 0.04665808526477348, 0.04850050890670103, 0.04354163566198637]}, "coverage": {"228_elusage": [0.04545454545454547, 0.13636363636363635, 0.3181818181818182, 0.13636363636363635, 0.045454545454545414]}, "complexity": {"228_elusage": [3, 17, 7, 7, 7]}, "time_all": {"228_elusage": [0.02837824821472168, 0.02812027931213379, 0.028226852416992188, 0.02693915367126465, 0.026274442672729492]}, "time_fit": {"228_elusage": [0.0016982555389404297, 0.0025794506072998047, 0.0019702911376953125, 0.0017917156219482422, 0.0018489360809326172]}, "sizes": {"228_elusage": []}, "tau": 0.5}, "LinearQuantile": {"losses": {"228_elusage": [0.16662442511261516, 0.15011295349105802, 0.13701763356282617, 0.07386543902065551, 0.16383004833088408]}, "coverage": {"228_elusage": [0.13636363636363635, 0.2272727272727273, 0.045454545454545414, 0.04545454545454547, 0.2272727272727273]}, "complexity": {"228_elusage": [2, 2, 2, 2, 2]}, "time_all": {"228_elusage": [0.0818789005279541, 0.06741023063659668, 0.48450660705566406, 0.08691239356994629, 0.10854315757751465]}, "time_fit": {"228_elusage": [0.0065021514892578125, 0.005507469177246094, 0.03812384605407715, 0.007266998291015625, 0.009058237075805664]}, "sizes": {"228_elusage": []}, "tau": 0.5}}
