{"SQR": {"losses": {"584_fri_c4_500_25": [0.011850737849005121, 0.014853459520844733, 0.01938448187251474, 0.01278014687026715, 0.01686212192636183]}, "coverage": {"584_fri_c4_500_25": [0.06999999999999995, 0.04999999999999993, 0.09999999999999998, 0.05999999999999994, 0.010000000000000009]}, "complexity": {"584_fri_c4_500_25": [15, 13, 12, 12, 14]}, "time_all": {"584_fri_c4_500_25": [109.13960862159729, 93.29550337791443, 86.77896189689636, 86.4928388595581, 91.83690142631531]}, "time_fit": {"584_fri_c4_500_25": [109.13960862159729, 93.29550337791443, 86.77896189689636, 86.4928388595581, 91.83690142631531]}, "sizes": {"584_fri_c4_500_25": []}, "tau": 0.7}, "LightGBM": {"losses": {"584_fri_c4_500_25": [0.022970785584667332, 0.03593912886139561, 0.03529299372819256, 0.024572685369168828, 0.02794795440140928]}, "coverage": {"584_fri_c4_500_25": [0.039999999999999925, 0.05999999999999994, 0.04999999999999993, 0.10999999999999999, 0.010000000000000009]}, "time_all": {"584_fri_c4_500_25": [0.28104090690612793, 0.29843974113464355, 0.26099109649658203, 0.25362205505371094, 0.23050594329833984]}, "time_fit": {"584_fri_c4_500_25": [0.05411934852600098, 0.07637619972229004, 0.0517885684967041, 0.048339128494262695, 0.05152559280395508]}, "sizes": {"584_fri_c4_500_25": []}, "tau": 0.7}, "DecisionTree": {"losses": {"584_fri_c4_500_25": [0.02766035240770832, 0.03182066012248687, 0.035849304686226616, 0.0303323637855775, 0.03374424390368129]}, "coverage": {"584_fri_c4_500_25": [0.019999999999999907, 0.06999999999999995, 0.1399999999999999, 0.16999999999999993, 0.06999999999999995]}, "complexity": {"584_fri_c4_500_25": [71, 159, 69, 73, 67]}, "time_all": {"584_fri_c4_500_25": [0.13843441009521484, 0.14223241806030273, 0.13138461112976074, 0.13597440719604492, 0.13387703895568848]}, "time_fit": {"584_fri_c4_500_25": [0.015491962432861328, 0.022865772247314453, 0.014563560485839844, 0.015765905380249023, 0.014745712280273438]}, "sizes": {"584_fri_c4_500_25": []}, "tau": 0.7}, "LinearQuantile": {"losses": {"584_fri_c4_500_25": [0.06653117194616223, 0.07313731239711643, 0.07105660814034824, 0.06056532961323502, 0.059610283287191916]}, "coverage": {"584_fri_c4_500_25": [0.21999999999999997, 0.23999999999999994, 0.26999999999999996, 0.20999999999999996, 0.18999999999999995]}, "complexity": {"584_fri_c4_500_25": [25, 25, 25, 25, 25]}, "time_all": {"584_fri_c4_500_25": [2.4258780479431152, 1.991189956665039, 2.3490753173828125, 0.803718090057373, 1.2424461841583252]}, "time_fit": {"584_fri_c4_500_25": [0.15464234352111816, 0.12774300575256348, 0.18939638137817383, 0.05877184867858887, 0.0796046257019043]}, "sizes": {"584_fri_c4_500_25": []}, "tau": 0.7}}
