{"SQR": {"losses": {"4544_GeographicalOriginalofMusic": [0.025284200146151473, 0.025779567264613, 0.0256127174414132, 0.02755555047013774, 0.027149608394432943]}, "coverage": {"4544_GeographicalOriginalofMusic": [0.031132075471698162, 0.002830188679245338, 0.025471698113207486, 0.030188679245283012, 0.03933649289099528]}, "complexity": {"4544_GeographicalOriginalofMusic": [6, 5, 7, 6, 7]}, "time_all": {"4544_GeographicalOriginalofMusic": [103.34563517570496, 101.90962767601013, 101.91074919700623, 96.75031280517578, 96.84889650344849]}, "time_fit": {"4544_GeographicalOriginalofMusic": [103.34563517570496, 101.90962767601013, 101.91074919700623, 96.75031280517578, 96.84889650344849]}, "sizes": {"4544_GeographicalOriginalofMusic": []}, "tau": 0.7}, "LightGBM": {"losses": {"4544_GeographicalOriginalofMusic": [0.023958085084546065, 0.023135670237880764, 0.029543053529960648, 0.027941843938510756, 0.023941753745216024]}, "coverage": {"4544_GeographicalOriginalofMusic": [0.050000000000000044, 0.04433962264150937, 0.01132075471698113, 0.016037735849056545, 0.0535545023696683]}, "time_all": {"4544_GeographicalOriginalofMusic": [0.6111829280853271, 0.5765445232391357, 0.5549561977386475, 0.5760576725006104, 0.5656132698059082]}, "time_fit": {"4544_GeographicalOriginalofMusic": [0.09954619407653809, 0.09898257255554199, 0.09474611282348633, 0.10025262832641602, 0.09599924087524414]}, "sizes": {"4544_GeographicalOriginalofMusic": []}, "tau": 0.7}, "DecisionTree": {"losses": {"4544_GeographicalOriginalofMusic": [0.027020141610121246, 0.02666083544299367, 0.033919130570843475, 0.028787879706642885, 0.028830968981650617]}, "coverage": {"4544_GeographicalOriginalofMusic": [0.03584905660377358, 0.10566037735849054, 0.0962264150943396, 0.03962264150943395, 0.03933649289099528]}, "complexity": {"4544_GeographicalOriginalofMusic": [29, 59, 67, 35, 27]}, "time_all": {"4544_GeographicalOriginalofMusic": [0.9852116107940674, 0.8376560211181641, 0.8504781723022461, 0.8137993812561035, 0.7926373481750488]}, "time_fit": {"4544_GeographicalOriginalofMusic": [0.06353163719177246, 0.0587310791015625, 0.0599210262298584, 0.04748702049255371, 0.04297375679016113]}, "sizes": {"4544_GeographicalOriginalofMusic": []}, "tau": 0.7}, "LinearQuantile": {"losses": {"4544_GeographicalOriginalofMusic": [0.021006627920448717, 0.020835681367472086, 0.022724018791751077, 0.02431719010800099, 0.02042601398788376]}, "coverage": {"4544_GeographicalOriginalofMusic": [0.11037735849056596, 0.02075471698113207, 0.05377358490566031, 0.08679245283018866, 0.027014218009478674]}, "complexity": {"4544_GeographicalOriginalofMusic": [117, 117, 117, 117, 117]}, "time_all": {"4544_GeographicalOriginalofMusic": [32.26714277267456, 104.49334168434143, 106.49161148071289, 47.31687593460083, 31.78088688850403]}, "time_fit": {"4544_GeographicalOriginalofMusic": [2.787952184677124, 8.099478244781494, 9.008827686309814, 4.0419557094573975, 2.779653787612915]}, "sizes": {"4544_GeographicalOriginalofMusic": []}, "tau": 0.7}}
