{"SQR": {"losses": {"594_fri_c2_100_5": [0.05744408767148843, 0.03134852336422224, 0.0376832025092618, 0.04663694340489857, 0.02248030947183177]}, "coverage": {"594_fri_c2_100_5": [0.09999999999999998, 0.050000000000000044, 0.14999999999999997, 0.19999999999999996, 0.20000000000000007]}, "complexity": {"594_fri_c2_100_5": [10, 11, 9, 11, 14]}, "time_all": {"594_fri_c2_100_5": [82.35915017127991, 67.0532009601593, 66.78266549110413, 66.38152027130127, 67.9558036327362]}, "time_fit": {"594_fri_c2_100_5": [82.35915017127991, 67.0532009601593, 66.78266549110413, 66.38152027130127, 67.9558036327362]}, "sizes": {"594_fri_c2_100_5": []}, "tau": 0.6}, "LightGBM": {"losses": {"594_fri_c2_100_5": [0.08911254060035974, 0.06231289437522356, 0.05550612984797249, 0.06489195135066263, 0.07006275521520403]}, "coverage": {"594_fri_c2_100_5": [0.20000000000000007, 0.3, 0.19999999999999996, 0.0, 0.09999999999999998]}, "time_all": {"594_fri_c2_100_5": [0.12722516059875488, 0.08236455917358398, 0.0798945426940918, 0.09199309349060059, 0.08492326736450195]}, "time_fit": {"594_fri_c2_100_5": [0.01636505126953125, 0.01666712760925293, 0.016652345657348633, 0.01951432228088379, 0.020287752151489258]}, "sizes": {"594_fri_c2_100_5": []}, "tau": 0.6}, "DecisionTree": {"losses": {"594_fri_c2_100_5": [0.039388554061673436, 0.06492553548760777, 0.04736999657641399, 0.04974026836202571, 0.0737286896026693]}, "coverage": {"594_fri_c2_100_5": [0.050000000000000044, 0.14999999999999997, 0.19999999999999996, 0.050000000000000044, 0.09999999999999998]}, "complexity": {"594_fri_c2_100_5": [33, 1, 1, 5, 13]}, "time_all": {"594_fri_c2_100_5": [0.03528022766113281, 0.03129100799560547, 0.03144025802612305, 0.029978513717651367, 0.03335165977478027]}, "time_fit": {"594_fri_c2_100_5": [0.004122257232666016, 0.0014996528625488281, 0.0015342235565185547, 0.0017452239990234375, 0.0025305747985839844]}, "sizes": {"594_fri_c2_100_5": []}, "tau": 0.6}, "LinearQuantile": {"losses": {"594_fri_c2_100_5": [0.08828819203901664, 0.09439332703654929, 0.08303719869635261, 0.11110472332146469, 0.09059183598566953]}, "coverage": {"594_fri_c2_100_5": [0.09999999999999998, 0.35, 0.35, 0.14999999999999997, 0.0]}, "complexity": {"594_fri_c2_100_5": [5, 5, 5, 5, 5]}, "time_all": {"594_fri_c2_100_5": [0.2273104190826416, 0.08852601051330566, 0.41170740127563477, 0.2255699634552002, 0.18931841850280762]}, "time_fit": {"594_fri_c2_100_5": [0.019308090209960938, 0.00736689567565918, 0.03446650505065918, 0.01874375343322754, 0.016089200973510742]}, "sizes": {"594_fri_c2_100_5": []}, "tau": 0.6}}
