{"SQR": {"losses": {"604_fri_c4_500_10": [0.02599674970621046, 0.019102962651001223, 0.020760957159212362, 0.020034011369096306, 0.015098467432290243]}, "coverage": {"604_fri_c4_500_10": [0.04999999999999993, 0.039999999999999925, 0.08999999999999997, 0.04999999999999993, 0.030000000000000027]}, "complexity": {"604_fri_c4_500_10": [11, 12, 11, 14, 14]}, "time_all": {"604_fri_c4_500_10": [108.0679235458374, 91.40036535263062, 97.23238348960876, 83.91553735733032, 91.83219599723816]}, "time_fit": {"604_fri_c4_500_10": [108.0679235458374, 91.40036535263062, 97.23238348960876, 83.91553735733032, 91.83219599723816]}, "sizes": {"604_fri_c4_500_10": []}, "tau": 0.6}, "LightGBM": {"losses": {"604_fri_c4_500_10": [0.029043587497385347, 0.034112925827819544, 0.034935286504924154, 0.029902856860363446, 0.028931956530570076]}, "coverage": {"604_fri_c4_500_10": [0.040000000000000036, 0.05999999999999994, 0.06000000000000005, 0.05999999999999994, 0.0]}, "time_all": {"604_fri_c4_500_10": [0.280332088470459, 0.27264952659606934, 0.2886784076690674, 0.2581663131713867, 0.26940274238586426]}, "time_fit": {"604_fri_c4_500_10": [0.050896644592285156, 0.050574541091918945, 0.06308293342590332, 0.050470590591430664, 0.05417895317077637]}, "sizes": {"604_fri_c4_500_10": []}, "tau": 0.6}, "DecisionTree": {"losses": {"604_fri_c4_500_10": [0.02853603306349032, 0.032212413989315056, 0.03407068561653269, 0.03382376580148849, 0.028695857887029608]}, "coverage": {"604_fri_c4_500_10": [0.09999999999999998, 0.010000000000000009, 0.010000000000000009, 0.13, 0.020000000000000018]}, "complexity": {"604_fri_c4_500_10": [161, 69, 159, 157, 67]}, "time_all": {"604_fri_c4_500_10": [0.09888362884521484, 0.0901174545288086, 0.09585881233215332, 0.0959465503692627, 0.08857440948486328]}, "time_fit": {"604_fri_c4_500_10": [0.016756534576416016, 0.009904861450195312, 0.016443967819213867, 0.016283512115478516, 0.009407758712768555]}, "sizes": {"604_fri_c4_500_10": []}, "tau": 0.6}, "LinearQuantile": {"losses": {"604_fri_c4_500_10": [0.06037087933235486, 0.06239509794370688, 0.06252047273477425, 0.06284011847543787, 0.06278003689650365]}, "coverage": {"604_fri_c4_500_10": [0.12, 0.13999999999999996, 0.12, 0.25999999999999995, 0.19]}, "complexity": {"604_fri_c4_500_10": [10, 10, 10, 10, 10]}, "time_all": {"604_fri_c4_500_10": [1.5612006187438965, 0.20002222061157227, 0.29737281799316406, 0.22099614143371582, 0.569385290145874]}, "time_fit": {"604_fri_c4_500_10": [0.11042499542236328, 0.01777362823486328, 0.025720596313476562, 0.019162416458129883, 0.04345107078552246]}, "sizes": {"604_fri_c4_500_10": []}, "tau": 0.6}}
