{"SQR": {"losses": {"561_cpu": [0.0017399316952864492, 0.00019025288722232113, 0.002631633330057748, 0.006389116107309819, 0.002954936721405296]}, "coverage": {"561_cpu": [0.05714285714285705, 0.18095238095238098, 0.03809523809523818, 0.014285714285714346, 0.04390243902439028]}, "complexity": {"561_cpu": [15, 12, 14, 7, 9]}, "time_all": {"561_cpu": [95.43343997001648, 78.04138684272766, 77.83565616607666, 78.79050850868225, 78.10134482383728]}, "time_fit": {"561_cpu": [95.43343997001648, 78.04138684272766, 77.83565616607666, 78.79050850868225, 78.10134482383728]}, "sizes": {"561_cpu": []}, "tau": 0.8}, "LightGBM": {"losses": {"561_cpu": [0.028629694469635564, 0.018427853564858047, 0.007314524182006711, 0.01207410006029754, 0.00409052966372448]}, "coverage": {"561_cpu": [0.05714285714285705, 0.014285714285714346, 0.10476190476190472, 0.12857142857142856, 0.15121951219512186]}, "time_all": {"561_cpu": [0.15297436714172363, 0.11941957473754883, 0.10984683036804199, 0.11844468116760254, 0.09940814971923828]}, "time_fit": {"561_cpu": [0.021066904067993164, 0.025445938110351562, 0.02275872230529785, 0.025905370712280273, 0.020344257354736328]}, "sizes": {"561_cpu": []}, "tau": 0.8}, "DecisionTree": {"losses": {"561_cpu": [0.01948370517462913, 0.005312463497254994, 0.006772573297511973, 0.007475762177315734, 0.005177193227369723]}, "coverage": {"561_cpu": [0.03809523809523818, 0.014285714285714346, 0.13333333333333341, 0.08571428571428574, 0.23902439024390243]}, "complexity": {"561_cpu": [69, 69, 63, 63, 65]}, "time_all": {"561_cpu": [0.046579837799072266, 0.04620242118835449, 0.04469108581542969, 0.044901371002197266, 0.04566526412963867]}, "time_fit": {"561_cpu": [0.00698089599609375, 0.006650686264038086, 0.006127834320068359, 0.006217479705810547, 0.006290912628173828]}, "sizes": {"561_cpu": []}, "tau": 0.8}, "LinearQuantile": {"losses": {"561_cpu": [0.017783864062877724, 0.012978801213524753, 0.010616423424848363, 0.01231672236080881, 0.00477410914080415]}, "coverage": {"561_cpu": [0.00952380952380949, 0.03809523809523818, 0.08095238095238089, 0.08095238095238089, 0.029268292682926744]}, "complexity": {"561_cpu": [7, 7, 7, 7, 7]}, "time_all": {"561_cpu": [0.2074429988861084, 0.18429994583129883, 0.3961501121520996, 0.55291748046875, 0.4211466312408447]}, "time_fit": {"561_cpu": [0.017737150192260742, 0.016192197799682617, 0.031828880310058594, 0.043287038803100586, 0.037711143493652344]}, "sizes": {"561_cpu": []}, "tau": 0.8}}
