{"SQR": {"losses": {"581_fri_c3_500_25": [0.010817631636571106, 0.012614045740105903, 0.023795163913693445, 0.014100510326916633, 0.013281749316464985]}, "coverage": {"581_fri_c3_500_25": [0.019999999999999907, 0.1499999999999999, 0.040000000000000036, 0.0, 0.050000000000000044]}, "complexity": {"581_fri_c3_500_25": [15, 13, 9, 11, 14]}, "time_all": {"581_fri_c3_500_25": [113.70600867271423, 99.07587432861328, 83.4560706615448, 94.29781794548035, 90.68958878517151]}, "time_fit": {"581_fri_c3_500_25": [113.70600867271423, 99.07587432861328, 83.4560706615448, 94.29781794548035, 90.68958878517151]}, "sizes": {"581_fri_c3_500_25": []}, "tau": 0.7}, "LightGBM": {"losses": {"581_fri_c3_500_25": [0.03294685323565503, 0.031182486832450753, 0.027176588292486814, 0.030215862592030004, 0.03093629833853039]}, "coverage": {"581_fri_c3_500_25": [0.06999999999999995, 0.010000000000000009, 0.020000000000000018, 0.040000000000000036, 0.020000000000000018]}, "time_all": {"581_fri_c3_500_25": [0.29486799240112305, 0.2365877628326416, 0.23976659774780273, 0.2764897346496582, 0.27991795539855957]}, "time_fit": {"581_fri_c3_500_25": [0.057030439376831055, 0.050455331802368164, 0.05258035659790039, 0.0558626651763916, 0.06110501289367676]}, "sizes": {"581_fri_c3_500_25": []}, "tau": 0.7}, "DecisionTree": {"losses": {"581_fri_c3_500_25": [0.0322273414648343, 0.03211468664879795, 0.029509500113408502, 0.033213035490545904, 0.02905817863620357]}, "coverage": {"581_fri_c3_500_25": [0.05999999999999994, 0.039999999999999925, 0.07999999999999996, 0.05999999999999994, 0.15999999999999992]}, "complexity": {"581_fri_c3_500_25": [65, 69, 67, 161, 161]}, "time_all": {"581_fri_c3_500_25": [0.1412210464477539, 0.13805675506591797, 0.13422107696533203, 0.14205670356750488, 0.1455070972442627]}, "time_fit": {"581_fri_c3_500_25": [0.015393733978271484, 0.015379905700683594, 0.015053272247314453, 0.023270845413208008, 0.02336406707763672]}, "sizes": {"581_fri_c3_500_25": []}, "tau": 0.7}, "LinearQuantile": {"losses": {"581_fri_c3_500_25": [0.07414935672466487, 0.06883559078474964, 0.060954457779925114, 0.06712601946437564, 0.060001782086511024]}, "coverage": {"581_fri_c3_500_25": [0.25999999999999995, 0.29, 0.29, 0.24999999999999994, 0.17999999999999994]}, "complexity": {"581_fri_c3_500_25": [25, 25, 25, 25, 25]}, "time_all": {"581_fri_c3_500_25": [1.9134914875030518, 1.2620437145233154, 1.5444691181182861, 1.4163005352020264, 1.9648730754852295]}, "time_fit": {"581_fri_c3_500_25": [0.11153244972229004, 0.08172202110290527, 0.1037142276763916, 0.09835433959960938, 0.12558364868164062]}, "sizes": {"581_fri_c3_500_25": []}, "tau": 0.7}}
