{"SQR": {"losses": {"613_fri_c3_250_5": [0.021155151493088564, 0.025688380574587697, 0.019500196384116104, 0.023270034999068153, 0.011534383259685135]}, "coverage": {"613_fri_c3_250_5": [0.20000000000000007, 0.18000000000000005, 0.10000000000000009, 0.10000000000000009, 0.10000000000000009]}, "complexity": {"613_fri_c3_250_5": [8, 11, 10, 8, 12]}, "time_all": {"613_fri_c3_250_5": [85.78472709655762, 78.73459076881409, 76.98815441131592, 72.53513860702515, 77.03936910629272]}, "time_fit": {"613_fri_c3_250_5": [85.78472709655762, 78.73459076881409, 76.98815441131592, 72.53513860702515, 77.03936910629272]}, "sizes": {"613_fri_c3_250_5": []}, "tau": 0.8}, "LightGBM": {"losses": {"613_fri_c3_250_5": [0.030744789441760182, 0.03388372159979389, 0.03414417004254306, 0.03166621974286812, 0.0245059407548091]}, "coverage": {"613_fri_c3_250_5": [0.020000000000000018, 0.040000000000000036, 0.05999999999999994, 0.039999999999999925, 0.06000000000000005]}, "time_all": {"613_fri_c3_250_5": [0.18110370635986328, 0.1386730670928955, 0.13680195808410645, 0.12995195388793945, 0.13197612762451172]}, "time_fit": {"613_fri_c3_250_5": [0.031308650970458984, 0.031085968017578125, 0.031165361404418945, 0.029022216796875, 0.03004622459411621]}, "sizes": {"613_fri_c3_250_5": []}, "tau": 0.8}, "DecisionTree": {"losses": {"613_fri_c3_250_5": [0.028979051883022803, 0.03117545019103439, 0.03417818242107827, 0.036724736133258495, 0.029403415194603925]}, "coverage": {"613_fri_c3_250_5": [0.06000000000000005, 0.18000000000000005, 0.040000000000000036, 0.12, 0.14]}, "complexity": {"613_fri_c3_250_5": [37, 81, 29, 79, 33]}, "time_all": {"613_fri_c3_250_5": [0.04980182647705078, 0.05096125602722168, 0.04592728614807129, 0.050824880599975586, 0.04727888107299805]}, "time_fit": {"613_fri_c3_250_5": [0.0048139095306396484, 0.007909059524536133, 0.00410914421081543, 0.007709026336669922, 0.004407167434692383]}, "sizes": {"613_fri_c3_250_5": []}, "tau": 0.8}, "LinearQuantile": {"losses": {"613_fri_c3_250_5": [0.06655054245528887, 0.07548454624637353, 0.05709702828688785, 0.07905083280317184, 0.05371369619794542]}, "coverage": {"613_fri_c3_250_5": [0.38000000000000006, 0.30000000000000004, 0.24, 0.4, 0.26]}, "complexity": {"613_fri_c3_250_5": [5, 5, 5, 5, 5]}, "time_all": {"613_fri_c3_250_5": [0.15484976768493652, 0.2885575294494629, 0.7653472423553467, 0.09661293029785156, 0.11782121658325195]}, "time_fit": {"613_fri_c3_250_5": [0.01310110092163086, 0.025515079498291016, 0.05642390251159668, 0.008321046829223633, 0.010122299194335938]}, "sizes": {"613_fri_c3_250_5": []}, "tau": 0.8}}
