{"SQR": {"losses": {"banana": [0.031072217158628557, 0.03218782957259614, 0.03783679123748172, 0.03286720950196151, 0.03774648949750272]}, "coverage": {"banana": [0.017924528301886733, 0.34905660377358494, 0.3311320754716981, 0.35377358490566035, 0.36037735849056607]}, "complexity": {"banana": [15, 12, 12, 12, 12]}, "time_all": {"banana": [235.07058262825012, 273.90988659858704, 257.90205788612366, 187.69016575813293, 176.64630222320557]}, "time_fit": {"banana": [235.07058262825012, 273.90988659858704, 257.90205788612366, 187.69016575813293, 176.64630222320557]}, "sizes": {"banana": []}, "tau": 0.9}, "LightGBM": {"losses": {"banana": [0.05528301886792451, 0.05509433962264149, 0.056886792452830175, 0.05462264150943395, 0.053962264150943386]}, "coverage": {"banana": [0.09999999999999998, 0.09999999999999998, 0.09999999999999998, 0.09999999999999998, 0.09999999999999998]}, "time_all": {"banana": [0.17206573486328125, 0.13640189170837402, 0.12669634819030762, 0.1452782154083252, 0.1443791389465332]}, "time_fit": {"banana": [0.02728581428527832, 0.02869439125061035, 0.026589155197143555, 0.032118797302246094, 0.03092789649963379]}, "sizes": {"banana": []}, "tau": 0.9}, "DecisionTree": {"losses": {"banana": [0.027132075471698106, 0.026349056603773582, 0.028735849056603775, 0.026433962264150936, 0.031037735849056603]}, "coverage": {"banana": [0.08396226415094332, 0.08867924528301885, 0.09056603773584904, 0.09245283018867922, 0.08207547169811313]}, "complexity": {"banana": [189, 181, 141, 99, 123]}, "time_all": {"banana": [0.3217480182647705, 0.3093600273132324, 0.3149895668029785, 0.2937936782836914, 0.30530858039855957]}, "time_fit": {"banana": [0.026979446411132812, 0.0242917537689209, 0.02194690704345703, 0.01715850830078125, 0.020003318786621094]}, "sizes": {"banana": []}, "tau": 0.9}, "LinearQuantile": {"losses": {"banana": [0.4024528658053571, 0.40415096940836914, 0.388018909162921, 0.4083962566669367, 0.4143396671611299]}, "coverage": {"banana": [0.6330188679245283, 0.6330188679245283, 0.6018867924528302, 0.6528301886792454, 0.6556603773584906]}, "complexity": {"banana": [2, 2, 2, 2, 2]}, "time_all": {"banana": [0.08730101585388184, 0.06006002426147461, 0.06244540214538574, 0.0553584098815918, 0.061258554458618164]}, "time_fit": {"banana": [0.00645136833190918, 0.0048372745513916016, 0.005021810531616211, 0.0044269561767578125, 0.004910469055175781]}, "sizes": {"banana": []}, "tau": 0.9}}
