{"SQR": {"losses": {"523_analcatdata_neavote": [0.023342091666666665, 0.01888933422222222, 0.024444444444444442, 0.025000011111111085, 0.04388877255555555]}, "coverage": {"523_analcatdata_neavote": [0.20000000000000007, 0.20000000000000007, 0.35, 0.19999999999999996, 0.15000000000000002]}, "complexity": {"523_analcatdata_neavote": [3, 4, 3, 3, 3]}, "time_all": {"523_analcatdata_neavote": [75.49958062171936, 60.41250658035278, 59.98655438423157, 61.08759927749634, 63.32281017303467]}, "time_fit": {"523_analcatdata_neavote": [75.49958062171936, 60.41250658035278, 59.98655438423157, 61.08759927749634, 63.32281017303467]}, "sizes": {"523_analcatdata_neavote": []}, "tau": 0.7}, "LightGBM": {"losses": {"523_analcatdata_neavote": [0.20666666666666667, 0.09000000000000002, 0.11666666666666667, 0.14166666666666666, 0.18499999999999997]}, "coverage": {"523_analcatdata_neavote": [0.30000000000000004, 0.30000000000000004, 0.30000000000000004, 0.30000000000000004, 0.30000000000000004]}, "time_all": {"523_analcatdata_neavote": [0.0885624885559082, 0.047890424728393555, 0.04770064353942871, 0.04133009910583496, 0.05081439018249512]}, "time_fit": {"523_analcatdata_neavote": [0.007099151611328125, 0.008453845977783203, 0.00838470458984375, 0.00705409049987793, 0.00831294059753418]}, "sizes": {"523_analcatdata_neavote": []}, "tau": 0.7}, "DecisionTree": {"losses": {"523_analcatdata_neavote": [0.023333333333333334, 0.018888888888888886, 0.024444444444444442, 0.025, 0.03722222222222222]}, "coverage": {"523_analcatdata_neavote": [0.20000000000000007, 0.20000000000000007, 0.15000000000000002, 0.15000000000000002, 0.15000000000000002]}, "complexity": {"523_analcatdata_neavote": [3, 3, 3, 3, 3]}, "time_all": {"523_analcatdata_neavote": [0.02939152717590332, 0.027905941009521484, 0.027859210968017578, 0.026709794998168945, 0.02824091911315918]}, "time_fit": {"523_analcatdata_neavote": [0.0017490386962890625, 0.001683950424194336, 0.0016696453094482422, 0.0016946792602539062, 0.0016772747039794922]}, "sizes": {"523_analcatdata_neavote": []}, "tau": 0.7}, "LinearQuantile": {"losses": {"523_analcatdata_neavote": [0.045555399328339796, 0.01888889402035928, 0.024444443384481297, 0.02566666500907678, 0.03722224832637319]}, "coverage": {"523_analcatdata_neavote": [0.04999999999999993, 0.39999999999999997, 0.35, 0.19999999999999996, 0.09999999999999998]}, "complexity": {"523_analcatdata_neavote": [6, 6, 6, 6, 6]}, "time_all": {"523_analcatdata_neavote": [0.2566530704498291, 0.054082393646240234, 0.05214738845825195, 0.058820247650146484, 0.08681535720825195]}, "time_fit": {"523_analcatdata_neavote": [0.021949291229248047, 0.00431060791015625, 0.0041353702545166016, 0.004724740982055664, 0.0072307586669921875]}, "sizes": {"523_analcatdata_neavote": []}, "tau": 0.7}}
