{"SQR": {"losses": {"622_fri_c2_1000_50": [0.038256574372725276, 0.02501954472359782, 0.033517128858123295, 0.02804329984369195, 0.02043498911918043]}, "coverage": {"622_fri_c2_1000_50": [0.04999999999999993, 0.015000000000000013, 0.06000000000000005, 0.039999999999999925, 0.010000000000000009]}, "complexity": {"622_fri_c2_1000_50": [2, 10, 5, 8, 12]}, "time_all": {"622_fri_c2_1000_50": [120.78679990768433, 102.31009459495544, 104.38748097419739, 103.09658980369568, 113.68836402893066]}, "time_fit": {"622_fri_c2_1000_50": [120.78679990768433, 102.31009459495544, 104.38748097419739, 103.09658980369568, 113.68836402893066]}, "sizes": {"622_fri_c2_1000_50": []}, "tau": 0.7}, "LightGBM": {"losses": {"622_fri_c2_1000_50": [0.03398872042599561, 0.02968919373163003, 0.03140350375452482, 0.0301615284296392, 0.033298594926469034]}, "coverage": {"622_fri_c2_1000_50": [0.07499999999999996, 0.0050000000000000044, 0.0050000000000000044, 0.03499999999999992, 0.0050000000000000044]}, "time_all": {"622_fri_c2_1000_50": [0.48615312576293945, 0.45766353607177734, 0.44435787200927734, 0.4489626884460449, 0.47969555854797363]}, "time_fit": {"622_fri_c2_1000_50": [0.0872488021850586, 0.08402061462402344, 0.0823054313659668, 0.08759260177612305, 0.08460521697998047]}, "sizes": {"622_fri_c2_1000_50": []}, "tau": 0.7}, "DecisionTree": {"losses": {"622_fri_c2_1000_50": [0.03625190683249736, 0.031008124716172262, 0.03473953847276001, 0.03494325041343726, 0.03234058720557185]}, "coverage": {"622_fri_c2_1000_50": [0.09499999999999997, 0.05499999999999994, 0.029999999999999916, 0.08999999999999997, 0.07999999999999996]}, "complexity": {"622_fri_c2_1000_50": [137, 61, 61, 139, 129]}, "time_all": {"622_fri_c2_1000_50": [0.4996368885040283, 0.4958937168121338, 0.44126033782958984, 0.45242905616760254, 0.4991772174835205]}, "time_fit": {"622_fri_c2_1000_50": [0.05613446235656738, 0.040663957595825195, 0.034332275390625, 0.045130014419555664, 0.05578970909118652]}, "sizes": {"622_fri_c2_1000_50": []}, "tau": 0.7}, "LinearQuantile": {"losses": {"622_fri_c2_1000_50": [0.0799434068855821, 0.07963013076813537, 0.07755187247322638, 0.07884903601483523, 0.07969907397851546]}, "coverage": {"622_fri_c2_1000_50": [0.24499999999999994, 0.24499999999999994, 0.24999999999999994, 0.20499999999999996, 0.22499999999999998]}, "complexity": {"622_fri_c2_1000_50": [50, 50, 50, 50, 50]}, "time_all": {"622_fri_c2_1000_50": [3.1663687229156494, 48.97633171081543, 86.369619846344, 13.806100606918335, 28.28173017501831]}, "time_fit": {"622_fri_c2_1000_50": [0.26724696159362793, 0.9939899444580078, 3.413947582244873, 1.1747634410858154, 2.5174524784088135]}, "sizes": {"622_fri_c2_1000_50": []}, "tau": 0.7}}
