{"SQR": {"losses": {"637_fri_c1_500_50": [0.00802154037089083, 0.008659395349832124, 0.026372029756377723, 0.011061255893440883, 0.015659870607524058]}, "coverage": {"637_fri_c1_500_50": [0.07000000000000006, 0.1100000000000001, 0.13, 0.0, 0.04999999999999993]}, "complexity": {"637_fri_c1_500_50": [14, 13, 8, 14, 10]}, "time_all": {"637_fri_c1_500_50": [113.81806635856628, 99.41738986968994, 87.18601632118225, 95.70893454551697, 94.09396600723267]}, "time_fit": {"637_fri_c1_500_50": [113.81806635856628, 99.41738986968994, 87.18601632118225, 95.70893454551697, 94.09396600723267]}, "sizes": {"637_fri_c1_500_50": []}, "tau": 0.8}, "LightGBM": {"losses": {"637_fri_c1_500_50": [0.03639815938713296, 0.03337157427033216, 0.03746646885525146, 0.0344902573607537, 0.028773803882431313]}, "coverage": {"637_fri_c1_500_50": [0.039999999999999925, 0.0, 0.1100000000000001, 0.09000000000000008, 0.010000000000000009]}, "time_all": {"637_fri_c1_500_50": [0.29091978073120117, 0.2779073715209961, 0.25026726722717285, 0.2774951457977295, 0.2742772102355957]}, "time_fit": {"637_fri_c1_500_50": [0.05628514289855957, 0.05569124221801758, 0.057177066802978516, 0.056882381439208984, 0.05545616149902344]}, "sizes": {"637_fri_c1_500_50": []}, "tau": 0.8}, "DecisionTree": {"losses": {"637_fri_c1_500_50": [0.032657846445333996, 0.03242670428088145, 0.02745266948120106, 0.03175387427920842, 0.030289368742278014]}, "coverage": {"637_fri_c1_500_50": [0.030000000000000027, 0.08000000000000007, 0.04999999999999993, 0.09000000000000008, 0.030000000000000027]}, "complexity": {"637_fri_c1_500_50": [31, 35, 31, 19, 29]}, "time_all": {"637_fri_c1_500_50": [0.199232816696167, 0.20252633094787598, 0.19501018524169922, 0.1876213550567627, 0.18927717208862305]}, "time_fit": {"637_fri_c1_500_50": [0.01713109016418457, 0.01758408546447754, 0.01637101173400879, 0.013316869735717773, 0.01577305793762207]}, "sizes": {"637_fri_c1_500_50": []}, "tau": 0.8}, "LinearQuantile": {"losses": {"637_fri_c1_500_50": [0.06788935914117838, 0.08200148263189062, 0.0879791786138288, 0.10305132605082308, 0.07684742677632014]}, "coverage": {"637_fri_c1_500_50": [0.28, 0.33000000000000007, 0.35000000000000003, 0.39000000000000007, 0.31000000000000005]}, "complexity": {"637_fri_c1_500_50": [50, 50, 50, 50, 50]}, "time_all": {"637_fri_c1_500_50": [12.455306053161621, 11.332866430282593, 6.268675804138184, 10.930401086807251, 4.6795196533203125]}, "time_fit": {"637_fri_c1_500_50": [1.1028375625610352, 0.941889762878418, 0.4920825958251953, 0.9410178661346436, 0.40622377395629883]}, "sizes": {"637_fri_c1_500_50": []}, "tau": 0.8}}
