{"SQR": {"losses": {"1096_FacultySalaries": [0.04457668953352384, 0.005640881956491395, 0.0020709941787700288, 0.01997002920442596, 0.0021556355161981263]}, "coverage": {"1096_FacultySalaries": [0.10000000000000009, 0.09999999999999998, 0.30000000000000004, 0.0, 0.10000000000000009]}, "complexity": {"1096_FacultySalaries": [6, 13, 7, 11, 14]}, "time_all": {"1096_FacultySalaries": [80.79861497879028, 64.06579256057739, 65.47364544868469, 65.36990547180176, 64.5646493434906]}, "time_fit": {"1096_FacultySalaries": [80.79861497879028, 64.06579256057739, 65.47364544868469, 65.36990547180176, 64.5646493434906]}, "sizes": {"1096_FacultySalaries": []}, "tau": 0.8}, "LightGBM": {"losses": {"1096_FacultySalaries": [0.07421800793637735, 0.09577250594306266, 0.08614216091548381, 0.05156397327976608, 0.08199050881728304]}, "coverage": {"1096_FacultySalaries": [0.0, 0.0, 0.20000000000000007, 0.19999999999999996, 0.0]}, "time_all": {"1096_FacultySalaries": [0.07574844360351562, 0.0333409309387207, 0.032353878021240234, 0.035546302795410156, 0.03600192070007324]}, "time_fit": {"1096_FacultySalaries": [0.0040547847747802734, 0.0040357112884521484, 0.003918170928955078, 0.004546642303466797, 0.004578590393066406]}, "sizes": {"1096_FacultySalaries": []}, "tau": 0.8}, "DecisionTree": {"losses": {"1096_FacultySalaries": [0.022635059522830223, 0.03761137061696305, 0.035981048007507906, 0.026445477405695153, 0.03869192996361215]}, "coverage": {"1096_FacultySalaries": [0.0, 0.20000000000000007, 0.09999999999999998, 0.20000000000000007, 0.10000000000000009]}, "complexity": {"1096_FacultySalaries": [7, 15, 5, 7, 15]}, "time_all": {"1096_FacultySalaries": [0.029299259185791016, 0.02805638313293457, 0.026313304901123047, 0.028269529342651367, 0.030030488967895508]}, "time_fit": {"1096_FacultySalaries": [0.0020482540130615234, 0.002512693405151367, 0.0017576217651367188, 0.0019063949584960938, 0.0025506019592285156]}, "sizes": {"1096_FacultySalaries": []}, "tau": 0.8}, "LinearQuantile": {"losses": {"1096_FacultySalaries": [0.004638054608213025, 0.0001598033235576451, 0.00014709664903292993, 0.0196317461000285, 0.0001622655987354321]}, "coverage": {"1096_FacultySalaries": [0.20000000000000007, 0.19999999999999996, 0.19999999999999996, 0.0, 0.30000000000000004]}, "complexity": {"1096_FacultySalaries": [5, 5, 5, 5, 5]}, "time_all": {"1096_FacultySalaries": [0.11882638931274414, 1.2975671291351318, 0.10676383972167969, 0.6621813774108887, 0.1126260757446289]}, "time_fit": {"1096_FacultySalaries": [0.009809017181396484, 0.10485267639160156, 0.0092010498046875, 0.04884171485900879, 0.009760379791259766]}, "sizes": {"1096_FacultySalaries": []}, "tau": 0.8}}
