{"SQR": {"losses": {"628_fri_c3_1000_5": [0.01984076222232212, 0.012199807261612046, 0.013484174419822432, 0.020195031857317382, 0.014617115175642638]}, "coverage": {"628_fri_c3_1000_5": [0.025000000000000022, 0.0050000000000000044, 0.08499999999999996, 0.040000000000000036, 0.020000000000000018]}, "complexity": {"628_fri_c3_1000_5": [12, 15, 15, 11, 12]}, "time_all": {"628_fri_c3_1000_5": [118.97891616821289, 109.22834873199463, 106.4859139919281, 95.95853018760681, 105.88849544525146]}, "time_fit": {"628_fri_c3_1000_5": [118.97891616821289, 109.22834873199463, 106.4859139919281, 95.95853018760681, 105.88849544525146]}, "sizes": {"628_fri_c3_1000_5": []}, "tau": 0.6}, "LightGBM": {"losses": {"628_fri_c3_1000_5": [0.026041486218723472, 0.021382827689472902, 0.025045913158279136, 0.02316782466130856, 0.025759632908454042]}, "coverage": {"628_fri_c3_1000_5": [0.025000000000000022, 0.0050000000000000044, 0.020000000000000018, 0.040000000000000036, 0.03500000000000003]}, "time_all": {"628_fri_c3_1000_5": [0.41811585426330566, 0.3880445957183838, 0.38550686836242676, 0.39017224311828613, 0.41179919242858887]}, "time_fit": {"628_fri_c3_1000_5": [0.07426023483276367, 0.07224535942077637, 0.06701183319091797, 0.06983137130737305, 0.06908369064331055]}, "sizes": {"628_fri_c3_1000_5": []}, "tau": 0.6}, "DecisionTree": {"losses": {"628_fri_c3_1000_5": [0.02525416145270696, 0.026637603710693288, 0.026723231104994062, 0.02296946147676796, 0.026694727045041607]}, "coverage": {"628_fri_c3_1000_5": [0.030000000000000027, 0.07499999999999996, 0.12, 0.030000000000000027, 0.07499999999999996]}, "complexity": {"628_fri_c3_1000_5": [323, 313, 323, 315, 329]}, "time_all": {"628_fri_c3_1000_5": [0.1557459831237793, 0.1498255729675293, 0.1523435115814209, 0.1516423225402832, 0.15135669708251953]}, "time_fit": {"628_fri_c3_1000_5": [0.029432296752929688, 0.028277873992919922, 0.0292050838470459, 0.028455257415771484, 0.02942633628845215]}, "sizes": {"628_fri_c3_1000_5": []}, "tau": 0.6}, "LinearQuantile": {"losses": {"628_fri_c3_1000_5": [0.06359705614088894, 0.05984138411773704, 0.05793644767702566, 0.06087668107060588, 0.06276517955188703]}, "coverage": {"628_fri_c3_1000_5": [0.13, 0.13, 0.11499999999999999, 0.14999999999999997, 0.08999999999999997]}, "complexity": {"628_fri_c3_1000_5": [5, 5, 5, 5, 5]}, "time_all": {"628_fri_c3_1000_5": [0.44225454330444336, 0.4087808132171631, 1.0042955875396729, 0.16276264190673828, 0.2623560428619385]}, "time_fit": {"628_fri_c3_1000_5": [0.03892087936401367, 0.0330653190612793, 0.07159852981567383, 0.01434779167175293, 0.023244857788085938]}, "sizes": {"628_fri_c3_1000_5": []}, "tau": 0.6}}
