{"SQR": {"losses": {"227_cpu_small": [0.017544992413445915, 0.01781841622778512, 0.013879179076334592, 0.018109378005768926, 0.01841609546582539]}, "coverage": {"227_cpu_small": [0.007077486272117128, 0.00524710189139721, 0.0019536019536019467, 0.043467643467643535, 0.01904761904761909]}, "complexity": {"227_cpu_small": [4, 4, 6, 4, 4]}, "time_all": {"227_cpu_small": [503.6011517047882, 483.2441842556, 446.70811462402344, 500.5420787334442, 524.4388000965118]}, "time_fit": {"227_cpu_small": [503.6011517047882, 483.2441842556, 446.70811462402344, 500.5420787334442, 524.4388000965118]}, "sizes": {"227_cpu_small": []}, "tau": 0.6}, "LightGBM": {"losses": {"227_cpu_small": [0.017411648443985184, 0.018161003420864814, 0.017253892305407095, 0.01893482751960878, 0.021127447960505915]}, "coverage": {"227_cpu_small": [0.03624161073825505, 0.00524710189139721, 0.00293040293040292, 0.006837606837606813, 0.025152625152625174]}, "time_all": {"227_cpu_small": [1.1031205654144287, 1.0445406436920166, 1.0435590744018555, 1.0418813228607178, 1.0333268642425537]}, "time_fit": {"227_cpu_small": [0.14737462997436523, 0.1433849334716797, 0.14632439613342285, 0.14461421966552734, 0.1455094814300537]}, "sizes": {"227_cpu_small": []}, "tau": 0.6}, "DecisionTree": {"losses": {"227_cpu_small": [0.011463259809812585, 0.011301545041630461, 0.011766751766751767, 0.010930797597464265, 0.011378004711338045]}, "coverage": {"227_cpu_small": [0.04368517388651616, 0.06931055521659546, 0.063003663003663, 0.07338217338217345, 0.061782661782661785]}, "complexity": {"227_cpu_small": [483, 483, 215, 499, 1113]}, "time_all": {"227_cpu_small": [1.2670559883117676, 0.9192888736724854, 0.918492317199707, 0.9527437686920166, 0.9932126998901367]}, "time_fit": {"227_cpu_small": [0.07248353958129883, 0.07024526596069336, 0.052659034729003906, 0.07051634788513184, 0.10363316535949707]}, "sizes": {"227_cpu_small": []}, "tau": 0.6}, "LinearQuantile": {"losses": {"227_cpu_small": [0.06579218673724849, 0.06634932669745473, 0.06716890239058372, 0.06581125333931127, 0.06546243938210129]}, "coverage": {"227_cpu_small": [0.06125686394142771, 0.051494813910921255, 0.06947496947496945, 0.06336996336996337, 0.060927960927960934]}, "complexity": {"227_cpu_small": [12, 12, 12, 12, 12]}, "time_all": {"227_cpu_small": [20.85253357887268, 23.870590209960938, 24.409924268722534, 1.1554632186889648, 21.944973945617676]}, "time_fit": {"227_cpu_small": [1.0306217670440674, 2.9103105068206787, 1.0321168899536133, 0.10562729835510254, 1.5093138217926025]}, "sizes": {"227_cpu_small": []}, "tau": 0.6}}
