{"SQR": {"losses": {"1193_BNG_lowbwt": [0.040080137523960564, 0.039446623938017504, 0.039267336135865104, 0.039330905227003124, 0.039413954674657185]}, "coverage": {"1193_BNG_lowbwt": [0.0035846326957080787, 0.01001446712747156, 0.010239511332583162, 0.0035846326957080787, 0.004340836012861726]}, "complexity": {"1193_BNG_lowbwt": [4, 4, 4, 3, 3]}, "time_all": {"1193_BNG_lowbwt": [622.3027427196503, 547.0927114486694, 553.3178441524506, 547.2486662864685, 630.9956524372101]}, "time_fit": {"1193_BNG_lowbwt": [622.3027427196503, 547.0927114486694, 553.3178441524506, 547.2486662864685, 630.9956524372101]}, "sizes": {"1193_BNG_lowbwt": []}, "tau": 0.7}, "LightGBM": {"losses": {"1193_BNG_lowbwt": [0.03639038848945688, 0.03576935934969096, 0.03570238500176928, 0.035600140317049216, 0.03606075270286845]}, "coverage": {"1193_BNG_lowbwt": [0.030911429030702542, 0.034287092107378236, 0.024642340459733236, 0.02930397042276167, 0.028295819935691413]}, "time_all": {"1193_BNG_lowbwt": [2.3779358863830566, 2.467531204223633, 2.397784471511841, 2.2332301139831543, 2.4803669452667236]}, "time_fit": {"1193_BNG_lowbwt": [0.30998682975769043, 0.2988622188568115, 0.23886966705322266, 0.3086223602294922, 0.2979736328125]}, "sizes": {"1193_BNG_lowbwt": []}, "tau": 0.7}, "DecisionTree": {"losses": {"1193_BNG_lowbwt": [0.036534264280366054, 0.03587004418689826, 0.03607927682777641, 0.03556452245724352, 0.03601638111728802]}, "coverage": {"1193_BNG_lowbwt": [0.011525478218935792, 0.011043240636553597, 0.016187108181964227, 0.020527246423404533, 0.019935691318327953]}, "complexity": {"1193_BNG_lowbwt": [797, 789, 793, 793, 767]}, "time_all": {"1193_BNG_lowbwt": [2.326687812805176, 2.318995714187622, 2.328227996826172, 2.334329843521118, 2.3315298557281494]}, "time_fit": {"1193_BNG_lowbwt": [0.12112760543823242, 0.12061715126037598, 0.1221475601196289, 0.1216135025024414, 0.11972260475158691]}, "sizes": {"1193_BNG_lowbwt": []}, "tau": 0.7}, "LinearQuantile": {"losses": {"1193_BNG_lowbwt": [0.037310815646717226, 0.03680395461575182, 0.03685192691764265, 0.03653879825840906, 0.03689871399015087]}, "coverage": {"1193_BNG_lowbwt": [0.001334190644590949, 0.006156566468413449, 0.007185339977495486, 0.007603279215560255, 0.004340836012861726]}, "complexity": {"1193_BNG_lowbwt": [23, 23, 23, 23, 23]}, "time_all": {"1193_BNG_lowbwt": [53.917755126953125, 70.73723888397217, 36.15825295448303, 18.408575773239136, 30.211824655532837]}, "time_fit": {"1193_BNG_lowbwt": [4.871277093887329, 6.398484945297241, 3.2197461128234863, 1.5053844451904297, 2.6974804401397705]}, "sizes": {"1193_BNG_lowbwt": []}, "tau": 0.7}}
