{"SQR": {"losses": {"678_visualizing_environmental": [0.04521844473755884, 0.06823981241633982, 0.07117642994871069, 0.03967835694384003, 0.10432130713790942]}, "coverage": {"678_visualizing_environmental": [0.11304347826086947, 0.027272727272727337, 0.25454545454545463, 0.0636363636363636, 0.07272727272727275]}, "complexity": {"678_visualizing_environmental": [11, 8, 8, 7, 12]}, "time_all": {"678_visualizing_environmental": [81.05573987960815, 65.47340488433838, 63.470563650131226, 65.92062878608704, 66.1124804019928]}, "time_fit": {"678_visualizing_environmental": [81.05573987960815, 65.47340488433838, 63.470563650131226, 65.92062878608704, 66.1124804019928]}, "sizes": {"678_visualizing_environmental": []}, "tau": 0.8}, "LightGBM": {"losses": {"678_visualizing_environmental": [0.03936164272102454, 0.0410906716090195, 0.07116624515984123, 0.03913453323942129, 0.06629911220827604]}, "coverage": {"678_visualizing_environmental": [0.15652173913043477, 0.10909090909090902, 0.1636363636363637, 0.10909090909090902, 0.2090909090909091]}, "time_all": {"678_visualizing_environmental": [0.12379121780395508, 0.0967264175415039, 0.07637476921081543, 0.09321117401123047, 0.08112764358520508]}, "time_fit": {"678_visualizing_environmental": [0.016544103622436523, 0.020205259323120117, 0.01195836067199707, 0.019419193267822266, 0.016645431518554688]}, "sizes": {"678_visualizing_environmental": []}, "tau": 0.8}, "DecisionTree": {"losses": {"678_visualizing_environmental": [0.035623815207387666, 0.03483201295641891, 0.06926877108645998, 0.043241106077124745, 0.05016798167798531]}, "coverage": {"678_visualizing_environmental": [0.15652173913043477, 0.15454545454545454, 0.1636363636363637, 0.10909090909090902, 0.11818181818181828]}, "complexity": {"678_visualizing_environmental": [5, 5, 3, 3, 3]}, "time_all": {"678_visualizing_environmental": [0.03283882141113281, 0.03218960762023926, 0.03173327445983887, 0.03232264518737793, 0.03214097023010254]}, "time_fit": {"678_visualizing_environmental": [0.001926422119140625, 0.0018126964569091797, 0.0016937255859375, 0.0016701221466064453, 0.0017414093017578125]}, "sizes": {"678_visualizing_environmental": []}, "tau": 0.8}, "LinearQuantile": {"losses": {"678_visualizing_environmental": [0.04944665230677153, 0.04801357411993678, 0.08109140085910599, 0.047287012966350975, 0.0675043493640333]}, "coverage": {"678_visualizing_environmental": [0.11304347826086947, 0.0636363636363636, 0.2090909090909091, 0.15454545454545454, 0.1636363636363637]}, "complexity": {"678_visualizing_environmental": [3, 3, 3, 3, 3]}, "time_all": {"678_visualizing_environmental": [0.3040802478790283, 0.10205864906311035, 0.07961344718933105, 0.20740413665771484, 0.14464068412780762]}, "time_fit": {"678_visualizing_environmental": [0.02623128890991211, 0.008572816848754883, 0.006586790084838867, 0.017477750778198242, 0.012290477752685547]}, "sizes": {"678_visualizing_environmental": []}, "tau": 0.8}}
