{"SQR": {"losses": {"631_fri_c1_500_5": [0.013201626998788074, 0.011880415648546479, 0.01029074472237896, 0.012957573944917273, 0.009778403955141634]}, "coverage": {"631_fri_c1_500_5": [0.20999999999999996, 0.10999999999999999, 0.04999999999999993, 0.15999999999999992, 0.06000000000000005]}, "complexity": {"631_fri_c1_500_5": [13, 12, 15, 12, 14]}, "time_all": {"631_fri_c1_500_5": [116.46444749832153, 95.94999146461487, 90.97072052955627, 97.54175591468811, 95.51502227783203]}, "time_fit": {"631_fri_c1_500_5": [116.46444749832153, 95.94999146461487, 90.97072052955627, 97.54175591468811, 95.51502227783203]}, "sizes": {"631_fri_c1_500_5": []}, "tau": 0.7}, "LightGBM": {"losses": {"631_fri_c1_500_5": [0.03268226258676555, 0.03770740896782107, 0.0363087541348318, 0.03420969933576299, 0.03551405323937637]}, "coverage": {"631_fri_c1_500_5": [0.019999999999999907, 0.0, 0.010000000000000009, 0.07000000000000006, 0.04999999999999993]}, "time_all": {"631_fri_c1_500_5": [0.27036452293395996, 0.23713922500610352, 0.24044537544250488, 0.25186944007873535, 0.22215580940246582]}, "time_fit": {"631_fri_c1_500_5": [0.05165386199951172, 0.054590702056884766, 0.05373215675354004, 0.05245041847229004, 0.05297207832336426]}, "sizes": {"631_fri_c1_500_5": []}, "tau": 0.7}, "DecisionTree": {"losses": {"631_fri_c1_500_5": [0.03553282291333042, 0.03938802957339976, 0.03423143702575407, 0.03219639464632891, 0.04120542814377093]}, "coverage": {"631_fri_c1_500_5": [0.09999999999999998, 0.04999999999999993, 0.05999999999999994, 0.07999999999999996, 0.19999999999999996]}, "complexity": {"631_fri_c1_500_5": [161, 161, 169, 69, 157]}, "time_all": {"631_fri_c1_500_5": [0.08465099334716797, 0.08147764205932617, 0.08189916610717773, 0.0738673210144043, 0.08027195930480957]}, "time_fit": {"631_fri_c1_500_5": [0.015153884887695312, 0.014430999755859375, 0.014957904815673828, 0.0078887939453125, 0.014271259307861328]}, "sizes": {"631_fri_c1_500_5": []}, "tau": 0.7}, "LinearQuantile": {"losses": {"631_fri_c1_500_5": [0.08095624879060141, 0.07038387482940217, 0.07095916924116337, 0.06952660925598668, 0.07544848362375435]}, "coverage": {"631_fri_c1_500_5": [0.20999999999999996, 0.15999999999999992, 0.18999999999999995, 0.16999999999999993, 0.21999999999999997]}, "complexity": {"631_fri_c1_500_5": [5, 5, 5, 5, 5]}, "time_all": {"631_fri_c1_500_5": [0.5557105541229248, 0.3113887310028076, 0.5157856941223145, 0.13201546669006348, 0.11531901359558105]}, "time_fit": {"631_fri_c1_500_5": [0.049324989318847656, 0.02782130241394043, 0.04377412796020508, 0.011453390121459961, 0.009885072708129883]}, "sizes": {"631_fri_c1_500_5": []}, "tau": 0.7}}
