{"SQR": {"losses": {"562_cpu_small": [0.014677670848641525, 0.015035965330951778, 0.011883622426524609, 0.015168082299831454, 0.015449365895262388]}, "coverage": {"562_cpu_small": [0.01079926784624774, 0.002257474069554677, 0.021611721611721646, 0.030158730158730163, 0.017948717948717996]}, "complexity": {"562_cpu_small": [4, 4, 6, 4, 4]}, "time_all": {"562_cpu_small": [520.5094192028046, 505.8301420211792, 506.10614037513733, 513.8351035118103, 509.21500539779663]}, "time_fit": {"562_cpu_small": [520.5094192028046, 505.8301420211792, 506.10614037513733, 513.8351035118103, 509.21500539779663]}, "sizes": {"562_cpu_small": []}, "tau": 0.7}, "LightGBM": {"losses": {"562_cpu_small": [0.01715217942246721, 0.017355506896455385, 0.016899008482842176, 0.018278497430482512, 0.020519560777746724]}, "coverage": {"562_cpu_small": [0.034350213544844355, 0.018730933496034163, 0.008180708180708263, 0.024664224664224688, 0.03992673992674001]}, "time_all": {"562_cpu_small": [1.2315373420715332, 1.0789780616760254, 1.0765132904052734, 1.2308804988861084, 1.2150375843048096]}, "time_fit": {"562_cpu_small": [0.1517648696899414, 0.15034198760986328, 0.15188908576965332, 0.3023965358734131, 0.29140210151672363]}, "sizes": {"562_cpu_small": []}, "tau": 0.7}, "DecisionTree": {"losses": {"562_cpu_small": [0.010104276443507684, 0.009977690264450487, 0.010389178722512056, 0.009482924482924482, 0.010058275058275059]}, "coverage": {"562_cpu_small": [0.018730933496034163, 0.04679682733374013, 0.02405372405372408, 0.06617826617826628, 0.04297924297924305]}, "complexity": {"562_cpu_small": [483, 483, 493, 499, 489]}, "time_all": {"562_cpu_small": [1.3165545463562012, 1.161769151687622, 0.9393043518066406, 1.039318323135376, 0.8789074420928955]}, "time_fit": {"562_cpu_small": [0.07591485977172852, 0.06991934776306152, 0.07139754295349121, 0.07054376602172852, 0.07227587699890137]}, "sizes": {"562_cpu_small": []}, "tau": 0.7}, "LinearQuantile": {"losses": {"562_cpu_small": [0.0639888161483297, 0.06454373665979905, 0.06378245917907875, 0.06317098186625365, 0.06201782423884145]}, "coverage": {"562_cpu_small": [0.07034777303233675, 0.05021354484441731, 0.06385836385836385, 0.051648351648351576, 0.06507936507936507]}, "complexity": {"562_cpu_small": [12, 12, 12, 12, 12]}, "time_all": {"562_cpu_small": [1.301424503326416, 22.9481463432312, 4.411479949951172, 20.309566259384155, 24.283871173858643]}, "time_fit": {"562_cpu_small": [0.1160433292388916, 2.0577597618103027, 0.35791563987731934, 0.7377827167510986, 0.7967917919158936]}, "sizes": {"562_cpu_small": []}, "tau": 0.7}}
