{"SQR": {"losses": {"1089_USCrime": [0.03819791656340618, 0.04160915516392694, 0.04113413746360581, 0.03274057785626642, 0.07879524821165415]}, "coverage": {"1089_USCrime": [0.09999999999999998, 0.20000000000000007, 0.24444444444444446, 0.19999999999999996, 0.46666666666666673]}, "complexity": {"1089_USCrime": [12, 10, 14, 10, 12]}, "time_all": {"1089_USCrime": [76.14602541923523, 64.84196472167969, 65.34587168693542, 64.1101815700531, 65.05175399780273]}, "time_fit": {"1089_USCrime": [76.14602541923523, 64.84196472167969, 65.34587168693542, 64.1101815700531, 65.05175399780273]}, "sizes": {"1089_USCrime": []}, "tau": 0.8}, "LightGBM": {"losses": {"1089_USCrime": [0.07613333740234374, 0.0808, 0.07798518428096064, 0.09223703568070023, 0.07757036901403355]}, "coverage": {"1089_USCrime": [0.09999999999999998, 0.10000000000000009, 0.022222222222222254, 0.022222222222222254, 0.022222222222222254]}, "time_all": {"1089_USCrime": [0.07649612426757812, 0.03505587577819824, 0.03534698486328125, 0.03197312355041504, 0.035186767578125]}, "time_fit": {"1089_USCrime": [0.004112720489501953, 0.004381895065307617, 0.004395723342895508, 0.003934383392333984, 0.004395008087158203]}, "sizes": {"1089_USCrime": []}, "tau": 0.8}, "DecisionTree": {"losses": {"1089_USCrime": [0.025920000000000006, 0.04487999999999998, 0.04479999999999999, 0.0473185185185185, 0.030548148148148123]}, "coverage": {"1089_USCrime": [0.10000000000000009, 0.19999999999999996, 0.24444444444444446, 0.13333333333333341, 0.13333333333333341]}, "complexity": {"1089_USCrime": [5, 5, 5, 5, 15]}, "time_all": {"1089_USCrime": [0.02892303466796875, 0.0268251895904541, 0.027190446853637695, 0.026031494140625, 0.028450727462768555]}, "time_fit": {"1089_USCrime": [0.0019223690032958984, 0.0017540454864501953, 0.001786947250366211, 0.0017821788787841797, 0.0025310516357421875]}, "sizes": {"1089_USCrime": []}, "tau": 0.8}, "LinearQuantile": {"losses": {"1089_USCrime": [0.050235671395104445, 0.06866871223983295, 0.02723689772196852, 0.03453769825804674, 0.0762008099462904]}, "coverage": {"1089_USCrime": [0.30000000000000004, 0.30000000000000004, 0.022222222222222254, 0.19999999999999996, 0.3555555555555556]}, "complexity": {"1089_USCrime": [14, 14, 14, 14, 14]}, "time_all": {"1089_USCrime": [0.4632527828216553, 4.134054660797119, 0.7079935073852539, 0.4610116481781006, 3.9440383911132812]}, "time_fit": {"1089_USCrime": [0.040643930435180664, 0.4335620403289795, 0.05135226249694824, 0.03579115867614746, 0.14408445358276367]}, "sizes": {"1089_USCrime": []}, "tau": 0.8}}
