{"SQR": {"losses": {"613_fri_c3_250_5": [0.01963858043978178, 0.01960870761059389, 0.0190779068349918, 0.01642055218721235, 0.013212725315428026]}, "coverage": {"613_fri_c3_250_5": [0.15999999999999998, 0.020000000000000018, 0.07999999999999996, 0.0, 0.0]}, "complexity": {"613_fri_c3_250_5": [13, 15, 13, 13, 11]}, "time_all": {"613_fri_c3_250_5": [90.459388256073, 74.99613380432129, 75.3148832321167, 75.51143145561218, 75.71466040611267]}, "time_fit": {"613_fri_c3_250_5": [90.459388256073, 74.99613380432129, 75.3148832321167, 75.51143145561218, 75.71466040611267]}, "sizes": {"613_fri_c3_250_5": []}, "tau": 0.5}, "LightGBM": {"losses": {"613_fri_c3_250_5": [0.04038179753586549, 0.041946895547793246, 0.04022054637940068, 0.03750549598975663, 0.0332325262284176]}, "coverage": {"613_fri_c3_250_5": [0.0, 0.09999999999999998, 0.06000000000000005, 0.020000000000000018, 0.15999999999999998]}, "time_all": {"613_fri_c3_250_5": [0.21086883544921875, 0.13770246505737305, 0.16063499450683594, 0.1593027114868164, 0.15062880516052246]}, "time_fit": {"613_fri_c3_250_5": [0.04046463966369629, 0.03283071517944336, 0.039556264877319336, 0.03911709785461426, 0.032265424728393555]}, "sizes": {"613_fri_c3_250_5": []}, "tau": 0.5}, "DecisionTree": {"losses": {"613_fri_c3_250_5": [0.04220445084825778, 0.03919346097847045, 0.05072505134707226, 0.043321839712150444, 0.0411318475789626]}, "coverage": {"613_fri_c3_250_5": [0.040000000000000036, 0.020000000000000018, 0.07999999999999996, 0.07999999999999996, 0.12]}, "complexity": {"613_fri_c3_250_5": [37, 81, 83, 79, 33]}, "time_all": {"613_fri_c3_250_5": [0.05117654800415039, 0.05094790458679199, 0.05150794982910156, 0.0517423152923584, 0.04707145690917969]}, "time_fit": {"613_fri_c3_250_5": [0.0048444271087646484, 0.007941722869873047, 0.008115768432617188, 0.00784754753112793, 0.004395961761474609]}, "sizes": {"613_fri_c3_250_5": []}, "tau": 0.5}, "LinearQuantile": {"losses": {"613_fri_c3_250_5": [0.06007721586339015, 0.07444114151514127, 0.06621023852692999, 0.06555855687827594, 0.05290093865436086]}, "coverage": {"613_fri_c3_250_5": [0.08000000000000002, 0.020000000000000018, 0.040000000000000036, 0.06, 0.020000000000000018]}, "complexity": {"613_fri_c3_250_5": [5, 5, 5, 5, 5]}, "time_all": {"613_fri_c3_250_5": [0.0912015438079834, 0.1783895492553711, 0.679826021194458, 0.14012789726257324, 0.22526979446411133]}, "time_fit": {"613_fri_c3_250_5": [0.007204294204711914, 0.015246868133544922, 0.05130434036254883, 0.012230873107910156, 0.0199587345123291]}, "sizes": {"613_fri_c3_250_5": []}, "tau": 0.5}}
