{"SQR": {"losses": {"1203_BNG_pwLinear": [0.046984575926017534, 0.04651328036196291, 0.04666649304883607, 0.047103557914084423, 0.04693281182306854]}, "coverage": {"1203_BNG_pwLinear": [0.00031047135196160536, 0.006181202370872163, 0.0019870727370233654, 0.0002709644641395448, 0.0032289931976628994]}, "complexity": {"1203_BNG_pwLinear": [4, 3, 4, 4, 3]}, "time_all": {"1203_BNG_pwLinear": [571.5767252445221, 588.0367114543915, 581.9100251197815, 583.2400026321411, 584.3713800907135]}, "time_fit": {"1203_BNG_pwLinear": [571.5767252445221, 588.0367114543915, 581.9100251197815, 583.2400026321411, 584.3713800907135]}, "sizes": {"1203_BNG_pwLinear": []}, "tau": 0.6}, "LightGBM": {"losses": {"1203_BNG_pwLinear": [0.03425932242930895, 0.03393054955479042, 0.034214087452222874, 0.03450151825667644, 0.0341986487873592]}, "coverage": {"1203_BNG_pwLinear": [0.014902624894157501, 0.016257408975444587, 0.017178018007846685, 0.017121567077817645, 0.013536933020971587]}, "time_all": {"1203_BNG_pwLinear": [2.7008326053619385, 2.4970569610595703, 2.7160236835479736, 2.7280871868133545, 2.699801206588745]}, "time_fit": {"1203_BNG_pwLinear": [0.4626431465148926, 0.46684908866882324, 0.4537844657897949, 0.45095324516296387, 0.4792463779449463]}, "sizes": {"1203_BNG_pwLinear": []}, "tau": 0.6}, "DecisionTree": {"losses": {"1203_BNG_pwLinear": [0.032961387978111927, 0.0329207731722492, 0.03305198433566511, 0.033420131543656605, 0.033024926074398823]}, "coverage": {"1203_BNG_pwLinear": [0.0023426474738921232, 0.006661021732994654, 0.005345903073753155, 0.003539473312822783, 0.0022411019221540984]}, "complexity": {"1203_BNG_pwLinear": [4159, 4205, 4229, 4183, 4161]}, "time_all": {"1203_BNG_pwLinear": [13.47475528717041, 13.402528524398804, 13.092569351196289, 13.384052991867065, 13.406311988830566]}, "time_fit": {"1203_BNG_pwLinear": [0.6653966903686523, 0.6628713607788086, 0.6349694728851318, 0.6664886474609375, 0.6617393493652344]}, "sizes": {"1203_BNG_pwLinear": []}, "tau": 0.6}, "LinearQuantile": {"losses": {"1203_BNG_pwLinear": [0.04028347255920444, 0.040022516295069345, 0.04033174734662283, 0.04052618865874872, 0.04018777124336506]}, "coverage": {"1203_BNG_pwLinear": [0.0007056167090037091, 0.0028224668360147254, 0.0009991814615145644, 0.00026531937113660753, 0.001196759716616258]}, "complexity": {"1203_BNG_pwLinear": [29, 29, 29, 29, 29]}, "time_all": {"1203_BNG_pwLinear": [62.958473920822144, 75.58655738830566, 96.96032500267029, 106.27937269210815, 50.88435912132263]}, "time_fit": {"1203_BNG_pwLinear": [5.678593158721924, 6.818634033203125, 8.770564794540405, 9.57174563407898, 4.5699381828308105]}, "sizes": {"1203_BNG_pwLinear": []}, "tau": 0.6}}
