{"SQR": {"losses": {"601_fri_c1_250_5": [0.03929733398077814, 0.019870514203320203, 0.027542211261882794, 0.021340578389497464, 0.02231572895747493]}, "coverage": {"601_fri_c1_250_5": [0.06, 0.12, 0.16000000000000003, 0.09999999999999998, 0.09999999999999998]}, "complexity": {"601_fri_c1_250_5": [10, 15, 13, 14, 16]}, "time_all": {"601_fri_c1_250_5": [85.84826278686523, 73.00560021400452, 74.8522675037384, 72.693035364151, 74.42281222343445]}, "time_fit": {"601_fri_c1_250_5": [85.84826278686523, 73.00560021400452, 74.8522675037384, 72.693035364151, 74.42281222343445]}, "sizes": {"601_fri_c1_250_5": []}, "tau": 0.5}, "LightGBM": {"losses": {"601_fri_c1_250_5": [0.05029843023343807, 0.03893291090376795, 0.04279714345721877, 0.03026225020998778, 0.049326125151735574]}, "coverage": {"601_fri_c1_250_5": [0.020000000000000018, 0.09999999999999998, 0.12, 0.03999999999999998, 0.040000000000000036]}, "time_all": {"601_fri_c1_250_5": [0.1932048797607422, 0.14310455322265625, 0.16046738624572754, 0.1600050926208496, 0.16273045539855957]}, "time_fit": {"601_fri_c1_250_5": [0.03434610366821289, 0.03352546691894531, 0.03599429130554199, 0.035102128982543945, 0.038030147552490234]}, "sizes": {"601_fri_c1_250_5": []}, "tau": 0.5}, "DecisionTree": {"losses": {"601_fri_c1_250_5": [0.057256980061762656, 0.04651343061005671, 0.03746941341323438, 0.037613289979040745, 0.034892029976496285]}, "coverage": {"601_fri_c1_250_5": [0.0, 0.0, 0.040000000000000036, 0.18, 0.09999999999999998]}, "complexity": {"601_fri_c1_250_5": [79, 75, 79, 83, 81]}, "time_all": {"601_fri_c1_250_5": [0.05300331115722656, 0.050946712493896484, 0.051236867904663086, 0.05114006996154785, 0.05239582061767578]}, "time_fit": {"601_fri_c1_250_5": [0.008157968521118164, 0.00766754150390625, 0.007888317108154297, 0.008110761642456055, 0.008005857467651367]}, "sizes": {"601_fri_c1_250_5": []}, "tau": 0.5}, "LinearQuantile": {"losses": {"601_fri_c1_250_5": [0.08293724783096701, 0.06566068948025729, 0.072770165613325, 0.06440017333330648, 0.07121005490757383]}, "coverage": {"601_fri_c1_250_5": [0.06, 0.020000000000000018, 0.06, 0.040000000000000036, 0.020000000000000018]}, "complexity": {"601_fri_c1_250_5": [5, 5, 5, 5, 5]}, "time_all": {"601_fri_c1_250_5": [0.5154221057891846, 0.16702055931091309, 0.0720376968383789, 0.2715761661529541, 0.12434124946594238]}, "time_fit": {"601_fri_c1_250_5": [0.04567408561706543, 0.014336585998535156, 0.005950450897216797, 0.024109840393066406, 0.010535478591918945]}, "sizes": {"601_fri_c1_250_5": []}, "tau": 0.5}}
