{"SQR": {"losses": {"592_fri_c4_1000_25": [0.01615263632212601, 0.010016952807891439, 0.014231983222239628, 0.011448868607970897, 0.008892092454447454]}, "coverage": {"592_fri_c4_1000_25": [0.0050000000000000044, 0.08500000000000008, 0.0050000000000000044, 0.0050000000000000044, 0.03499999999999992]}, "complexity": {"592_fri_c4_1000_25": [11, 15, 13, 14, 14]}, "time_all": {"592_fri_c4_1000_25": [111.27386617660522, 116.84341311454773, 115.65141177177429, 121.49444055557251, 120.4712975025177]}, "time_fit": {"592_fri_c4_1000_25": [111.27386617660522, 116.84341311454773, 115.65141177177429, 121.49444055557251, 120.4712975025177]}, "sizes": {"592_fri_c4_1000_25": []}, "tau": 0.7}, "LightGBM": {"losses": {"592_fri_c4_1000_25": [0.024891792189015393, 0.023411728484262356, 0.02671038760540085, 0.02705664262025906, 0.02473818164242943]}, "coverage": {"592_fri_c4_1000_25": [0.04999999999999993, 0.030000000000000027, 0.1050000000000001, 0.06499999999999995, 0.02499999999999991]}, "time_all": {"592_fri_c4_1000_25": [0.43565940856933594, 0.3866150379180908, 0.40920209884643555, 0.4067044258117676, 0.38959527015686035]}, "time_fit": {"592_fri_c4_1000_25": [0.06894207000732422, 0.06058549880981445, 0.06357765197753906, 0.06219363212585449, 0.0634310245513916]}, "sizes": {"592_fri_c4_1000_25": []}, "tau": 0.7}, "DecisionTree": {"losses": {"592_fri_c4_1000_25": [0.02488663570563943, 0.023571346549514056, 0.02517805800103586, 0.0310304793321533, 0.027471288623152592]}, "coverage": {"592_fri_c4_1000_25": [0.16999999999999993, 0.04999999999999993, 0.03499999999999992, 0.17499999999999993, 0.06999999999999995]}, "complexity": {"592_fri_c4_1000_25": [323, 331, 141, 137, 135]}, "time_all": {"592_fri_c4_1000_25": [0.3175015449523926, 0.3061232566833496, 0.31666040420532227, 0.29642748832702637, 0.29910707473754883]}, "time_fit": {"592_fri_c4_1000_25": [0.04925179481506348, 0.0471653938293457, 0.035635948181152344, 0.03303265571594238, 0.03313422203063965]}, "sizes": {"592_fri_c4_1000_25": []}, "tau": 0.7}, "LinearQuantile": {"losses": {"592_fri_c4_1000_25": [0.062093066237733974, 0.06215668569490412, 0.057314558014910595, 0.05854737039387457, 0.06591277624591031]}, "coverage": {"592_fri_c4_1000_25": [0.27999999999999997, 0.23999999999999994, 0.15999999999999992, 0.18499999999999994, 0.30499999999999994]}, "complexity": {"592_fri_c4_1000_25": [25, 25, 25, 25, 25]}, "time_all": {"592_fri_c4_1000_25": [1.1823036670684814, 0.5780553817749023, 0.39327144622802734, 0.7129521369934082, 2.45939040184021]}, "time_fit": {"592_fri_c4_1000_25": [0.08274149894714355, 0.044495344161987305, 0.03377723693847656, 0.06020712852478027, 0.17926955223083496]}, "sizes": {"592_fri_c4_1000_25": []}, "tau": 0.7}}
