{"SQR": {"losses": {"584_fri_c4_500_25": [0.015013212115355978, 0.013564314926984115, 0.01984520396808754, 0.013299806626793816, 0.019659379472782318]}, "coverage": {"584_fri_c4_500_25": [0.13, 0.0, 0.030000000000000027, 0.010000000000000009, 0.06000000000000005]}, "complexity": {"584_fri_c4_500_25": [15, 13, 12, 16, 12]}, "time_all": {"584_fri_c4_500_25": [108.13586449623108, 94.11802220344543, 90.08098483085632, 95.9302487373352, 82.67311906814575]}, "time_fit": {"584_fri_c4_500_25": [108.13586449623108, 94.11802220344543, 90.08098483085632, 95.9302487373352, 82.67311906814575]}, "sizes": {"584_fri_c4_500_25": []}, "tau": 0.6}, "LightGBM": {"losses": {"584_fri_c4_500_25": [0.02555606815090751, 0.038750438960985394, 0.035767082125657934, 0.024775573206263203, 0.028236504568920098]}, "coverage": {"584_fri_c4_500_25": [0.030000000000000027, 0.010000000000000009, 0.010000000000000009, 0.06999999999999995, 0.010000000000000009]}, "time_all": {"584_fri_c4_500_25": [0.29412412643432617, 0.2715020179748535, 0.24347877502441406, 0.240875244140625, 0.2743675708770752]}, "time_fit": {"584_fri_c4_500_25": [0.05917954444885254, 0.05537557601928711, 0.05608415603637695, 0.055235862731933594, 0.057051658630371094]}, "sizes": {"584_fri_c4_500_25": []}, "tau": 0.6}, "DecisionTree": {"losses": {"584_fri_c4_500_25": [0.029285696688859796, 0.03484791705354019, 0.037676116373397246, 0.033515814856089336, 0.03687365671338236]}, "coverage": {"584_fri_c4_500_25": [0.030000000000000027, 0.020000000000000018, 0.09999999999999998, 0.14999999999999997, 0.05999999999999994]}, "complexity": {"584_fri_c4_500_25": [71, 159, 69, 73, 161]}, "time_all": {"584_fri_c4_500_25": [0.13823723793029785, 0.14298200607299805, 0.13294005393981934, 0.13642597198486328, 0.1435093879699707]}, "time_fit": {"584_fri_c4_500_25": [0.015198469161987305, 0.023172855377197266, 0.014883756637573242, 0.015491485595703125, 0.02341008186340332]}, "sizes": {"584_fri_c4_500_25": []}, "tau": 0.6}, "LinearQuantile": {"losses": {"584_fri_c4_500_25": [0.06684777883443868, 0.07421153055906124, 0.06931115188527297, 0.0568108505708713, 0.059781319056916825]}, "coverage": {"584_fri_c4_500_25": [0.10999999999999999, 0.13, 0.16999999999999998, 0.08999999999999997, 0.09999999999999998]}, "complexity": {"584_fri_c4_500_25": [25, 25, 25, 25, 25]}, "time_all": {"584_fri_c4_500_25": [0.8287484645843506, 2.5078558921813965, 5.296970844268799, 4.552083730697632, 1.0406253337860107]}, "time_fit": {"584_fri_c4_500_25": [0.07181429862976074, 0.14823055267333984, 0.27246594429016113, 0.3560631275177002, 0.09342479705810547]}, "sizes": {"584_fri_c4_500_25": []}, "tau": 0.6}}
