{"SQR": {"losses": {"616_fri_c4_500_50": [0.025661743430873404, 0.024146173036288066, 0.014879214246070948, 0.014683279903955562, 0.0157431858785751]}, "coverage": {"616_fri_c4_500_50": [0.010000000000000009, 0.030000000000000027, 0.16999999999999993, 0.010000000000000009, 0.040000000000000036]}, "complexity": {"616_fri_c4_500_50": [6, 6, 12, 11, 13]}, "time_all": {"616_fri_c4_500_50": [97.89586162567139, 88.51479816436768, 91.05808210372925, 90.63811182975769, 86.98839569091797]}, "time_fit": {"616_fri_c4_500_50": [97.89586162567139, 88.51479816436768, 91.05808210372925, 90.63811182975769, 86.98839569091797]}, "sizes": {"616_fri_c4_500_50": []}, "tau": 0.7}, "LightGBM": {"losses": {"616_fri_c4_500_50": [0.02985903339362642, 0.034312978800300084, 0.029415780698925236, 0.03172425011276112, 0.029122719609960494]}, "coverage": {"616_fri_c4_500_50": [0.10999999999999999, 0.019999999999999907, 0.04999999999999993, 0.019999999999999907, 0.010000000000000009]}, "time_all": {"616_fri_c4_500_50": [0.36812281608581543, 0.31467533111572266, 0.29356956481933594, 0.2948873043060303, 0.2773303985595703]}, "time_fit": {"616_fri_c4_500_50": [0.06199789047241211, 0.06687331199645996, 0.05849814414978027, 0.06009101867675781, 0.05944037437438965]}, "sizes": {"616_fri_c4_500_50": []}, "tau": 0.7}, "DecisionTree": {"losses": {"616_fri_c4_500_50": [0.035947037439889154, 0.03373176276813753, 0.03318666146744265, 0.03130836403899738, 0.03219665109663117]}, "coverage": {"616_fri_c4_500_50": [0.16999999999999993, 0.17999999999999994, 0.07999999999999996, 0.019999999999999907, 0.010000000000000009]}, "complexity": {"616_fri_c4_500_50": [69, 159, 31, 31, 157]}, "time_all": {"616_fri_c4_500_50": [0.22530221939086914, 0.2106001377105713, 0.20409703254699707, 0.20108318328857422, 0.21432852745056152]}, "time_fit": {"616_fri_c4_500_50": [0.025931596755981445, 0.03202700614929199, 0.017139911651611328, 0.017270565032958984, 0.03382062911987305]}, "sizes": {"616_fri_c4_500_50": []}, "tau": 0.7}, "LinearQuantile": {"losses": {"616_fri_c4_500_50": [0.07190175595852843, 0.0718518616746466, 0.07647822025531101, 0.07070708534679676, 0.07091808758962385]}, "coverage": {"616_fri_c4_500_50": [0.25999999999999995, 0.22999999999999998, 0.24999999999999994, 0.24999999999999994, 0.20999999999999996]}, "complexity": {"616_fri_c4_500_50": [50, 50, 50, 50, 50]}, "time_all": {"616_fri_c4_500_50": [6.62953519821167, 5.62817645072937, 21.70516872406006, 34.92860960960388, 38.92641019821167]}, "time_fit": {"616_fri_c4_500_50": [0.5420269966125488, 0.38990259170532227, 1.9530830383300781, 2.0123097896575928, 1.9715583324432373]}, "sizes": {"616_fri_c4_500_50": []}, "tau": 0.7}}
