{"SQR": {"losses": {"624_fri_c0_100_5": [0.026788027794740266, 0.036451926048285635, 0.026632104827565912, 0.05633772499642215, 0.03600454957537553]}, "coverage": {"624_fri_c0_100_5": [0.0, 0.29999999999999993, 0.0, 0.35, 0.15000000000000002]}, "complexity": {"624_fri_c0_100_5": [12, 12, 9, 10, 8]}, "time_all": {"624_fri_c0_100_5": [83.26729273796082, 70.1340663433075, 69.43651127815247, 68.99631810188293, 71.7494900226593]}, "time_fit": {"624_fri_c0_100_5": [83.26729273796082, 70.1340663433075, 69.43651127815247, 68.99631810188293, 71.7494900226593]}, "sizes": {"624_fri_c0_100_5": []}, "tau": 0.7}, "LightGBM": {"losses": {"624_fri_c0_100_5": [0.056775922050498154, 0.05310980979954728, 0.06043650108746202, 0.04828022639866977, 0.04639055072086888]}, "coverage": {"624_fri_c0_100_5": [0.10000000000000009, 0.15000000000000002, 0.19999999999999996, 0.050000000000000044, 0.1499999999999999]}, "time_all": {"624_fri_c0_100_5": [0.12288665771484375, 0.08361625671386719, 0.08181452751159668, 0.07192039489746094, 0.07484865188598633]}, "time_fit": {"624_fri_c0_100_5": [0.016118526458740234, 0.0198056697845459, 0.016672134399414062, 0.016496658325195312, 0.014795780181884766]}, "sizes": {"624_fri_c0_100_5": []}, "tau": 0.7}, "DecisionTree": {"losses": {"624_fri_c0_100_5": [0.04193770368614442, 0.052179043586142344, 0.045951969396628, 0.05386736282026746, 0.05402479167036405]}, "coverage": {"624_fri_c0_100_5": [0.09999999999999998, 0.050000000000000044, 0.0, 0.04999999999999993, 0.09999999999999998]}, "complexity": {"624_fri_c0_100_5": [31, 33, 13, 33, 11]}, "time_all": {"624_fri_c0_100_5": [0.03477025032043457, 0.035143375396728516, 0.03240776062011719, 0.032975196838378906, 0.02889561653137207]}, "time_fit": {"624_fri_c0_100_5": [0.003917217254638672, 0.004024505615234375, 0.0025322437286376953, 0.0038928985595703125, 0.0021660327911376953]}, "sizes": {"624_fri_c0_100_5": []}, "tau": 0.7}, "LinearQuantile": {"losses": {"624_fri_c0_100_5": [0.047372181615012894, 0.03585086456918477, 0.046217952506240334, 0.0395628326008438, 0.04637874581314398]}, "coverage": {"624_fri_c0_100_5": [0.09999999999999998, 0.35, 0.29999999999999993, 0.39999999999999997, 0.19999999999999996]}, "complexity": {"624_fri_c0_100_5": [5, 5, 5, 5, 5]}, "time_all": {"624_fri_c0_100_5": [0.12573719024658203, 0.2579059600830078, 0.11252570152282715, 0.1268320083618164, 0.12421441078186035]}, "time_fit": {"624_fri_c0_100_5": [0.010357141494750977, 0.02184748649597168, 0.009603738784790039, 0.010720252990722656, 0.010447502136230469]}, "sizes": {"624_fri_c0_100_5": []}, "tau": 0.7}}
