{"SQR": {"losses": {"589_fri_c2_1000_25": [0.014567393897732431, 0.0172467996372574, 0.01363417383056524, 0.011786782370657866, 0.023813847903535936]}, "coverage": {"589_fri_c2_1000_25": [0.0050000000000000044, 0.10499999999999998, 0.0, 0.02499999999999991, 0.0]}, "complexity": {"589_fri_c2_1000_25": [15, 12, 17, 13, 6]}, "time_all": {"589_fri_c2_1000_25": [127.51763343811035, 102.35552310943604, 104.97623610496521, 122.76935315132141, 101.90165400505066]}, "time_fit": {"589_fri_c2_1000_25": [127.51763343811035, 102.35552310943604, 104.97623610496521, 122.76935315132141, 101.90165400505066]}, "sizes": {"589_fri_c2_1000_25": []}, "tau": 0.8}, "LightGBM": {"losses": {"589_fri_c2_1000_25": [0.027089467546330924, 0.02730414149560894, 0.026366711947552832, 0.026980887754525153, 0.0271798648665825]}, "coverage": {"589_fri_c2_1000_25": [0.020000000000000018, 0.0050000000000000044, 0.014999999999999902, 0.0050000000000000044, 0.03500000000000003]}, "time_all": {"589_fri_c2_1000_25": [0.4245781898498535, 0.40444064140319824, 0.37175703048706055, 0.3983879089355469, 0.39530277252197266]}, "time_fit": {"589_fri_c2_1000_25": [0.07559609413146973, 0.07273721694946289, 0.07544064521789551, 0.07495951652526855, 0.07380199432373047]}, "sizes": {"589_fri_c2_1000_25": []}, "tau": 0.8}, "DecisionTree": {"losses": {"589_fri_c2_1000_25": [0.027369888378282838, 0.024791098198249935, 0.024721164042884512, 0.025363054959018146, 0.02882089958355057]}, "coverage": {"589_fri_c2_1000_25": [0.06000000000000005, 0.0050000000000000044, 0.025000000000000022, 0.06500000000000006, 0.12]}, "complexity": {"589_fri_c2_1000_25": [63, 61, 65, 61, 131]}, "time_all": {"589_fri_c2_1000_25": [0.285980224609375, 0.27434492111206055, 0.27759385108947754, 0.27948451042175293, 0.2715024948120117]}, "time_fit": {"589_fri_c2_1000_25": [0.02384185791015625, 0.02203369140625, 0.022881031036376953, 0.023389816284179688, 0.027536630630493164]}, "sizes": {"589_fri_c2_1000_25": []}, "tau": 0.8}, "LinearQuantile": {"losses": {"589_fri_c2_1000_25": [0.0723989424274944, 0.07113650262077177, 0.07365262931341289, 0.07057806747552282, 0.0767185214402028]}, "coverage": {"589_fri_c2_1000_25": [0.33000000000000007, 0.34500000000000003, 0.33000000000000007, 0.30000000000000004, 0.31000000000000005]}, "complexity": {"589_fri_c2_1000_25": [25, 25, 25, 25, 25]}, "time_all": {"589_fri_c2_1000_25": [1.7550592422485352, 1.273988962173462, 0.6193017959594727, 1.3558931350708008, 1.110302448272705]}, "time_fit": {"589_fri_c2_1000_25": [0.10749173164367676, 0.1110374927520752, 0.046488285064697266, 0.09114480018615723, 0.09168362617492676]}, "sizes": {"589_fri_c2_1000_25": []}, "tau": 0.8}}
