{"SQR": {"losses": {"582_fri_c1_500_25": [0.007396678230460153, 0.013653246284207755, 0.013381098073471669, 0.009624789635355964, 0.010324855050395957]}, "coverage": {"582_fri_c1_500_25": [0.04999999999999993, 0.07000000000000006, 0.020000000000000018, 0.07000000000000006, 0.06000000000000005]}, "complexity": {"582_fri_c1_500_25": [17, 12, 16, 14, 14]}, "time_all": {"582_fri_c1_500_25": [116.41281700134277, 97.59526443481445, 93.07850861549377, 96.91505336761475, 99.85413455963135]}, "time_fit": {"582_fri_c1_500_25": [116.41281700134277, 97.59526443481445, 93.07850861549377, 96.91505336761475, 99.85413455963135]}, "sizes": {"582_fri_c1_500_25": []}, "tau": 0.8}, "LightGBM": {"losses": {"582_fri_c1_500_25": [0.03292974793085222, 0.03145251163604241, 0.033066027176002065, 0.03667210720554486, 0.029326084099012193]}, "coverage": {"582_fri_c1_500_25": [0.040000000000000036, 0.010000000000000009, 0.019999999999999907, 0.010000000000000009, 0.010000000000000009]}, "time_all": {"582_fri_c1_500_25": [0.27594447135925293, 0.2682464122772217, 0.22188520431518555, 0.2348182201385498, 0.21471691131591797]}, "time_fit": {"582_fri_c1_500_25": [0.054551124572753906, 0.05227208137512207, 0.04995918273925781, 0.050470829010009766, 0.04678821563720703]}, "sizes": {"582_fri_c1_500_25": []}, "tau": 0.8}, "DecisionTree": {"losses": {"582_fri_c1_500_25": [0.03537765484458134, 0.028588852703042702, 0.030844064093841033, 0.030478000495495768, 0.029049361249192388]}, "coverage": {"582_fri_c1_500_25": [0.16000000000000003, 0.12, 0.030000000000000027, 0.020000000000000018, 0.019999999999999907]}, "complexity": {"582_fri_c1_500_25": [69, 171, 73, 29, 17]}, "time_all": {"582_fri_c1_500_25": [0.1347818374633789, 0.1400587558746338, 0.13194751739501953, 0.12676525115966797, 0.12703561782836914]}, "time_fit": {"582_fri_c1_500_25": [0.014800071716308594, 0.02344059944152832, 0.014835119247436523, 0.009860515594482422, 0.007726192474365234]}, "sizes": {"582_fri_c1_500_25": []}, "tau": 0.8}, "LinearQuantile": {"losses": {"582_fri_c1_500_25": [0.08916595911742393, 0.07917858809404081, 0.07752849187542457, 0.07840084165673993, 0.0695867785734622]}, "coverage": {"582_fri_c1_500_25": [0.34, 0.32000000000000006, 0.32000000000000006, 0.30000000000000004, 0.29000000000000004]}, "complexity": {"582_fri_c1_500_25": [25, 25, 25, 25, 25]}, "time_all": {"582_fri_c1_500_25": [0.4676482677459717, 1.5824439525604248, 0.8185546398162842, 2.082399845123291, 1.969304084777832]}, "time_fit": {"582_fri_c1_500_25": [0.03919863700866699, 0.10425209999084473, 0.07353830337524414, 0.15647459030151367, 0.1265113353729248]}, "sizes": {"582_fri_c1_500_25": []}, "tau": 0.8}}
