{"SQR": {"losses": {"635_fri_c0_250_10": [0.0353264573724285, 0.03116715722995398, 0.029763426170611246, 0.02304246060058055, 0.025941818130688705]}, "coverage": {"635_fri_c0_250_10": [0.020000000000000018, 0.08000000000000007, 0.10000000000000009, 0.0, 0.039999999999999925]}, "complexity": {"635_fri_c0_250_10": [8, 10, 12, 11, 11]}, "time_all": {"635_fri_c0_250_10": [91.1366560459137, 77.72275996208191, 76.00194048881531, 77.64443874359131, 74.64614844322205]}, "time_fit": {"635_fri_c0_250_10": [91.1366560459137, 77.72275996208191, 76.00194048881531, 77.64443874359131, 74.64614844322205]}, "sizes": {"635_fri_c0_250_10": []}, "tau": 0.7}, "LightGBM": {"losses": {"635_fri_c0_250_10": [0.04936769051208267, 0.044955453139515295, 0.03918758708297483, 0.04076358521007057, 0.04715469637023679]}, "coverage": {"635_fri_c0_250_10": [0.0, 0.05999999999999994, 0.039999999999999925, 0.0, 0.0]}, "time_all": {"635_fri_c0_250_10": [0.18158555030822754, 0.16622018814086914, 0.15299439430236816, 0.137115478515625, 0.14196395874023438]}, "time_fit": {"635_fri_c0_250_10": [0.032334327697753906, 0.03918886184692383, 0.032073020935058594, 0.03090071678161621, 0.03335118293762207]}, "sizes": {"635_fri_c0_250_10": []}, "tau": 0.7}, "DecisionTree": {"losses": {"635_fri_c0_250_10": [0.04350495449829264, 0.04709733829429201, 0.045496056012030786, 0.0470421013738658, 0.05214770476859415]}, "coverage": {"635_fri_c0_250_10": [0.05999999999999994, 0.1399999999999999, 0.039999999999999925, 0.10000000000000009, 0.040000000000000036]}, "complexity": {"635_fri_c0_250_10": [33, 11, 9, 7, 15]}, "time_all": {"635_fri_c0_250_10": [0.05405879020690918, 0.0500338077545166, 0.05012989044189453, 0.0502009391784668, 0.05013322830200195]}, "time_fit": {"635_fri_c0_250_10": [0.005231142044067383, 0.0030548572540283203, 0.0028564929962158203, 0.0025970935821533203, 0.003423452377319336]}, "sizes": {"635_fri_c0_250_10": []}, "tau": 0.7}, "LinearQuantile": {"losses": {"635_fri_c0_250_10": [0.04972925969240741, 0.058137053678630944, 0.048355612414281414, 0.043924242551150905, 0.05037996708061971]}, "coverage": {"635_fri_c0_250_10": [0.21999999999999997, 0.33999999999999997, 0.17999999999999994, 0.23999999999999994, 0.25999999999999995]}, "complexity": {"635_fri_c0_250_10": [10, 10, 10, 10, 10]}, "time_all": {"635_fri_c0_250_10": [0.19195818901062012, 0.2539949417114258, 0.1323699951171875, 0.24226903915405273, 0.38435864448547363]}, "time_fit": {"635_fri_c0_250_10": [0.01639866828918457, 0.022570133209228516, 0.011247634887695312, 0.021445035934448242, 0.032044172286987305]}, "sizes": {"635_fri_c0_250_10": []}, "tau": 0.7}}
