{"SQR": {"losses": {"595_fri_c0_1000_10": [0.011361506846777388, 0.011123788909863654, 0.01179892754680752, 0.011205094910783349, 0.007646079633906348]}, "coverage": {"595_fri_c0_1000_10": [0.03500000000000003, 0.030000000000000027, 0.07500000000000007, 0.025000000000000022, 0.0050000000000000044]}, "complexity": {"595_fri_c0_1000_10": [10, 9, 9, 9, 14]}, "time_all": {"595_fri_c0_1000_10": [94.54014992713928, 88.99747109413147, 94.32999658584595, 91.87388968467712, 91.24113988876343]}, "time_fit": {"595_fri_c0_1000_10": [94.54014992713928, 88.99747109413147, 94.32999658584595, 91.87388968467712, 91.24113988876343]}, "sizes": {"595_fri_c0_1000_10": []}, "tau": 0.9}, "LightGBM": {"losses": {"595_fri_c0_1000_10": [0.020647058860619003, 0.018549317983777795, 0.01874047219608664, 0.021017651641246943, 0.019776790338120062]}, "coverage": {"595_fri_c0_1000_10": [0.03500000000000003, 0.020000000000000018, 0.015000000000000013, 0.020000000000000018, 0.04499999999999993]}, "time_all": {"595_fri_c0_1000_10": [0.3506286144256592, 0.3166542053222656, 0.3102250099182129, 0.327228307723999, 0.2915346622467041]}, "time_fit": {"595_fri_c0_1000_10": [0.0684957504272461, 0.06336259841918945, 0.06422758102416992, 0.07101130485534668, 0.06376361846923828]}, "sizes": {"595_fri_c0_1000_10": []}, "tau": 0.9}, "DecisionTree": {"losses": {"595_fri_c0_1000_10": [0.017714796096449915, 0.019428568430198113, 0.019107885347278065, 0.01970594397131753, 0.019754866377856322]}, "coverage": {"595_fri_c0_1000_10": [0.050000000000000044, 0.05500000000000005, 0.03500000000000003, 0.030000000000000027, 0.10499999999999998]}, "complexity": {"595_fri_c0_1000_10": [37, 25, 35, 37, 59]}, "time_all": {"595_fri_c0_1000_10": [0.16556167602539062, 0.16194653511047363, 0.1625843048095703, 0.16228771209716797, 0.16852045059204102]}, "time_fit": {"595_fri_c0_1000_10": [0.010323286056518555, 0.008746623992919922, 0.010010480880737305, 0.010275602340698242, 0.013184070587158203]}, "sizes": {"595_fri_c0_1000_10": []}, "tau": 0.9}, "LinearQuantile": {"losses": {"595_fri_c0_1000_10": [0.04085383516150034, 0.04015862451300286, 0.03633364079288809, 0.03358548351998773, 0.039648557105471466]}, "coverage": {"595_fri_c0_1000_10": [0.495, 0.42500000000000004, 0.36, 0.3350000000000001, 0.42000000000000004]}, "complexity": {"595_fri_c0_1000_10": [10, 10, 10, 10, 10]}, "time_all": {"595_fri_c0_1000_10": [0.8119053840637207, 0.14883661270141602, 0.5790088176727295, 0.24142980575561523, 0.2278907299041748]}, "time_fit": {"595_fri_c0_1000_10": [0.07248973846435547, 0.012997865676879883, 0.050696372985839844, 0.021402359008789062, 0.019644498825073242]}, "sizes": {"595_fri_c0_1000_10": []}, "tau": 0.9}}
