{"SQR": {"losses": {"225_puma8NH": [0.06277015477470221, 0.061551990090736315, 0.06108747723421021, 0.060791862132883664, 0.060959237984740546]}, "coverage": {"225_puma8NH": [0.15771812080536912, 0.14429530201342283, 0.1562881562881563, 0.16117216117216115, 0.15567765567765568]}, "complexity": {"225_puma8NH": [3, 3, 3, 3, 3]}, "time_all": {"225_puma8NH": [576.6522760391235, 596.519091129303, 548.3651654720306, 593.4039406776428, 588.4782555103302]}, "time_fit": {"225_puma8NH": [576.6522760391235, 596.519091129303, 548.3651654720306, 593.4039406776428, 588.4782555103302]}, "sizes": {"225_puma8NH": []}, "tau": 0.5}, "LightGBM": {"losses": {"225_puma8NH": [0.053124956787688804, 0.052314492409147366, 0.0519484056217272, 0.05230992582033256, 0.05219983897855228]}, "coverage": {"225_puma8NH": [0.011287370347773051, 0.010067114093959773, 0.004273504273504258, 0.001831501831501825, 0.009768009768009789]}, "time_all": {"225_puma8NH": [1.1054108142852783, 1.0544984340667725, 1.0707488059997559, 1.0638198852539062, 1.0584399700164795]}, "time_fit": {"225_puma8NH": [0.14412689208984375, 0.1356055736541748, 0.13975119590759277, 0.13541626930236816, 0.14016222953796387]}, "sizes": {"225_puma8NH": []}, "tau": 0.5}, "DecisionTree": {"losses": {"225_puma8NH": [0.053280784423184104, 0.05144958504275905, 0.05161235381283065, 0.05081364869903513, 0.05155679970361867]}, "coverage": {"225_puma8NH": [0.0003050640634533197, 0.02593044539353262, 0.0030525030525030417, 0.0012210012210012167, 0.02564102564102566]}, "complexity": {"225_puma8NH": [227, 227, 283, 237, 289]}, "time_all": {"225_puma8NH": [1.2325332164764404, 0.880582332611084, 0.9326531887054443, 0.8616690635681152, 0.9165050983428955]}, "time_fit": {"225_puma8NH": [0.053956031799316406, 0.05166959762573242, 0.05726003646850586, 0.054512739181518555, 0.05659317970275879]}, "sizes": {"225_puma8NH": []}, "tau": 0.5}, "LinearQuantile": {"losses": {"225_puma8NH": [0.07665553471745859, 0.07866911399947267, 0.07599212012634461, 0.07644532379403847, 0.07592060073246497]}, "coverage": {"225_puma8NH": [0.12477120195240998, 0.11256863941427697, 0.09340659340659341, 0.08852258852258854, 0.10439560439560441]}, "complexity": {"225_puma8NH": [8, 8, 8, 8, 8]}, "time_all": {"225_puma8NH": [0.8065390586853027, 1.6311683654785156, 1.9688115119934082, 0.7032387256622314, 0.8407557010650635]}, "time_fit": {"225_puma8NH": [0.07058119773864746, 0.13469600677490234, 0.17820024490356445, 0.06358194351196289, 0.07620024681091309]}, "sizes": {"225_puma8NH": []}, "tau": 0.5}}
