{"SQR": {"losses": {"650_fri_c0_500_50": [0.017287997309499484, 0.018211720867469156, 0.013757226555113427, 0.011377440916226089, 0.014392688697690365]}, "coverage": {"650_fri_c0_500_50": [0.07000000000000006, 0.0, 0.040000000000000036, 0.09000000000000008, 0.07000000000000006]}, "complexity": {"650_fri_c0_500_50": [8, 9, 12, 12, 11]}, "time_all": {"650_fri_c0_500_50": [99.55916237831116, 89.85017776489258, 87.30530548095703, 86.51093912124634, 87.00196766853333]}, "time_fit": {"650_fri_c0_500_50": [99.55916237831116, 89.85017776489258, 87.30530548095703, 86.51093912124634, 87.00196766853333]}, "sizes": {"650_fri_c0_500_50": []}, "tau": 0.8}, "LightGBM": {"losses": {"650_fri_c0_500_50": [0.03149165399738938, 0.0334583060194373, 0.0301105229491996, 0.03204214210411977, 0.03323418595920579]}, "coverage": {"650_fri_c0_500_50": [0.030000000000000027, 0.050000000000000044, 0.050000000000000044, 0.010000000000000009, 0.030000000000000027]}, "time_all": {"650_fri_c0_500_50": [0.30945491790771484, 0.249053955078125, 0.25073885917663574, 0.2776834964752197, 0.30222606658935547]}, "time_fit": {"650_fri_c0_500_50": [0.06306076049804688, 0.057965755462646484, 0.059720516204833984, 0.057735443115234375, 0.06973743438720703]}, "sizes": {"650_fri_c0_500_50": []}, "tau": 0.8}, "DecisionTree": {"losses": {"650_fri_c0_500_50": [0.034274621294886606, 0.039136255561755026, 0.02826309943686615, 0.03332743571012181, 0.03354158437548738]}, "coverage": {"650_fri_c0_500_50": [0.0, 0.14, 0.019999999999999907, 0.06000000000000005, 0.020000000000000018]}, "complexity": {"650_fri_c0_500_50": [33, 19, 17, 17, 19]}, "time_all": {"650_fri_c0_500_50": [0.19601869583129883, 0.19483447074890137, 0.1958625316619873, 0.1982440948486328, 0.20257306098937988]}, "time_fit": {"650_fri_c0_500_50": [0.016726255416870117, 0.013733863830566406, 0.013018608093261719, 0.013195991516113281, 0.014043569564819336]}, "sizes": {"650_fri_c0_500_50": []}, "tau": 0.8}, "LinearQuantile": {"losses": {"650_fri_c0_500_50": [0.047467383158097086, 0.041920592156783065, 0.04309379054935633, 0.03994341128210834, 0.04358319273593951]}, "coverage": {"650_fri_c0_500_50": [0.41000000000000003, 0.38000000000000006, 0.37000000000000005, 0.32000000000000006, 0.36000000000000004]}, "complexity": {"650_fri_c0_500_50": [50, 50, 50, 50, 50]}, "time_all": {"650_fri_c0_500_50": [8.818554162979126, 7.806798219680786, 6.6872239112854, 12.646227598190308, 15.769012212753296]}, "time_fit": {"650_fri_c0_500_50": [0.7565770149230957, 0.6316835880279541, 0.5362846851348877, 0.8979969024658203, 1.3122570514678955]}, "sizes": {"650_fri_c0_500_50": []}, "tau": 0.8}}
