{"SQR": {"losses": {"663_rabe_266": [0.002566874381555841, 0.0026261863129169684, 0.004281203586645223, 0.00575347657481617, 0.006181399540874655]}, "coverage": {"663_rabe_266": [0.15000000000000002, 0.05833333333333335, 0.19166666666666665, 0.016666666666666607, 0.016666666666666607]}, "complexity": {"663_rabe_266": [17, 16, 16, 16, 11]}, "time_all": {"663_rabe_266": [85.43583226203918, 70.8343117237091, 70.67620611190796, 71.21358823776245, 69.81059527397156]}, "time_fit": {"663_rabe_266": [85.43583226203918, 70.8343117237091, 70.67620611190796, 71.21358823776245, 69.81059527397156]}, "sizes": {"663_rabe_266": []}, "tau": 0.9}, "LightGBM": {"losses": {"663_rabe_266": [0.022697855402014442, 0.019851135668212123, 0.021854743386586325, 0.027744554116328937, 0.020133378283713116]}, "coverage": {"663_rabe_266": [0.06666666666666665, 0.10833333333333339, 0.016666666666666607, 0.05833333333333335, 0.05833333333333335]}, "time_all": {"663_rabe_266": [0.1203618049621582, 0.08195781707763672, 0.08439493179321289, 0.08873367309570312, 0.09187865257263184]}, "time_fit": {"663_rabe_266": [0.015677690505981445, 0.01706409454345703, 0.013555049896240234, 0.018101215362548828, 0.01886773109436035]}, "sizes": {"663_rabe_266": []}, "tau": 0.9}, "DecisionTree": {"losses": {"663_rabe_266": [0.027698618307426603, 0.021968911917098443, 0.022685664939550942, 0.0234412780656304, 0.017711571675302244]}, "coverage": {"663_rabe_266": [0.10833333333333339, 0.10833333333333339, 0.10833333333333339, 0.05833333333333335, 0.016666666666666607]}, "complexity": {"663_rabe_266": [7, 5, 7, 23, 7]}, "time_all": {"663_rabe_266": [0.03180837631225586, 0.030695676803588867, 0.031874656677246094, 0.03356361389160156, 0.032111406326293945]}, "time_fit": {"663_rabe_266": [0.002052783966064453, 0.0018494129180908203, 0.0019850730895996094, 0.0031790733337402344, 0.0020017623901367188]}, "sizes": {"663_rabe_266": []}, "tau": 0.9}, "LinearQuantile": {"losses": {"663_rabe_266": [0.006635744345449419, 0.005362726899153923, 0.0052352895778452644, 0.003641128686460952, 0.005075650431370107]}, "coverage": {"663_rabe_266": [0.10833333333333339, 0.06666666666666665, 0.06666666666666665, 0.05833333333333335, 0.025000000000000022]}, "complexity": {"663_rabe_266": [11, 11, 11, 11, 11]}, "time_all": {"663_rabe_266": [0.8928041458129883, 0.2891874313354492, 0.2773125171661377, 0.28524136543273926, 0.6466987133026123]}, "time_fit": {"663_rabe_266": [0.07986187934875488, 0.02436518669128418, 0.023255109786987305, 0.024160385131835938, 0.048990488052368164]}, "sizes": {"663_rabe_266": []}, "tau": 0.9}}
