{"SQR": {"losses": {"607_fri_c4_1000_50": [0.010852552086892508, 0.012016103759781835, 0.009295305901823153, 0.009285495083018774, 0.011236616229969831]}, "coverage": {"607_fri_c4_1000_50": [0.08999999999999997, 0.02499999999999991, 0.02499999999999991, 0.04999999999999993, 0.125]}, "complexity": {"607_fri_c4_1000_50": [10, 10, 18, 14, 13]}, "time_all": {"607_fri_c4_1000_50": [130.50569319725037, 120.84136867523193, 113.21958017349243, 117.46265578269958, 114.78457140922546]}, "time_fit": {"607_fri_c4_1000_50": [130.50569319725037, 120.84136867523193, 113.21958017349243, 117.46265578269958, 114.78457140922546]}, "sizes": {"607_fri_c4_1000_50": []}, "tau": 0.7}, "LightGBM": {"losses": {"607_fri_c4_1000_50": [0.019052167417600716, 0.023296194051425814, 0.02106826150819408, 0.020762997602796554, 0.025534839425958206]}, "coverage": {"607_fri_c4_1000_50": [0.04499999999999993, 0.0, 0.014999999999999902, 0.040000000000000036, 0.014999999999999902]}, "time_all": {"607_fri_c4_1000_50": [0.48418760299682617, 0.4417724609375, 0.4464752674102783, 0.46472644805908203, 0.446791410446167]}, "time_fit": {"607_fri_c4_1000_50": [0.07405471801757812, 0.07110095024108887, 0.07103371620178223, 0.07050967216491699, 0.07185482978820801]}, "sizes": {"607_fri_c4_1000_50": []}, "tau": 0.7}, "DecisionTree": {"losses": {"607_fri_c4_1000_50": [0.025612019833105553, 0.023379709979502745, 0.022983414807626286, 0.02037023176466136, 0.024235056612894986]}, "coverage": {"607_fri_c4_1000_50": [0.18499999999999994, 0.07499999999999996, 0.10499999999999998, 0.02499999999999991, 0.12]}, "complexity": {"607_fri_c4_1000_50": [325, 141, 137, 139, 135]}, "time_all": {"607_fri_c4_1000_50": [0.5302269458770752, 0.4683711528778076, 0.4936063289642334, 0.442979097366333, 0.4591696262359619]}, "time_fit": {"607_fri_c4_1000_50": [0.0774679183959961, 0.05314779281616211, 0.05577516555786133, 0.0458066463470459, 0.0480649471282959]}, "sizes": {"607_fri_c4_1000_50": []}, "tau": 0.7}, "LinearQuantile": {"losses": {"607_fri_c4_1000_50": [0.05217583261239476, 0.05796842239772937, 0.05658055559027003, 0.05250882994312363, 0.055871340534532875]}, "coverage": {"607_fri_c4_1000_50": [0.23499999999999993, 0.20999999999999996, 0.22499999999999998, 0.22999999999999998, 0.17999999999999994]}, "complexity": {"607_fri_c4_1000_50": [50, 50, 50, 50, 50]}, "time_all": {"607_fri_c4_1000_50": [3.6629068851470947, 10.082753658294678, 3.7112066745758057, 12.697909832000732, 5.146358013153076]}, "time_fit": {"607_fri_c4_1000_50": [0.3081192970275879, 0.8870279788970947, 0.30594563484191895, 1.1260225772857666, 0.3801698684692383]}, "sizes": {"607_fri_c4_1000_50": []}, "tau": 0.7}}
