{"SQR": {"losses": {"712_chscase_geyser1": [0.04301550189293869, 0.044761724131278983, 0.04127888124324838, 0.03889408036014351, 0.05712053189762894]}, "coverage": {"712_chscase_geyser1": [0.1444444444444445, 0.14444444444444438, 0.1863636363636364, 0.018181818181818188, 0.3136363636363636]}, "complexity": {"712_chscase_geyser1": [3, 3, 3, 3, 3]}, "time_all": {"712_chscase_geyser1": [85.58775019645691, 69.88910698890686, 71.55970573425293, 68.66228294372559, 72.55285692214966]}, "time_fit": {"712_chscase_geyser1": [85.58775019645691, 69.88910698890686, 71.55970573425293, 68.66228294372559, 72.55285692214966]}, "sizes": {"712_chscase_geyser1": []}, "tau": 0.7}, "LightGBM": {"losses": {"712_chscase_geyser1": [0.04331559476892793, 0.04217207345353467, 0.04160581963897019, 0.0469220701380813, 0.05538800225204764]}, "coverage": {"712_chscase_geyser1": [0.10000000000000009, 0.011111111111111072, 0.2090909090909091, 0.050000000000000044, 0.3136363636363636]}, "time_all": {"712_chscase_geyser1": [0.16280007362365723, 0.13662266731262207, 0.1379406452178955, 0.1255509853363037, 0.1250600814819336]}, "time_fit": {"712_chscase_geyser1": [0.02629375457763672, 0.0310666561126709, 0.03090810775756836, 0.020210981369018555, 0.020315170288085938]}, "sizes": {"712_chscase_geyser1": []}, "tau": 0.7}, "DecisionTree": {"losses": {"712_chscase_geyser1": [0.03865828092243188, 0.04161844863731657, 0.042508576329331055, 0.04464408233276158, 0.050951972555746135]}, "coverage": {"712_chscase_geyser1": [0.1444444444444445, 0.011111111111111072, 0.07272727272727275, 0.0636363636363636, 0.26818181818181813]}, "complexity": {"712_chscase_geyser1": [11, 11, 69, 13, 7]}, "time_all": {"712_chscase_geyser1": [0.040253400802612305, 0.03992486000061035, 0.04356026649475098, 0.04038405418395996, 0.03981733322143555]}, "time_fit": {"712_chscase_geyser1": [0.0023593902587890625, 0.0023202896118164062, 0.006233692169189453, 0.0024521350860595703, 0.0019931793212890625]}, "sizes": {"712_chscase_geyser1": []}, "tau": 0.7}, "LinearQuantile": {"losses": {"712_chscase_geyser1": [0.08099694916926366, 0.10901666329565332, 0.07998936019921442, 0.09008531814638943, 0.10369914501478865]}, "coverage": {"712_chscase_geyser1": [0.033333333333333326, 0.23333333333333328, 0.00454545454545463, 0.17727272727272725, 0.13181818181818172]}, "complexity": {"712_chscase_geyser1": [2, 2, 2, 2, 2]}, "time_all": {"712_chscase_geyser1": [0.16681408882141113, 0.0813283920288086, 0.3656282424926758, 0.11667442321777344, 0.06803464889526367]}, "time_fit": {"712_chscase_geyser1": [0.014139175415039062, 0.006747722625732422, 0.029755830764770508, 0.009965181350708008, 0.005616188049316406]}, "sizes": {"712_chscase_geyser1": []}, "tau": 0.7}}
