{"SQR": {"losses": {"197_cpu_act": [0.00999583547818941, 0.00824102886395711, 0.01013988848322532, 0.01032009248213774, 0.007853532377899947]}, "coverage": {"197_cpu_act": [0.016961561928004798, 0.005613178767541194, 0.00940170940170948, 0.011355311355311315, 0.029059829059829068]}, "complexity": {"197_cpu_act": [4, 8, 4, 4, 12]}, "time_all": {"197_cpu_act": [474.2503888607025, 398.6516819000244, 523.8467106819153, 544.8747482299805, 385.36311388015747]}, "time_fit": {"197_cpu_act": [474.2503888607025, 398.6516819000244, 523.8467106819153, 544.8747482299805, 385.36311388015747]}, "sizes": {"197_cpu_act": []}, "tau": 0.8}, "LightGBM": {"losses": {"197_cpu_act": [0.01368593126145225, 0.01471436130924778, 0.014377390279787293, 0.01553017334307038, 0.016544840482433314]}, "coverage": {"197_cpu_act": [0.02391702257474071, 0.02672361195851125, 0.026007326007325915, 0.030891330891330893, 0.04188034188034184]}, "time_all": {"197_cpu_act": [1.0940630435943604, 1.015838623046875, 1.0558514595031738, 1.0544028282165527, 1.0348553657531738]}, "time_fit": {"197_cpu_act": [0.14930343627929688, 0.14246082305908203, 0.14796948432922363, 0.1447453498840332, 0.15093040466308594]}, "sizes": {"197_cpu_act": []}, "tau": 0.8}, "DecisionTree": {"losses": {"197_cpu_act": [0.007363445313414806, 0.007275931986121125, 0.00720785387452054, 0.007179487179487178, 0.0068048001381334705]}, "coverage": {"197_cpu_act": [0.009640024405125014, 0.009640024405125014, 0.02051282051282044, 0.03943833943833941, 0.05042735042735036]}, "complexity": {"197_cpu_act": [321, 491, 315, 227, 267]}, "time_all": {"197_cpu_act": [1.6710522174835205, 1.2744979858398438, 1.1913466453552246, 1.3972587585449219, 1.2799944877624512]}, "time_fit": {"197_cpu_act": [0.08505821228027344, 0.09823036193847656, 0.08565664291381836, 0.07795834541320801, 0.08151459693908691]}, "sizes": {"197_cpu_act": []}, "tau": 0.8}, "LinearQuantile": {"losses": {"197_cpu_act": [0.05286184491433658, 0.05035560253994744, 0.04960296511446387, 0.05001430947212765, 0.04858030136427197]}, "coverage": {"197_cpu_act": [0.05198291641244668, 0.04527150701647353, 0.05030525030525035, 0.047863247863247915, 0.052136752136752174]}, "complexity": {"197_cpu_act": [21, 21, 21, 21, 21]}, "time_all": {"197_cpu_act": [51.398353815078735, 53.277772188186646, 48.841240882873535, 45.739020109176636, 48.979254722595215]}, "time_fit": {"197_cpu_act": [7.090538740158081, 2.436901092529297, 3.4426848888397217, 2.253124237060547, 5.448025226593018]}, "sizes": {"197_cpu_act": []}, "tau": 0.8}}
