{"SQR": {"losses": {"582_fri_c1_500_25": [0.010859717395654903, 0.02251040635307136, 0.02844362292138143, 0.011439877658571563, 0.017102334330616933]}, "coverage": {"582_fri_c1_500_25": [0.030000000000000027, 0.17000000000000004, 0.030000000000000027, 0.030000000000000027, 0.010000000000000009]}, "complexity": {"582_fri_c1_500_25": [12, 13, 12, 17, 16]}, "time_all": {"582_fri_c1_500_25": [107.3963725566864, 91.29192590713501, 92.11588907241821, 89.24990892410278, 92.22544980049133]}, "time_fit": {"582_fri_c1_500_25": [107.3963725566864, 91.29192590713501, 92.11588907241821, 89.24990892410278, 92.22544980049133]}, "sizes": {"582_fri_c1_500_25": []}, "tau": 0.5}, "LightGBM": {"losses": {"582_fri_c1_500_25": [0.038370598762373774, 0.038863249394643966, 0.04131010111996539, 0.04353569540675095, 0.03515617640644032]}, "coverage": {"582_fri_c1_500_25": [0.09999999999999998, 0.020000000000000018, 0.030000000000000027, 0.030000000000000027, 0.030000000000000027]}, "time_all": {"582_fri_c1_500_25": [0.30254411697387695, 0.25910377502441406, 0.25330376625061035, 0.277738094329834, 0.24511361122131348]}, "time_fit": {"582_fri_c1_500_25": [0.060868024826049805, 0.061742305755615234, 0.058455705642700195, 0.05882072448730469, 0.05651664733886719]}, "sizes": {"582_fri_c1_500_25": []}, "tau": 0.5}, "DecisionTree": {"losses": {"582_fri_c1_500_25": [0.04481702270712513, 0.039689164585580305, 0.04447461454068386, 0.043301610346803604, 0.042575513350506355]}, "coverage": {"582_fri_c1_500_25": [0.03999999999999998, 0.06000000000000005, 0.08999999999999997, 0.020000000000000018, 0.07]}, "complexity": {"582_fri_c1_500_25": [157, 171, 73, 161, 33]}, "time_all": {"582_fri_c1_500_25": [0.14061737060546875, 0.1405503749847412, 0.13253045082092285, 0.14070868492126465, 0.12993979454040527]}, "time_fit": {"582_fri_c1_500_25": [0.02252936363220215, 0.023542404174804688, 0.014856576919555664, 0.022850513458251953, 0.01069021224975586]}, "sizes": {"582_fri_c1_500_25": []}, "tau": 0.5}, "LinearQuantile": {"losses": {"582_fri_c1_500_25": [0.07541309060151163, 0.0810528214098457, 0.07606990121707302, 0.08420298111606904, 0.06867377156472064]}, "coverage": {"582_fri_c1_500_25": [0.020000000000000018, 0.0, 0.010000000000000009, 0.030000000000000027, 0.050000000000000044]}, "complexity": {"582_fri_c1_500_25": [25, 25, 25, 25, 25]}, "time_all": {"582_fri_c1_500_25": [2.2185277938842773, 2.979652166366577, 1.1677420139312744, 1.169811725616455, 0.44838619232177734]}, "time_fit": {"582_fri_c1_500_25": [0.13724255561828613, 0.24155259132385254, 0.07721948623657227, 0.07748866081237793, 0.03666186332702637]}, "sizes": {"582_fri_c1_500_25": []}, "tau": 0.5}}
