{"SQR": {"losses": {"1203_BNG_pwLinear": [0.044155180627888715, 0.04379433586952902, 0.043857290174835056, 0.04428870150683711, 0.04388354852010759]}, "coverage": {"1203_BNG_pwLinear": [0.06350550381033027, 0.07784363533728478, 0.07106325326709761, 0.07574868045951066, 0.06846651048576025]}, "complexity": {"1203_BNG_pwLinear": [2, 2, 2, 2, 2]}, "time_all": {"1203_BNG_pwLinear": [583.0307457447052, 571.7666444778442, 582.1808016300201, 566.2978010177612, 569.3431694507599]}, "time_fit": {"1203_BNG_pwLinear": [583.0307457447052, 571.7666444778442, 582.1808016300201, 566.2978010177612, 569.3431694507599]}, "sizes": {"1203_BNG_pwLinear": []}, "tau": 0.7}, "LightGBM": {"losses": {"1203_BNG_pwLinear": [0.031673730646389064, 0.031350995009403644, 0.031602322134603, 0.03191772117121536, 0.03160847919111636]}, "coverage": {"1203_BNG_pwLinear": [0.024696584815128486, 0.025543324865932915, 0.024180755877953097, 0.024124304947924058, 0.023757373902735135]}, "time_all": {"1203_BNG_pwLinear": [2.9234635829925537, 2.738393545150757, 2.817537784576416, 2.734083890914917, 2.758518934249878]}, "time_fit": {"1203_BNG_pwLinear": [0.4835703372955322, 0.4727611541748047, 0.47560858726501465, 0.4467446804046631, 0.4565880298614502]}, "sizes": {"1203_BNG_pwLinear": []}, "tau": 0.7}, "DecisionTree": {"losses": {"1203_BNG_pwLinear": [0.03034742632585065, 0.03023847855954633, 0.030304772978481408, 0.030659439706902908, 0.030394016033536423]}, "coverage": {"1203_BNG_pwLinear": [0.00849562517640412, 0.009173017217047663, 0.005766462502469705, 0.009718027604504687, 0.0061051680826441634]}, "complexity": {"1203_BNG_pwLinear": [4159, 4205, 4229, 4531, 4161]}, "time_all": {"1203_BNG_pwLinear": [13.172643661499023, 13.34483027458191, 12.812138557434082, 12.834854125976562, 12.870030164718628]}, "time_fit": {"1203_BNG_pwLinear": [0.6502022743225098, 0.6645729541778564, 0.6218504905700684, 0.6442208290100098, 0.6191270351409912]}, "sizes": {"1203_BNG_pwLinear": []}, "tau": 0.7}, "LinearQuantile": {"losses": {"1203_BNG_pwLinear": [0.036881177647644134, 0.03668269559797328, 0.036906070961494376, 0.03712492939706343, 0.036777574201085975]}, "coverage": {"1203_BNG_pwLinear": [0.0006491673722833768, 0.0033305108664973826, 0.00040362414970784855, 0.0006012024048095421, 0.0019277992604928018]}, "complexity": {"1203_BNG_pwLinear": [29, 29, 29, 29, 29]}, "time_all": {"1203_BNG_pwLinear": [51.29017949104309, 65.57039785385132, 60.48325037956238, 74.03955578804016, 68.61044454574585]}, "time_fit": {"1203_BNG_pwLinear": [4.628907918930054, 5.896580219268799, 5.420615196228027, 6.677760362625122, 6.123327255249023]}, "sizes": {"1203_BNG_pwLinear": []}, "tau": 0.7}}
