{"SQR": {"losses": {"635_fri_c0_250_10": [0.02887050278318382, 0.03137980730645552, 0.025932891563092787, 0.025357065802265908, 0.02885371417268032]}, "coverage": {"635_fri_c0_250_10": [0.020000000000000018, 0.020000000000000018, 0.07999999999999996, 0.18000000000000005, 0.13999999999999996]}, "complexity": {"635_fri_c0_250_10": [11, 11, 15, 13, 11]}, "time_all": {"635_fri_c0_250_10": [93.83450865745544, 79.0776035785675, 78.22984981536865, 79.04418325424194, 78.62238717079163]}, "time_fit": {"635_fri_c0_250_10": [93.83450865745544, 79.0776035785675, 78.22984981536865, 79.04418325424194, 78.62238717079163]}, "sizes": {"635_fri_c0_250_10": []}, "tau": 0.6}, "LightGBM": {"losses": {"635_fri_c0_250_10": [0.04880453702599301, 0.04950013902724241, 0.0412189199671204, 0.04229293179506945, 0.05008174609502084]}, "coverage": {"635_fri_c0_250_10": [0.06000000000000005, 0.0, 0.039999999999999925, 0.0, 0.05999999999999994]}, "time_all": {"635_fri_c0_250_10": [0.1795787811279297, 0.13840961456298828, 0.13671469688415527, 0.1393883228302002, 0.13918209075927734]}, "time_fit": {"635_fri_c0_250_10": [0.03177523612976074, 0.030906200408935547, 0.031286001205444336, 0.032652854919433594, 0.032143354415893555]}, "sizes": {"635_fri_c0_250_10": []}, "tau": 0.6}, "DecisionTree": {"losses": {"635_fri_c0_250_10": [0.052280471861381086, 0.053909442790449964, 0.04956994101919962, 0.05060558971398143, 0.05680053799567936]}, "coverage": {"635_fri_c0_250_10": [0.0, 0.09999999999999998, 0.039999999999999925, 0.040000000000000036, 0.06000000000000005]}, "complexity": {"635_fri_c0_250_10": [33, 77, 79, 15, 15]}, "time_all": {"635_fri_c0_250_10": [0.05389046669006348, 0.055319786071777344, 0.05591392517089844, 0.051162004470825195, 0.05051684379577637]}, "time_fit": {"635_fri_c0_250_10": [0.005208015441894531, 0.008536338806152344, 0.008612632751464844, 0.003435373306274414, 0.0034372806549072266]}, "sizes": {"635_fri_c0_250_10": []}, "tau": 0.6}, "LinearQuantile": {"losses": {"635_fri_c0_250_10": [0.05300247481739367, 0.054409753621579626, 0.04731619304274958, 0.04384524248293998, 0.049231955928308625]}, "coverage": {"635_fri_c0_250_10": [0.07999999999999996, 0.24, 0.07999999999999996, 0.12, 0.15999999999999998]}, "complexity": {"635_fri_c0_250_10": [10, 10, 10, 10, 10]}, "time_all": {"635_fri_c0_250_10": [0.3894329071044922, 0.3499886989593506, 0.24184393882751465, 0.23714065551757812, 0.3451368808746338]}, "time_fit": {"635_fri_c0_250_10": [0.03424549102783203, 0.03008103370666504, 0.020823955535888672, 0.020874500274658203, 0.02893853187561035]}, "sizes": {"635_fri_c0_250_10": []}, "tau": 0.6}}
