{"SQR": {"losses": {"581_fri_c3_500_25": [0.01589247209114861, 0.015018238785445424, 0.028162686361657568, 0.014381401698242929, 0.02266137234252254]}, "coverage": {"581_fri_c3_500_25": [0.010000000000000009, 0.16999999999999998, 0.10999999999999999, 0.030000000000000027, 0.17000000000000004]}, "complexity": {"581_fri_c3_500_25": [13, 15, 8, 16, 11]}, "time_all": {"581_fri_c3_500_25": [108.65500903129578, 94.63423299789429, 90.70902943611145, 91.7195372581482, 87.76680588722229]}, "time_fit": {"581_fri_c3_500_25": [108.65500903129578, 94.63423299789429, 90.70902943611145, 91.7195372581482, 87.76680588722229]}, "sizes": {"581_fri_c3_500_25": []}, "tau": 0.5}, "LightGBM": {"losses": {"581_fri_c3_500_25": [0.032625560817522346, 0.03309110907517728, 0.027218114746801532, 0.03273197852395963, 0.029581283701561392]}, "coverage": {"581_fri_c3_500_25": [0.010000000000000009, 0.030000000000000027, 0.020000000000000018, 0.010000000000000009, 0.010000000000000009]}, "time_all": {"581_fri_c3_500_25": [0.3062417507171631, 0.27138566970825195, 0.24553561210632324, 0.2918579578399658, 0.2549285888671875]}, "time_fit": {"581_fri_c3_500_25": [0.059912681579589844, 0.05264782905578613, 0.05401945114135742, 0.06040477752685547, 0.05916190147399902]}, "sizes": {"581_fri_c3_500_25": []}, "tau": 0.5}, "DecisionTree": {"losses": {"581_fri_c3_500_25": [0.036490511485909934, 0.037116632115760766, 0.034133303861120984, 0.037209060591364834, 0.0318644259193253]}, "coverage": {"581_fri_c3_500_25": [0.010000000000000009, 0.0, 0.03999999999999998, 0.06000000000000005, 0.020000000000000018]}, "complexity": {"581_fri_c3_500_25": [65, 69, 67, 161, 161]}, "time_all": {"581_fri_c3_500_25": [0.14107584953308105, 0.13724279403686523, 0.13448762893676758, 0.14143872261047363, 0.14433526992797852]}, "time_fit": {"581_fri_c3_500_25": [0.015360355377197266, 0.015320777893066406, 0.015005111694335938, 0.0232083797454834, 0.02347254753112793]}, "sizes": {"581_fri_c3_500_25": []}, "tau": 0.5}, "LinearQuantile": {"losses": {"581_fri_c3_500_25": [0.07339109702283099, 0.06508506811580922, 0.05812108024950041, 0.06480125440406587, 0.06126628804521055]}, "coverage": {"581_fri_c3_500_25": [0.04999999999999999, 0.09000000000000002, 0.04999999999999999, 0.04999999999999999, 0.020000000000000018]}, "complexity": {"581_fri_c3_500_25": [25, 25, 25, 25, 25]}, "time_all": {"581_fri_c3_500_25": [1.2157704830169678, 1.6571426391601562, 1.9604928493499756, 0.9538986682891846, 0.6734390258789062]}, "time_fit": {"581_fri_c3_500_25": [0.0977325439453125, 0.11380171775817871, 0.1397850513458252, 0.08560323715209961, 0.05096793174743652]}, "sizes": {"581_fri_c3_500_25": []}, "tau": 0.5}}
