{"SQR": {"losses": {"215_2dplanes": [0.020491055478856, 0.02018390802756977, 0.02067006218466766, 0.02306697227225425, 0.020367979543859334]}, "coverage": {"215_2dplanes": [0.035172921265636425, 0.04486141770909979, 0.02695609516801567, 0.020164356678523232, 0.04422911811603092]}, "complexity": {"215_2dplanes": [12, 11, 12, 10, 12]}, "time_all": {"215_2dplanes": [564.8552083969116, 524.8107264041901, 574.0910139083862, 536.580197095871, 527.5478825569153]}, "time_fit": {"215_2dplanes": [564.8552083969116, 524.8107264041901, 574.0910139083862, 536.580197095871, 527.5478825569153]}, "sizes": {"215_2dplanes": []}, "tau": 0.8}, "LightGBM": {"losses": {"215_2dplanes": [0.014009867399721336, 0.014103056746875309, 0.014129268383071662, 0.014120539257689422, 0.014116708453290553]}, "coverage": {"215_2dplanes": [0.051729212656364876, 0.05332352219769432, 0.053568800588668086, 0.05465472832086349, 0.059928860542131646]}, "time_all": {"215_2dplanes": [1.6662335395812988, 1.3966476917266846, 1.421509027481079, 1.4152841567993164, 1.4286189079284668]}, "time_fit": {"215_2dplanes": [0.2348954677581787, 0.21803927421569824, 0.23368549346923828, 0.23331046104431152, 0.2353653907775879]}, "sizes": {"215_2dplanes": []}, "tau": 0.8}, "DecisionTree": {"losses": {"215_2dplanes": [0.01148278894745357, 0.01172309113946783, 0.011504803624652367, 0.011444573114197065, 0.011520243136351556]}, "coverage": {"215_2dplanes": [0.011062055432916384, 0.02320333578611733, 0.015354427274957172, 0.007776278670428072, 0.00789893290813204]}, "complexity": {"215_2dplanes": [973, 1067, 981, 971, 997]}, "time_all": {"215_2dplanes": [2.458892583847046, 2.331116199493408, 2.471526861190796, 2.521000385284424, 2.460893154144287]}, "time_fit": {"215_2dplanes": [0.10803532600402832, 0.11282157897949219, 0.10775995254516602, 0.10723686218261719, 0.10821056365966797]}, "sizes": {"215_2dplanes": []}, "tau": 0.8}, "LinearQuantile": {"losses": {"215_2dplanes": [0.02642579462283171, 0.02658017155476281, 0.026579120746667628, 0.026219916504880328, 0.02686772156049507]}, "coverage": {"215_2dplanes": [0.0012509197939661876, 0.001692420897718816, 0.0006377238165318211, 0.00252667729670053, 0.00041702440819335607]}, "complexity": {"215_2dplanes": [29, 29, 29, 29, 29]}, "time_all": {"215_2dplanes": [42.461976289749146, 43.34715151786804, 26.751792192459106, 22.929561614990234, 60.37235617637634]}, "time_fit": {"215_2dplanes": [3.87678861618042, 3.899263858795166, 2.289146661758423, 1.964989185333252, 5.449151277542114]}, "sizes": {"215_2dplanes": []}, "tau": 0.8}}
