{"SQR": {"losses": {"637_fri_c1_500_50": [0.03250398717441829, 0.018807511524533443, 0.019781097048310967, 0.012509006554404855, 0.011245204899388387]}, "coverage": {"637_fri_c1_500_50": [0.06999999999999995, 0.010000000000000009, 0.0, 0.039999999999999925, 0.020000000000000018]}, "complexity": {"637_fri_c1_500_50": [9, 16, 11, 15, 14]}, "time_all": {"637_fri_c1_500_50": [101.34786868095398, 97.33559989929199, 86.73056769371033, 104.31031584739685, 91.79540014266968]}, "time_fit": {"637_fri_c1_500_50": [101.34786868095398, 97.33559989929199, 86.73056769371033, 104.31031584739685, 91.79540014266968]}, "sizes": {"637_fri_c1_500_50": []}, "tau": 0.6}, "LightGBM": {"losses": {"637_fri_c1_500_50": [0.040134831260965, 0.03689706160053424, 0.039025137090984395, 0.0373525399077222, 0.03276686132716573]}, "coverage": {"637_fri_c1_500_50": [0.010000000000000009, 0.050000000000000044, 0.020000000000000018, 0.04999999999999993, 0.010000000000000009]}, "time_all": {"637_fri_c1_500_50": [0.335127592086792, 0.2801346778869629, 0.27600765228271484, 0.3114912509918213, 0.2730681896209717]}, "time_fit": {"637_fri_c1_500_50": [0.06905078887939453, 0.06399917602539062, 0.06385111808776855, 0.06303167343139648, 0.06226682662963867]}, "sizes": {"637_fri_c1_500_50": []}, "tau": 0.6}, "DecisionTree": {"losses": {"637_fri_c1_500_50": [0.04129131914819503, 0.04032532278871015, 0.03664803399822122, 0.04428873086243541, 0.0412942312760521]}, "coverage": {"637_fri_c1_500_50": [0.10999999999999999, 0.06999999999999995, 0.050000000000000044, 0.05999999999999994, 0.06999999999999995]}, "complexity": {"637_fri_c1_500_50": [159, 71, 31, 69, 69]}, "time_all": {"637_fri_c1_500_50": [0.21274065971374512, 0.20807218551635742, 0.19453096389770508, 0.19959068298339844, 0.19615650177001953]}, "time_fit": {"637_fri_c1_500_50": [0.03285837173461914, 0.023760080337524414, 0.016399383544921875, 0.022867679595947266, 0.022249460220336914]}, "sizes": {"637_fri_c1_500_50": []}, "tau": 0.6}, "LinearQuantile": {"losses": {"637_fri_c1_500_50": [0.07145341055611815, 0.07911063330692977, 0.08180268399031766, 0.08555191156424408, 0.07374100074980808]}, "coverage": {"637_fri_c1_500_50": [0.04999999999999993, 0.10999999999999999, 0.14999999999999997, 0.18, 0.10999999999999999]}, "complexity": {"637_fri_c1_500_50": [50, 50, 50, 50, 50]}, "time_all": {"637_fri_c1_500_50": [5.480818510055542, 52.83805704116821, 9.462687253952026, 6.20090126991272, 14.270236253738403]}, "time_fit": {"637_fri_c1_500_50": [0.44994068145751953, 7.322949647903442, 0.8378069400787354, 0.469409704208374, 1.2381837368011475]}, "sizes": {"637_fri_c1_500_50": []}, "tau": 0.6}}
