{"SQR": {"losses": {"706_sleuth_case1202": [0.05695562208716064, 0.053250917753624165, 0.06375232118090789, 0.04183411451780895, 0.05123048727959722]}, "coverage": {"706_sleuth_case1202": [0.2789473684210526, 0.17368421052631577, 0.015789473684210464, 0.14444444444444438, 0.14444444444444438]}, "complexity": {"706_sleuth_case1202": [13, 13, 11, 10, 12]}, "time_all": {"706_sleuth_case1202": [82.1682960987091, 70.22079300880432, 69.8004207611084, 68.98744130134583, 67.20661449432373]}, "time_fit": {"706_sleuth_case1202": [82.1682960987091, 70.22079300880432, 69.8004207611084, 68.98744130134583, 67.20661449432373]}, "sizes": {"706_sleuth_case1202": []}, "tau": 0.7}, "LightGBM": {"losses": {"706_sleuth_case1202": [0.0609083499380089, 0.061043140536112726, 0.05837757386988188, 0.050497469116969194, 0.06634536773200336]}, "coverage": {"706_sleuth_case1202": [0.17368421052631577, 0.14210526315789473, 0.1947368421052632, 0.07777777777777783, 0.0888888888888888]}, "time_all": {"706_sleuth_case1202": [0.11242794990539551, 0.06207466125488281, 0.0847935676574707, 0.06503415107727051, 0.07182717323303223]}, "time_fit": {"706_sleuth_case1202": [0.014408349990844727, 0.012928247451782227, 0.019684553146362305, 0.014071464538574219, 0.017302274703979492]}, "sizes": {"706_sleuth_case1202": []}, "tau": 0.7}, "DecisionTree": {"losses": {"706_sleuth_case1202": [0.05994750656167979, 0.040819864622185384, 0.04909690564995166, 0.0413021289005541, 0.05937080781568972]}, "coverage": {"706_sleuth_case1202": [0.2263157894736842, 0.015789473684210464, 0.0368421052631579, 0.07777777777777783, 0.0888888888888888]}, "complexity": {"706_sleuth_case1202": [3, 13, 29, 11, 3]}, "time_all": {"706_sleuth_case1202": [0.032746315002441406, 0.032630205154418945, 0.03340864181518555, 0.03149080276489258, 0.03109145164489746]}, "time_fit": {"706_sleuth_case1202": [0.0017840862274169922, 0.0025513172149658203, 0.003598451614379883, 0.0023729801177978516, 0.0017309188842773438]}, "sizes": {"706_sleuth_case1202": []}, "tau": 0.7}, "LinearQuantile": {"losses": {"706_sleuth_case1202": [0.04563952248962546, 0.05128861481752774, 0.05890533123424026, 0.03966566831094756, 0.056386050243678335]}, "coverage": {"706_sleuth_case1202": [0.015789473684210464, 0.06842105263157894, 0.0368421052631579, 0.022222222222222254, 0.0888888888888888]}, "complexity": {"706_sleuth_case1202": [11, 11, 11, 11, 11]}, "time_all": {"706_sleuth_case1202": [4.386997938156128, 0.6566247940063477, 3.841128349304199, 3.742748737335205, 4.001502513885498]}, "time_fit": {"706_sleuth_case1202": [0.35738062858581543, 0.05014228820800781, 0.3583528995513916, 0.12943315505981445, 0.4009549617767334]}, "sizes": {"706_sleuth_case1202": []}, "tau": 0.7}}
