{"SQR": {"losses": {"591_fri_c1_100_10": [0.019633491583915322, 0.045754612382905915, 0.03503930616766334, 0.024819968634340547, 0.052798117101372555]}, "coverage": {"591_fri_c1_100_10": [0.0, 0.09999999999999998, 0.19999999999999996, 0.09999999999999998, 0.09999999999999998]}, "complexity": {"591_fri_c1_100_10": [13, 10, 12, 10, 9]}, "time_all": {"591_fri_c1_100_10": [78.6486463546753, 69.71577763557434, 65.53101801872253, 64.34278273582458, 67.84669899940491]}, "time_fit": {"591_fri_c1_100_10": [78.6486463546753, 69.71577763557434, 65.53101801872253, 64.34278273582458, 67.84669899940491]}, "sizes": {"591_fri_c1_100_10": []}, "tau": 0.6}, "LightGBM": {"losses": {"591_fri_c1_100_10": [0.05223162538893857, 0.07884510589104608, 0.07958539646766909, 0.0677251053930211, 0.08155452469622569]}, "coverage": {"591_fri_c1_100_10": [0.15000000000000002, 0.09999999999999998, 0.04999999999999993, 0.04999999999999993, 0.0]}, "time_all": {"591_fri_c1_100_10": [0.12412238121032715, 0.09553694725036621, 0.08002424240112305, 0.09240961074829102, 0.08289194107055664]}, "time_fit": {"591_fri_c1_100_10": [0.01582479476928711, 0.019790172576904297, 0.017108678817749023, 0.018622398376464844, 0.019369840621948242]}, "sizes": {"591_fri_c1_100_10": []}, "tau": 0.6}, "DecisionTree": {"losses": {"591_fri_c1_100_10": [0.0620740856828905, 0.048889477181066426, 0.06723590504303327, 0.05675789556062657, 0.06811484803340094]}, "coverage": {"591_fri_c1_100_10": [0.0, 0.25, 0.050000000000000044, 0.04999999999999993, 0.09999999999999998]}, "complexity": {"591_fri_c1_100_10": [1, 13, 5, 13, 33]}, "time_all": {"591_fri_c1_100_10": [0.03361868858337402, 0.034464359283447266, 0.03151822090148926, 0.03387331962585449, 0.035643815994262695]}, "time_fit": {"591_fri_c1_100_10": [0.0015354156494140625, 0.0026924610137939453, 0.0019271373748779297, 0.0026483535766601562, 0.004153251647949219]}, "sizes": {"591_fri_c1_100_10": []}, "tau": 0.6}, "LinearQuantile": {"losses": {"591_fri_c1_100_10": [0.07342887151482204, 0.09215790706402142, 0.09433542143082965, 0.08526207168714055, 0.09261731041290167]}, "coverage": {"591_fri_c1_100_10": [0.0, 0.14999999999999997, 0.09999999999999998, 0.14999999999999997, 0.14999999999999997]}, "complexity": {"591_fri_c1_100_10": [10, 10, 10, 10, 10]}, "time_all": {"591_fri_c1_100_10": [0.2825005054473877, 0.20618891716003418, 0.5923006534576416, 0.3160231113433838, 0.2279043197631836]}, "time_fit": {"591_fri_c1_100_10": [0.02419734001159668, 0.017376184463500977, 0.04450201988220215, 0.02612137794494629, 0.019156217575073242]}, "sizes": {"591_fri_c1_100_10": []}, "tau": 0.6}}
