{"SQR": {"losses": {"573_cpu_act": [0.009989482827570574, 0.007932453726102026, 0.007707232484802834, 0.007257301551767905, 0.009736968359911486]}, "coverage": {"573_cpu_act": [0.007809640024405096, 0.008663819402074502, 0.040537240537240615, 0.0009768009768009733, 0.004029304029304015]}, "complexity": {"573_cpu_act": [4, 10, 11, 10, 7]}, "time_all": {"573_cpu_act": [547.287234544754, 380.43868827819824, 413.1456332206726, 387.8759105205536, 405.27994680404663]}, "time_fit": {"573_cpu_act": [547.287234544754, 380.43868827819824, 413.1456332206726, 387.8759105205536, 405.27994680404663]}, "sizes": {"573_cpu_act": []}, "tau": 0.8}, "LightGBM": {"losses": {"573_cpu_act": [0.01368593126145225, 0.01471436130924778, 0.014377390279787293, 0.01553017334307038, 0.016544840482433314]}, "coverage": {"573_cpu_act": [0.02391702257474071, 0.02672361195851125, 0.026007326007325915, 0.030891330891330893, 0.04188034188034184]}, "time_all": {"573_cpu_act": [1.1590123176574707, 1.030872106552124, 1.0877363681793213, 1.0742511749267578, 1.0818850994110107]}, "time_fit": {"573_cpu_act": [0.1557626724243164, 0.1509103775024414, 0.15153884887695312, 0.15004658699035645, 0.14993047714233398]}, "sizes": {"573_cpu_act": []}, "tau": 0.8}, "DecisionTree": {"losses": {"573_cpu_act": [0.007363445313414806, 0.007275931986121125, 0.00720785387452054, 0.007179487179487178, 0.0068048001381334705]}, "coverage": {"573_cpu_act": [0.009640024405125014, 0.009640024405125014, 0.02051282051282044, 0.03943833943833941, 0.05042735042735036]}, "complexity": {"573_cpu_act": [321, 491, 315, 227, 267]}, "time_all": {"573_cpu_act": [1.5000965595245361, 1.4963243007659912, 1.2341914176940918, 1.2481365203857422, 1.2465660572052002]}, "time_fit": {"573_cpu_act": [0.08513355255126953, 0.09795665740966797, 0.08558988571166992, 0.07806801795959473, 0.08162927627563477]}, "sizes": {"573_cpu_act": []}, "tau": 0.8}, "LinearQuantile": {"losses": {"573_cpu_act": [0.05286184491433658, 0.05035560253994744, 0.04960296511446387, 0.05001430947212765, 0.04858030136427197]}, "coverage": {"573_cpu_act": [0.05198291641244668, 0.04527150701647353, 0.05030525030525035, 0.047863247863247915, 0.052136752136752174]}, "complexity": {"573_cpu_act": [21, 21, 21, 21, 21]}, "time_all": {"573_cpu_act": [50.18206191062927, 47.91327929496765, 45.83192777633667, 46.558170318603516, 47.74067211151123]}, "time_fit": {"573_cpu_act": [6.736578702926636, 2.297672748565674, 3.408203601837158, 2.268723726272583, 5.314693450927734]}, "sizes": {"573_cpu_act": []}, "tau": 0.8}}
