{"SQR": {"losses": {"596_fri_c2_250_5": [0.02582470774184228, 0.013341523959917785, 0.013542039673609826, 0.01462473206504822, 0.016761966261204454]}, "coverage": {"596_fri_c2_250_5": [0.07999999999999996, 0.020000000000000018, 0.020000000000000018, 0.08000000000000007, 0.040000000000000036]}, "complexity": {"596_fri_c2_250_5": [12, 13, 15, 14, 18]}, "time_all": {"596_fri_c2_250_5": [93.11479759216309, 79.0529375076294, 74.34612321853638, 78.5549087524414, 74.52064156532288]}, "time_fit": {"596_fri_c2_250_5": [93.11479759216309, 79.0529375076294, 74.34612321853638, 78.5549087524414, 74.52064156532288]}, "sizes": {"596_fri_c2_250_5": []}, "tau": 0.7}, "LightGBM": {"losses": {"596_fri_c2_250_5": [0.05382626869899108, 0.03642716076500556, 0.04865443155931975, 0.05017378265896962, 0.036264899195246336]}, "coverage": {"596_fri_c2_250_5": [0.09999999999999998, 0.019999999999999907, 0.039999999999999925, 0.12, 0.039999999999999925]}, "time_all": {"596_fri_c2_250_5": [0.18187928199768066, 0.16405868530273438, 0.14006948471069336, 0.1329188346862793, 0.1578836441040039]}, "time_fit": {"596_fri_c2_250_5": [0.031207561492919922, 0.036420345306396484, 0.031462907791137695, 0.030516862869262695, 0.03666567802429199]}, "sizes": {"596_fri_c2_250_5": []}, "tau": 0.7}, "DecisionTree": {"losses": {"596_fri_c2_250_5": [0.0610295854652976, 0.038395061187253506, 0.05272383598223989, 0.05137263587525816, 0.03695045686903143]}, "coverage": {"596_fri_c2_250_5": [0.19999999999999996, 0.040000000000000036, 0.09999999999999998, 0.040000000000000036, 0.0]}, "complexity": {"596_fri_c2_250_5": [77, 9, 81, 35, 35]}, "time_all": {"596_fri_c2_250_5": [0.05195784568786621, 0.046564579010009766, 0.05145001411437988, 0.048261165618896484, 0.047350168228149414]}, "time_fit": {"596_fri_c2_250_5": [0.007765531539916992, 0.002461671829223633, 0.00787353515625, 0.004621744155883789, 0.004494190216064453]}, "sizes": {"596_fri_c2_250_5": []}, "tau": 0.7}, "LinearQuantile": {"losses": {"596_fri_c2_250_5": [0.09264969267985221, 0.08155634612348357, 0.09157739163654129, 0.07222332115062685, 0.08899974762510222]}, "coverage": {"596_fri_c2_250_5": [0.17999999999999994, 0.21999999999999997, 0.17999999999999994, 0.039999999999999925, 0.31999999999999995]}, "complexity": {"596_fri_c2_250_5": [5, 5, 5, 5, 5]}, "time_all": {"596_fri_c2_250_5": [0.7434098720550537, 0.10951805114746094, 0.07897758483886719, 0.08518433570861816, 0.7460627555847168]}, "time_fit": {"596_fri_c2_250_5": [0.06640863418579102, 0.009459495544433594, 0.0065920352935791016, 0.0071184635162353516, 0.06706023216247559]}, "sizes": {"596_fri_c2_250_5": []}, "tau": 0.7}}
