{"SQR": {"losses": {"663_rabe_266": [0.008807597799799737, 0.03088350445663905, 0.0059429878183948955, 0.014906595591480437, 0.010859827039930074]}, "coverage": {"663_rabe_266": [0.11666666666666659, 0.008333333333333415, 0.07499999999999996, 0.050000000000000044, 0.09166666666666667]}, "complexity": {"663_rabe_266": [15, 14, 15, 10, 12]}, "time_all": {"663_rabe_266": [84.92028307914734, 72.93019533157349, 71.88426351547241, 73.36379861831665, 72.13397336006165]}, "time_fit": {"663_rabe_266": [84.92028307914734, 72.93019533157349, 71.88426351547241, 73.36379861831665, 72.13397336006165]}, "sizes": {"663_rabe_266": []}, "tau": 0.7}, "LightGBM": {"losses": {"663_rabe_266": [0.04754026336907524, 0.044449172000755946, 0.05198829681770028, 0.04403568070624447, 0.03810255991003837]}, "coverage": {"663_rabe_266": [0.008333333333333415, 0.11666666666666659, 0.19999999999999996, 0.21666666666666667, 0.050000000000000044]}, "time_all": {"663_rabe_266": [0.13225412368774414, 0.08375358581542969, 0.08221817016601562, 0.08625125885009766, 0.08156442642211914]}, "time_fit": {"663_rabe_266": [0.01862502098083496, 0.01726055145263672, 0.0167388916015625, 0.0183260440826416, 0.016672372817993164]}, "sizes": {"663_rabe_266": []}, "tau": 0.7}, "DecisionTree": {"losses": {"663_rabe_266": [0.043454231433506046, 0.042828151986183075, 0.041437823834196884, 0.03667098445595855, 0.03314335060449051]}, "coverage": {"663_rabe_266": [0.07499999999999996, 0.07499999999999996, 0.15833333333333333, 0.21666666666666667, 0.050000000000000044]}, "complexity": {"663_rabe_266": [23, 23, 7, 23, 7]}, "time_all": {"663_rabe_266": [0.03323221206665039, 0.03210186958312988, 0.030896902084350586, 0.03139925003051758, 0.031005382537841797]}, "time_fit": {"663_rabe_266": [0.0032355785369873047, 0.0031528472900390625, 0.002010822296142578, 0.0030748844146728516, 0.0018982887268066406]}, "sizes": {"663_rabe_266": []}, "tau": 0.7}, "LinearQuantile": {"losses": {"663_rabe_266": [0.012089505926683527, 0.012119256615670627, 0.010167538220054543, 0.00699527981654119, 0.01258955294646289]}, "coverage": {"663_rabe_266": [0.033333333333333326, 0.033333333333333326, 0.008333333333333415, 0.033333333333333326, 0.07499999999999996]}, "complexity": {"663_rabe_266": [11, 11, 11, 11, 11]}, "time_all": {"663_rabe_266": [0.11295843124389648, 0.1202700138092041, 0.23610711097717285, 0.12740325927734375, 0.11310482025146484]}, "time_fit": {"663_rabe_266": [0.009140253067016602, 0.010184526443481445, 0.020597219467163086, 0.010725736618041992, 0.009450197219848633]}, "sizes": {"663_rabe_266": []}, "tau": 0.7}}
