{"SQR": {"losses": {"644_fri_c4_250_25": [0.013150847312630361, 0.021090204654730153, 0.0164959950973167, 0.01840964156011796, 0.028143898131377985]}, "coverage": {"644_fri_c4_250_25": [0.16000000000000003, 0.020000000000000018, 0.07999999999999996, 0.06000000000000005, 0.14]}, "complexity": {"644_fri_c4_250_25": [12, 14, 11, 11, 11]}, "time_all": {"644_fri_c4_250_25": [90.12510466575623, 74.9788589477539, 76.41734910011292, 73.62470698356628, 74.0445306301117]}, "time_fit": {"644_fri_c4_250_25": [90.12510466575623, 74.9788589477539, 76.41734910011292, 73.62470698356628, 74.0445306301117]}, "sizes": {"644_fri_c4_250_25": []}, "tau": 0.5}, "LightGBM": {"losses": {"644_fri_c4_250_25": [0.03224192416598097, 0.040800947641149124, 0.037997986829892604, 0.045639672793133, 0.0355395490221608]}, "coverage": {"644_fri_c4_250_25": [0.040000000000000036, 0.09999999999999998, 0.08000000000000002, 0.0, 0.040000000000000036]}, "time_all": {"644_fri_c4_250_25": [0.19388222694396973, 0.1537168025970459, 0.17996907234191895, 0.17764949798583984, 0.1711139678955078]}, "time_fit": {"644_fri_c4_250_25": [0.03668785095214844, 0.036123037338256836, 0.04314827919006348, 0.043119192123413086, 0.0385892391204834]}, "sizes": {"644_fri_c4_250_25": []}, "tau": 0.5}, "DecisionTree": {"losses": {"644_fri_c4_250_25": [0.04096843990508093, 0.044563163657123456, 0.047139218036098066, 0.046176426796649635, 0.04283499997922342]}, "coverage": {"644_fri_c4_250_25": [0.12, 0.020000000000000018, 0.020000000000000018, 0.020000000000000018, 0.020000000000000018]}, "complexity": {"644_fri_c4_250_25": [81, 79, 35, 37, 39]}, "time_all": {"644_fri_c4_250_25": [0.07542681694030762, 0.07133960723876953, 0.06936788558959961, 0.06914162635803223, 0.06753873825073242]}, "time_fit": {"644_fri_c4_250_25": [0.011884927749633789, 0.010918617248535156, 0.007177829742431641, 0.007429838180541992, 0.00749516487121582]}, "sizes": {"644_fri_c4_250_25": []}, "tau": 0.5}, "LinearQuantile": {"losses": {"644_fri_c4_250_25": [0.07020270890193266, 0.07379438401462138, 0.07916446019168294, 0.07974683759767844, 0.07592098986490463]}, "coverage": {"644_fri_c4_250_25": [0.020000000000000018, 0.040000000000000036, 0.020000000000000018, 0.020000000000000018, 0.040000000000000036]}, "complexity": {"644_fri_c4_250_25": [25, 25, 25, 25, 25]}, "time_all": {"644_fri_c4_250_25": [0.6106722354888916, 0.2144458293914795, 1.2301020622253418, 1.7132363319396973, 0.9082980155944824]}, "time_fit": {"644_fri_c4_250_25": [0.05420064926147461, 0.018939495086669922, 0.08478379249572754, 0.10526776313781738, 0.06653714179992676]}, "sizes": {"644_fri_c4_250_25": []}, "tau": 0.5}}
