{"SQR": {"losses": {"522_pm10": [0.05972131477702869, 0.06025049230498851, 0.06054182058320473, 0.06593670654166682, 0.06135036315879295]}, "coverage": {"522_pm10": [0.030000000000000027, 0.07000000000000006, 0.029999999999999916, 0.06999999999999995, 0.010000000000000009]}, "complexity": {"522_pm10": [5, 4, 6, 5, 4]}, "time_all": {"522_pm10": [100.26788783073425, 76.0381281375885, 79.53295159339905, 80.19748306274414, 71.71870446205139]}, "time_fit": {"522_pm10": [100.26788783073425, 76.0381281375885, 79.53295159339905, 80.19748306274414, 71.71870446205139]}, "sizes": {"522_pm10": []}, "tau": 0.7}, "LightGBM": {"losses": {"522_pm10": [0.05404300795915703, 0.04647901802932076, 0.05035127326123662, 0.05657531988827193, 0.050946495586989805]}, "coverage": {"522_pm10": [0.029999999999999916, 0.07000000000000006, 0.039999999999999925, 0.04999999999999993, 0.010000000000000009]}, "time_all": {"522_pm10": [0.25903868675231934, 0.21504664421081543, 0.20865893363952637, 0.21707367897033691, 0.2311408519744873]}, "time_fit": {"522_pm10": [0.04518890380859375, 0.04708218574523926, 0.04303312301635742, 0.04318666458129883, 0.04360008239746094]}, "sizes": {"522_pm10": []}, "tau": 0.7}, "DecisionTree": {"losses": {"522_pm10": [0.055142593363264394, 0.049486151908683745, 0.055082819857311165, 0.060100694758138215, 0.05565694177559498]}, "coverage": {"522_pm10": [0.010000000000000009, 0.06000000000000005, 0.08999999999999997, 0.010000000000000009, 0.08999999999999997]}, "complexity": {"522_pm10": [15, 29, 69, 13, 163]}, "time_all": {"522_pm10": [0.07669496536254883, 0.07478904724121094, 0.07749748229980469, 0.07169914245605469, 0.08400750160217285]}, "time_fit": {"522_pm10": [0.0038194656372070312, 0.004992961883544922, 0.008253335952758789, 0.003411531448364258, 0.014853715896606445]}, "sizes": {"522_pm10": []}, "tau": 0.7}, "LinearQuantile": {"losses": {"522_pm10": [0.06544991844712159, 0.06399988525503936, 0.061077599071312084, 0.06953025843843058, 0.059685885620474624]}, "coverage": {"522_pm10": [0.05999999999999994, 0.06000000000000005, 0.039999999999999925, 0.019999999999999907, 0.030000000000000027]}, "complexity": {"522_pm10": [7, 7, 7, 7, 7]}, "time_all": {"522_pm10": [0.212127685546875, 0.1636655330657959, 0.8610446453094482, 3.369987726211548, 0.5487751960754395]}, "time_fit": {"522_pm10": [0.018094778060913086, 0.014207839965820312, 0.06957840919494629, 0.331836462020874, 0.0503695011138916]}, "sizes": {"522_pm10": []}, "tau": 0.7}}
