{"SQR": {"losses": {"562_cpu_small": [0.01325327321150845, 0.019622119455956835, 0.01956930128797731, 0.015116292959913678, 0.020416278667013316]}, "coverage": {"562_cpu_small": [0.0021354484441732935, 0.0057962172056131855, 0.0006105006105006083, 0.03296703296703296, 0.012820512820512775]}, "complexity": {"562_cpu_small": [10, 4, 4, 6, 4]}, "time_all": {"562_cpu_small": [340.16530537605286, 519.1024780273438, 446.8854429721832, 499.298335313797, 511.42638063430786]}, "time_fit": {"562_cpu_small": [340.16530537605286, 519.1024780273438, 446.8854429721832, 499.298335313797, 511.42638063430786]}, "sizes": {"562_cpu_small": []}, "tau": 0.5}, "LightGBM": {"losses": {"562_cpu_small": [0.01735260199448861, 0.01625765109822213, 0.01620251630673882, 0.01731988515167253, 0.01901439664209733]}, "coverage": {"562_cpu_small": [0.05399633923123853, 0.009456985967053078, 0.014041514041514047, 0.025030525030525053, 0.006715506715506692]}, "time_all": {"562_cpu_small": [1.0962753295898438, 1.0657036304473877, 1.0480306148529053, 1.057206392288208, 1.092787504196167]}, "time_fit": {"562_cpu_small": [0.14475679397583008, 0.1386420726776123, 0.14469146728515625, 0.1459662914276123, 0.14243435859680176]}, "sizes": {"562_cpu_small": []}, "tau": 0.5}, "DecisionTree": {"losses": {"562_cpu_small": [0.011929853754136853, 0.01199918649583079, 0.012365720699054034, 0.011599511599511598, 0.012151428818095484]}, "coverage": {"562_cpu_small": [0.07352043929225138, 0.09914582062233068, 0.07448107448107444, 0.09645909645909645, 0.1141636141636142]}, "complexity": {"562_cpu_small": [483, 1133, 493, 499, 1113]}, "time_all": {"562_cpu_small": [1.2682390213012695, 0.9550368785858154, 0.8943352699279785, 1.1144070625305176, 0.9652519226074219]}, "time_fit": {"562_cpu_small": [0.07154059410095215, 0.10357427597045898, 0.07137632369995117, 0.07128047943115234, 0.1050558090209961]}, "sizes": {"562_cpu_small": []}, "tau": 0.5}, "LinearQuantile": {"losses": {"562_cpu_small": [0.06366548436977396, 0.06420879046646258, 0.06451953322607999, 0.06412529771036268, 0.06355267141423879]}, "coverage": {"562_cpu_small": [0.0594874923733984, 0.04850518608907872, 0.057387057387057405, 0.06654456654456653, 0.05616605616605619]}, "complexity": {"562_cpu_small": [12, 12, 12, 12, 12]}, "time_all": {"562_cpu_small": [1.6792259216308594, 1.2219140529632568, 4.474686145782471, 23.24881911277771, 1.4854834079742432]}, "time_fit": {"562_cpu_small": [0.14521145820617676, 0.11079549789428711, 0.3447887897491455, 2.0942320823669434, 0.1223151683807373]}, "sizes": {"562_cpu_small": []}, "tau": 0.5}}
