{"SQR": {"losses": {"560_bodyfat": [0.0022355737903183913, 0.0018843516048610448, 0.006206546845254322, 0.0017916244425366264, 0.0003178024314009723]}, "coverage": {"560_bodyfat": [0.007843137254901933, 0.007843137254901933, 0.040000000000000036, 0.12, 0.14]}, "complexity": {"560_bodyfat": [12, 9, 9, 8, 12]}, "time_all": {"560_bodyfat": [92.37214350700378, 75.05222177505493, 75.3698890209198, 76.69024229049683, 75.43372416496277]}, "time_fit": {"560_bodyfat": [92.37214350700378, 75.05222177505493, 75.3698890209198, 76.69024229049683, 75.43372416496277]}, "sizes": {"560_bodyfat": []}, "tau": 0.6}, "LightGBM": {"losses": {"560_bodyfat": [0.007903010266273061, 0.016698512523146903, 0.010034252685885016, 0.016587007114672803, 0.015553348528568366]}, "coverage": {"560_bodyfat": [0.12549019607843137, 0.007843137254901933, 0.020000000000000018, 0.040000000000000036, 0.039999999999999925]}, "time_all": {"560_bodyfat": [0.17332172393798828, 0.14670372009277344, 0.14657020568847656, 0.13091182708740234, 0.151688814163208]}, "time_fit": {"560_bodyfat": [0.02878284454345703, 0.03172492980957031, 0.03318977355957031, 0.029367446899414062, 0.035828351974487305]}, "sizes": {"560_bodyfat": []}, "tau": 0.6}, "DecisionTree": {"losses": {"560_bodyfat": [0.003999174663279937, 0.009436533066756458, 0.006497683780067845, 0.005919999993976793, 0.0039528410299200754]}, "coverage": {"560_bodyfat": [0.12941176470588234, 0.0117647058823529, 0.13999999999999996, 0.0, 0.020000000000000018]}, "complexity": {"560_bodyfat": [75, 81, 79, 83, 81]}, "time_all": {"560_bodyfat": [0.05734968185424805, 0.057283639907836914, 0.056893110275268555, 0.056684017181396484, 0.05825662612915039]}, "time_fit": {"560_bodyfat": [0.008759498596191406, 0.008835077285766602, 0.008656024932861328, 0.008942127227783203, 0.008806228637695312]}, "sizes": {"560_bodyfat": []}, "tau": 0.6}, "LinearQuantile": {"losses": {"560_bodyfat": [0.027476106247912704, 0.03575486859619806, 0.042982639740262445, 0.032100228672030356, 0.03228848432708613]}, "coverage": {"560_bodyfat": [0.007843137254901933, 0.07058823529411762, 0.18, 0.020000000000000018, 0.14]}, "complexity": {"560_bodyfat": [14, 14, 14, 14, 14]}, "time_all": {"560_bodyfat": [1.683138370513916, 0.25720834732055664, 0.31847572326660156, 0.5012650489807129, 0.6365892887115479]}, "time_fit": {"560_bodyfat": [0.11730051040649414, 0.022897958755493164, 0.02721095085144043, 0.043923139572143555, 0.04747366905212402]}, "sizes": {"560_bodyfat": []}, "tau": 0.6}}
