{"SQR": {"losses": {"210_cloud": [0.030338797290899198, 0.02698913230732979, 0.020754604817850086, 0.07090457283826428, 0.03535172981647219]}, "coverage": {"210_cloud": [0.036363636363636376, 0.036363636363636376, 0.19090909090909086, 0.07619047619047614, 0.20952380952380956]}, "complexity": {"210_cloud": [8, 12, 12, 6, 9]}, "time_all": {"210_cloud": [82.27158951759338, 67.66971778869629, 68.81721448898315, 68.22361397743225, 67.22314095497131]}, "time_fit": {"210_cloud": [82.27158951759338, 67.66971778869629, 68.81721448898315, 68.22361397743225, 67.22314095497131]}, "sizes": {"210_cloud": []}, "tau": 0.6}, "LightGBM": {"losses": {"210_cloud": [0.039848802554831524, 0.02369731984980554, 0.019763158435270458, 0.04056020579673777, 0.039059656807676084]}, "coverage": {"210_cloud": [0.054545454545454564, 0.036363636363636376, 0.08181818181818179, 0.16190476190476188, 0.01904761904761909]}, "time_all": {"210_cloud": [0.12676215171813965, 0.08085250854492188, 0.09702920913696289, 0.09630751609802246, 0.08078718185424805]}, "time_fit": {"210_cloud": [0.017499446868896484, 0.01637578010559082, 0.02011251449584961, 0.020213842391967773, 0.01645660400390625]}, "sizes": {"210_cloud": []}, "tau": 0.6}, "DecisionTree": {"losses": {"210_cloud": [0.023306061311653168, 0.019269696559869882, 0.023430303768678145, 0.0361841278050154, 0.043533332518168856]}, "coverage": {"210_cloud": [0.19090909090909086, 0.009090909090909038, 0.036363636363636376, 0.01904761904761909, 0.07619047619047614]}, "complexity": {"210_cloud": [35, 13, 17, 37, 5]}, "time_all": {"210_cloud": [0.03555178642272949, 0.030196189880371094, 0.034296512603759766, 0.034819841384887695, 0.02996087074279785]}, "time_fit": {"210_cloud": [0.004233837127685547, 0.0023491382598876953, 0.002801179885864258, 0.0041315555572509766, 0.00177764892578125]}, "sizes": {"210_cloud": []}, "tau": 0.6}, "LinearQuantile": {"losses": {"210_cloud": [0.0188079508707276, 0.016304342073571617, 0.015206005567611203, 0.02536748651542325, 0.02601338019469619]}, "coverage": {"210_cloud": [0.14545454545454545, 0.009090909090909038, 0.009090909090909038, 0.11428571428571432, 0.01904761904761909]}, "complexity": {"210_cloud": [9, 9, 9, 9, 9]}, "time_all": {"210_cloud": [0.8549561500549316, 0.08278107643127441, 0.08067059516906738, 0.2794914245605469, 0.3124523162841797]}, "time_fit": {"210_cloud": [0.07638430595397949, 0.006912946701049805, 0.006691932678222656, 0.023097515106201172, 0.025484323501586914]}, "sizes": {"210_cloud": []}, "tau": 0.6}}
