{"SQR": {"losses": {"527_analcatdata_election2000": [0.0, 1.944365222550445e-11, 0.0, 0.0, 6.941483465705778e-11]}, "coverage": {"527_analcatdata_election2000": [0.5, 0.4285714285714286, 0.5, 0.5, 0.5]}, "complexity": {"527_analcatdata_election2000": [18, 18, 16, 18, 14]}, "time_all": {"527_analcatdata_election2000": [79.74578261375427, 67.37762904167175, 65.66672658920288, 64.93071508407593, 66.43119144439697]}, "time_fit": {"527_analcatdata_election2000": [79.74578261375427, 67.37762904167175, 65.66672658920288, 64.93071508407593, 66.43119144439697]}, "sizes": {"527_analcatdata_election2000": []}, "tau": 0.5}, "LightGBM": {"losses": {"527_analcatdata_election2000": [0.08794555701706605, 0.00692872816562133, 0.023131629968058544, 0.03458350372905025, 0.03073226060790554]}, "coverage": {"527_analcatdata_election2000": [0.2142857142857143, 0.0, 0.11538461538461542, 0.11538461538461542, 0.11538461538461542]}, "time_all": {"527_analcatdata_election2000": [0.10708498954772949, 0.06913995742797852, 0.058912038803100586, 0.06910824775695801, 0.05966782569885254]}, "time_fit": {"527_analcatdata_election2000": [0.01273798942565918, 0.01473236083984375, 0.012272119522094727, 0.01517629623413086, 0.012627601623535156]}, "sizes": {"527_analcatdata_election2000": []}, "tau": 0.5}, "DecisionTree": {"losses": {"527_analcatdata_election2000": [0.05767626133750107, 0.005960821966512476, 0.01589403907476134, 0.00535124210039306, 0.020589581393122728]}, "coverage": {"527_analcatdata_election2000": [0.14285714285714285, 0.2142857142857143, 0.11538461538461542, 0.11538461538461536, 0.2692307692307693]}, "complexity": {"527_analcatdata_election2000": [19, 23, 9, 21, 19]}, "time_all": {"527_analcatdata_election2000": [0.03178238868713379, 0.030588150024414062, 0.029004812240600586, 0.030721426010131836, 0.03073716163635254]}, "time_fit": {"527_analcatdata_election2000": [0.003218412399291992, 0.0032150745391845703, 0.0022220611572265625, 0.0031366348266601562, 0.003177642822265625]}, "sizes": {"527_analcatdata_election2000": []}, "tau": 0.5}, "LinearQuantile": {"losses": {"527_analcatdata_election2000": [1.3518050508803678e-12, 4.232265845157954e-12, 4.652456921086764e-14, 2.489220864598661e-12, 1.818331925259146e-13]}, "coverage": {"527_analcatdata_election2000": [0.5, 0.5, 0.5, 0.5, 0.5]}, "complexity": {"527_analcatdata_election2000": [14, 14, 14, 14, 14]}, "time_all": {"527_analcatdata_election2000": [0.03422880172729492, 0.027304649353027344, 0.027879714965820312, 0.02822732925415039, 0.029593944549560547]}, "time_fit": {"527_analcatdata_election2000": [0.002155780792236328, 0.0019073486328125, 0.0019636154174804688, 0.0019698143005371094, 0.0020704269409179688]}, "sizes": {"527_analcatdata_election2000": []}, "tau": 0.5}}
