{"SQR": {"losses": {"622_fri_c2_1000_50": [0.0118961804604171, 0.01451767115528982, 0.024641851149826356, 0.010558042664207826, 0.014934690990827285]}, "coverage": {"622_fri_c2_1000_50": [0.020000000000000018, 0.029999999999999916, 0.014999999999999902, 0.07500000000000007, 0.010000000000000009]}, "complexity": {"622_fri_c2_1000_50": [13, 13, 8, 17, 17]}, "time_all": {"622_fri_c2_1000_50": [123.27217769622803, 125.4079487323761, 122.81571865081787, 106.28872299194336, 109.98316359519958]}, "time_fit": {"622_fri_c2_1000_50": [123.27217769622803, 125.4079487323761, 122.81571865081787, 106.28872299194336, 109.98316359519958]}, "sizes": {"622_fri_c2_1000_50": []}, "tau": 0.8}, "LightGBM": {"losses": {"622_fri_c2_1000_50": [0.030284182015264643, 0.02660230544552222, 0.02942319619727444, 0.027394692092254574, 0.028554309959182334]}, "coverage": {"622_fri_c2_1000_50": [0.04500000000000004, 0.019999999999999907, 0.015000000000000013, 0.040000000000000036, 0.0]}, "time_all": {"622_fri_c2_1000_50": [0.48520874977111816, 0.4331042766571045, 0.4595816135406494, 0.42236971855163574, 0.47266221046447754]}, "time_fit": {"622_fri_c2_1000_50": [0.08531880378723145, 0.0853421688079834, 0.0843667984008789, 0.08245038986206055, 0.08633017539978027]}, "sizes": {"622_fri_c2_1000_50": []}, "tau": 0.8}, "DecisionTree": {"losses": {"622_fri_c2_1000_50": [0.030731807882849935, 0.026172299954824646, 0.029223618792209843, 0.02951661790019576, 0.026817379038986865]}, "coverage": {"622_fri_c2_1000_50": [0.15500000000000003, 0.05500000000000005, 0.06000000000000005, 0.09000000000000008, 0.12]}, "complexity": {"622_fri_c2_1000_50": [137, 61, 61, 63, 129]}, "time_all": {"622_fri_c2_1000_50": [0.5081501007080078, 0.46968507766723633, 0.46051645278930664, 0.42705464363098145, 0.4446256160736084]}, "time_fit": {"622_fri_c2_1000_50": [0.05526256561279297, 0.036545753479003906, 0.036412954330444336, 0.03289628028869629, 0.0432744026184082]}, "sizes": {"622_fri_c2_1000_50": []}, "tau": 0.8}, "LinearQuantile": {"losses": {"622_fri_c2_1000_50": [0.08182210889190765, 0.08406167178150346, 0.07959248099208957, 0.08088352394108922, 0.08191887649710683]}, "coverage": {"622_fri_c2_1000_50": [0.32500000000000007, 0.36000000000000004, 0.35500000000000004, 0.31000000000000005, 0.335]}, "complexity": {"622_fri_c2_1000_50": [50, 50, 50, 50, 50]}, "time_all": {"622_fri_c2_1000_50": [5.466582775115967, 11.04390263557434, 17.921062469482422, 6.553415298461914, 28.175410509109497]}, "time_fit": {"622_fri_c2_1000_50": [0.4678373336791992, 0.9824936389923096, 1.5515832901000977, 0.5148124694824219, 2.1890203952789307]}, "sizes": {"622_fri_c2_1000_50": []}, "tau": 0.8}}
