{"SQR": {"losses": {"1027_ESL": [0.013137755102040813, 0.01836734693877551, 0.01632654285714286, 0.012757827448453607, 0.015850541507731956]}, "coverage": {"1027_ESL": [0.07959183673469383, 0.05918367346938769, 0.048979591836734726, 0.05876288659793816, 0.04845360824742262]}, "complexity": {"1027_ESL": [11, 14, 15, 16, 12]}, "time_all": {"1027_ESL": [102.35008215904236, 84.61624217033386, 86.53054881095886, 90.384357213974, 86.45369601249695]}, "time_fit": {"1027_ESL": [102.35008215904236, 84.61624217033386, 86.53054881095886, 90.384357213974, 86.45369601249695]}, "sizes": {"1027_ESL": []}, "tau": 0.9}, "LightGBM": {"losses": {"1027_ESL": [0.014503867970865536, 0.019377723377031905, 0.019222005162511022, 0.016973448685495537, 0.014793382939738498]}, "coverage": {"1027_ESL": [0.02857142857142858, 0.0020408163265306367, 0.01224489795918371, 0.027835051546391765, 0.04845360824742262]}, "time_all": {"1027_ESL": [0.20171141624450684, 0.1726522445678711, 0.15986132621765137, 0.19278287887573242, 0.18833231925964355]}, "time_fit": {"1027_ESL": [0.0362551212310791, 0.03638052940368652, 0.0298004150390625, 0.03830575942993164, 0.033944129943847656]}, "sizes": {"1027_ESL": []}, "tau": 0.9}, "DecisionTree": {"losses": {"1027_ESL": [0.014145408163265307, 0.016645408163265304, 0.01534438775510204, 0.012615979381443298, 0.011636597938144332]}, "coverage": {"1027_ESL": [0.0020408163265306367, 0.01836734693877551, 0.0020408163265306367, 0.03814432989690719, 0.027835051546391765]}, "complexity": {"1027_ESL": [129, 125, 127, 121, 133]}, "time_all": {"1027_ESL": [0.06875205039978027, 0.06599092483520508, 0.06610465049743652, 0.0649271011352539, 0.06684422492980957]}, "time_fit": {"1027_ESL": [0.011854887008666992, 0.01096034049987793, 0.011149168014526367, 0.010790824890136719, 0.011603355407714844]}, "sizes": {"1027_ESL": []}, "tau": 0.9}, "LinearQuantile": {"losses": {"1027_ESL": [0.009853342845903052, 0.016490976740280383, 0.01065050510490831, 0.014545762188395196, 0.012603524689026577]}, "coverage": {"1027_ESL": [0.0836734693877551, 0.0836734693877551, 0.10408163265306125, 0.05463917525773199, 0.10618556701030935]}, "complexity": {"1027_ESL": [34, 34, 34, 34, 34]}, "time_all": {"1027_ESL": [0.662956953048706, 1.582831621170044, 1.294405221939087, 0.39974427223205566, 0.7644960880279541]}, "time_fit": {"1027_ESL": [0.056984901428222656, 0.09650683403015137, 0.09186816215515137, 0.0340113639831543, 0.05685305595397949]}, "sizes": {"1027_ESL": []}, "tau": 0.9}}
