{"SQR": {"losses": {"505_tecator": [0.007762415326083519, 0.007556810017653087, 0.005877573720196545, 0.005277125476116825, 0.0049825031242714075]}, "coverage": {"505_tecator": [0.020833333333333315, 0.0, 0.0, 0.0, 0.04166666666666663]}, "complexity": {"505_tecator": [8, 11, 12, 10, 11]}, "time_all": {"505_tecator": [88.71156334877014, 78.99893736839294, 78.28159952163696, 78.10241556167603, 77.4011378288269]}, "time_fit": {"505_tecator": [88.71156334877014, 78.99893736839294, 78.28159952163696, 78.10241556167603, 77.4011378288269]}, "sizes": {"505_tecator": []}, "tau": 0.5}, "LightGBM": {"losses": {"505_tecator": [0.02144123533895661, 0.015835559365283566, 0.018263824128968244, 0.036071425897400304, 0.01129383630063214]}, "coverage": {"505_tecator": [0.0, 0.08333333333333331, 0.041666666666666685, 0.0, 0.04166666666666663]}, "time_all": {"505_tecator": [0.23996281623840332, 0.18375420570373535, 0.20843911170959473, 0.1773056983947754, 0.1802501678466797]}, "time_fit": {"505_tecator": [0.048668861389160156, 0.04428291320800781, 0.05418682098388672, 0.0444643497467041, 0.04531288146972656]}, "sizes": {"505_tecator": []}, "tau": 0.5}, "DecisionTree": {"losses": {"505_tecator": [0.012436704478614983, 0.011885127174939773, 0.012250434973001026, 0.011584925895970072, 0.013635704865967909]}, "coverage": {"505_tecator": [0.02083333333333337, 0.0625, 0.04166666666666663, 0.08333333333333331, 0.20833333333333337]}, "complexity": {"505_tecator": [75, 75, 73, 77, 33]}, "time_all": {"505_tecator": [0.14440441131591797, 0.14158391952514648, 0.14314723014831543, 0.14092278480529785, 0.13400626182556152]}, "time_fit": {"505_tecator": [0.021934032440185547, 0.021081209182739258, 0.02173781394958496, 0.021322011947631836, 0.01496124267578125]}, "sizes": {"505_tecator": []}, "tau": 0.5}, "LinearQuantile": {"losses": {"505_tecator": [0.004036931527469786, 0.005995377017544077, 0.005060198951459709, 0.005047402455736275, 0.003249085409292202]}, "coverage": {"505_tecator": [0.08333333333333331, 0.125, 0.020833333333333315, 0.04166666666666663, 0.041666666666666685]}, "complexity": {"505_tecator": [124, 124, 124, 124, 124]}, "time_all": {"505_tecator": [212.88831853866577, 229.80782508850098, 245.76160717010498, 202.68194270133972, 211.84625053405762]}, "time_fit": {"505_tecator": [23.963158130645752, 29.3814058303833, 23.265873193740845, 7.522542715072632, 26.74836492538452]}, "sizes": {"505_tecator": []}, "tau": 0.5}}
