{"SQR": {"losses": {"687_sleuth_ex1605": [1.4915427393181822, 0.048617790688017935, 0.0759266759642573, 0.05451214913976445, 0.05224534035559235]}, "coverage": {"687_sleuth_ex1605": [0.18461538461538463, 0.03076923076923077, 0.050000000000000044, 0.13333333333333341, 0.050000000000000044]}, "complexity": {"687_sleuth_ex1605": [8, 7, 14, 7, 6]}, "time_all": {"687_sleuth_ex1605": [77.89816427230835, 63.691317319869995, 63.14676642417908, 64.0247917175293, 64.01304984092712]}, "time_fit": {"687_sleuth_ex1605": [77.89816427230835, 63.691317319869995, 63.14676642417908, 64.0247917175293, 64.01304984092712]}, "sizes": {"687_sleuth_ex1605": []}, "tau": 0.8}, "LightGBM": {"losses": {"687_sleuth_ex1605": [0.05763242108462727, 0.04941724941724941, 0.04573398079813007, 0.05714349329627794, 0.04578296965548702]}, "coverage": {"687_sleuth_ex1605": [0.10769230769230775, 0.0461538461538461, 0.033333333333333326, 0.050000000000000044, 0.11666666666666659]}, "time_all": {"687_sleuth_ex1605": [0.10390830039978027, 0.05654287338256836, 0.06862497329711914, 0.057268619537353516, 0.059026241302490234]}, "time_fit": {"687_sleuth_ex1605": [0.01207590103149414, 0.004433870315551758, 0.014992475509643555, 0.011799335479736328, 0.012303590774536133]}, "sizes": {"687_sleuth_ex1605": []}, "tau": 0.8}, "DecisionTree": {"losses": {"687_sleuth_ex1605": [0.04554778554778554, 0.0489044289044289, 0.04439393939393939, 0.042323232323232325, 0.03181818181818181]}, "coverage": {"687_sleuth_ex1605": [0.10769230769230775, 0.03076923076923077, 0.033333333333333326, 0.13333333333333341, 0.11666666666666659]}, "complexity": {"687_sleuth_ex1605": [3, 7, 3, 19, 7]}, "time_all": {"687_sleuth_ex1605": [0.02908039093017578, 0.02819347381591797, 0.029271602630615234, 0.02660679817199707, 0.02806997299194336]}, "time_fit": {"687_sleuth_ex1605": [0.0017440319061279297, 0.0019178390502929688, 0.0016918182373046875, 0.0025992393493652344, 0.0019960403442382812]}, "sizes": {"687_sleuth_ex1605": []}, "tau": 0.8}, "LinearQuantile": {"losses": {"687_sleuth_ex1605": [0.03727893244057961, 0.049085745479262886, 0.06793903977498593, 0.03873450245236143, 0.026819013320862475]}, "coverage": {"687_sleuth_ex1605": [0.0461538461538461, 0.0461538461538461, 0.13333333333333341, 0.13333333333333341, 0.050000000000000044]}, "complexity": {"687_sleuth_ex1605": [5, 5, 5, 5, 5]}, "time_all": {"687_sleuth_ex1605": [0.13434386253356934, 0.09552812576293945, 0.43116307258605957, 0.11580181121826172, 0.06775641441345215]}, "time_fit": {"687_sleuth_ex1605": [0.011159896850585938, 0.00788736343383789, 0.035237789154052734, 0.009653091430664062, 0.0055103302001953125]}, "sizes": {"687_sleuth_ex1605": []}, "tau": 0.8}}
