{"SQR": {"losses": {"210_cloud": [0.030468715070739876, 0.021322504956100292, 0.01790331925581793, 0.03029951024790455, 0.030930155271639174]}, "coverage": {"210_cloud": [0.3454545454545455, 0.11818181818181828, 0.3454545454545455, 0.18095238095238098, 0.08571428571428574]}, "complexity": {"210_cloud": [9, 13, 14, 13, 18]}, "time_all": {"210_cloud": [82.1241888999939, 69.3309576511383, 69.50356650352478, 67.66265392303467, 69.05896329879761]}, "time_fit": {"210_cloud": [82.1241888999939, 69.3309576511383, 69.50356650352478, 67.66265392303467, 69.05896329879761]}, "sizes": {"210_cloud": []}, "tau": 0.8}, "LightGBM": {"losses": {"210_cloud": [0.03809561302901646, 0.022209786843651953, 0.018508271018640485, 0.04327580149236426, 0.03723871521191958]}, "coverage": {"210_cloud": [0.027272727272727337, 0.027272727272727337, 0.15454545454545454, 0.05714285714285705, 0.10476190476190472]}, "time_all": {"210_cloud": [0.13793468475341797, 0.0965731143951416, 0.09746956825256348, 0.08359313011169434, 0.08277177810668945]}, "time_fit": {"210_cloud": [0.017247915267944336, 0.020252466201782227, 0.020434856414794922, 0.01643657684326172, 0.01662278175354004]}, "sizes": {"210_cloud": []}, "tau": 0.8}, "DecisionTree": {"losses": {"210_cloud": [0.018939395084074048, 0.017978787203178262, 0.019478788251678144, 0.03524127108473626, 0.03493968180720769]}, "coverage": {"210_cloud": [0.25454545454545463, 0.027272727272727337, 0.018181818181818188, 0.13333333333333341, 0.05714285714285705]}, "complexity": {"210_cloud": [35, 33, 7, 37, 5]}, "time_all": {"210_cloud": [0.03594827651977539, 0.03464388847351074, 0.033396244049072266, 0.03387141227722168, 0.03232288360595703]}, "time_fit": {"210_cloud": [0.00429844856262207, 0.0039632320404052734, 0.0020689964294433594, 0.004180431365966797, 0.001920461654663086]}, "sizes": {"210_cloud": []}, "tau": 0.8}, "LinearQuantile": {"losses": {"210_cloud": [0.017808221154137813, 0.01176237151124008, 0.016373882641581728, 0.02129551246928342, 0.028661467826171405]}, "coverage": {"210_cloud": [0.11818181818181828, 0.027272727272727337, 0.0636363636363636, 0.00952380952380949, 0.03809523809523818]}, "complexity": {"210_cloud": [9, 9, 9, 9, 9]}, "time_all": {"210_cloud": [0.11296415328979492, 0.4389171600341797, 0.3753983974456787, 0.2115166187286377, 1.5061137676239014]}, "time_fit": {"210_cloud": [0.009265661239624023, 0.03487586975097656, 0.03223991394042969, 0.01768946647644043, 0.10115170478820801]}, "sizes": {"210_cloud": []}, "tau": 0.8}}
