{"SQR": {"losses": {"556_analcatdata_apnea2": [0.009039146097618887, 0.008843765500108455, 0.008169770510261997, 0.004208733997775379, 0.007380324806937291]}, "coverage": {"556_analcatdata_apnea2": [0.07894736842105254, 0.08947368421052626, 0.07894736842105254, 0.0052631578947367474, 0.1210526315789473]}, "complexity": {"556_analcatdata_apnea2": [12, 15, 9, 9, 11]}, "time_all": {"556_analcatdata_apnea2": [105.03354954719543, 87.13082265853882, 94.47314953804016, 96.13677740097046, 91.4939796924591]}, "time_fit": {"556_analcatdata_apnea2": [105.03354954719543, 87.13082265853882, 94.47314953804016, 96.13677740097046, 91.4939796924591]}, "sizes": {"556_analcatdata_apnea2": []}, "tau": 0.7}, "LightGBM": {"losses": {"556_analcatdata_apnea2": [0.026850126253536444, 0.019462654383790204, 0.015686684034207216, 0.022056508407695477, 0.0123782810849039]}, "coverage": {"556_analcatdata_apnea2": [0.07894736842105265, 0.047368421052631615, 0.14210526315789473, 0.15263157894736845, 0.12105263157894741]}, "time_all": {"556_analcatdata_apnea2": [0.2517282962799072, 0.21454548835754395, 0.24554944038391113, 0.24200797080993652, 0.20645451545715332]}, "time_fit": {"556_analcatdata_apnea2": [0.058745384216308594, 0.05513763427734375, 0.07037115097045898, 0.05929708480834961, 0.03892016410827637]}, "sizes": {"556_analcatdata_apnea2": []}, "tau": 0.7}, "DecisionTree": {"losses": {"556_analcatdata_apnea2": [0.0062838634455531115, 0.007633728507215092, 0.004726425180686823, 0.004408925062517305, 0.007646130679733589]}, "coverage": {"556_analcatdata_apnea2": [0.06842105263157894, 0.0052631578947368585, 0.08947368421052637, 0.15263157894736845, 0.02631578947368418]}, "complexity": {"556_analcatdata_apnea2": [135, 55, 57, 55, 127]}, "time_all": {"556_analcatdata_apnea2": [0.06631946563720703, 0.05823636054992676, 0.060556650161743164, 0.05768013000488281, 0.06501388549804688]}, "time_fit": {"556_analcatdata_apnea2": [0.011507749557495117, 0.005720615386962891, 0.005899906158447266, 0.005710601806640625, 0.01094365119934082]}, "sizes": {"556_analcatdata_apnea2": []}, "tau": 0.7}, "LinearQuantile": {"losses": {"556_analcatdata_apnea2": [0.03325794493085365, 0.026429227347329276, 0.019466819118158694, 0.0254966556045278, 0.013595527118028498]}, "coverage": {"556_analcatdata_apnea2": [0.07894736842105254, 0.21578947368421048, 0.06842105263157894, 0.0368421052631579, 0.047368421052631504]}, "complexity": {"556_analcatdata_apnea2": [11, 11, 11, 11, 11]}, "time_all": {"556_analcatdata_apnea2": [0.34213709831237793, 0.15691184997558594, 0.2691054344177246, 0.37838149070739746, 0.22172284126281738]}, "time_fit": {"556_analcatdata_apnea2": [0.029572010040283203, 0.013419628143310547, 0.023842811584472656, 0.03381013870239258, 0.019615650177001953]}, "sizes": {"556_analcatdata_apnea2": []}, "tau": 0.7}}
