{"SQR": {"losses": {"586_fri_c3_1000_25": [0.011323626729075423, 0.010629708156138017, 0.011560918506875129, 0.013063317395422921, 0.019029730323300558]}, "coverage": {"586_fri_c3_1000_25": [0.03500000000000003, 0.030000000000000027, 0.020000000000000018, 0.06, 0.030000000000000027]}, "complexity": {"586_fri_c3_1000_25": [19, 14, 10, 12, 11]}, "time_all": {"586_fri_c3_1000_25": [124.19338417053223, 110.44774103164673, 108.90521669387817, 113.23414444923401, 107.9465856552124]}, "time_fit": {"586_fri_c3_1000_25": [124.19338417053223, 110.44774103164673, 108.90521669387817, 113.23414444923401, 107.9465856552124]}, "sizes": {"586_fri_c3_1000_25": []}, "tau": 0.5}, "LightGBM": {"losses": {"586_fri_c3_1000_25": [0.025318678491944253, 0.02551418329960363, 0.024967801062999753, 0.021186106918372985, 0.020367126811370713]}, "coverage": {"586_fri_c3_1000_25": [0.015000000000000013, 0.05500000000000005, 0.0050000000000000044, 0.04999999999999999, 0.04999999999999999]}, "time_all": {"586_fri_c3_1000_25": [0.465975284576416, 0.44357967376708984, 0.4016098976135254, 0.4061117172241211, 0.42156004905700684]}, "time_fit": {"586_fri_c3_1000_25": [0.0811002254486084, 0.07611775398254395, 0.07458972930908203, 0.07531332969665527, 0.08013153076171875]}, "sizes": {"586_fri_c3_1000_25": []}, "tau": 0.5}, "DecisionTree": {"losses": {"586_fri_c3_1000_25": [0.027096884712353206, 0.02936029670992381, 0.02954814896559819, 0.026076939604003938, 0.025826445762036205]}, "coverage": {"586_fri_c3_1000_25": [0.040000000000000036, 0.050000000000000044, 0.010000000000000009, 0.065, 0.020000000000000018]}, "complexity": {"586_fri_c3_1000_25": [325, 323, 129, 139, 327]}, "time_all": {"586_fri_c3_1000_25": [0.3278331756591797, 0.3236572742462158, 0.30403876304626465, 0.3042163848876953, 0.3207101821899414]}, "time_fit": {"586_fri_c3_1000_25": [0.051103830337524414, 0.05118083953857422, 0.03186750411987305, 0.033591508865356445, 0.04964780807495117]}, "sizes": {"586_fri_c3_1000_25": []}, "tau": 0.5}, "LinearQuantile": {"losses": {"586_fri_c3_1000_25": [0.059520676188714976, 0.06047097594911095, 0.05856284011686815, 0.056022615733009595, 0.053184540992789554]}, "coverage": {"586_fri_c3_1000_25": [0.010000000000000009, 0.025000000000000022, 0.030000000000000027, 0.034999999999999976, 0.04999999999999999]}, "complexity": {"586_fri_c3_1000_25": [25, 25, 25, 25, 25]}, "time_all": {"586_fri_c3_1000_25": [0.8668792247772217, 1.200444221496582, 4.039252996444702, 2.951734781265259, 0.9559128284454346]}, "time_fit": {"586_fri_c3_1000_25": [0.06976985931396484, 0.0796959400177002, 0.319504976272583, 0.18440556526184082, 0.07056760787963867]}, "sizes": {"586_fri_c3_1000_25": []}, "tau": 0.5}}
