{"SQR": {"losses": {"595_fri_c0_1000_10": [0.01752010026806754, 0.018878180815716707, 0.01864696426347594, 0.021718040090564855, 0.01838151494323043]}, "coverage": {"595_fri_c0_1000_10": [0.0, 0.02499999999999991, 0.010000000000000009, 0.06000000000000005, 0.0050000000000000044]}, "complexity": {"595_fri_c0_1000_10": [12, 12, 12, 11, 11]}, "time_all": {"595_fri_c0_1000_10": [107.0275866985321, 97.29551291465759, 97.5434238910675, 89.5599274635315, 94.34269690513611]}, "time_fit": {"595_fri_c0_1000_10": [107.0275866985321, 97.29551291465759, 97.5434238910675, 89.5599274635315, 94.34269690513611]}, "sizes": {"595_fri_c0_1000_10": []}, "tau": 0.7}, "LightGBM": {"losses": {"595_fri_c0_1000_10": [0.03109401568327329, 0.028936995680258874, 0.030303231024225486, 0.0330375047276396, 0.033503798796524355]}, "coverage": {"595_fri_c0_1000_10": [0.0050000000000000044, 0.0050000000000000044, 0.010000000000000009, 0.050000000000000044, 0.0050000000000000044]}, "time_all": {"595_fri_c0_1000_10": [0.4315626621246338, 0.41075849533081055, 0.38979387283325195, 0.37941741943359375, 0.4221370220184326]}, "time_fit": {"595_fri_c0_1000_10": [0.0767061710357666, 0.07305240631103516, 0.07871484756469727, 0.0729827880859375, 0.07657814025878906]}, "sizes": {"595_fri_c0_1000_10": []}, "tau": 0.7}, "DecisionTree": {"losses": {"595_fri_c0_1000_10": [0.03391765116310847, 0.037277366635740584, 0.03617389155139634, 0.03559659535052737, 0.03831362680605235]}, "coverage": {"595_fri_c0_1000_10": [0.014999999999999902, 0.06999999999999995, 0.010000000000000009, 0.039999999999999925, 0.10499999999999998]}, "complexity": {"595_fri_c0_1000_10": [37, 139, 35, 135, 135]}, "time_all": {"595_fri_c0_1000_10": [0.1693434715270996, 0.17468547821044922, 0.1622769832611084, 0.17288589477539062, 0.17566561698913574]}, "time_fit": {"595_fri_c0_1000_10": [0.01052236557006836, 0.019887924194335938, 0.009970903396606445, 0.019503355026245117, 0.01970815658569336]}, "sizes": {"595_fri_c0_1000_10": []}, "tau": 0.7}, "LinearQuantile": {"losses": {"595_fri_c0_1000_10": [0.03736406841784333, 0.038483368893786694, 0.03782922900251255, 0.03614873613705973, 0.03970767774428789]}, "coverage": {"595_fri_c0_1000_10": [0.27999999999999997, 0.22999999999999998, 0.16499999999999992, 0.135, 0.22499999999999998]}, "complexity": {"595_fri_c0_1000_10": [10, 10, 10, 10, 10]}, "time_all": {"595_fri_c0_1000_10": [1.0894348621368408, 0.42769932746887207, 1.0470881462097168, 0.28940701484680176, 0.883206844329834]}, "time_fit": {"595_fri_c0_1000_10": [0.08853483200073242, 0.034610748291015625, 0.06889915466308594, 0.02431631088256836, 0.060739755630493164]}, "sizes": {"595_fri_c0_1000_10": []}, "tau": 0.7}}
