{"SQR": {"losses": {"633_fri_c0_500_25": [0.02159211782607821, 0.013336020573102729, 0.017909629325683827, 0.012953065570268651, 0.020348678175205245]}, "coverage": {"633_fri_c0_500_25": [0.050000000000000044, 0.020000000000000018, 0.050000000000000044, 0.07999999999999996, 0.020000000000000018]}, "complexity": {"633_fri_c0_500_25": [8, 14, 9, 13, 8]}, "time_all": {"633_fri_c0_500_25": [104.73775291442871, 90.18033790588379, 92.12894940376282, 89.93247246742249, 88.20929741859436]}, "time_fit": {"633_fri_c0_500_25": [104.73775291442871, 90.18033790588379, 92.12894940376282, 89.93247246742249, 88.20929741859436]}, "sizes": {"633_fri_c0_500_25": []}, "tau": 0.8}, "LightGBM": {"losses": {"633_fri_c0_500_25": [0.02842992999537526, 0.027594920851165033, 0.027557261413436073, 0.03340650038436544, 0.036245800414356974]}, "coverage": {"633_fri_c0_500_25": [0.0, 0.0, 0.029999999999999916, 0.07000000000000006, 0.010000000000000009]}, "time_all": {"633_fri_c0_500_25": [0.2692124843597412, 0.22338294982910156, 0.2404184341430664, 0.25913429260253906, 0.2159872055053711]}, "time_fit": {"633_fri_c0_500_25": [0.05221843719482422, 0.04982447624206543, 0.04921603202819824, 0.0516047477722168, 0.04922342300415039]}, "sizes": {"633_fri_c0_500_25": []}, "tau": 0.8}, "DecisionTree": {"losses": {"633_fri_c0_500_25": [0.03122309197976207, 0.03326488709181836, 0.030687156117318877, 0.0319863639528063, 0.03299082157491266]}, "coverage": {"633_fri_c0_500_25": [0.09000000000000008, 0.050000000000000044, 0.010000000000000009, 0.06000000000000005, 0.07000000000000006]}, "complexity": {"633_fri_c0_500_25": [61, 15, 31, 31, 31]}, "time_all": {"633_fri_c0_500_25": [0.13146352767944336, 0.12428808212280273, 0.12966036796569824, 0.12440133094787598, 0.1299147605895996]}, "time_fit": {"633_fri_c0_500_25": [0.014158487319946289, 0.00732731819152832, 0.010564804077148438, 0.010118722915649414, 0.010494709014892578]}, "sizes": {"633_fri_c0_500_25": []}, "tau": 0.8}, "LinearQuantile": {"losses": {"633_fri_c0_500_25": [0.040311245637030216, 0.045436482523553416, 0.037501838570427486, 0.04690360347869044, 0.04776627403467147]}, "coverage": {"633_fri_c0_500_25": [0.32000000000000006, 0.5, 0.32000000000000006, 0.34, 0.38000000000000006]}, "complexity": {"633_fri_c0_500_25": [25, 25, 25, 25, 25]}, "time_all": {"633_fri_c0_500_25": [1.3138072490692139, 0.34991908073425293, 2.0537848472595215, 1.6799678802490234, 0.3797175884246826]}, "time_fit": {"633_fri_c0_500_25": [0.10212111473083496, 0.03137969970703125, 0.13007473945617676, 0.1056981086730957, 0.033833980560302734]}, "sizes": {"633_fri_c0_500_25": []}, "tau": 0.8}}
