{"SQR": {"losses": {"648_fri_c1_250_50": [0.02151886995232058, 0.03497294855157593, 0.019436452661963227, 0.012681962585886641, 0.012934170915778642]}, "coverage": {"648_fri_c1_250_50": [0.0, 0.09999999999999998, 0.040000000000000036, 0.09999999999999998, 0.040000000000000036]}, "complexity": {"648_fri_c1_250_50": [12, 8, 12, 15, 15]}, "time_all": {"648_fri_c1_250_50": [90.17174696922302, 74.63656544685364, 73.75445985794067, 74.16542530059814, 73.79938125610352]}, "time_fit": {"648_fri_c1_250_50": [90.17174696922302, 74.63656544685364, 73.75445985794067, 74.16542530059814, 73.79938125610352]}, "sizes": {"648_fri_c1_250_50": []}, "tau": 0.5}, "LightGBM": {"losses": {"648_fri_c1_250_50": [0.04147334655598719, 0.04659473571750893, 0.041097326054273284, 0.041943242023291395, 0.038122460167773854]}, "coverage": {"648_fri_c1_250_50": [0.020000000000000018, 0.0, 0.07999999999999996, 0.020000000000000018, 0.06000000000000005]}, "time_all": {"648_fri_c1_250_50": [0.21199440956115723, 0.15708184242248535, 0.19016814231872559, 0.1907799243927002, 0.1600198745727539]}, "time_fit": {"648_fri_c1_250_50": [0.04056715965270996, 0.03735184669494629, 0.044419288635253906, 0.04419398307800293, 0.04132533073425293]}, "sizes": {"648_fri_c1_250_50": []}, "tau": 0.5}, "DecisionTree": {"losses": {"648_fri_c1_250_50": [0.05629809973218446, 0.039344532785639874, 0.046010880587833376, 0.04222723936108196, 0.04207823574588753]}, "coverage": {"648_fri_c1_250_50": [0.0, 0.14, 0.040000000000000036, 0.03999999999999998, 0.020000000000000018]}, "complexity": {"648_fri_c1_250_50": [35, 79, 35, 85, 33]}, "time_all": {"648_fri_c1_250_50": [0.09155869483947754, 0.09405112266540527, 0.08929777145385742, 0.09501218795776367, 0.09072303771972656]}, "time_fit": {"648_fri_c1_250_50": [0.010100126266479492, 0.01462864875793457, 0.010118484497070312, 0.015811443328857422, 0.009917974472045898]}, "sizes": {"648_fri_c1_250_50": []}, "tau": 0.5}, "LinearQuantile": {"losses": {"648_fri_c1_250_50": [0.07942622923570998, 0.0996642492575171, 0.0819311915464763, 0.08658266330904958, 0.08321893719736176]}, "coverage": {"648_fri_c1_250_50": [0.09999999999999998, 0.020000000000000018, 0.09999999999999998, 0.06, 0.14]}, "complexity": {"648_fri_c1_250_50": [50, 50, 50, 50, 50]}, "time_all": {"648_fri_c1_250_50": [12.436232566833496, 5.269788026809692, 4.560946226119995, 3.731898307800293, 6.627565622329712]}, "time_fit": {"648_fri_c1_250_50": [1.0762155055999756, 0.3442873954772949, 0.3376178741455078, 0.31441807746887207, 0.5649027824401855]}, "sizes": {"648_fri_c1_250_50": []}, "tau": 0.5}}
