{"SQR": {"losses": {"659_sleuth_ex1714": [0.0242536625832001, 0.047231812234677234, 0.03314629399823103, 0.026510192479402374, 0.05033785561875714]}, "coverage": {"659_sleuth_ex1714": [0.0, 0.10000000000000009, 0.033333333333333326, 0.033333333333333326, 0.033333333333333326]}, "complexity": {"659_sleuth_ex1714": [7, 15, 12, 12, 14]}, "time_all": {"659_sleuth_ex1714": [78.8239438533783, 66.26980376243591, 65.32008910179138, 65.67409753799438, 64.86758422851562]}, "time_fit": {"659_sleuth_ex1714": [78.8239438533783, 66.26980376243591, 65.32008910179138, 65.67409753799438, 64.86758422851562]}, "sizes": {"659_sleuth_ex1714": []}, "tau": 0.7}, "LightGBM": {"losses": {"659_sleuth_ex1714": [0.059272192178555706, 0.07573881618780273, 0.04880320737709072, 0.06352253512520706, 0.047057516502720644]}, "coverage": {"659_sleuth_ex1714": [0.10000000000000009, 0.09999999999999998, 0.36666666666666664, 0.18888888888888888, 0.033333333333333326]}, "time_all": {"659_sleuth_ex1714": [0.0744020938873291, 0.03733706474304199, 0.036665916442871094, 0.0313870906829834, 0.03207874298095703]}, "time_fit": {"659_sleuth_ex1714": [0.004033088684082031, 0.004627704620361328, 0.004509449005126953, 0.0037567615509033203, 0.0039520263671875]}, "sizes": {"659_sleuth_ex1714": []}, "tau": 0.7}, "DecisionTree": {"losses": {"659_sleuth_ex1714": [0.03174592690444737, 0.053717116437063596, 0.03506342915854144, 0.023505902581199802, 0.026931286825606512]}, "coverage": {"659_sleuth_ex1714": [0.29999999999999993, 0.10000000000000009, 0.14444444444444438, 0.18888888888888888, 0.14444444444444438]}, "complexity": {"659_sleuth_ex1714": [15, 7, 7, 15, 5]}, "time_all": {"659_sleuth_ex1714": [0.029147624969482422, 0.029180288314819336, 0.02963995933532715, 0.02649402618408203, 0.027589797973632812]}, "time_fit": {"659_sleuth_ex1714": [0.0026807785034179688, 0.0020170211791992188, 0.0020127296447753906, 0.002435922622680664, 0.0018620491027832031]}, "sizes": {"659_sleuth_ex1714": []}, "tau": 0.7}, "LinearQuantile": {"losses": {"659_sleuth_ex1714": [0.02944582601875012, 0.038073933237583645, 0.05237780676189068, 0.03757316388930625, 0.041186019650623504]}, "coverage": {"659_sleuth_ex1714": [0.09999999999999998, 0.0, 0.07777777777777783, 0.033333333333333326, 0.07777777777777783]}, "complexity": {"659_sleuth_ex1714": [7, 7, 7, 7, 7]}, "time_all": {"659_sleuth_ex1714": [0.5706436634063721, 0.45415377616882324, 0.5892229080200195, 0.17414569854736328, 0.10336112976074219]}, "time_fit": {"659_sleuth_ex1714": [0.050507545471191406, 0.036858558654785156, 0.04514622688293457, 0.014663934707641602, 0.008748054504394531]}, "sizes": {"659_sleuth_ex1714": []}, "tau": 0.7}}
