{"SQR": {"losses": {"628_fri_c3_1000_5": [0.017782543823719466, 0.010191113690334779, 0.011728571760837947, 0.0234351973235904, 0.013992968062178998]}, "coverage": {"628_fri_c3_1000_5": [0.0, 0.010000000000000009, 0.06499999999999995, 0.03499999999999992, 0.04499999999999993]}, "complexity": {"628_fri_c3_1000_5": [11, 11, 12, 10, 10]}, "time_all": {"628_fri_c3_1000_5": [116.88373112678528, 103.86641478538513, 103.42471837997437, 106.77841830253601, 104.82778692245483]}, "time_fit": {"628_fri_c3_1000_5": [116.88373112678528, 103.86641478538513, 103.42471837997437, 106.77841830253601, 104.82778692245483]}, "sizes": {"628_fri_c3_1000_5": []}, "tau": 0.7}, "LightGBM": {"losses": {"628_fri_c3_1000_5": [0.026628304763100838, 0.022782045942848588, 0.023949117041669823, 0.022112110592129225, 0.027189248730314697]}, "coverage": {"628_fri_c3_1000_5": [0.015000000000000013, 0.015000000000000013, 0.019999999999999907, 0.05500000000000005, 0.019999999999999907]}, "time_all": {"628_fri_c3_1000_5": [0.4078636169433594, 0.368788480758667, 0.3488929271697998, 0.3425102233886719, 0.3657560348510742]}, "time_fit": {"628_fri_c3_1000_5": [0.06589698791503906, 0.06130814552307129, 0.06217145919799805, 0.0610966682434082, 0.06345081329345703]}, "sizes": {"628_fri_c3_1000_5": []}, "tau": 0.7}, "DecisionTree": {"losses": {"628_fri_c3_1000_5": [0.02347159944503417, 0.02514926940056284, 0.02600569904648367, 0.021024632973995233, 0.02553869709465609]}, "coverage": {"628_fri_c3_1000_5": [0.07999999999999996, 0.12, 0.15999999999999992, 0.029999999999999916, 0.15499999999999992]}, "complexity": {"628_fri_c3_1000_5": [323, 313, 323, 315, 329]}, "time_all": {"628_fri_c3_1000_5": [0.162367582321167, 0.14925169944763184, 0.1518416404724121, 0.15076017379760742, 0.15122747421264648]}, "time_fit": {"628_fri_c3_1000_5": [0.029627561569213867, 0.02808094024658203, 0.028802871704101562, 0.0283510684967041, 0.029302120208740234]}, "sizes": {"628_fri_c3_1000_5": []}, "tau": 0.7}, "LinearQuantile": {"losses": {"628_fri_c3_1000_5": [0.06371521549232693, 0.05956100235584324, 0.057948228049196256, 0.061130989714193916, 0.06314038667823915]}, "coverage": {"628_fri_c3_1000_5": [0.22999999999999998, 0.22999999999999998, 0.21999999999999997, 0.25499999999999995, 0.18499999999999994]}, "complexity": {"628_fri_c3_1000_5": [5, 5, 5, 5, 5]}, "time_all": {"628_fri_c3_1000_5": [0.21144533157348633, 0.1998271942138672, 0.1603546142578125, 0.14808440208435059, 0.8890457153320312]}, "time_fit": {"628_fri_c3_1000_5": [0.01766371726989746, 0.017209529876708984, 0.013840436935424805, 0.012846946716308594, 0.061127662658691406]}, "sizes": {"628_fri_c3_1000_5": []}, "tau": 0.7}}
