{"SQR": {"losses": {"622_fri_c2_1000_50": [0.03606684952068318, 0.029759833479205987, 0.034709761373703095, 0.026231682472338477, 0.02195435594168713]}, "coverage": {"622_fri_c2_1000_50": [0.06499999999999995, 0.015000000000000013, 0.020000000000000018, 0.07499999999999996, 0.010000000000000009]}, "complexity": {"622_fri_c2_1000_50": [7, 7, 7, 14, 11]}, "time_all": {"622_fri_c2_1000_50": [102.49547672271729, 106.63612937927246, 105.10922408103943, 105.78462433815002, 111.18148827552795]}, "time_fit": {"622_fri_c2_1000_50": [102.49547672271729, 106.63612937927246, 105.10922408103943, 105.78462433815002, 111.18148827552795]}, "sizes": {"622_fri_c2_1000_50": []}, "tau": 0.6}, "LightGBM": {"losses": {"622_fri_c2_1000_50": [0.03633038118983776, 0.031213490746616303, 0.034061263032584194, 0.030268625224188227, 0.03509440763279465]}, "coverage": {"622_fri_c2_1000_50": [0.020000000000000018, 0.010000000000000009, 0.0, 0.04499999999999993, 0.0050000000000000044]}, "time_all": {"622_fri_c2_1000_50": [0.49472975730895996, 0.4671821594238281, 0.4693489074707031, 0.45156383514404297, 0.48760557174682617]}, "time_fit": {"622_fri_c2_1000_50": [0.0825185775756836, 0.08159875869750977, 0.08523821830749512, 0.0845646858215332, 0.0845644474029541]}, "sizes": {"622_fri_c2_1000_50": []}, "tau": 0.6}, "DecisionTree": {"losses": {"622_fri_c2_1000_50": [0.038449050318422454, 0.03511669217322375, 0.0379611775015318, 0.036909551552421836, 0.034799855588062596]}, "coverage": {"622_fri_c2_1000_50": [0.04999999999999993, 0.03500000000000003, 0.08499999999999996, 0.10499999999999998, 0.025000000000000022]}, "complexity": {"622_fri_c2_1000_50": [137, 61, 313, 139, 129]}, "time_all": {"622_fri_c2_1000_50": [0.5086681842803955, 0.49683499336242676, 0.5118634700775146, 0.475064754486084, 0.5028741359710693]}, "time_fit": {"622_fri_c2_1000_50": [0.055474281311035156, 0.042520999908447266, 0.06930351257324219, 0.04732322692871094, 0.05507040023803711]}, "sizes": {"622_fri_c2_1000_50": []}, "tau": 0.6}, "LinearQuantile": {"losses": {"622_fri_c2_1000_50": [0.07814207202317913, 0.07694489294754356, 0.07613876140197301, 0.0778291859125967, 0.0777548689315442]}, "coverage": {"622_fri_c2_1000_50": [0.13, 0.13499999999999995, 0.14999999999999997, 0.06999999999999995, 0.13999999999999996]}, "complexity": {"622_fri_c2_1000_50": [50, 50, 50, 50, 50]}, "time_all": {"622_fri_c2_1000_50": [6.443628787994385, 19.853192567825317, 5.146454572677612, 3.7276806831359863, 19.975350379943848]}, "time_fit": {"622_fri_c2_1000_50": [0.5599780082702637, 1.776956558227539, 0.33355140686035156, 0.3238987922668457, 1.791102647781372]}, "sizes": {"622_fri_c2_1000_50": []}, "tau": 0.6}}
