{"SQR": {"losses": {"599_fri_c2_1000_5": [0.015450315228517256, 0.023145048923909936, 0.011392124585975197, 0.02014039236863441, 0.010893615653699562]}, "coverage": {"599_fri_c2_1000_5": [0.0050000000000000044, 0.02499999999999991, 0.010000000000000009, 0.0050000000000000044, 0.04999999999999993]}, "complexity": {"599_fri_c2_1000_5": [16, 11, 16, 10, 16]}, "time_all": {"599_fri_c2_1000_5": [104.06605935096741, 99.01350164413452, 99.81547713279724, 96.97694540023804, 107.09018158912659]}, "time_fit": {"599_fri_c2_1000_5": [104.06605935096741, 99.01350164413452, 99.81547713279724, 96.97694540023804, 107.09018158912659]}, "sizes": {"599_fri_c2_1000_5": []}, "tau": 0.8}, "LightGBM": {"losses": {"599_fri_c2_1000_5": [0.02763667908113083, 0.029569157699960442, 0.02523660601716976, 0.02588271449315744, 0.027342248308619848]}, "coverage": {"599_fri_c2_1000_5": [0.0050000000000000044, 0.04500000000000004, 0.03499999999999992, 0.05500000000000005, 0.05499999999999994]}, "time_all": {"599_fri_c2_1000_5": [0.38896632194519043, 0.3673272132873535, 0.3367443084716797, 0.3823070526123047, 0.389371395111084]}, "time_fit": {"599_fri_c2_1000_5": [0.07117223739624023, 0.07158684730529785, 0.07019543647766113, 0.06772565841674805, 0.07163763046264648]}, "sizes": {"599_fri_c2_1000_5": []}, "tau": 0.8}, "DecisionTree": {"losses": {"599_fri_c2_1000_5": [0.0257142156866967, 0.026877431030612263, 0.02766016411149972, 0.025566834124852538, 0.025376396674590553]}, "coverage": {"599_fri_c2_1000_5": [0.09000000000000008, 0.17500000000000004, 0.125, 0.135, 0.08500000000000008]}, "complexity": {"599_fri_c2_1000_5": [141, 317, 137, 137, 329]}, "time_all": {"599_fri_c2_1000_5": [0.14227080345153809, 0.1560521125793457, 0.1381070613861084, 0.13921022415161133, 0.15517735481262207]}, "time_fit": {"599_fri_c2_1000_5": [0.016199350357055664, 0.029614925384521484, 0.015281200408935547, 0.015670299530029297, 0.030193090438842773]}, "sizes": {"599_fri_c2_1000_5": []}, "tau": 0.8}, "LinearQuantile": {"losses": {"599_fri_c2_1000_5": [0.07897199986649403, 0.0758532974840512, 0.07892948578920296, 0.07763190535857743, 0.07787292932808311]}, "coverage": {"599_fri_c2_1000_5": [0.35000000000000003, 0.32000000000000006, 0.33000000000000007, 0.34, 0.33000000000000007]}, "complexity": {"599_fri_c2_1000_5": [5, 5, 5, 5, 5]}, "time_all": {"599_fri_c2_1000_5": [0.6157732009887695, 0.28248167037963867, 0.14260077476501465, 0.1930704116821289, 0.39957427978515625]}, "time_fit": {"599_fri_c2_1000_5": [0.05469775199890137, 0.025195837020874023, 0.012062788009643555, 0.01695847511291504, 0.03266644477844238]}, "sizes": {"599_fri_c2_1000_5": []}, "tau": 0.8}}
