{"SQR": {"losses": {"527_analcatdata_election2000": [0.0, 0.0, 0.0, 0.0, 0.0]}, "coverage": {"527_analcatdata_election2000": [0.19999999999999996, 0.19999999999999996, 0.19999999999999996, 0.19999999999999996, 0.19999999999999996]}, "complexity": {"527_analcatdata_election2000": [14, 16, 16, 17, 16]}, "time_all": {"527_analcatdata_election2000": [81.13719367980957, 64.90118193626404, 66.15376925468445, 65.18828201293945, 66.21155405044556]}, "time_fit": {"527_analcatdata_election2000": [81.13719367980957, 64.90118193626404, 66.15376925468445, 65.18828201293945, 66.21155405044556]}, "sizes": {"527_analcatdata_election2000": []}, "tau": 0.8}, "LightGBM": {"losses": {"527_analcatdata_election2000": [0.10359911317897796, 0.018332933268351826, 0.01285282385040096, 0.03865674209873081, 0.027013969923652348]}, "coverage": {"527_analcatdata_election2000": [0.08571428571428574, 0.19999999999999996, 0.12307692307692308, 0.0461538461538461, 0.12307692307692308]}, "time_all": {"527_analcatdata_election2000": [0.11009526252746582, 0.06014394760131836, 0.06835269927978516, 0.06880378723144531, 0.061597347259521484]}, "time_fit": {"527_analcatdata_election2000": [0.013271808624267578, 0.012506246566772461, 0.014780998229980469, 0.014754056930541992, 0.01304769515991211]}, "sizes": {"527_analcatdata_election2000": []}, "tau": 0.8}, "DecisionTree": {"losses": {"527_analcatdata_election2000": [0.05673109614052761, 0.00668493505820133, 0.019220251710542847, 0.008344393946343497, 0.017471703004692397]}, "coverage": {"527_analcatdata_election2000": [0.30000000000000004, 0.15714285714285714, 0.0461538461538461, 0.10769230769230775, 0.03076923076923077]}, "complexity": {"527_analcatdata_election2000": [19, 9, 9, 21, 19]}, "time_all": {"527_analcatdata_election2000": [0.031929969787597656, 0.028429508209228516, 0.029635190963745117, 0.03020167350769043, 0.030672311782836914]}, "time_fit": {"527_analcatdata_election2000": [0.0032045841217041016, 0.0021736621856689453, 0.002173185348510742, 0.0031020641326904297, 0.0031859874725341797]}, "sizes": {"527_analcatdata_election2000": []}, "tau": 0.8}, "LinearQuantile": {"losses": {"527_analcatdata_election2000": [1.7306729816828022e-13, 1.2126368434669146e-12, 9.273697679987118e-13, 7.601876184757346e-12, 2.2021407244159772e-13]}, "coverage": {"527_analcatdata_election2000": [0.6571428571428573, 0.19999999999999996, 0.8, 0.12307692307692308, 0.19999999999999996]}, "complexity": {"527_analcatdata_election2000": [14, 14, 14, 14, 14]}, "time_all": {"527_analcatdata_election2000": [0.03412294387817383, 0.0274808406829834, 0.027533292770385742, 0.027651309967041016, 0.029532670974731445]}, "time_fit": {"527_analcatdata_election2000": [0.002143383026123047, 0.0019307136535644531, 0.0019316673278808594, 0.0019249916076660156, 0.002081632614135742]}, "sizes": {"527_analcatdata_election2000": []}, "tau": 0.8}}
