{"SQR": {"losses": {"601_fri_c1_250_5": [0.011872612805194784, 0.013352895790246823, 0.012708026800468156, 0.01912974556593471, 0.016250732885358082]}, "coverage": {"601_fri_c1_250_5": [0.0, 0.039999999999999925, 0.019999999999999907, 0.10000000000000009, 0.0]}, "complexity": {"601_fri_c1_250_5": [16, 13, 18, 14, 14]}, "time_all": {"601_fri_c1_250_5": [89.78826093673706, 76.23998737335205, 77.0302562713623, 77.42522025108337, 77.89267945289612]}, "time_fit": {"601_fri_c1_250_5": [89.78826093673706, 76.23998737335205, 77.0302562713623, 77.42522025108337, 77.89267945289612]}, "sizes": {"601_fri_c1_250_5": []}, "tau": 0.7}, "LightGBM": {"losses": {"601_fri_c1_250_5": [0.04843284475419831, 0.038908982694681196, 0.036077247475579464, 0.0330871375336723, 0.04696472594282426]}, "coverage": {"601_fri_c1_250_5": [0.0, 0.06000000000000005, 0.09999999999999998, 0.020000000000000018, 0.039999999999999925]}, "time_all": {"601_fri_c1_250_5": [0.18676304817199707, 0.17052221298217773, 0.16596150398254395, 0.15963959693908691, 0.13628125190734863]}, "time_fit": {"601_fri_c1_250_5": [0.03389596939086914, 0.04080057144165039, 0.03743577003479004, 0.03705739974975586, 0.030988454818725586]}, "sizes": {"601_fri_c1_250_5": []}, "tau": 0.7}, "DecisionTree": {"losses": {"601_fri_c1_250_5": [0.06097554134277323, 0.04263895509212531, 0.03281579057274633, 0.0343551432312702, 0.032501869196928115]}, "coverage": {"601_fri_c1_250_5": [0.19999999999999996, 0.1399999999999999, 0.09999999999999998, 0.19999999999999996, 0.0]}, "complexity": {"601_fri_c1_250_5": [79, 75, 79, 33, 37]}, "time_all": {"601_fri_c1_250_5": [0.05307435989379883, 0.050373077392578125, 0.050507307052612305, 0.047074079513549805, 0.04820990562438965]}, "time_fit": {"601_fri_c1_250_5": [0.008068323135375977, 0.007428646087646484, 0.007750034332275391, 0.0044612884521484375, 0.004733562469482422]}, "sizes": {"601_fri_c1_250_5": []}, "tau": 0.7}, "LinearQuantile": {"losses": {"601_fri_c1_250_5": [0.08785450397287614, 0.06643835259296633, 0.07671222970967988, 0.06258147267222823, 0.07002661730290517]}, "coverage": {"601_fri_c1_250_5": [0.25999999999999995, 0.19999999999999996, 0.27999999999999997, 0.21999999999999997, 0.19999999999999996]}, "complexity": {"601_fri_c1_250_5": [5, 5, 5, 5, 5]}, "time_all": {"601_fri_c1_250_5": [0.18469977378845215, 0.5069327354431152, 0.23946046829223633, 0.23733735084533691, 1.4592344760894775]}, "time_fit": {"601_fri_c1_250_5": [0.01564621925354004, 0.04549813270568848, 0.021163463592529297, 0.020213842391967773, 0.0945885181427002]}, "sizes": {"601_fri_c1_250_5": []}, "tau": 0.7}}
