{"SQR": {"losses": {"650_fri_c0_500_50": [0.029888948237723166, 0.019604353871525874, 0.02654262584691695, 0.02525422557823712, 0.015703843213508643]}, "coverage": {"650_fri_c0_500_50": [0.03999999999999998, 0.010000000000000009, 0.03999999999999998, 0.030000000000000027, 0.030000000000000027]}, "complexity": {"650_fri_c0_500_50": [9, 13, 13, 19, 13]}, "time_all": {"650_fri_c0_500_50": [105.83631753921509, 95.38146328926086, 88.99376320838928, 94.45349025726318, 89.68878149986267]}, "time_fit": {"650_fri_c0_500_50": [105.83631753921509, 95.38146328926086, 88.99376320838928, 94.45349025726318, 89.68878149986267]}, "sizes": {"650_fri_c0_500_50": []}, "tau": 0.5}, "LightGBM": {"losses": {"650_fri_c0_500_50": [0.038539329775385156, 0.04295884743311214, 0.03673484664345991, 0.03809346489137618, 0.043122615664263945]}, "coverage": {"650_fri_c0_500_50": [0.010000000000000009, 0.010000000000000009, 0.010000000000000009, 0.06, 0.0]}, "time_all": {"650_fri_c0_500_50": [0.3294360637664795, 0.2862377166748047, 0.312880277633667, 0.2989192008972168, 0.2666163444519043]}, "time_fit": {"650_fri_c0_500_50": [0.06461238861083984, 0.06071758270263672, 0.0621790885925293, 0.05963730812072754, 0.05979323387145996]}, "sizes": {"650_fri_c0_500_50": []}, "tau": 0.5}, "DecisionTree": {"losses": {"650_fri_c0_500_50": [0.0419774663626548, 0.05474614451781135, 0.04281914143426107, 0.04592754455736115, 0.049108443884547305]}, "coverage": {"650_fri_c0_500_50": [0.040000000000000036, 0.06, 0.04999999999999999, 0.010000000000000009, 0.030000000000000027]}, "complexity": {"650_fri_c0_500_50": [33, 69, 29, 73, 29]}, "time_all": {"650_fri_c0_500_50": [0.19640684127807617, 0.20154833793640137, 0.19696974754333496, 0.2073969841003418, 0.20265626907348633]}, "time_fit": {"650_fri_c0_500_50": [0.016759872436523438, 0.022655487060546875, 0.016507387161254883, 0.023919105529785156, 0.016929149627685547]}, "sizes": {"650_fri_c0_500_50": []}, "tau": 0.5}, "LinearQuantile": {"losses": {"650_fri_c0_500_50": [0.03979690044269813, 0.035237057070990487, 0.04006891822596315, 0.04000875804399821, 0.04401574533876139]}, "coverage": {"650_fri_c0_500_50": [0.10999999999999999, 0.09000000000000002, 0.010000000000000009, 0.0, 0.020000000000000018]}, "complexity": {"650_fri_c0_500_50": [50, 50, 50, 50, 50]}, "time_all": {"650_fri_c0_500_50": [3.1047921180725098, 13.050183773040771, 15.652444839477539, 6.343791246414185, 110.46211910247803]}, "time_fit": {"650_fri_c0_500_50": [0.2451636791229248, 1.1286180019378662, 1.3851006031036377, 0.5073070526123047, 5.880346775054932]}, "sizes": {"650_fri_c0_500_50": []}, "tau": 0.5}}
