{"SQR": {"losses": {"banana": [0.07485973807590458, 0.0734877899345074, 0.0895565229504163, 0.07647888701980628, 0.07490673229462196]}, "coverage": {"banana": [0.280188679245283, 0.24905660377358496, 0.23113207547169812, 0.2537735849056604, 0.3358490566037736]}, "complexity": {"banana": [8, 9, 10, 8, 9]}, "time_all": {"banana": [340.5566153526306, 373.1401438713074, 411.62773728370667, 392.24351477622986, 440.5970916748047]}, "time_fit": {"banana": [340.5566153526306, 373.1401438713074, 411.62773728370667, 392.24351477622986, 440.5970916748047]}, "sizes": {"banana": []}, "tau": 0.8}, "LightGBM": {"losses": {"banana": [0.11056603773584903, 0.11018867924528299, 0.11377358490566035, 0.1092452830188679, 0.10792452830188677]}, "coverage": {"banana": [0.19999999999999996, 0.19999999999999996, 0.19999999999999996, 0.19999999999999996, 0.19999999999999996]}, "time_all": {"banana": [0.16886258125305176, 0.15790843963623047, 0.12696218490600586, 0.12684249877929688, 0.12738728523254395]}, "time_fit": {"banana": [0.026766538619995117, 0.03466081619262695, 0.026978492736816406, 0.026802539825439453, 0.026590824127197266]}, "sizes": {"banana": []}, "tau": 0.8}, "DecisionTree": {"losses": {"banana": [0.042641509433962256, 0.03762264150943396, 0.04283018867924527, 0.04316981132075471, 0.04283018867924528]}, "coverage": {"banana": [0.18113207547169807, 0.18301886792452826, 0.17924528301886788, 0.18301886792452826, 0.18018867924528292]}, "complexity": {"banana": [105, 181, 141, 123, 119]}, "time_all": {"banana": [0.3185579776763916, 0.3085658550262451, 0.3110628128051758, 0.3040609359741211, 0.2788827419281006]}, "time_fit": {"banana": [0.019103050231933594, 0.024002552032470703, 0.021288394927978516, 0.020026206970214844, 0.01719808578491211]}, "sizes": {"banana": []}, "tau": 0.8}, "LinearQuantile": {"losses": {"banana": [0.35773587808909085, 0.3592453068398679, 0.34490569139956767, 0.36301888893231515, 0.3683019190597994]}, "coverage": {"banana": [0.5273584905660378, 0.530188679245283, 0.5056603773584907, 0.5462264150943397, 0.5528301886792453]}, "complexity": {"banana": [2, 2, 2, 2, 2]}, "time_all": {"banana": [0.08765435218811035, 0.05970001220703125, 0.06050372123718262, 0.058793067932128906, 0.053716421127319336]}, "time_fit": {"banana": [0.006474494934082031, 0.004781484603881836, 0.004836559295654297, 0.0046844482421875, 0.004313468933105469]}, "sizes": {"banana": []}, "tau": 0.8}}
