{"SQR": {"losses": {"593_fri_c1_1000_10": [0.014146283802316667, 0.015487372435880893, 0.008063165240113496, 0.007834796674623832, 0.01993716284384437]}, "coverage": {"593_fri_c1_1000_10": [0.015000000000000013, 0.02499999999999991, 0.050000000000000044, 0.0050000000000000044, 0.04500000000000004]}, "complexity": {"593_fri_c1_1000_10": [12, 13, 13, 15, 8]}, "time_all": {"593_fri_c1_1000_10": [102.09101104736328, 106.94534349441528, 119.6019561290741, 106.91016793251038, 100.53664588928223]}, "time_fit": {"593_fri_c1_1000_10": [102.09101104736328, 106.94534349441528, 119.6019561290741, 106.91016793251038, 100.53664588928223]}, "sizes": {"593_fri_c1_1000_10": []}, "tau": 0.8}, "LightGBM": {"losses": {"593_fri_c1_1000_10": [0.030865172949729985, 0.02942764884042442, 0.028949715102751516, 0.028621556119410786, 0.028059603434433908]}, "coverage": {"593_fri_c1_1000_10": [0.015000000000000013, 0.02499999999999991, 0.03500000000000003, 0.0050000000000000044, 0.0050000000000000044]}, "time_all": {"593_fri_c1_1000_10": [0.4474320411682129, 0.39322686195373535, 0.4128096103668213, 0.39762187004089355, 0.41513752937316895]}, "time_fit": {"593_fri_c1_1000_10": [0.07990598678588867, 0.07465839385986328, 0.0756080150604248, 0.07811379432678223, 0.07891130447387695]}, "sizes": {"593_fri_c1_1000_10": []}, "tau": 0.8}, "DecisionTree": {"losses": {"593_fri_c1_1000_10": [0.025220973704379496, 0.02784793798859536, 0.02734002723571926, 0.028166516686912176, 0.025905521661862583]}, "coverage": {"593_fri_c1_1000_10": [0.14, 0.07500000000000007, 0.07500000000000007, 0.05500000000000005, 0.13]}, "complexity": {"593_fri_c1_1000_10": [143, 61, 61, 137, 323]}, "time_all": {"593_fri_c1_1000_10": [0.17963290214538574, 0.16965198516845703, 0.17285895347595215, 0.1753535270690918, 0.19181561470031738]}, "time_fit": {"593_fri_c1_1000_10": [0.020228147506713867, 0.013158321380615234, 0.013191938400268555, 0.019176721572875977, 0.03397512435913086]}, "sizes": {"593_fri_c1_1000_10": []}, "tau": 0.8}, "LinearQuantile": {"losses": {"593_fri_c1_1000_10": [0.0726487162420683, 0.07037512467107905, 0.07407252106405271, 0.06743028272751937, 0.07037639431611503]}, "coverage": {"593_fri_c1_1000_10": [0.34500000000000003, 0.31500000000000006, 0.37000000000000005, 0.33000000000000007, 0.335]}, "complexity": {"593_fri_c1_1000_10": [10, 10, 10, 10, 10]}, "time_all": {"593_fri_c1_1000_10": [4.778441429138184, 0.4851551055908203, 0.603724479675293, 0.2809019088745117, 0.571448802947998]}, "time_fit": {"593_fri_c1_1000_10": [0.16980791091918945, 0.03914165496826172, 0.04544806480407715, 0.0233609676361084, 0.05064654350280762]}, "sizes": {"593_fri_c1_1000_10": []}, "tau": 0.8}}
