{"SQR": {"losses": {"626_fri_c2_500_50": [0.016351598485802008, 0.03418647351653977, 0.020424749157389163, 0.028370435902882005, 0.009931322709602685]}, "coverage": {"626_fri_c2_500_50": [0.16000000000000003, 0.030000000000000027, 0.06000000000000005, 0.06000000000000005, 0.030000000000000027]}, "complexity": {"626_fri_c2_500_50": [14, 5, 10, 10, 15]}, "time_all": {"626_fri_c2_500_50": [113.2288830280304, 78.6280128955841, 92.60085701942444, 83.11213064193726, 86.21215009689331]}, "time_fit": {"626_fri_c2_500_50": [113.2288830280304, 78.6280128955841, 92.60085701942444, 83.11213064193726, 86.21215009689331]}, "sizes": {"626_fri_c2_500_50": []}, "tau": 0.7}, "LightGBM": {"losses": {"626_fri_c2_500_50": [0.037855361551653664, 0.03379890571012833, 0.034811359980701694, 0.036629709342423676, 0.04022902319778601]}, "coverage": {"626_fri_c2_500_50": [0.05999999999999994, 0.0, 0.039999999999999925, 0.019999999999999907, 0.06999999999999995]}, "time_all": {"626_fri_c2_500_50": [0.3309011459350586, 0.275693416595459, 0.2868533134460449, 0.3037989139556885, 0.2919626235961914]}, "time_fit": {"626_fri_c2_500_50": [0.0706794261932373, 0.06362390518188477, 0.06432390213012695, 0.06619715690612793, 0.062415361404418945]}, "sizes": {"626_fri_c2_500_50": []}, "tau": 0.7}, "DecisionTree": {"losses": {"626_fri_c2_500_50": [0.037550717451582144, 0.0420996269224694, 0.035784907278464215, 0.03818962798068833, 0.042402363615584575]}, "coverage": {"626_fri_c2_500_50": [0.010000000000000009, 0.19999999999999996, 0.08999999999999997, 0.010000000000000009, 0.06999999999999995]}, "complexity": {"626_fri_c2_500_50": [15, 161, 71, 73, 15]}, "time_all": {"626_fri_c2_500_50": [0.20524048805236816, 0.23245453834533691, 0.2087259292602539, 0.20780253410339355, 0.19338512420654297]}, "time_fit": {"626_fri_c2_500_50": [0.012952804565429688, 0.034514665603637695, 0.022818565368652344, 0.024294614791870117, 0.012259483337402344]}, "sizes": {"626_fri_c2_500_50": []}, "tau": 0.7}, "LinearQuantile": {"losses": {"626_fri_c2_500_50": [0.0891444145176409, 0.09403920622768809, 0.08093325590250146, 0.07634054990370022, 0.08917498997037043]}, "coverage": {"626_fri_c2_500_50": [0.20999999999999996, 0.23999999999999994, 0.19999999999999996, 0.17999999999999994, 0.25999999999999995]}, "complexity": {"626_fri_c2_500_50": [50, 50, 50, 50, 50]}, "time_all": {"626_fri_c2_500_50": [5.151239633560181, 4.721392869949341, 21.47603678703308, 14.886632204055786, 9.420510292053223]}, "time_fit": {"626_fri_c2_500_50": [0.42725205421447754, 0.29068922996520996, 1.8286592960357666, 1.27925443649292, 0.7948544025421143]}, "sizes": {"626_fri_c2_500_50": []}, "tau": 0.7}}
