{"SQR": {"losses": {"1196_BNG_pharynx": [0.038522577328826, 0.038716087187203194, 0.03847533942602852, 0.038567521884419614, 0.03848129578203864]}, "coverage": {"1196_BNG_pharynx": [0.004994999999999972, 0.006230000000000069, 0.001755000000000062, 0.005720000000000058, 0.007554999999999978]}, "complexity": {"1196_BNG_pharynx": [3, 3, 3, 3, 3]}, "time_all": {"1196_BNG_pharynx": [575.929699420929, 598.1386313438416, 541.7790460586548, 496.75871205329895, 549.6741483211517]}, "time_fit": {"1196_BNG_pharynx": [575.929699420929, 598.1386313438416, 541.7790460586548, 496.75871205329895, 549.6741483211517]}, "sizes": {"1196_BNG_pharynx": []}, "tau": 0.8}, "LightGBM": {"losses": {"1196_BNG_pharynx": [0.034471788472660615, 0.03459250346526313, 0.03439289197294254, 0.03449711690620362, 0.03440049020380379]}, "coverage": {"1196_BNG_pharynx": [0.007714999999999916, 0.006279999999999952, 0.006449999999999956, 0.007919999999999927, 0.006124999999999936]}, "time_all": {"1196_BNG_pharynx": [6.074166536331177, 5.71738600730896, 5.722166299819946, 5.727722883224487, 5.652551651000977]}, "time_fit": {"1196_BNG_pharynx": [1.0899195671081543, 1.0684757232666016, 1.0348412990570068, 1.0663230419158936, 1.0198297500610352]}, "sizes": {"1196_BNG_pharynx": []}, "tau": 0.8}, "DecisionTree": {"losses": {"1196_BNG_pharynx": [0.03377186431616119, 0.03397386327580826, 0.03365313013308029, 0.033788065587149245, 0.03376083210326141]}, "coverage": {"1196_BNG_pharynx": [0.014030000000000098, 0.015030000000000099, 0.015575000000000006, 0.015105000000000035, 0.015345000000000053]}, "complexity": {"1196_BNG_pharynx": [25415, 25477, 25477, 25511, 25451]}, "time_all": {"1196_BNG_pharynx": [235.7759726047516, 235.46400237083435, 236.88044500350952, 233.83135151863098, 234.9767792224884]}, "time_fit": {"1196_BNG_pharynx": [9.963154315948486, 10.073882341384888, 10.064088344573975, 9.969630002975464, 10.012852191925049]}, "sizes": {"1196_BNG_pharynx": []}, "tau": 0.8}, "LinearQuantile": {"losses": {"1196_BNG_pharynx": [0.03470627322689429, 0.034926245514935665, 0.03463460834912006, 0.03472184830329475, 0.03464060616903553]}, "coverage": {"1196_BNG_pharynx": [0.00028999999999990145, 0.0004349999999999632, 0.001375000000000015, 0.00025999999999992696, 9.999999999998899e-05]}, "complexity": {"1196_BNG_pharynx": [32, 32, 32, 32, 32]}, "time_all": {"1196_BNG_pharynx": [795.4836978912354, 783.962614774704, 896.9576065540314, 1271.6023302078247, 1042.50048661232]}, "time_fit": {"1196_BNG_pharynx": [74.6490695476532, 71.34224033355713, 81.6180911064148, 117.54215669631958, 91.5212140083313]}, "sizes": {"1196_BNG_pharynx": []}, "tau": 0.8}}
