{"SQR": {"losses": {"573_cpu_act": [0.016841847881192844, 0.017041650960896295, 0.016696805811016426, 0.017121277376837826, 0.012821982066516845]}, "coverage": {"573_cpu_act": [0.010677242220866412, 0.0271507016473459, 0.008547008547008572, 0.04151404151404148, 0.009768009768009733]}, "complexity": {"573_cpu_act": [4, 4, 4, 4, 8]}, "time_all": {"573_cpu_act": [526.198070526123, 523.512088060379, 544.3221709728241, 497.9325110912323, 406.49916648864746]}, "time_fit": {"573_cpu_act": [526.198070526123, 523.512088060379, 544.3221709728241, 497.9325110912323, 406.49916648864746]}, "sizes": {"573_cpu_act": []}, "tau": 0.5}, "LightGBM": {"losses": {"573_cpu_act": [0.016469092501012153, 0.01580506034961037, 0.015464723801084332, 0.01794763409565272, 0.0188799132114455]}, "coverage": {"573_cpu_act": [0.031421598535692485, 0.010067114093959717, 0.013431013431013439, 0.014041514041514047, 0.014041514041513992]}, "time_all": {"573_cpu_act": [1.165632963180542, 1.1181280612945557, 1.0915544033050537, 1.1416270732879639, 1.1503334045410156]}, "time_fit": {"573_cpu_act": [0.15338850021362305, 0.13445806503295898, 0.14203095436096191, 0.1466994285583496, 0.15554141998291016]}, "sizes": {"573_cpu_act": []}, "tau": 0.5}, "DecisionTree": {"losses": {"573_cpu_act": [0.01077893024201749, 0.01085750734927062, 0.010808635808635808, 0.010756219089552424, 0.010657552324218991]}, "coverage": {"573_cpu_act": [0.08938377059182423, 0.1070774862721171, 0.08119658119658124, 0.11477411477411481, 0.13492063492063489]}, "complexity": {"573_cpu_act": [1093, 491, 503, 497, 317]}, "time_all": {"573_cpu_act": [1.59732985496521, 1.20511794090271, 1.214139699935913, 1.1966238021850586, 1.4523992538452148]}, "time_fit": {"573_cpu_act": [0.13358187675476074, 0.09799957275390625, 0.09964990615844727, 0.10212206840515137, 0.08550572395324707]}, "sizes": {"573_cpu_act": []}, "tau": 0.5}, "LinearQuantile": {"losses": {"573_cpu_act": [0.06004549886734055, 0.061108571920847336, 0.06160461407765331, 0.060648411270343296, 0.060892101751051635]}, "coverage": {"573_cpu_act": [0.057046979865771785, 0.04545454545454547, 0.06043956043956045, 0.057387057387057405, 0.0641025641025641]}, "complexity": {"573_cpu_act": [21, 21, 21, 21, 21]}, "time_all": {"573_cpu_act": [49.40828847885132, 46.72546744346619, 45.18132758140564, 45.53090000152588, 50.17001414299011]}, "time_fit": {"573_cpu_act": [5.44745945930481, 3.462463140487671, 1.7239816188812256, 2.2566823959350586, 6.6541032791137695]}, "sizes": {"573_cpu_act": []}, "tau": 0.5}}
