{"SQR": {"losses": {"603_fri_c0_250_50": [0.012197843422693129, 0.017837152896295016, 0.016041549916401297, 0.01610521009003764, 0.015049264881461301]}, "coverage": {"603_fri_c0_250_50": [0.20000000000000007, 0.020000000000000018, 0.020000000000000018, 0.18000000000000005, 0.020000000000000018]}, "complexity": {"603_fri_c0_250_50": [12, 8, 9, 11, 13]}, "time_all": {"603_fri_c0_250_50": [94.0250289440155, 77.14872741699219, 78.09214663505554, 78.5139229297638, 75.91536593437195]}, "time_fit": {"603_fri_c0_250_50": [94.0250289440155, 77.14872741699219, 78.09214663505554, 78.5139229297638, 75.91536593437195]}, "sizes": {"603_fri_c0_250_50": []}, "tau": 0.8}, "LightGBM": {"losses": {"603_fri_c0_250_50": [0.0260989124007228, 0.03986998294872289, 0.03466703587199763, 0.03596731204174098, 0.04058428038348437]}, "coverage": {"603_fri_c0_250_50": [0.0, 0.0, 0.040000000000000036, 0.0, 0.019999999999999907]}, "time_all": {"603_fri_c0_250_50": [0.20879411697387695, 0.15244650840759277, 0.15206694602966309, 0.15862536430358887, 0.18439698219299316]}, "time_fit": {"603_fri_c0_250_50": [0.0392453670501709, 0.03585028648376465, 0.03504467010498047, 0.03767275810241699, 0.04642915725708008]}, "sizes": {"603_fri_c0_250_50": []}, "tau": 0.8}, "DecisionTree": {"losses": {"603_fri_c0_250_50": [0.03428289479282311, 0.03902817504440719, 0.036252195673445294, 0.035433310108395684, 0.039276486411609385]}, "coverage": {"603_fri_c0_250_50": [0.10000000000000009, 0.020000000000000018, 0.07999999999999996, 0.039999999999999925, 0.10000000000000009]}, "complexity": {"603_fri_c0_250_50": [5, 13, 5, 9, 35]}, "time_all": {"603_fri_c0_250_50": [0.08680295944213867, 0.08754849433898926, 0.08639192581176758, 0.08704948425292969, 0.0927436351776123]}, "time_fit": {"603_fri_c0_250_50": [0.004303693771362305, 0.006730079650878906, 0.004218578338623047, 0.005549430847167969, 0.010363101959228516]}, "sizes": {"603_fri_c0_250_50": []}, "tau": 0.8}, "LinearQuantile": {"losses": {"603_fri_c0_250_50": [0.0440828491133906, 0.05404802559936797, 0.04847116123563997, 0.04462537299346352, 0.049419784143473415]}, "coverage": {"603_fri_c0_250_50": [0.36000000000000004, 0.4, 0.4, 0.26, 0.30000000000000004]}, "complexity": {"603_fri_c0_250_50": [50, 50, 50, 50, 50]}, "time_all": {"603_fri_c0_250_50": [8.455487489700317, 8.182687520980835, 6.532013893127441, 16.661033868789673, 7.189206123352051]}, "time_fit": {"603_fri_c0_250_50": [0.7216229438781738, 0.6745617389678955, 0.4953310489654541, 1.3772315979003906, 0.5903141498565674]}, "sizes": {"603_fri_c0_250_50": []}, "tau": 0.8}}
