{"SQR": {"losses": {"574_house_16H": [0.026444980106506286, 0.023256226987755833, 0.02753634362627911, 0.028317698258974858, 0.022779695172122038]}, "coverage": {"574_house_16H": [0.01268378319069563, 0.006758832565284201, 0.002896642527978943, 0.005003291639236407, 0.005618964003511806]}, "complexity": {"574_house_16H": [4, 11, 3, 3, 8]}, "time_all": {"574_house_16H": [630.3123633861542, 585.2350924015045, 618.7313129901886, 588.4569554328918, 595.5107831954956]}, "time_fit": {"574_house_16H": [630.3123633861542, 585.2350924015045, 618.7313129901886, 588.4569554328918, 595.5107831954956]}, "sizes": {"574_house_16H": []}, "tau": 0.6}, "LightGBM": {"losses": {"574_house_16H": [0.018535669940791494, 0.018578848288461763, 0.018223144442764915, 0.01860239228602986, 0.018750217490036997]}, "coverage": {"574_house_16H": [0.04230853631775289, 0.049769585253456206, 0.0495501426377003, 0.037480798771121426, 0.04771729587357332]}, "time_all": {"574_house_16H": [1.8804545402526855, 1.7736389636993408, 1.6995055675506592, 1.8102681636810303, 1.8701021671295166]}, "time_fit": {"574_house_16H": [0.47484660148620605, 0.42529821395874023, 0.41486477851867676, 0.4227118492126465, 0.42299628257751465]}, "sizes": {"574_house_16H": []}, "tau": 0.6}, "DecisionTree": {"losses": {"574_house_16H": [0.018773987486038632, 0.01870942306831647, 0.018132147698838242, 0.01868192850842738, 0.018472573625528777]}, "coverage": {"574_house_16H": [0.02058371735791098, 0.0012727671713846922, 0.011367127496159757, 0.0020188720649549907, 0.003380158033362668]}, "complexity": {"574_house_16H": [631, 1391, 909, 913, 1413]}, "time_all": {"574_house_16H": [4.1905622482299805, 4.256302833557129, 4.163789510726929, 4.123975992202759, 4.228922367095947]}, "time_fit": {"574_house_16H": [0.28991222381591797, 0.35785698890686035, 0.3189370632171631, 0.3206000328063965, 0.35787439346313477]}, "sizes": {"574_house_16H": []}, "tau": 0.6}, "LinearQuantile": {"losses": {"574_house_16H": [0.0244674014255424, 0.02427886911776448, 0.02435524701534363, 0.02504049853640627, 0.02470506292025575]}, "coverage": {"574_house_16H": [0.0022383146807110066, 0.009479921000658309, 0.004213298222514816, 0.004432740838270721, 0.0016242317822651176]}, "complexity": {"574_house_16H": [16, 16, 16, 16, 16]}, "time_all": {"574_house_16H": [106.23185181617737, 101.75422978401184, 107.34289121627808, 106.50814199447632, 107.64562058448792]}, "time_fit": {"574_house_16H": [14.26313328742981, 10.098522663116455, 14.356228590011597, 13.383601427078247, 13.981364011764526]}, "sizes": {"574_house_16H": []}, "tau": 0.6}}
