{"SQR": {"losses": {"582_fri_c1_500_25": [0.005566521532846108, 0.01024828945403061, 0.005802812208418246, 0.006431351730166628, 0.008622352124636351]}, "coverage": {"582_fri_c1_500_25": [0.010000000000000009, 0.010000000000000009, 0.0, 0.15000000000000002, 0.040000000000000036]}, "complexity": {"582_fri_c1_500_25": [13, 13, 15, 13, 14]}, "time_all": {"582_fri_c1_500_25": [119.14428567886353, 90.48762917518616, 101.85850405693054, 94.50024032592773, 100.23671364784241]}, "time_fit": {"582_fri_c1_500_25": [119.14428567886353, 90.48762917518616, 101.85850405693054, 94.50024032592773, 100.23671364784241]}, "sizes": {"582_fri_c1_500_25": []}, "tau": 0.9}, "LightGBM": {"losses": {"582_fri_c1_500_25": [0.022667511662561535, 0.0239531833464259, 0.023372635933813977, 0.0269667940320101, 0.021812873407987966]}, "coverage": {"582_fri_c1_500_25": [0.06000000000000005, 0.0, 0.020000000000000018, 0.020000000000000018, 0.010000000000000009]}, "time_all": {"582_fri_c1_500_25": [0.2435927391052246, 0.21206212043762207, 0.2127695083618164, 0.21647119522094727, 0.21953916549682617]}, "time_fit": {"582_fri_c1_500_25": [0.04411959648132324, 0.04044055938720703, 0.04764246940612793, 0.04171276092529297, 0.043564558029174805]}, "sizes": {"582_fri_c1_500_25": []}, "tau": 0.9}, "DecisionTree": {"losses": {"582_fri_c1_500_25": [0.02397976643512184, 0.018649135494505156, 0.019712979087229823, 0.018896526047479267, 0.01911626212619249]}, "coverage": {"582_fri_c1_500_25": [0.15000000000000002, 0.10999999999999999, 0.040000000000000036, 0.010000000000000009, 0.010000000000000009]}, "complexity": {"582_fri_c1_500_25": [69, 71, 31, 29, 17]}, "time_all": {"582_fri_c1_500_25": [0.13204312324523926, 0.13022422790527344, 0.12660479545593262, 0.126265287399292, 0.12461256980895996]}, "time_fit": {"582_fri_c1_500_25": [0.014353275299072266, 0.014684200286865234, 0.010144472122192383, 0.009779214859008789, 0.0076067447662353516]}, "sizes": {"582_fri_c1_500_25": []}, "tau": 0.9}, "LinearQuantile": {"losses": {"582_fri_c1_500_25": [0.09799522803569015, 0.08012443202547062, 0.07876516329254891, 0.07691792667179749, 0.0740950945802765]}, "coverage": {"582_fri_c1_500_25": [0.47000000000000003, 0.42000000000000004, 0.44, 0.39, 0.43000000000000005]}, "complexity": {"582_fri_c1_500_25": [25, 25, 25, 25, 25]}, "time_all": {"582_fri_c1_500_25": [0.668689489364624, 0.8530764579772949, 1.003324270248413, 3.510972023010254, 1.4198248386383057]}, "time_fit": {"582_fri_c1_500_25": [0.05724620819091797, 0.07659435272216797, 0.07198214530944824, 0.2880373001098633, 0.11211681365966797]}, "sizes": {"582_fri_c1_500_25": []}, "tau": 0.9}}
