{"SQR": {"losses": {"485_analcatdata_vehicle": [0.054079474105065056, 0.01324151057868375, 0.04646943061345765, 0.042447221335409985, 0.1632814049355647]}, "coverage": {"485_analcatdata_vehicle": [0.09999999999999998, 0.30000000000000004, 0.09999999999999998, 0.2333333333333334, 0.4555555555555556]}, "complexity": {"485_analcatdata_vehicle": [10, 15, 18, 19, 20]}, "time_all": {"485_analcatdata_vehicle": [74.55600643157959, 61.72963309288025, 62.60908555984497, 64.47162008285522, 62.33122754096985]}, "time_fit": {"485_analcatdata_vehicle": [74.55600643157959, 61.72963309288025, 62.60908555984497, 64.47162008285522, 62.33122754096985]}, "sizes": {"485_analcatdata_vehicle": []}, "tau": 0.9}, "LightGBM": {"losses": {"485_analcatdata_vehicle": [0.06986188182514674, 0.055966847456621185, 0.04575506108461382, 0.03862696726287536, 0.09138532107364723]}, "coverage": {"485_analcatdata_vehicle": [0.09999999999999998, 0.09999999999999998, 0.09999999999999998, 0.09999999999999998, 0.2333333333333334]}, "time_all": {"485_analcatdata_vehicle": [0.07804656028747559, 0.035938262939453125, 0.03297901153564453, 0.03512287139892578, 0.032889366149902344]}, "time_fit": {"485_analcatdata_vehicle": [0.004080057144165039, 0.004540681838989258, 0.00399017333984375, 0.004457712173461914, 0.003960371017456055]}, "sizes": {"485_analcatdata_vehicle": []}, "tau": 0.9}, "DecisionTree": {"losses": {"485_analcatdata_vehicle": [0.05610681399631676, 0.016596685082872924, 0.019839779005524857, 0.030491098833640273, 0.05334356455903416]}, "coverage": {"485_analcatdata_vehicle": [0.09999999999999998, 0.09999999999999998, 0.09999999999999998, 0.12222222222222223, 0.2333333333333334]}, "complexity": {"485_analcatdata_vehicle": [7, 13, 13, 15, 5]}, "time_all": {"485_analcatdata_vehicle": [0.028606653213500977, 0.028048038482666016, 0.02850627899169922, 0.02806258201599121, 0.027552127838134766]}, "time_fit": {"485_analcatdata_vehicle": [0.002015352249145508, 0.0023212432861328125, 0.0024390220642089844, 0.0023970603942871094, 0.0018525123596191406]}, "sizes": {"485_analcatdata_vehicle": []}, "tau": 0.9}, "LinearQuantile": {"losses": {"485_analcatdata_vehicle": [0.03949355436735876, 0.022664211238432864, 0.028195211666789486, 0.022924480061385793, 0.06607325557752619]}, "coverage": {"485_analcatdata_vehicle": [0.09999999999999998, 0.20000000000000007, 0.0, 0.011111111111111183, 0.12222222222222223]}, "complexity": {"485_analcatdata_vehicle": [12, 12, 12, 12, 12]}, "time_all": {"485_analcatdata_vehicle": [0.15469908714294434, 0.17720246315002441, 0.14592790603637695, 3.894789934158325, 0.16003727912902832]}, "time_fit": {"485_analcatdata_vehicle": [0.013129472732543945, 0.014846563339233398, 0.012437105178833008, 0.4086475372314453, 0.014877080917358398]}, "sizes": {"485_analcatdata_vehicle": []}, "tau": 0.9}}
