{"SQR": {"losses": {"527_analcatdata_election2000": [0.0, 0.0, 0.0, 0.0, 0.0]}, "coverage": {"527_analcatdata_election2000": [0.09999999999999998, 0.09999999999999998, 0.09999999999999998, 0.09999999999999998, 0.09999999999999998]}, "complexity": {"527_analcatdata_election2000": [16, 19, 17, 19, 19]}, "time_all": {"527_analcatdata_election2000": [80.19318413734436, 66.01506209373474, 65.76456928253174, 65.1885929107666, 65.5906913280487]}, "time_fit": {"527_analcatdata_election2000": [80.19318413734436, 66.01506209373474, 65.76456928253174, 65.1885929107666, 65.5906913280487]}, "sizes": {"527_analcatdata_election2000": []}, "tau": 0.9}, "LightGBM": {"losses": {"527_analcatdata_election2000": [0.09131087853320677, 0.014995553214059704, 0.014330981525265737, 0.029258181522249876, 0.02242656017608726]}, "coverage": {"527_analcatdata_election2000": [0.11428571428571432, 0.04285714285714293, 0.09999999999999998, 0.05384615384615388, 0.09999999999999998]}, "time_all": {"527_analcatdata_election2000": [0.11066341400146484, 0.061090946197509766, 0.060700178146362305, 0.06938576698303223, 0.06924581527709961]}, "time_fit": {"527_analcatdata_election2000": [0.013087034225463867, 0.012789249420166016, 0.012337207794189453, 0.014970064163208008, 0.015083789825439453]}, "sizes": {"527_analcatdata_election2000": []}, "tau": 0.9}, "DecisionTree": {"losses": {"527_analcatdata_election2000": [0.04925944128202184, 0.0029391728485135783, 0.012703206108696994, 0.006282995877945713, 0.013149145775542477]}, "coverage": {"527_analcatdata_election2000": [0.4, 0.04285714285714293, 0.05384615384615388, 0.20769230769230773, 0.13076923076923075]}, "complexity": {"527_analcatdata_election2000": [19, 9, 9, 21, 19]}, "time_all": {"527_analcatdata_election2000": [0.03181576728820801, 0.0290372371673584, 0.028834104537963867, 0.03082871437072754, 0.03170013427734375]}, "time_fit": {"527_analcatdata_election2000": [0.0032472610473632812, 0.0022573471069335938, 0.0022161006927490234, 0.003153562545776367, 0.0031800270080566406]}, "sizes": {"527_analcatdata_election2000": []}, "tau": 0.9}, "LinearQuantile": {"losses": {"527_analcatdata_election2000": [7.74758096227033e-13, 2.385079801897757e-13, 1.1037100967201342e-12, 1.876549724941228e-11, 3.283860095002843e-14]}, "coverage": {"527_analcatdata_election2000": [0.8285714285714286, 0.09999999999999998, 0.9, 0.9, 0.2846153846153846]}, "complexity": {"527_analcatdata_election2000": [14, 14, 14, 14, 14]}, "time_all": {"527_analcatdata_election2000": [0.03429913520812988, 0.028421878814697266, 0.02883124351501465, 0.028637409210205078, 0.029902935028076172]}, "time_fit": {"527_analcatdata_election2000": [0.0021479129791259766, 0.002019166946411133, 0.0020203590393066406, 0.0020248889923095703, 0.0021169185638427734]}, "sizes": {"527_analcatdata_election2000": []}, "tau": 0.9}}
