{"SQR": {"losses": {"503_wind": [0.03759910116243011, 0.03816220641200386, 0.03890959503783742, 0.0379813272075765, 0.03751210627006283]}, "coverage": {"503_wind": [0.00798479087452475, 0.0019011406844106071, 0.033840304182509495, 0.027756653992395464, 0.0076103500761035]}, "complexity": {"503_wind": [2, 2, 2, 2, 2]}, "time_all": {"503_wind": [343.7818298339844, 340.94798159599304, 352.3141872882843, 352.36357140541077, 332.11666226387024]}, "time_fit": {"503_wind": [343.7818298339844, 340.94798159599304, 352.3141872882843, 352.36357140541077, 332.11666226387024]}, "sizes": {"503_wind": []}, "tau": 0.5}, "LightGBM": {"losses": {"503_wind": [0.030990790831084986, 0.031133778760912677, 0.03206123121230267, 0.03134200126627704, 0.03148900136792966]}, "coverage": {"503_wind": [0.0019011406844106626, 0.005703422053231932, 0.026996197718631154, 0.017110266159695797, 0.011415525114155223]}, "time_all": {"503_wind": [1.0139098167419434, 0.9570543766021729, 0.984555721282959, 0.9816393852233887, 1.0026509761810303]}, "time_fit": {"503_wind": [0.12932252883911133, 0.12334060668945312, 0.12222695350646973, 0.12708687782287598, 0.1276242733001709]}, "sizes": {"503_wind": []}, "tau": 0.5}, "DecisionTree": {"losses": {"503_wind": [0.03312725108986919, 0.032714875123149995, 0.034351936094371954, 0.03194715401190329, 0.03255887485269875]}, "coverage": {"503_wind": [0.006463878326996186, 0.02319391634980994, 0.02015209125475287, 0.00722433460076044, 0.022831050228310557]}, "complexity": {"503_wind": [185, 253, 257, 255, 257]}, "time_all": {"503_wind": [1.0658915042877197, 0.7953236103057861, 0.7246832847595215, 0.8399646282196045, 0.7916460037231445]}, "time_fit": {"503_wind": [0.048584699630737305, 0.04419660568237305, 0.04338240623474121, 0.044478416442871094, 0.04342508316040039]}, "sizes": {"503_wind": []}, "tau": 0.5}, "LinearQuantile": {"losses": {"503_wind": [0.029830823032272552, 0.030692698588067713, 0.03181029190865377, 0.03143026609358804, 0.030635633533438216]}, "coverage": {"503_wind": [0.00722433460076044, 0.0019011406844106071, 0.012547528517110274, 0.024714828897338448, 0.013698630136986356]}, "complexity": {"503_wind": [14, 14, 14, 14, 14]}, "time_all": {"503_wind": [2.4831461906433105, 2.5281639099121094, 1.3352346420288086, 2.3272335529327393, 1.6681957244873047]}, "time_fit": {"503_wind": [0.1977405548095703, 0.18352937698364258, 0.0979466438293457, 0.1879281997680664, 0.1428375244140625]}, "sizes": {"503_wind": []}, "tau": 0.5}}
