{"SQR": {"losses": {"607_fri_c4_1000_50": [0.02065159782159815, 0.012139635484339132, 0.017792251345343894, 0.008799918775631915, 0.011324287545025428]}, "coverage": {"607_fri_c4_1000_50": [0.020000000000000018, 0.10499999999999998, 0.010000000000000009, 0.06500000000000006, 0.04999999999999993]}, "complexity": {"607_fri_c4_1000_50": [7, 13, 10, 13, 11]}, "time_all": {"607_fri_c4_1000_50": [120.73832082748413, 122.094646692276, 108.75252437591553, 117.0797688961029, 121.53070902824402]}, "time_fit": {"607_fri_c4_1000_50": [120.73832082748413, 122.094646692276, 108.75252437591553, 117.0797688961029, 121.53070902824402]}, "sizes": {"607_fri_c4_1000_50": []}, "tau": 0.6}, "LightGBM": {"losses": {"607_fri_c4_1000_50": [0.01978946514510153, 0.02417031083801705, 0.02134922022049832, 0.020174198053846952, 0.02518846038125169]}, "coverage": {"607_fri_c4_1000_50": [0.030000000000000027, 0.0050000000000000044, 0.025000000000000022, 0.0, 0.0050000000000000044]}, "time_all": {"607_fri_c4_1000_50": [0.507727861404419, 0.4542064666748047, 0.4386129379272461, 0.47726964950561523, 0.4756932258605957]}, "time_fit": {"607_fri_c4_1000_50": [0.08254837989807129, 0.08018612861633301, 0.07638216018676758, 0.07647037506103516, 0.07563400268554688]}, "sizes": {"607_fri_c4_1000_50": []}, "tau": 0.6}, "DecisionTree": {"losses": {"607_fri_c4_1000_50": [0.026739605715423227, 0.025547756816645863, 0.024561437507703694, 0.02183918019811174, 0.025258363556275427]}, "coverage": {"607_fri_c4_1000_50": [0.10499999999999998, 0.039999999999999925, 0.030000000000000027, 0.010000000000000009, 0.12]}, "complexity": {"607_fri_c4_1000_50": [325, 141, 137, 139, 319]}, "time_all": {"607_fri_c4_1000_50": [0.5324883460998535, 0.47104644775390625, 0.4482283592224121, 0.4769628047943115, 0.4637165069580078]}, "time_fit": {"607_fri_c4_1000_50": [0.07793307304382324, 0.05306744575500488, 0.04522585868835449, 0.05442619323730469, 0.06273102760314941]}, "sizes": {"607_fri_c4_1000_50": []}, "tau": 0.6}, "LinearQuantile": {"losses": {"607_fri_c4_1000_50": [0.050943906283854895, 0.05635420274573663, 0.05591204683170945, 0.05200826271722984, 0.056081081694884925]}, "coverage": {"607_fri_c4_1000_50": [0.14499999999999996, 0.10499999999999998, 0.12, 0.13, 0.07499999999999996]}, "complexity": {"607_fri_c4_1000_50": [50, 50, 50, 50, 50]}, "time_all": {"607_fri_c4_1000_50": [3.9369702339172363, 6.431979656219482, 9.36163330078125, 16.950026512145996, 7.8220038414001465]}, "time_fit": {"607_fri_c4_1000_50": [0.3344860076904297, 0.5592329502105713, 0.775766134262085, 1.2154967784881592, 0.5541362762451172]}, "sizes": {"607_fri_c4_1000_50": []}, "tau": 0.6}}
