{"SQR": {"losses": {"523_analcatdata_neavote": [0.016385529999999995, 0.01386892944444444, 0.012266313588455598, 0.01722222472222222, 0.022787163444444442]}, "coverage": {"523_analcatdata_neavote": [0.04999999999999993, 0.04999999999999993, 0.09999999999999998, 0.09999999999999998, 0.0]}, "complexity": {"523_analcatdata_neavote": [4, 4, 5, 3, 3]}, "time_all": {"523_analcatdata_neavote": [79.91113018989563, 64.49465823173523, 63.43798589706421, 63.63463377952576, 61.94752097129822]}, "time_fit": {"523_analcatdata_neavote": [79.91113018989563, 64.49465823173523, 63.43798589706421, 63.63463377952576, 61.94752097129822]}, "sizes": {"523_analcatdata_neavote": []}, "tau": 0.9}, "LightGBM": {"losses": {"523_analcatdata_neavote": [0.06888888888888887, 0.02999999999999999, 0.03888888888888888, 0.047222222222222214, 0.06166666666666666]}, "coverage": {"523_analcatdata_neavote": [0.09999999999999998, 0.09999999999999998, 0.09999999999999998, 0.09999999999999998, 0.09999999999999998]}, "time_all": {"523_analcatdata_neavote": [0.09116792678833008, 0.0491330623626709, 0.04607510566711426, 0.040991783142089844, 0.05023455619812012]}, "time_fit": {"523_analcatdata_neavote": [0.007111072540283203, 0.008476018905639648, 0.007973194122314453, 0.007009267807006836, 0.008250713348388672]}, "sizes": {"523_analcatdata_neavote": []}, "tau": 0.9}, "DecisionTree": {"losses": {"523_analcatdata_neavote": [0.018888888888888886, 0.013388888888888882, 0.015000000000000001, 0.013555555555555552, 0.02944444444444444]}, "coverage": {"523_analcatdata_neavote": [0.09999999999999998, 0.04999999999999993, 0.0, 0.09999999999999998, 0.0]}, "complexity": {"523_analcatdata_neavote": [3, 3, 3, 5, 3]}, "time_all": {"523_analcatdata_neavote": [0.027617216110229492, 0.027608394622802734, 0.02772212028503418, 0.02611565589904785, 0.02805161476135254]}, "time_fit": {"523_analcatdata_neavote": [0.0017018318176269531, 0.0016584396362304688, 0.0016782283782958984, 0.0017852783203125, 0.001667022705078125]}, "sizes": {"523_analcatdata_neavote": []}, "tau": 0.9}, "LinearQuantile": {"losses": {"523_analcatdata_neavote": [0.02822222481336785, 0.014444425405547844, 0.015555557154309285, 0.013444441497553005, 0.029999998938523884]}, "coverage": {"523_analcatdata_neavote": [0.20000000000000007, 0.55, 0.55, 0.25, 0.25]}, "complexity": {"523_analcatdata_neavote": [6, 6, 6, 6, 6]}, "time_all": {"523_analcatdata_neavote": [0.0899038314819336, 0.09106612205505371, 0.0680394172668457, 0.0742638111114502, 0.06726956367492676]}, "time_fit": {"523_analcatdata_neavote": [0.007222890853881836, 0.007552385330200195, 0.005560636520385742, 0.006107330322265625, 0.005523681640625]}, "sizes": {"523_analcatdata_neavote": []}, "tau": 0.9}}
