{"SQR": {"losses": {"653_fri_c0_250_25": [0.010489012009958103, 0.014070597910305781, 0.01626619592873433, 0.009172986142948444, 0.01374620698129666]}, "coverage": {"653_fri_c0_250_25": [0.08000000000000007, 0.040000000000000036, 0.09999999999999998, 0.06000000000000005, 0.040000000000000036]}, "complexity": {"653_fri_c0_250_25": [12, 11, 9, 15, 9]}, "time_all": {"653_fri_c0_250_25": [94.74487853050232, 77.04410171508789, 73.3694097995758, 75.53439497947693, 75.53522372245789]}, "time_fit": {"653_fri_c0_250_25": [94.74487853050232, 77.04410171508789, 73.3694097995758, 75.53439497947693, 75.53522372245789]}, "sizes": {"653_fri_c0_250_25": []}, "tau": 0.9}, "LightGBM": {"losses": {"653_fri_c0_250_25": [0.030668752932746672, 0.023452164821484562, 0.021180035405658066, 0.029205403556861645, 0.024628597074099905]}, "coverage": {"653_fri_c0_250_25": [0.020000000000000018, 0.020000000000000018, 0.020000000000000018, 0.040000000000000036, 0.0]}, "time_all": {"653_fri_c0_250_25": [0.16781353950500488, 0.15261101722717285, 0.12738347053527832, 0.11620879173278809, 0.1463632583618164]}, "time_fit": {"653_fri_c0_250_25": [0.0281064510345459, 0.0343472957611084, 0.028809785842895508, 0.020931005477905273, 0.03343033790588379]}, "sizes": {"653_fri_c0_250_25": []}, "tau": 0.9}, "DecisionTree": {"losses": {"653_fri_c0_250_25": [0.022492618859245035, 0.025356004786154903, 0.027834213779774318, 0.02236831214730462, 0.024165287469337316]}, "coverage": {"653_fri_c0_250_25": [0.020000000000000018, 0.09999999999999998, 0.08000000000000007, 0.040000000000000036, 0.0]}, "complexity": {"653_fri_c0_250_25": [5, 35, 5, 15, 7]}, "time_all": {"653_fri_c0_250_25": [0.06461167335510254, 0.06663990020751953, 0.061920881271362305, 0.06274604797363281, 0.06497645378112793]}, "time_fit": {"653_fri_c0_250_25": [0.003068685531616211, 0.006849765777587891, 0.002980947494506836, 0.004683732986450195, 0.0033757686614990234]}, "sizes": {"653_fri_c0_250_25": []}, "tau": 0.9}, "LinearQuantile": {"losses": {"653_fri_c0_250_25": [0.050972714235868126, 0.04222654817694768, 0.05835902685754109, 0.04931895749102562, 0.04532746880969959]}, "coverage": {"653_fri_c0_250_25": [0.54, 0.38, 0.6000000000000001, 0.46, 0.42000000000000004]}, "complexity": {"653_fri_c0_250_25": [25, 25, 25, 25, 25]}, "time_all": {"653_fri_c0_250_25": [1.4991264343261719, 0.7244863510131836, 1.6617023944854736, 2.357332229614258, 1.0409495830535889]}, "time_fit": {"653_fri_c0_250_25": [0.11736845970153809, 0.06065940856933594, 0.11126375198364258, 0.1845848560333252, 0.08705830574035645]}, "sizes": {"653_fri_c0_250_25": []}, "tau": 0.9}}
