{"SQR": {"losses": {"1196_BNG_pharynx": [0.04896772672383412, 0.04910139924866037, 0.048875957125384575, 0.048973956760384144, 0.048871587635156546]}, "coverage": {"1196_BNG_pharynx": [0.0002849999999999797, 0.004445000000000032, 0.010575000000000001, 0.00016499999999997073, 0.011270000000000002]}, "complexity": {"1196_BNG_pharynx": [3, 3, 3, 4, 3]}, "time_all": {"1196_BNG_pharynx": [564.5521125793457, 552.3126242160797, 549.4334378242493, 613.8216574192047, 538.7019779682159]}, "time_fit": {"1196_BNG_pharynx": [564.5521125793457, 552.3126242160797, 549.4334378242493, 613.8216574192047, 538.7019779682159]}, "sizes": {"1196_BNG_pharynx": []}, "tau": 0.6}, "LightGBM": {"losses": {"1196_BNG_pharynx": [0.042810825516294705, 0.042847667384742175, 0.042741929555224156, 0.04279919084498073, 0.042740276105403124]}, "coverage": {"1196_BNG_pharynx": [0.007805000000000062, 0.007600000000000051, 0.005305000000000004, 0.006800000000000028, 0.006369999999999987]}, "time_all": {"1196_BNG_pharynx": [6.362919092178345, 6.09897780418396, 6.089701414108276, 5.919041872024536, 6.023880958557129]}, "time_fit": {"1196_BNG_pharynx": [1.1099042892456055, 1.0785105228424072, 1.0740151405334473, 1.0711452960968018, 1.0802788734436035]}, "sizes": {"1196_BNG_pharynx": []}, "tau": 0.6}, "DecisionTree": {"losses": {"1196_BNG_pharynx": [0.0417719070990954, 0.04195877093319204, 0.04175057047647258, 0.04189839978476168, 0.04185701056631425]}, "coverage": {"1196_BNG_pharynx": [0.002854999999999941, 0.004445000000000032, 0.00523499999999999, 0.003889999999999949, 0.005184999999999995]}, "complexity": {"1196_BNG_pharynx": [25415, 25477, 25477, 25511, 25451]}, "time_all": {"1196_BNG_pharynx": [235.14943742752075, 233.31567645072937, 233.33754301071167, 233.34792160987854, 233.2408423423767]}, "time_fit": {"1196_BNG_pharynx": [9.880217790603638, 9.876057147979736, 9.867629289627075, 9.870389699935913, 9.961674928665161]}, "sizes": {"1196_BNG_pharynx": []}, "tau": 0.6}, "LinearQuantile": {"losses": {"1196_BNG_pharynx": [0.04403654835604459, 0.04418175224321334, 0.04392158108047351, 0.04399119629840406, 0.04394134500374922]}, "coverage": {"1196_BNG_pharynx": [0.0008350000000000302, 0.0009700000000000264, 0.001495000000000024, 0.0006749999999999812, 0.0007300000000000084]}, "complexity": {"1196_BNG_pharynx": [32, 32, 32, 32, 32]}, "time_all": {"1196_BNG_pharynx": [1140.0925376415253, 1397.357073545456, 808.2035014629364, 835.1603615283966, 983.1150650978088]}, "time_fit": {"1196_BNG_pharynx": [103.25691604614258, 124.78409075737, 73.11489748954773, 74.80823493003845, 88.73744440078735]}, "sizes": {"1196_BNG_pharynx": []}, "tau": 0.6}}
