{"SQR": {"losses": {"1203_BNG_pwLinear": [0.03403771386483145, 0.03369590018348774, 0.033747777034526784, 0.03420155497323362, 0.033762480233738894]}, "coverage": {"1203_BNG_pwLinear": [0.012164832063223163, 0.022833756703358743, 0.01884896553670712, 0.018115103446329273, 0.0130627452087273]}, "complexity": {"1203_BNG_pwLinear": [2, 2, 2, 2, 2]}, "time_all": {"1203_BNG_pwLinear": [599.8949859142303, 533.4071972370148, 574.2615327835083, 587.8385500907898, 560.1466493606567]}, "time_fit": {"1203_BNG_pwLinear": [599.8949859142303, 533.4071972370148, 574.2615327835083, 587.8385500907898, 560.1466493606567]}, "sizes": {"1203_BNG_pwLinear": []}, "tau": 0.8}, "LightGBM": {"losses": {"1203_BNG_pwLinear": [0.02659860952787356, 0.026323520572654663, 0.026436439496704985, 0.026783014496418022, 0.026505379474598068]}, "coverage": {"1203_BNG_pwLinear": [0.014676827547276283, 0.01936212249506064, 0.019018318326794348, 0.015687713455079133, 0.018143328911343737]}, "time_all": {"1203_BNG_pwLinear": [2.92050838470459, 2.7080509662628174, 2.7687487602233887, 2.7182533740997314, 2.6686270236968994]}, "time_fit": {"1203_BNG_pwLinear": [0.4945080280303955, 0.4957723617553711, 0.4504992961883545, 0.4350287914276123, 0.44130516052246094]}, "sizes": {"1203_BNG_pwLinear": []}, "tau": 0.8}, "DecisionTree": {"losses": {"1203_BNG_pwLinear": [0.025396902971350024, 0.025204523208947605, 0.025326034832337172, 0.02557530703969488, 0.025440360302231582]}, "coverage": {"1203_BNG_pwLinear": [0.010160880609652923, 0.010640699971775414, 0.010195037963250497, 0.013299839114849443, 0.012961133534674985]}, "complexity": {"1203_BNG_pwLinear": [4159, 4205, 4229, 4183, 4161]}, "time_all": {"1203_BNG_pwLinear": [13.320895195007324, 13.069974660873413, 13.043799877166748, 13.115012645721436, 13.158687114715576]}, "time_fit": {"1203_BNG_pwLinear": [0.6533534526824951, 0.6277523040771484, 0.6296803951263428, 0.628936767578125, 0.641516923904419]}, "sizes": {"1203_BNG_pwLinear": []}, "tau": 0.8}, "LinearQuantile": {"losses": {"1203_BNG_pwLinear": [0.030292195601039004, 0.03019027496692049, 0.030302675169872565, 0.030566618074875256, 0.030221659810420392]}, "coverage": {"1203_BNG_pwLinear": [0.0009314140558849271, 0.0012418854078464214, 0.00019193316209875633, 0.0015015947387733153, 0.0014903045527674408]}, "complexity": {"1203_BNG_pwLinear": [29, 29, 29, 29, 29]}, "time_all": {"1203_BNG_pwLinear": [133.76579642295837, 88.94658827781677, 153.9527289867401, 87.66221141815186, 61.49798798561096]}, "time_fit": {"1203_BNG_pwLinear": [12.044364929199219, 8.014819860458374, 13.571874380111694, 7.929836273193359, 5.37532377243042]}, "sizes": {"1203_BNG_pwLinear": []}, "tau": 0.8}}
