{"SQR": {"losses": {"611_fri_c3_100_5": [0.064974891917398, 0.01527616635853445, 0.017899751292577412, 0.016891334058596958, 0.025900265121768563]}, "coverage": {"611_fri_c3_100_5": [0.19999999999999996, 0.15000000000000002, 0.04999999999999999, 0.09999999999999998, 0.04999999999999999]}, "complexity": {"611_fri_c3_100_5": [9, 11, 13, 10, 11]}, "time_all": {"611_fri_c3_100_5": [80.20840191841125, 66.43139696121216, 69.05037212371826, 68.21558570861816, 68.35728240013123]}, "time_fit": {"611_fri_c3_100_5": [80.20840191841125, 66.43139696121216, 69.05037212371826, 68.21558570861816, 68.35728240013123]}, "sizes": {"611_fri_c3_100_5": []}, "tau": 0.5}, "LightGBM": {"losses": {"611_fri_c3_100_5": [0.04711106457541788, 0.056694670118595046, 0.061957773093605104, 0.04747591076899113, 0.10600691459373841]}, "coverage": {"611_fri_c3_100_5": [0.04999999999999999, 0.0, 0.09999999999999998, 0.09999999999999998, 0.0]}, "time_all": {"611_fri_c3_100_5": [0.11494016647338867, 0.0896000862121582, 0.07564067840576172, 0.09025049209594727, 0.07914328575134277]}, "time_fit": {"611_fri_c3_100_5": [0.015254974365234375, 0.02131962776184082, 0.014576911926269531, 0.018296241760253906, 0.018207073211669922]}, "sizes": {"611_fri_c3_100_5": []}, "tau": 0.5}, "DecisionTree": {"losses": {"611_fri_c3_100_5": [0.052365413452872066, 0.04174717788400627, 0.05284508492082102, 0.037417285947305784, 0.05619491970542253]}, "coverage": {"611_fri_c3_100_5": [0.0, 0.09999999999999998, 0.2, 0.19999999999999996, 0.09999999999999998]}, "complexity": {"611_fri_c3_100_5": [13, 33, 13, 13, 35]}, "time_all": {"611_fri_c3_100_5": [0.03363966941833496, 0.03522348403930664, 0.03232884407043457, 0.03330087661743164, 0.035530805587768555]}, "time_fit": {"611_fri_c3_100_5": [0.002611875534057617, 0.0040130615234375, 0.0025429725646972656, 0.002498149871826172, 0.004114866256713867]}, "sizes": {"611_fri_c3_100_5": []}, "tau": 0.5}, "LinearQuantile": {"losses": {"611_fri_c3_100_5": [0.08134449139318906, 0.0719682124219565, 0.06591016977588271, 0.05727299647395441, 0.10685389178390221]}, "coverage": {"611_fri_c3_100_5": [0.0, 0.050000000000000044, 0.09999999999999998, 0.0, 0.04999999999999999]}, "complexity": {"611_fri_c3_100_5": [5, 5, 5, 5, 5]}, "time_all": {"611_fri_c3_100_5": [0.47144174575805664, 0.2231426239013672, 0.15173554420471191, 0.06453275680541992, 0.42331576347351074]}, "time_fit": {"611_fri_c3_100_5": [0.041646718978881836, 0.019107580184936523, 0.012883901596069336, 0.005272626876831055, 0.03395557403564453]}, "sizes": {"611_fri_c3_100_5": []}, "tau": 0.5}}
