{"SQR": {"losses": {"229_pwLinear": [0.016150126798391007, 0.01891408053926243, 0.02735153471064827, 0.019019620214401463, 0.02029166173390497]}, "coverage": {"229_pwLinear": [0.04999999999999993, 0.09999999999999998, 0.15000000000000002, 0.025000000000000022, 0.125]}, "complexity": {"229_pwLinear": [15, 18, 18, 12, 20]}, "time_all": {"229_pwLinear": [90.34843635559082, 74.26448273658752, 74.10749387741089, 74.12501049041748, 72.40818858146667]}, "time_fit": {"229_pwLinear": [90.34843635559082, 74.26448273658752, 74.10749387741089, 74.12501049041748, 72.40818858146667]}, "sizes": {"229_pwLinear": []}, "tau": 0.9}, "LightGBM": {"losses": {"229_pwLinear": [0.0230256253476321, 0.0154811330327069, 0.024922237726296093, 0.021619945717744823, 0.026215333124555405]}, "coverage": {"229_pwLinear": [0.025000000000000022, 0.07499999999999996, 0.050000000000000044, 0.025000000000000022, 0.025000000000000022]}, "time_all": {"229_pwLinear": [0.17420387268066406, 0.11512947082519531, 0.12557363510131836, 0.13416075706481934, 0.12656497955322266]}, "time_fit": {"229_pwLinear": [0.028298139572143555, 0.026447296142578125, 0.0277402400970459, 0.030727386474609375, 0.028169870376586914]}, "sizes": {"229_pwLinear": []}, "tau": 0.9}, "DecisionTree": {"losses": {"229_pwLinear": [0.01731069799806691, 0.02177270667822051, 0.021115174766574485, 0.01775120079544459, 0.021017029911781403]}, "coverage": {"229_pwLinear": [0.04999999999999993, 0.25, 0.22499999999999998, 0.050000000000000044, 0.04999999999999993]}, "complexity": {"229_pwLinear": [11, 65, 25, 27, 9]}, "time_all": {"229_pwLinear": [0.04205203056335449, 0.04384016990661621, 0.041446685791015625, 0.0424952507019043, 0.04082536697387695]}, "time_fit": {"229_pwLinear": [0.0025568008422851562, 0.0064733028411865234, 0.003562450408935547, 0.0036878585815429688, 0.0023615360260009766]}, "sizes": {"229_pwLinear": []}, "tau": 0.9}, "LinearQuantile": {"losses": {"229_pwLinear": [0.013947324673276095, 0.016892117105705838, 0.026285600007483128, 0.018335124535563293, 0.017894933041766904]}, "coverage": {"229_pwLinear": [0.07499999999999996, 0.09999999999999998, 0.17500000000000004, 0.050000000000000044, 0.0]}, "complexity": {"229_pwLinear": [29, 29, 29, 29, 29]}, "time_all": {"229_pwLinear": [0.7068262100219727, 0.7470693588256836, 1.1039412021636963, 0.5340123176574707, 0.7969892024993896]}, "time_fit": {"229_pwLinear": [0.06278729438781738, 0.06089663505554199, 0.07447218894958496, 0.04409193992614746, 0.05668139457702637]}, "sizes": {"229_pwLinear": []}, "tau": 0.9}}
