{"SQR": {"losses": {"589_fri_c2_1000_25": [0.021660533908102613, 0.02038689341546195, 0.014786669734495026, 0.020466719191992562, 0.028118982205246966]}, "coverage": {"589_fri_c2_1000_25": [0.015000000000000013, 0.07999999999999996, 0.015000000000000013, 0.010000000000000009, 0.030000000000000027]}, "complexity": {"589_fri_c2_1000_25": [11, 12, 16, 11, 14]}, "time_all": {"589_fri_c2_1000_25": [115.91382837295532, 107.71149253845215, 109.6490867137909, 114.81711006164551, 86.46044516563416]}, "time_fit": {"589_fri_c2_1000_25": [115.91382837295532, 107.71149253845215, 109.6490867137909, 114.81711006164551, 86.46044516563416]}, "sizes": {"589_fri_c2_1000_25": []}, "tau": 0.5}, "LightGBM": {"losses": {"589_fri_c2_1000_25": [0.03403706846105951, 0.03155312213521432, 0.028430621469123393, 0.03091308887123952, 0.03379031172593783]}, "coverage": {"589_fri_c2_1000_25": [0.020000000000000018, 0.030000000000000027, 0.0, 0.06, 0.025000000000000022]}, "time_all": {"589_fri_c2_1000_25": [0.4465489387512207, 0.3908681869506836, 0.4274454116821289, 0.39109110832214355, 0.4181671142578125]}, "time_fit": {"589_fri_c2_1000_25": [0.07779431343078613, 0.07520103454589844, 0.07841110229492188, 0.07919430732727051, 0.07862687110900879]}, "sizes": {"589_fri_c2_1000_25": []}, "tau": 0.5}, "DecisionTree": {"losses": {"589_fri_c2_1000_25": [0.03510579669369942, 0.036239015225558245, 0.03507332307974869, 0.03332446454524936, 0.03573286581476329]}, "coverage": {"589_fri_c2_1000_25": [0.025000000000000022, 0.050000000000000044, 0.010000000000000009, 0.015000000000000013, 0.020000000000000018]}, "complexity": {"589_fri_c2_1000_25": [323, 133, 65, 319, 131]}, "time_all": {"589_fri_c2_1000_25": [0.31327366828918457, 0.28381967544555664, 0.28084230422973633, 0.29965639114379883, 0.26120567321777344]}, "time_fit": {"589_fri_c2_1000_25": [0.04951834678649902, 0.029994726181030273, 0.023425817489624023, 0.046601295471191406, 0.02624654769897461]}, "sizes": {"589_fri_c2_1000_25": []}, "tau": 0.5}, "LinearQuantile": {"losses": {"589_fri_c2_1000_25": [0.07306258415081758, 0.07170810149993409, 0.07106516710302706, 0.06932128580247804, 0.07389518394433205]}, "coverage": {"589_fri_c2_1000_25": [0.025000000000000022, 0.044999999999999984, 0.025000000000000022, 0.0, 0.0050000000000000044]}, "complexity": {"589_fri_c2_1000_25": [25, 25, 25, 25, 25]}, "time_all": {"589_fri_c2_1000_25": [1.051093578338623, 0.8086884021759033, 2.1411261558532715, 2.1647679805755615, 2.0552170276641846]}, "time_fit": {"589_fri_c2_1000_25": [0.07877707481384277, 0.05698752403259277, 0.17662978172302246, 0.178053617477417, 0.12797284126281738]}, "sizes": {"589_fri_c2_1000_25": []}, "tau": 0.5}}
