{"SQR": {"losses": {"557_analcatdata_apnea1": [0.011611437845838114, 0.008866468760597802, 0.017895468812852703, 0.004748040428476077, 0.009312527224247186]}, "coverage": {"557_analcatdata_apnea1": [0.08947368421052626, 0.14210526315789473, 0.047368421052631615, 0.15263157894736845, 0.1105263157894737]}, "complexity": {"557_analcatdata_apnea1": [10, 9, 8, 8, 11]}, "time_all": {"557_analcatdata_apnea1": [107.95441460609436, 91.51281905174255, 85.34388160705566, 80.24529433250427, 86.3789746761322]}, "time_fit": {"557_analcatdata_apnea1": [107.95441460609436, 91.51281905174255, 85.34388160705566, 80.24529433250427, 86.3789746761322]}, "sizes": {"557_analcatdata_apnea1": []}, "tau": 0.5}, "LightGBM": {"losses": {"557_analcatdata_apnea1": [0.020780767629590195, 0.01737076935755106, 0.01358374596970457, 0.01332673752832207, 0.012529137927089734]}, "coverage": {"557_analcatdata_apnea1": [0.09999999999999998, 0.15263157894736845, 0.05789473684210522, 0.23684210526315785, 0.12105263157894741]}, "time_all": {"557_analcatdata_apnea1": [0.2485344409942627, 0.19935822486877441, 0.19743728637695312, 0.2028336524963379, 0.1992645263671875]}, "time_fit": {"557_analcatdata_apnea1": [0.05693459510803223, 0.05631065368652344, 0.055737972259521484, 0.054860830307006836, 0.05704617500305176]}, "sizes": {"557_analcatdata_apnea1": []}, "tau": 0.5}, "DecisionTree": {"losses": {"557_analcatdata_apnea1": [0.005684259504562769, 0.006950792445773289, 0.005498698737029113, 0.004445555112772414, 0.0057228855311579575]}, "coverage": {"557_analcatdata_apnea1": [0.17368421052631577, 0.22631578947368425, 0.13157894736842102, 0.24736842105263157, 0.17368421052631577]}, "complexity": {"557_analcatdata_apnea1": [129, 53, 121, 53, 61]}, "time_all": {"557_analcatdata_apnea1": [0.06488537788391113, 0.05712485313415527, 0.06277322769165039, 0.05665421485900879, 0.05957627296447754]}, "time_fit": {"557_analcatdata_apnea1": [0.011008739471435547, 0.005610227584838867, 0.010315895080566406, 0.005608320236206055, 0.006163597106933594]}, "sizes": {"557_analcatdata_apnea1": []}, "tau": 0.5}, "LinearQuantile": {"losses": {"557_analcatdata_apnea1": [0.023437868787469004, 0.019588001020143665, 0.01650388820432486, 0.01551043311584955, 0.01375018314081932]}, "coverage": {"557_analcatdata_apnea1": [0.0368421052631579, 0.09999999999999998, 0.01578947368421052, 0.07894736842105265, 0.04736842105263156]}, "complexity": {"557_analcatdata_apnea1": [11, 11, 11, 11, 11]}, "time_all": {"557_analcatdata_apnea1": [0.16976022720336914, 0.4917161464691162, 0.18846940994262695, 0.2933192253112793, 0.2014784812927246]}, "time_fit": {"557_analcatdata_apnea1": [0.01428985595703125, 0.04162907600402832, 0.016429424285888672, 0.02615499496459961, 0.017599821090698242]}, "sizes": {"557_analcatdata_apnea1": []}, "tau": 0.5}}
