{"SQR": {"losses": {"597_fri_c2_500_5": [0.010548098098860747, 0.012897580162676553, 0.01596332198979412, 0.022260556815096446, 0.02909322961634686]}, "coverage": {"597_fri_c2_500_5": [0.09999999999999998, 0.030000000000000027, 0.0, 0.04999999999999993, 0.020000000000000018]}, "complexity": {"597_fri_c2_500_5": [14, 16, 14, 11, 12]}, "time_all": {"597_fri_c2_500_5": [113.94843912124634, 94.36160492897034, 92.8865578174591, 94.06230592727661, 81.82914590835571]}, "time_fit": {"597_fri_c2_500_5": [113.94843912124634, 94.36160492897034, 92.8865578174591, 94.06230592727661, 81.82914590835571]}, "sizes": {"597_fri_c2_500_5": []}, "tau": 0.6}, "LightGBM": {"losses": {"597_fri_c2_500_5": [0.03536011756042409, 0.03893153965507529, 0.0347264517632689, 0.03105089482835167, 0.03563394052663115]}, "coverage": {"597_fri_c2_500_5": [0.09999999999999998, 0.06000000000000005, 0.030000000000000027, 0.12, 0.030000000000000027]}, "time_all": {"597_fri_c2_500_5": [0.2684180736541748, 0.20934128761291504, 0.25000524520874023, 0.24223041534423828, 0.21268939971923828]}, "time_fit": {"597_fri_c2_500_5": [0.05222678184509277, 0.04869794845581055, 0.05149722099304199, 0.049547433853149414, 0.05010342597961426]}, "sizes": {"597_fri_c2_500_5": []}, "tau": 0.6}, "DecisionTree": {"losses": {"597_fri_c2_500_5": [0.03881045174048964, 0.04042873833471735, 0.03914313193082158, 0.038360098329542534, 0.035955606725842054]}, "coverage": {"597_fri_c2_500_5": [0.010000000000000009, 0.020000000000000018, 0.10999999999999999, 0.09999999999999998, 0.06999999999999995]}, "complexity": {"597_fri_c2_500_5": [161, 161, 165, 69, 71]}, "time_all": {"597_fri_c2_500_5": [0.08441567420959473, 0.08220410346984863, 0.08165836334228516, 0.07564806938171387, 0.0756070613861084]}, "time_fit": {"597_fri_c2_500_5": [0.014946937561035156, 0.014606237411499023, 0.014846086502075195, 0.007975578308105469, 0.008069992065429688]}, "sizes": {"597_fri_c2_500_5": []}, "tau": 0.6}, "LinearQuantile": {"losses": {"597_fri_c2_500_5": [0.07686937606914811, 0.07440782938725635, 0.07727409282451936, 0.07866118707348298, 0.08333788266386463]}, "coverage": {"597_fri_c2_500_5": [0.04999999999999993, 0.09999999999999998, 0.13, 0.16999999999999998, 0.16999999999999998]}, "complexity": {"597_fri_c2_500_5": [5, 5, 5, 5, 5]}, "time_all": {"597_fri_c2_500_5": [0.09944391250610352, 0.15288209915161133, 0.3105771541595459, 0.24130630493164062, 0.5056571960449219]}, "time_fit": {"597_fri_c2_500_5": [0.007879018783569336, 0.013250350952148438, 0.026612043380737305, 0.021186351776123047, 0.04071378707885742]}, "sizes": {"597_fri_c2_500_5": []}, "tau": 0.6}}
