{"SQR": {"losses": {"622_fri_c2_1000_50": [0.02086385835505555, 0.020366442271865706, 0.027697898694729457, 0.021298892130557436, 0.012177623242350933]}, "coverage": {"622_fri_c2_1000_50": [0.0050000000000000044, 0.015000000000000013, 0.025000000000000022, 0.034999999999999976, 0.03500000000000003]}, "complexity": {"622_fri_c2_1000_50": [16, 14, 14, 16, 18]}, "time_all": {"622_fri_c2_1000_50": [115.99073362350464, 95.77102541923523, 101.46305775642395, 102.21253490447998, 114.75407481193542]}, "time_fit": {"622_fri_c2_1000_50": [115.99073362350464, 95.77102541923523, 101.46305775642395, 102.21253490447998, 114.75407481193542]}, "sizes": {"622_fri_c2_1000_50": []}, "tau": 0.5}, "LightGBM": {"losses": {"622_fri_c2_1000_50": [0.03659514772990894, 0.03257062372071908, 0.033963661493184596, 0.031923568915384164, 0.03564336870151998]}, "coverage": {"622_fri_c2_1000_50": [0.0050000000000000044, 0.020000000000000018, 0.010000000000000009, 0.03999999999999998, 0.030000000000000027]}, "time_all": {"622_fri_c2_1000_50": [0.5209324359893799, 0.4520900249481201, 0.49416494369506836, 0.4831118583679199, 0.4785339832305908]}, "time_fit": {"622_fri_c2_1000_50": [0.09149336814880371, 0.08401727676391602, 0.08849930763244629, 0.08834075927734375, 0.08829903602600098]}, "sizes": {"622_fri_c2_1000_50": []}, "tau": 0.5}, "DecisionTree": {"losses": {"622_fri_c2_1000_50": [0.03887047972130202, 0.036290605964436506, 0.03803495226749179, 0.03722860152510416, 0.03608640444202329]}, "coverage": {"622_fri_c2_1000_50": [0.03999999999999998, 0.025000000000000022, 0.020000000000000018, 0.06, 0.034999999999999976]}, "complexity": {"622_fri_c2_1000_50": [137, 61, 137, 139, 129]}, "time_all": {"622_fri_c2_1000_50": [0.5013043880462646, 0.44167160987854004, 0.4325869083404541, 0.452808141708374, 0.4973118305206299]}, "time_fit": {"622_fri_c2_1000_50": [0.05564403533935547, 0.0343470573425293, 0.04285788536071777, 0.045162200927734375, 0.05530285835266113]}, "sizes": {"622_fri_c2_1000_50": []}, "tau": 0.5}, "LinearQuantile": {"losses": {"622_fri_c2_1000_50": [0.07757550634303213, 0.07607565217241671, 0.07555646686281069, 0.07906810418267894, 0.07688012971890168]}, "coverage": {"622_fri_c2_1000_50": [0.0050000000000000044, 0.034999999999999976, 0.030000000000000027, 0.015000000000000013, 0.034999999999999976]}, "complexity": {"622_fri_c2_1000_50": [50, 50, 50, 50, 50]}, "time_all": {"622_fri_c2_1000_50": [29.240990161895752, 12.732080221176147, 11.296257495880127, 26.732298374176025, 21.681591749191284]}, "time_fit": {"622_fri_c2_1000_50": [2.646144151687622, 1.1425423622131348, 0.8852791786193848, 2.2786028385162354, 1.8836963176727295]}, "sizes": {"622_fri_c2_1000_50": []}, "tau": 0.5}}
