{"SQR": {"losses": {"1191_BNG_pbc": [0.058463844584593624, 0.05863343936563617, 0.058542972955070424, 0.058390927514949204, 0.05866075216163545]}, "coverage": {"1191_BNG_pbc": [0.0009449999999999736, 0.006010000000000071, 0.010709999999999997, 0.005560000000000009, 0.011400000000000077]}, "complexity": {"1191_BNG_pbc": [2, 2, 2, 2, 2]}, "time_all": {"1191_BNG_pbc": [647.5854868888855, 600.5585644245148, 548.9095270633698, 579.3480315208435, 640.8948247432709]}, "time_fit": {"1191_BNG_pbc": [647.5854868888855, 600.5585644245148, 548.9095270633698, 579.3480315208435, 640.8948247432709]}, "sizes": {"1191_BNG_pbc": []}, "tau": 0.7}, "LightGBM": {"losses": {"1191_BNG_pbc": [0.04740748640894319, 0.047351476761348835, 0.04746735998286345, 0.0472938427061151, 0.04743027105512535]}, "coverage": {"1191_BNG_pbc": [0.0182500000000001, 0.020990000000000064, 0.01941500000000007, 0.018809999999999993, 0.016310000000000047]}, "time_all": {"1191_BNG_pbc": [7.626610517501831, 7.336023330688477, 7.208666801452637, 7.245879650115967, 7.215566873550415]}, "time_fit": {"1191_BNG_pbc": [1.6079251766204834, 1.574073314666748, 1.5542850494384766, 1.5408616065979004, 1.5837438106536865]}, "sizes": {"1191_BNG_pbc": []}, "tau": 0.7}, "DecisionTree": {"losses": {"1191_BNG_pbc": [0.04590812719578773, 0.045760388209036315, 0.045850096578131716, 0.045740074525977156, 0.04588749088002487]}, "coverage": {"1191_BNG_pbc": [0.017779999999999907, 0.01336499999999996, 0.017880000000000007, 0.017185000000000006, 0.01898499999999992]}, "complexity": {"1191_BNG_pbc": [25433, 25521, 25589, 25515, 25509]}, "time_all": {"1191_BNG_pbc": [412.29215598106384, 410.8159828186035, 412.5866298675537, 410.95245242118835, 411.1680655479431]}, "time_fit": {"1191_BNG_pbc": [24.963214874267578, 24.8207848072052, 24.989843130111694, 24.877934217453003, 24.800320148468018]}, "sizes": {"1191_BNG_pbc": []}, "tau": 0.7}, "LinearQuantile": {"losses": {"1191_BNG_pbc": [0.05018993871596545, 0.050203389471858165, 0.05016278776289237, 0.05010470403555761, 0.05023393692312653]}, "coverage": {"1191_BNG_pbc": [0.0005049999999999777, 0.001775000000000082, 0.001515000000000044, 0.0008299999999999974, 0.002114999999999978]}, "complexity": {"1191_BNG_pbc": [29, 29, 29, 29, 29]}, "time_all": {"1191_BNG_pbc": [1066.3372166156769, 1227.666476726532, 1039.2128205299377, 1187.246791601181, 1215.8515286445618]}, "time_fit": {"1191_BNG_pbc": [96.57041668891907, 111.78091979026794, 94.06892561912537, 107.00607490539551, 112.13134956359863]}, "sizes": {"1191_BNG_pbc": []}, "tau": 0.7}}
