{"SQR": {"losses": {"617_fri_c3_500_5": [0.018134189492314635, 0.014122256603834078, 0.012485385081089014, 0.008940271518751137, 0.013678455862206174]}, "coverage": {"617_fri_c3_500_5": [0.04999999999999993, 0.010000000000000009, 0.06000000000000005, 0.010000000000000009, 0.05999999999999994]}, "complexity": {"617_fri_c3_500_5": [10, 12, 10, 16, 14]}, "time_all": {"617_fri_c3_500_5": [103.30982875823975, 88.57459163665771, 94.74507451057434, 88.05453515052795, 87.54533767700195]}, "time_fit": {"617_fri_c3_500_5": [103.30982875823975, 88.57459163665771, 94.74507451057434, 88.05453515052795, 87.54533767700195]}, "sizes": {"617_fri_c3_500_5": []}, "tau": 0.6}, "LightGBM": {"losses": {"617_fri_c3_500_5": [0.027768492798179972, 0.03093114952944006, 0.023407550858280553, 0.027329948622278697, 0.027788398608149037]}, "coverage": {"617_fri_c3_500_5": [0.0, 0.030000000000000027, 0.07000000000000006, 0.050000000000000044, 0.10999999999999999]}, "time_all": {"617_fri_c3_500_5": [0.2735593318939209, 0.23021268844604492, 0.24143171310424805, 0.23293232917785645, 0.24083757400512695]}, "time_fit": {"617_fri_c3_500_5": [0.05319094657897949, 0.053803205490112305, 0.05564284324645996, 0.054079294204711914, 0.054620981216430664]}, "sizes": {"617_fri_c3_500_5": []}, "tau": 0.6}, "DecisionTree": {"losses": {"617_fri_c3_500_5": [0.03065768414758778, 0.02901158886475589, 0.028713187923132544, 0.02498426802231544, 0.028567262839269247]}, "coverage": {"617_fri_c3_500_5": [0.040000000000000036, 0.020000000000000018, 0.020000000000000018, 0.07999999999999996, 0.13999999999999996]}, "complexity": {"617_fri_c3_500_5": [165, 65, 67, 167, 157]}, "time_all": {"617_fri_c3_500_5": [0.08601641654968262, 0.07546210289001465, 0.07540678977966309, 0.08368825912475586, 0.0812983512878418]}, "time_fit": {"617_fri_c3_500_5": [0.01539301872253418, 0.007962942123413086, 0.007851123809814453, 0.0153350830078125, 0.014362335205078125]}, "sizes": {"617_fri_c3_500_5": []}, "tau": 0.6}, "LinearQuantile": {"losses": {"617_fri_c3_500_5": [0.05807023283815736, 0.05858334556943053, 0.046952261623042696, 0.057051040430696184, 0.06341818457178604]}, "coverage": {"617_fri_c3_500_5": [0.07999999999999996, 0.10999999999999999, 0.10999999999999999, 0.07999999999999996, 0.14999999999999997]}, "complexity": {"617_fri_c3_500_5": [5, 5, 5, 5, 5]}, "time_all": {"617_fri_c3_500_5": [0.21948695182800293, 0.1639385223388672, 0.3767359256744385, 0.17287874221801758, 0.1025538444519043]}, "time_fit": {"617_fri_c3_500_5": [0.018833637237548828, 0.014008283615112305, 0.03373217582702637, 0.014916658401489258, 0.00874018669128418]}, "sizes": {"617_fri_c3_500_5": []}, "tau": 0.6}}
