{"SQR": {"losses": {"604_fri_c4_500_10": [0.018696859136612638, 0.018860917989683198, 0.013095157720592639, 0.022308479060418034, 0.012198907246577686]}, "coverage": {"604_fri_c4_500_10": [0.0, 0.06000000000000005, 0.039999999999999925, 0.04999999999999993, 0.050000000000000044]}, "complexity": {"604_fri_c4_500_10": [10, 11, 13, 7, 13]}, "time_all": {"604_fri_c4_500_10": [99.35831785202026, 80.24171710014343, 102.70301103591919, 81.24868249893188, 88.78354334831238]}, "time_fit": {"604_fri_c4_500_10": [99.35831785202026, 80.24171710014343, 102.70301103591919, 81.24868249893188, 88.78354334831238]}, "sizes": {"604_fri_c4_500_10": []}, "tau": 0.7}, "LightGBM": {"losses": {"604_fri_c4_500_10": [0.027968497179803316, 0.031806741779848366, 0.03260630864399862, 0.026639525912959327, 0.02680274139709887]}, "coverage": {"604_fri_c4_500_10": [0.07000000000000006, 0.0, 0.010000000000000009, 0.10999999999999999, 0.0]}, "time_all": {"604_fri_c4_500_10": [0.2702045440673828, 0.2657356262207031, 0.2638230323791504, 0.2120194435119629, 0.21528005599975586]}, "time_fit": {"604_fri_c4_500_10": [0.049172163009643555, 0.05855274200439453, 0.056375980377197266, 0.044297218322753906, 0.04662775993347168]}, "sizes": {"604_fri_c4_500_10": []}, "tau": 0.7}, "DecisionTree": {"losses": {"604_fri_c4_500_10": [0.02670383381241273, 0.02956062110895361, 0.03277869549709799, 0.031733573495518634, 0.026646534354020673]}, "coverage": {"604_fri_c4_500_10": [0.16999999999999993, 0.039999999999999925, 0.07999999999999996, 0.16999999999999993, 0.029999999999999916]}, "complexity": {"604_fri_c4_500_10": [161, 69, 159, 157, 67]}, "time_all": {"604_fri_c4_500_10": [0.0979914665222168, 0.08993792533874512, 0.09480881690979004, 0.09569573402404785, 0.08900833129882812]}, "time_fit": {"604_fri_c4_500_10": [0.016756296157836914, 0.009792566299438477, 0.016465187072753906, 0.016426563262939453, 0.009549856185913086]}, "sizes": {"604_fri_c4_500_10": []}, "tau": 0.7}, "LinearQuantile": {"losses": {"604_fri_c4_500_10": [0.06176070494494011, 0.06229598132412889, 0.06045255832988854, 0.06554861050833352, 0.06396579256549625]}, "coverage": {"604_fri_c4_500_10": [0.21999999999999997, 0.23999999999999994, 0.21999999999999997, 0.35999999999999993, 0.25999999999999995]}, "complexity": {"604_fri_c4_500_10": [10, 10, 10, 10, 10]}, "time_all": {"604_fri_c4_500_10": [0.5942816734313965, 0.8867416381835938, 0.41297221183776855, 0.94645094871521, 1.2125070095062256]}, "time_fit": {"604_fri_c4_500_10": [0.05269360542297363, 0.08008098602294922, 0.035523176193237305, 0.06655597686767578, 0.08031558990478516]}, "sizes": {"604_fri_c4_500_10": []}, "tau": 0.7}}
