{"SQR": {"losses": {"641_fri_c1_500_10": [0.009207325069455296, 0.007597003967801839, 0.021663929881702203, 0.010528467214965146, 0.0206032669046428]}, "coverage": {"641_fri_c1_500_10": [0.030000000000000027, 0.050000000000000044, 0.08999999999999997, 0.13, 0.040000000000000036]}, "complexity": {"641_fri_c1_500_10": [13, 16, 8, 13, 11]}, "time_all": {"641_fri_c1_500_10": [114.48670196533203, 90.57519507408142, 83.37020754814148, 91.6339590549469, 93.23863697052002]}, "time_fit": {"641_fri_c1_500_10": [114.48670196533203, 90.57519507408142, 83.37020754814148, 91.6339590549469, 93.23863697052002]}, "sizes": {"641_fri_c1_500_10": []}, "tau": 0.8}, "LightGBM": {"losses": {"641_fri_c1_500_10": [0.03531170579206738, 0.03160886796362885, 0.02898686440312703, 0.027049370512175902, 0.03361533335598108]}, "coverage": {"641_fri_c1_500_10": [0.06000000000000005, 0.029999999999999916, 0.010000000000000009, 0.07000000000000006, 0.029999999999999916]}, "time_all": {"641_fri_c1_500_10": [0.24991989135742188, 0.20745325088500977, 0.21671652793884277, 0.23183298110961914, 0.20577645301818848]}, "time_fit": {"641_fri_c1_500_10": [0.0437624454498291, 0.04389190673828125, 0.04581737518310547, 0.044504404067993164, 0.04390883445739746]}, "sizes": {"641_fri_c1_500_10": []}, "tau": 0.8}, "DecisionTree": {"losses": {"641_fri_c1_500_10": [0.03146043312652464, 0.02767779312516195, 0.0255141205630102, 0.031689403154166726, 0.032170316223435975]}, "coverage": {"641_fri_c1_500_10": [0.10000000000000009, 0.18000000000000005, 0.17000000000000004, 0.08000000000000007, 0.17000000000000004]}, "complexity": {"641_fri_c1_500_10": [29, 159, 159, 29, 167]}, "time_all": {"641_fri_c1_500_10": [0.08908772468566895, 0.09678173065185547, 0.09419107437133789, 0.08684802055358887, 0.09817004203796387]}, "time_fit": {"641_fri_c1_500_10": [0.006353855133056641, 0.016884803771972656, 0.01654672622680664, 0.006299018859863281, 0.01731395721435547]}, "sizes": {"641_fri_c1_500_10": []}, "tau": 0.8}, "LinearQuantile": {"losses": {"641_fri_c1_500_10": [0.09034062043947275, 0.08402558709474504, 0.06457671442623429, 0.08504650601806578, 0.07355784041497845]}, "coverage": {"641_fri_c1_500_10": [0.36000000000000004, 0.35000000000000003, 0.37000000000000005, 0.4, 0.29000000000000004]}, "complexity": {"641_fri_c1_500_10": [10, 10, 10, 10, 10]}, "time_all": {"641_fri_c1_500_10": [0.37635040283203125, 0.265514612197876, 0.2980802059173584, 0.6771030426025391, 0.238525390625]}, "time_fit": {"641_fri_c1_500_10": [0.03298497200012207, 0.023151159286499023, 0.026438236236572266, 0.05241274833679199, 0.020966768264770508]}, "sizes": {"641_fri_c1_500_10": []}, "tau": 0.8}}
