{"SQR": {"losses": {"581_fri_c3_500_25": [0.01765663828350406, 0.018108776477652046, 0.020545383601197877, 0.016330402549268284, 0.010620438219599543]}, "coverage": {"581_fri_c3_500_25": [0.050000000000000044, 0.1100000000000001, 0.029999999999999916, 0.010000000000000009, 0.039999999999999925]}, "complexity": {"581_fri_c3_500_25": [8, 7, 11, 11, 13]}, "time_all": {"581_fri_c3_500_25": [97.27024960517883, 90.09271144866943, 98.96931171417236, 88.1274926662445, 94.5508930683136]}, "time_fit": {"581_fri_c3_500_25": [97.27024960517883, 90.09271144866943, 98.96931171417236, 88.1274926662445, 94.5508930683136]}, "sizes": {"581_fri_c3_500_25": []}, "tau": 0.8}, "LightGBM": {"losses": {"581_fri_c3_500_25": [0.028226765890925574, 0.027735750848428647, 0.024838739387859823, 0.02663655984030742, 0.028920143573289123]}, "coverage": {"581_fri_c3_500_25": [0.06000000000000005, 0.040000000000000036, 0.030000000000000027, 0.029999999999999916, 0.010000000000000009]}, "time_all": {"581_fri_c3_500_25": [0.2683689594268799, 0.21221137046813965, 0.2130746841430664, 0.2433161735534668, 0.21993064880371094]}, "time_fit": {"581_fri_c3_500_25": [0.04831194877624512, 0.04291558265686035, 0.04571676254272461, 0.04723787307739258, 0.04740548133850098]}, "sizes": {"581_fri_c3_500_25": []}, "tau": 0.8}, "DecisionTree": {"losses": {"581_fri_c3_500_25": [0.02765060789763963, 0.026214203311151388, 0.024567137358565666, 0.028844212365397845, 0.024944445305807895]}, "coverage": {"581_fri_c3_500_25": [0.1100000000000001, 0.08000000000000007, 0.1100000000000001, 0.14, 0.13]}, "complexity": {"581_fri_c3_500_25": [65, 69, 67, 161, 69]}, "time_all": {"581_fri_c3_500_25": [0.1400134563446045, 0.13752961158752441, 0.13396096229553223, 0.1410980224609375, 0.13672542572021484]}, "time_fit": {"581_fri_c3_500_25": [0.01526498794555664, 0.015537261962890625, 0.015175580978393555, 0.023653268814086914, 0.015484094619750977]}, "sizes": {"581_fri_c3_500_25": []}, "tau": 0.8}, "LinearQuantile": {"losses": {"581_fri_c3_500_25": [0.07407726342648799, 0.07125126648010047, 0.06425973361712677, 0.06853147868893758, 0.059997681554525846]}, "coverage": {"581_fri_c3_500_25": [0.35000000000000003, 0.41000000000000003, 0.39000000000000007, 0.35000000000000003, 0.28]}, "complexity": {"581_fri_c3_500_25": [25, 25, 25, 25, 25]}, "time_all": {"581_fri_c3_500_25": [0.8771021366119385, 0.8618991374969482, 0.6014232635498047, 1.4391062259674072, 1.0980076789855957]}, "time_fit": {"581_fri_c3_500_25": [0.07622575759887695, 0.06152629852294922, 0.04969143867492676, 0.10273456573486328, 0.07193827629089355]}, "sizes": {"581_fri_c3_500_25": []}, "tau": 0.8}}
