{"SQR": {"losses": {"647_fri_c1_250_10": [0.02071595448073167, 0.027068750957937593, 0.016567122015854925, 0.018925254967307223, 0.013014394361230567]}, "coverage": {"647_fri_c1_250_10": [0.06000000000000005, 0.05999999999999994, 0.019999999999999907, 0.07999999999999996, 0.020000000000000018]}, "complexity": {"647_fri_c1_250_10": [12, 11, 14, 13, 15]}, "time_all": {"647_fri_c1_250_10": [82.32895851135254, 69.63420462608337, 76.06030535697937, 70.95919990539551, 73.06705260276794]}, "time_fit": {"647_fri_c1_250_10": [82.32895851135254, 69.63420462608337, 76.06030535697937, 70.95919990539551, 73.06705260276794]}, "sizes": {"647_fri_c1_250_10": []}, "tau": 0.7}, "LightGBM": {"losses": {"647_fri_c1_250_10": [0.034719035987936984, 0.044007415205458256, 0.03719843028193986, 0.04737856484227781, 0.0402724349368323]}, "coverage": {"647_fri_c1_250_10": [0.05999999999999994, 0.08000000000000007, 0.039999999999999925, 0.039999999999999925, 0.07999999999999996]}, "time_all": {"647_fri_c1_250_10": [0.20185542106628418, 0.14657068252563477, 0.13887667655944824, 0.1347649097442627, 0.14894676208496094]}, "time_fit": {"647_fri_c1_250_10": [0.03970789909362793, 0.03269195556640625, 0.03218674659729004, 0.03100275993347168, 0.03128552436828613]}, "sizes": {"647_fri_c1_250_10": []}, "tau": 0.7}, "DecisionTree": {"losses": {"647_fri_c1_250_10": [0.04135628993566296, 0.0423075052386863, 0.036624280215799956, 0.03593777269654435, 0.034132658446229786]}, "coverage": {"647_fri_c1_250_10": [0.039999999999999925, 0.039999999999999925, 0.0, 0.1399999999999999, 0.019999999999999907]}, "complexity": {"647_fri_c1_250_10": [33, 33, 9, 35, 13]}, "time_all": {"647_fri_c1_250_10": [0.054746389389038086, 0.051177263259887695, 0.05002474784851074, 0.05196833610534668, 0.0493161678314209]}, "time_fit": {"647_fri_c1_250_10": [0.0050890445709228516, 0.004994869232177734, 0.0027923583984375, 0.005166530609130859, 0.003223896026611328]}, "sizes": {"647_fri_c1_250_10": []}, "tau": 0.7}, "LinearQuantile": {"losses": {"647_fri_c1_250_10": [0.07423757861789614, 0.07756208581655118, 0.0836544575358924, 0.07400701473428559, 0.08565159760646582]}, "coverage": {"647_fri_c1_250_10": [0.29999999999999993, 0.23999999999999994, 0.17999999999999994, 0.23999999999999994, 0.23999999999999994]}, "complexity": {"647_fri_c1_250_10": [10, 10, 10, 10, 10]}, "time_all": {"647_fri_c1_250_10": [0.16532325744628906, 0.14736080169677734, 0.2243213653564453, 0.27709412574768066, 4.314870357513428]}, "time_fit": {"647_fri_c1_250_10": [0.014154195785522461, 0.012750625610351562, 0.01979207992553711, 0.02412128448486328, 0.5364377498626709]}, "sizes": {"647_fri_c1_250_10": []}, "tau": 0.7}}
