{"SQR": {"losses": {"608_fri_c3_1000_10": [0.009255260593041674, 0.011151529799515763, 0.008307366054994615, 0.007985345516324864, 0.005393159656133464]}, "coverage": {"608_fri_c3_1000_10": [0.0050000000000000044, 0.0, 0.010000000000000009, 0.015000000000000013, 0.020000000000000018]}, "complexity": {"608_fri_c3_1000_10": [6, 6, 11, 11, 13]}, "time_all": {"608_fri_c3_1000_10": [107.68735980987549, 96.47684478759766, 104.28083062171936, 107.73983764648438, 106.80373954772949]}, "time_fit": {"608_fri_c3_1000_10": [107.68735980987549, 96.47684478759766, 104.28083062171936, 107.73983764648438, 106.80373954772949]}, "sizes": {"608_fri_c3_1000_10": []}, "tau": 0.9}, "LightGBM": {"losses": {"608_fri_c3_1000_10": [0.013304287771521232, 0.015704824701940286, 0.015442867016512452, 0.016538136119286624, 0.011929213069320804]}, "coverage": {"608_fri_c3_1000_10": [0.015000000000000013, 0.030000000000000027, 0.03500000000000003, 0.0, 0.0050000000000000044]}, "time_all": {"608_fri_c3_1000_10": [0.337493896484375, 0.29399871826171875, 0.28159546852111816, 0.2842292785644531, 0.32311558723449707]}, "time_fit": {"608_fri_c3_1000_10": [0.060279130935668945, 0.06204342842102051, 0.0556490421295166, 0.05489754676818848, 0.05698347091674805]}, "sizes": {"608_fri_c3_1000_10": []}, "tau": 0.9}, "DecisionTree": {"losses": {"608_fri_c3_1000_10": [0.012057071065642008, 0.014566211998080277, 0.011481973426105043, 0.018518423333657674, 0.011833963200890652]}, "coverage": {"608_fri_c3_1000_10": [0.06000000000000005, 0.05500000000000005, 0.03500000000000003, 0.040000000000000036, 0.04500000000000004]}, "complexity": {"608_fri_c3_1000_10": [61, 67, 63, 37, 37]}, "time_all": {"608_fri_c3_1000_10": [0.17536520957946777, 0.1727151870727539, 0.174299955368042, 0.16542458534240723, 0.17188763618469238]}, "time_fit": {"608_fri_c3_1000_10": [0.013220548629760742, 0.013788223266601562, 0.013615846633911133, 0.009995698928833008, 0.010467052459716797]}, "sizes": {"608_fri_c3_1000_10": []}, "tau": 0.9}, "LinearQuantile": {"losses": {"608_fri_c3_1000_10": [0.056865362740850134, 0.05959510838517853, 0.05265956237343607, 0.054976413255088896, 0.05293263600194808]}, "coverage": {"608_fri_c3_1000_10": [0.47500000000000003, 0.445, 0.41500000000000004, 0.41500000000000004, 0.47000000000000003]}, "complexity": {"608_fri_c3_1000_10": [10, 10, 10, 10, 10]}, "time_all": {"608_fri_c3_1000_10": [1.9335603713989258, 0.3094663619995117, 0.5665879249572754, 0.5184817314147949, 1.0941617488861084]}, "time_fit": {"608_fri_c3_1000_10": [0.11421394348144531, 0.027765750885009766, 0.04540276527404785, 0.04657888412475586, 0.0769035816192627]}, "sizes": {"608_fri_c3_1000_10": []}, "tau": 0.9}}
