{"SQR": {"losses": {"230_machine_cpu": [0.023730689237633107, 0.01692514449435981, 0.02253821372958856, 0.01612166666385714, 0.010804076356402787]}, "coverage": {"230_machine_cpu": [0.07142857142857145, 0.09523809523809523, 0.023809523809523836, 0.09523809523809523, 0.18292682926829273]}, "complexity": {"230_machine_cpu": [5, 7, 5, 9, 7]}, "time_all": {"230_machine_cpu": [90.39254951477051, 76.84264183044434, 76.070556640625, 72.48153972625732, 74.90439677238464]}, "time_fit": {"230_machine_cpu": [90.39254951477051, 76.84264183044434, 76.070556640625, 72.48153972625732, 74.90439677238464]}, "sizes": {"230_machine_cpu": []}, "tau": 0.5}, "LightGBM": {"losses": {"230_machine_cpu": [0.026830992347893545, 0.026590560726928097, 0.011749297799223455, 0.012865822574365563, 0.009236389374612183]}, "coverage": {"230_machine_cpu": [0.09523809523809523, 0.23809523809523808, 0.023809523809523836, 0.11904761904761907, 0.1097560975609756]}, "time_all": {"230_machine_cpu": [0.16125988960266113, 0.14021801948547363, 0.13614439964294434, 0.12102723121643066, 0.13509202003479004]}, "time_fit": {"230_machine_cpu": [0.027084827423095703, 0.03267168998718262, 0.030894756317138672, 0.02869439125061035, 0.027086496353149414]}, "sizes": {"230_machine_cpu": []}, "tau": 0.5}, "DecisionTree": {"losses": {"230_machine_cpu": [0.025011446886446884, 0.019074675324675328, 0.011436480186480188, 0.01250832500832501, 0.009711325260105748]}, "coverage": {"230_machine_cpu": [0.11904761904761907, 0.14285714285714285, 0.023809523809523836, 0.09523809523809523, 0.03658536585365857]}, "complexity": {"230_machine_cpu": [63, 67, 65, 65, 63]}, "time_all": {"230_machine_cpu": [0.046010732650756836, 0.0473017692565918, 0.04503273963928223, 0.043881893157958984, 0.044271230697631836]}, "time_fit": {"230_machine_cpu": [0.006474971771240234, 0.006468772888183594, 0.006383419036865234, 0.0064051151275634766, 0.00627446174621582]}, "sizes": {"230_machine_cpu": []}, "tau": 0.5}, "LinearQuantile": {"losses": {"230_machine_cpu": [0.021498139756780974, 0.02196350038241815, 0.011853964633795159, 0.012529422754932417, 0.008842347443321403]}, "coverage": {"230_machine_cpu": [0.09523809523809523, 0.19047619047619047, 0.1428571428571429, 0.16666666666666663, 0.1585365853658537]}, "complexity": {"230_machine_cpu": [6, 6, 6, 6, 6]}, "time_all": {"230_machine_cpu": [0.15504217147827148, 0.18135714530944824, 2.580364465713501, 2.3079817295074463, 0.15390920639038086]}, "time_fit": {"230_machine_cpu": [0.013139963150024414, 0.01589369773864746, 0.1201772689819336, 0.12016725540161133, 0.013564586639404297]}, "sizes": {"230_machine_cpu": []}, "tau": 0.5}}
