{"SQR": {"losses": {"651_fri_c0_100_25": [0.0518080963383572, 0.057888752622295564, 0.06680368903678566, 0.050657806968207666, 0.04619810093150777]}, "coverage": {"651_fri_c0_100_25": [0.04999999999999993, 0.04999999999999993, 0.25, 0.09999999999999998, 0.0]}, "complexity": {"651_fri_c0_100_25": [12, 9, 9, 11, 10]}, "time_all": {"651_fri_c0_100_25": [82.94754719734192, 69.31441140174866, 67.14314794540405, 69.05750131607056, 66.42224264144897]}, "time_fit": {"651_fri_c0_100_25": [82.94754719734192, 69.31441140174866, 67.14314794540405, 69.05750131607056, 66.42224264144897]}, "sizes": {"651_fri_c0_100_25": []}, "tau": 0.6}, "LightGBM": {"losses": {"651_fri_c0_100_25": [0.07935888001949984, 0.08328565801736197, 0.0781613878166105, 0.06718364870179848, 0.06615087677603156]}, "coverage": {"651_fri_c0_100_25": [0.04999999999999993, 0.04999999999999993, 0.20000000000000007, 0.14999999999999997, 0.0]}, "time_all": {"651_fri_c0_100_25": [0.12457990646362305, 0.08781003952026367, 0.08288025856018066, 0.078582763671875, 0.08333110809326172]}, "time_fit": {"651_fri_c0_100_25": [0.016008853912353516, 0.017418861389160156, 0.016819000244140625, 0.012175559997558594, 0.017009973526000977]}, "sizes": {"651_fri_c0_100_25": []}, "tau": 0.6}, "DecisionTree": {"losses": {"651_fri_c0_100_25": [0.06690207768694052, 0.06891339973236447, 0.0849991365572304, 0.06691685868833203, 0.06425349715484496]}, "coverage": {"651_fri_c0_100_25": [0.04999999999999993, 0.0, 0.15000000000000002, 0.09999999999999998, 0.050000000000000044]}, "complexity": {"651_fri_c0_100_25": [11, 3, 1, 1, 3]}, "time_all": {"651_fri_c0_100_25": [0.03681349754333496, 0.035866498947143555, 0.03514385223388672, 0.03397727012634277, 0.03510117530822754]}, "time_fit": {"651_fri_c0_100_25": [0.0030312538146972656, 0.0019707679748535156, 0.001554727554321289, 0.0015418529510498047, 0.0019474029541015625]}, "sizes": {"651_fri_c0_100_25": []}, "tau": 0.6}, "LinearQuantile": {"losses": {"651_fri_c0_100_25": [0.07088802548278922, 0.06224769711392327, 0.05041135253079053, 0.07568110091615088, 0.05675097046037349]}, "coverage": {"651_fri_c0_100_25": [0.14999999999999997, 0.19999999999999996, 0.050000000000000044, 0.35, 0.25]}, "complexity": {"651_fri_c0_100_25": [25, 25, 25, 25, 25]}, "time_all": {"651_fri_c0_100_25": [0.5103542804718018, 0.9700348377227783, 0.32883143424987793, 0.6550149917602539, 3.3781604766845703]}, "time_fit": {"651_fri_c0_100_25": [0.04484295845031738, 0.07300639152526855, 0.027431726455688477, 0.05266523361206055, 0.23623871803283691]}, "sizes": {"651_fri_c0_100_25": []}, "tau": 0.6}}
