{
  "SQR": {
    "losses": {
      "598_fri_c0_1000_25": [
        0.016232199221790047,
        0.018726932110934767,
        0.028713922521586624,
        0.02089995269208362,
        0.023048270393605123
      ]
    },
    "coverage": {
      "598_fri_c0_1000_25": [
        0.1470588235294118,
        0.2142857142857143,
        0.2894736842105263,
        0.09999999999999998,
        0.2777777777777778
      ]
    },
    "complexity": {
      "598_fri_c0_1000_25": [
        13,
        13,
        11,
        18,
        11
      ]
    },
    "time_all": {
      "598_fri_c0_1000_25": [
        113.07028388977051,
        105.96106910705566,
        97.14311790466309,
        97.24673986434937,
        99.25664019584656
      ]
    },
    "time_fit": {
      "598_fri_c0_1000_25": [
        113.07028388977051,
        105.96106910705566,
        97.14311790466309,
        97.24673986434937,
        99.25664019584656
      ]
    },
    "tau": 0.5
  },
  "LightGBM": {
    "losses": {
      "598_fri_c0_1000_25": [
        0.0559293165335775,
        0.05146878300554768,
        0.059177656949626255,
        0.05808917686494802,
        0.05674622586746821
      ]
    },
    "coverage": {
      "598_fri_c0_1000_25": [
        0.2647058823529412,
        0.35714285714285715,
        0.39473684210526316,
        0.38,
        0.3888888888888889
      ]
    },
    "time_all": {
      "598_fri_c0_1000_25": [
        0.4039027690887451,
        0.419313907623291,
        0.415252685546875,
        0.3734750747680664,
        0.37887144088745117
      ]
    },
    "time_fit": {
      "598_fri_c0_1000_25": [
        0.06737279891967773,
        0.07381010055541992,
        0.07601499557495117,
        0.07066607475280762,
        0.07225155830383301
      ]
    },
    "tau": 0.5
  },
  "DecisionTree": {
    "losses": {
      "598_fri_c0_1000_25": [
        0.043026413993030414,
        0.042201310119864735,
        0.040652831305027635,
        0.03965435455435766,
        0.04836697111067034
      ]
    },
    "coverage": {
      "598_fri_c0_1000_25": [
        0.08823529411764708,
        0.0714285714285714,
        0.07894736842105265,
        0.09999999999999998,
        0.33333333333333337
      ]
    },
    "complexity": {
      "598_fri_c0_1000_25": [
        289,
        283,
        125,
        303,
        33
      ]
    },
    "time_all": {
      "598_fri_c0_1000_25": [
        0.18647074699401855,
        0.2682657241821289,
        0.24995827674865723,
        0.26433467864990234,
        0.23905706405639648
      ]
    },
    "time_fit": {
      "598_fri_c0_1000_25": [
        0.028791189193725586,
        0.04175376892089844,
        0.027493953704833984,
        0.04218626022338867,
        0.016172409057617188
      ]
    },
    "tau": 0.5
  },
  "LinearQuantile": {
    "losses": {
      "598_fri_c0_1000_25": [
        0.04395598271701535,
        0.03362356446612092,
        0.03623679614192568,
        0.03148971162731018,
        0.047070692728704844
      ]
    },
    "coverage": {
      "598_fri_c0_1000_25": [
        0.08823529411764708,
        0.0714285714285714,
        0.026315789473684237,
        0.14,
        0.2222222222222222
      ]
    },
    "complexity": {
      "598_fri_c0_1000_25": [
        25,
        25,
        25,
        25,
        25
      ]
    },
    "time_all": {
      "598_fri_c0_1000_25": [
        0.9005675315856934,
        0.3957219123840332,
        0.9784145355224609,
        1.1388826370239258,
        0.8160786628723145
      ]
    },
    "time_fit": {
      "598_fri_c0_1000_25": [
        0.07886934280395508,
        0.03211355209350586,
        0.07817220687866211,
        0.09282374382019043,
        0.06123685836791992
      ]
    },
    "tau": 0.5
  }
}