{
  "SQR": {
    "losses": {
      "227_cpu_small": [
        0.1566934334813175,
        0.18909040310685923,
        0.17754505818951669,
        0.19275526557017766,
        0.17257587745339104
      ]
    },
    "coverage": {
      "227_cpu_small": [
        0.18181818181818177,
        0.22535211267605637,
        0.3029197080291971,
        0.23291925465838514,
        0.26732673267326734
      ]
    },
    "complexity": {
      "227_cpu_small": [
        7,
        5,
        5,
        6,
        6
      ]
    },
    "time_all": {
      "227_cpu_small": [
        371.7103064060211,
        328.5904257297516,
        412.01355171203613,
        332.02322340011597,
        371.76077914237976
      ]
    },
    "time_fit": {
      "227_cpu_small": [
        371.7103064060211,
        328.5904257297516,
        412.01355171203613,
        332.02322340011597,
        371.76077914237976
      ]
    },
    "tau": 0.5
  },
  "LightGBM": {
    "losses": {
      "227_cpu_small": [
        0.1549098116551442,
        0.18580292938699022,
        0.17546745509405232,
        0.19203856097557503,
        0.17374483614839006
      ]
    },
    "coverage": {
      "227_cpu_small": [
        0.24025974025974028,
        0.2676056338028169,
        0.33941605839416056,
        0.28260869565217395,
        0.3168316831683168
      ]
    },
    "time_all": {
      "227_cpu_small": [
        1.0738494396209717,
        1.057183027267456,
        1.0518484115600586,
        1.0705795288085938,
        1.0804195404052734
      ]
    },
    "time_fit": {
      "227_cpu_small": [
        0.14676332473754883,
        0.14942049980163574,
        0.1429591178894043,
        0.14396262168884277,
        0.14342594146728516
      ]
    },
    "tau": 0.5
  },
  "DecisionTree": {
    "losses": {
      "227_cpu_small": [
        0.15218745900564082,
        0.18116019348413714,
        0.17039003170390032,
        0.18486103268711965,
        0.16836683668366836
      ]
    },
    "coverage": {
      "227_cpu_small": [
        0.16233766233766234,
        0.2535211267605634,
        0.21532846715328469,
        0.2577639751552795,
        0.26732673267326734
      ]
    },
    "complexity": {
      "227_cpu_small": [
        1023,
        2405,
        2369,
        2411,
        2399
      ]
    },
    "time_all": {
      "227_cpu_small": [
        1.2182421684265137,
        1.1125340461730957,
        0.9525501728057861,
        1.0798544883728027,
        0.8466646671295166
      ]
    },
    "time_fit": {
      "227_cpu_small": [
        0.10472440719604492,
        0.1514749526977539,
        0.1496729850769043,
        0.15070819854736328,
        0.15033674240112305
      ]
    },
    "tau": 0.5
  },
  "LinearQuantile": {
    "losses": {
      "227_cpu_small": [
        0.12859257797791487,
        0.09550095391626746,
        0.08010025220797123,
        0.2865686145825821,
        0.09298615462129119
      ]
    },
    "coverage": {
      "227_cpu_small": [
        0.31818181818181823,
        0.0,
        0.3248175182481752,
        0.3944099378881988,
        0.3366336633663366
      ]
    },
    "complexity": {
      "227_cpu_small": [
        12,
        12,
        12,
        12,
        12
      ]
    },
    "time_all": {
      "227_cpu_small": [
        20.556950092315674,
        23.563328742980957,
        23.518800735473633,
        21.545757293701172,
        23.29579186439514
      ]
    },
    "time_fit": {
      "227_cpu_small": [
        2.230099678039551,
        2.273874282836914,
        2.7980237007141113,
        0.6981649398803711,
        2.263526678085327
      ]
    },
    "tau": 0.5
  }
}