{
  "SQR": {
    "losses": {
      "574_house_16H": [
        0.047463716195140455,
        0.1801529060091667,
        0.27093646000636523,
        0.039423217914461454,
        0.13065443115119432
      ]
    },
    "coverage": {
      "574_house_16H": [
        0.16666666666666669,
        0.41213389121338917,
        0.39473684210526316,
        0.0557894736842105,
        0.2972665148063781
      ]
    },
    "complexity": {
      "574_house_16H": [
        7,
        5,
        5,
        9,
        8
      ]
    },
    "time_all": {
      "574_house_16H": [
        513.5450301170349,
        504.0369870662689,
        507.622309923172,
        540.1476128101349,
        544.5596036911011
      ]
    },
    "time_fit": {
      "574_house_16H": [
        513.5450301170349,
        504.0369870662689,
        507.622309923172,
        540.1476128101349,
        544.5596036911011
      ]
    },
    "tau": 0.5
  },
  "LightGBM": {
    "losses": {
      "574_house_16H": [
        0.038820646550689245,
        0.03300623984162817,
        0.03593423662344459,
        0.033960388006187905,
        0.03881854264818192
      ]
    },
    "coverage": {
      "574_house_16H": [
        0.16666666666666669,
        0.11087866108786609,
        0.12700228832951943,
        0.14631578947368423,
        0.18337129840546695
      ]
    },
    "time_all": {
      "574_house_16H": [
        1.7951481342315674,
        1.7561988830566406,
        1.8274791240692139,
        1.8094117641448975,
        1.7630078792572021
      ]
    },
    "time_fit": {
      "574_house_16H": [
        0.4826698303222656,
        0.4341304302215576,
        0.4500761032104492,
        0.45691919326782227,
        0.4414064884185791
      ]
    },
    "tau": 0.5
  },
  "DecisionTree": {
    "losses": {
      "574_house_16H": [
        0.033652509876188307,
        0.029347644233581827,
        0.031320761157104686,
        0.032300573293590255,
        0.03252021058600252
      ]
    },
    "coverage": {
      "574_house_16H": [
        0.03691275167785235,
        0.006276150627615107,
        0.0194508009153318,
        0.011578947368421078,
        0.048974943052391806
      ]
    },
    "complexity": {
      "574_house_16H": [
        2843,
        811,
        803,
        809,
        1263
      ]
    },
    "time_all": {
      "574_house_16H": [
        4.610069036483765,
        4.454743146896362,
        4.501758575439453,
        4.443008899688721,
        4.579187870025635
      ]
    },
    "time_fit": {
      "574_house_16H": [
        0.5001089572906494,
        0.3435077667236328,
        0.34438371658325195,
        0.3387587070465088,
        0.3920481204986572
      ]
    },
    "tau": 0.5
  },
  "LinearQuantile": {
    "losses": {
      "574_house_16H": [
        0.11417281524566439,
        0.10653640436726639,
        0.14752321585348613,
        0.13191122616347256,
        0.15562110364002094
      ]
    },
    "coverage": {
      "574_house_16H": [
        0.2539149888143176,
        0.35564853556485354,
        0.2963386727688787,
        0.2852631578947369,
        0.27904328018223234
      ]
    },
    "complexity": {
      "574_house_16H": [
        16,
        16,
        16,
        16,
        16
      ]
    },
    "time_all": {
      "574_house_16H": [
        90.29611301422119,
        87.37426662445068,
        90.38564896583557,
        99.562246799469,
        92.27722883224487
      ]
    },
    "time_fit": {
      "574_house_16H": [
        9.915589094161987,
        4.304647922515869,
        8.842022895812988,
        10.956928014755249,
        4.583197832107544
      ]
    },
    "tau": 0.5
  }
}