{
  "SQR": {
    "losses": {
      "635_fri_c0_250_10": [
        0.007836667687500397,
        0.007787677415940782,
        0.014648932489143205,
        0.010745178810103138,
        0.022849315190657176
      ]
    },
    "coverage": {
      "635_fri_c0_250_10": [
        0.06666666666666665,
        0.09999999999999998,
        0.016666666666666607,
        0.09999999999999998,
        0.09999999999999998
      ]
    },
    "complexity": {
      "635_fri_c0_250_10": [
        10,
        10,
        10,
        14,
        9
      ]
    },
    "time_all": {
      "635_fri_c0_250_10": [
        93.30351829528809,
        77.98402571678162,
        79.17924094200134,
        79.78026008605957,
        75.95518326759338
      ]
    },
    "time_fit": {
      "635_fri_c0_250_10": [
        93.30351829528809,
        77.98402571678162,
        79.17924094200134,
        79.78026008605957,
        75.95518326759338
      ]
    },
    "tau": 0.9
  },
  "LightGBM": {
    "losses": {
      "635_fri_c0_250_10": [
        0.03812619051812687,
        0.015869034765928137,
        0.021061060738350332,
        0.03359858651604206,
        0.015584854435928757
      ]
    },
    "coverage": {
      "635_fri_c0_250_10": [
        0.2333333333333334,
        0.4,
        0.06666666666666665,
        0.5,
        0.09999999999999998
      ]
    },
    "time_all": {
      "635_fri_c0_250_10": [
        0.10133719444274902,
        0.1305980682373047,
        0.13695025444030762,
        0.1323399543762207,
        0.12986397743225098
      ]
    },
    "time_fit": {
      "635_fri_c0_250_10": [
        0.016889572143554688,
        0.02326798439025879,
        0.03145241737365723,
        0.02931380271911621,
        0.029427766799926758
      ]
    },
    "tau": 0.9
  },
  "DecisionTree": {
    "losses": {
      "635_fri_c0_250_10": [
        0.02490228811470293,
        0.0025197579847723306,
        0.01262267790846861,
        0.01709743103408259,
        0.006496812894993269
      ]
    },
    "coverage": {
      "635_fri_c0_250_10": [
        0.4,
        0.09999999999999998,
        0.15000000000000002,
        0.09999999999999998,
        0.09999999999999998
      ]
    },
    "complexity": {
      "635_fri_c0_250_10": [
        31,
        7,
        15,
        5,
        31
      ]
    },
    "time_all": {
      "635_fri_c0_250_10": [
        0.032195091247558594,
        0.04813432693481445,
        0.04832577705383301,
        0.04664969444274902,
        0.049317121505737305
      ]
    },
    "time_fit": {
      "635_fri_c0_250_10": [
        0.003010272979736328,
        0.002523183822631836,
        0.003328561782836914,
        0.0022804737091064453,
        0.004662275314331055
      ]
    },
    "tau": 0.9
  },
  "LinearQuantile": {
    "losses": {
      "635_fri_c0_250_10": [
        0.0929266297072776,
        0.05298885247258768,
        0.03448335006291843,
        0.05371663182541018,
        0.030735203941554476
      ]
    },
    "coverage": {
      "635_fri_c0_250_10": [
        0.7333333333333334,
        0.4,
        0.31666666666666665,
        0.5,
        0.5666666666666667
      ]
    },
    "complexity": {
      "635_fri_c0_250_10": [
        10,
        10,
        10,
        10,
        10
      ]
    },
    "time_all": {
      "635_fri_c0_250_10": [
        0.13858437538146973,
        0.865424394607544,
        0.37453794479370117,
        1.308873176574707,
        0.6087658405303955
      ]
    },
    "time_fit": {
      "635_fri_c0_250_10": [
        0.011950969696044922,
        0.06654644012451172,
        0.031476497650146484,
        0.10183572769165039,
        0.0462193489074707
      ]
    },
    "tau": 0.9
  }
}