{
  "SQR": {
    "losses": {
      "562_cpu_small": [
        0.03406237364124303,
        0.04043478705941188,
        0.039349619334967195,
        0.04188228075030828,
        0.03808573818040607
      ]
    },
    "coverage": {
      "562_cpu_small": [
        0.054545454545454564,
        0.06478873239436622,
        0.09999999999999998,
        0.05652173913043479,
        0.07029702970297025
      ]
    },
    "complexity": {
      "562_cpu_small": [
        7,
        7,
        6,
        7,
        7
      ]
    },
    "time_all": {
      "562_cpu_small": [
        331.46749091148376,
        320.4210796356201,
        325.6941578388214,
        316.75415658950806,
        377.1895241737366
      ]
    },
    "time_fit": {
      "562_cpu_small": [
        331.46749091148376,
        320.4210796356201,
        325.6941578388214,
        316.75415658950806,
        377.1895241737366
      ]
    },
    "tau": 0.9
  },
  "LightGBM": {
    "losses": {
      "562_cpu_small": [
        0.036771961910892687,
        0.042959273794157954,
        0.04097611751679212,
        0.04414107178174041,
        0.04137467311241196
      ]
    },
    "coverage": {
      "562_cpu_small": [
        0.06753246753246755,
        0.08591549295774648,
        0.09270072992700729,
        0.08757763975155275,
        0.09009900990099007
      ]
    },
    "time_all": {
      "562_cpu_small": [
        0.8442590236663818,
        0.8914568424224854,
        0.8983018398284912,
        0.8916802406311035,
        0.8864572048187256
      ]
    },
    "time_fit": {
      "562_cpu_small": [
        0.13366103172302246,
        0.13619709014892578,
        0.1321868896484375,
        0.132643461227417,
        0.1342639923095703
      ]
    },
    "tau": 0.9
  },
  "DecisionTree": {
    "losses": {
      "562_cpu_small": [
        0.03403384494293585,
        0.03993740219092331,
        0.03739954287399542,
        0.04121337599598469,
        0.037465746574657455
      ]
    },
    "coverage": {
      "562_cpu_small": [
        0.01558441558441559,
        0.036619718309859106,
        0.019708029197080257,
        0.019254658385093104,
        0.05049504950495043
      ]
    },
    "complexity": {
      "562_cpu_small": [
        287,
        239,
        203,
        1025,
        251
      ]
    },
    "time_all": {
      "562_cpu_small": [
        0.7270984649658203,
        0.9508707523345947,
        0.8618466854095459,
        1.0948762893676758,
        1.1255526542663574
      ]
    },
    "time_fit": {
      "562_cpu_small": [
        0.049997568130493164,
        0.04600238800048828,
        0.043544769287109375,
        0.0911104679107666,
        0.0531153678894043
      ]
    },
    "tau": 0.9
  },
  "LinearQuantile": {
    "losses": {
      "562_cpu_small": [
        0.032896081474594635,
        0.029122554388253372,
        0.02657686605512183,
        0.037729965386774846,
        0.030206596613488842
      ]
    },
    "coverage": {
      "562_cpu_small": [
        0.003896103896103953,
        0.03380281690140852,
        0.02700729927007295,
        0.2726708074534162,
        0.023762376237623783
      ]
    },
    "complexity": {
      "562_cpu_small": [
        12,
        12,
        12,
        12,
        12
      ]
    },
    "time_all": {
      "562_cpu_small": [
        19.38751721382141,
        22.333036184310913,
        21.97744345664978,
        19.361438512802124,
        23.46338653564453
      ]
    },
    "time_fit": {
      "562_cpu_small": [
        2.1204757690429688,
        2.6391313076019287,
        2.4802610874176025,
        0.6749403476715088,
        2.711259126663208
      ]
    },
    "tau": 0.9
  }
}