{
  "SQR": {
    "losses": {
      "618_fri_c3_1000_50": [
        0.14893758259369183,
        0.05722587488980929,
        0.08607913166088031,
        0.016819950898083365,
        0.025197927061837225
      ]
    },
    "coverage": {
      "618_fri_c3_1000_50": [
        0.4285714285714286,
        0.0625,
        0.43333333333333335,
        0.021739130434782594,
        0.2222222222222222
      ]
    },
    "complexity": {
      "618_fri_c3_1000_50": [
        12,
        8,
        8,
        11,
        10
      ]
    },
    "time_all": {
      "618_fri_c3_1000_50": [
        119.06402826309204,
        99.47771406173706,
        100.87046599388123,
        109.56375765800476,
        103.59522771835327
      ]
    },
    "time_fit": {
      "618_fri_c3_1000_50": [
        119.06402826309204,
        99.47771406173706,
        100.87046599388123,
        109.56375765800476,
        103.59522771835327
      ]
    },
    "tau": 0.5
  },
  "LightGBM": {
    "losses": {
      "618_fri_c3_1000_50": [
        0.06736994663919348,
        0.04496322852657233,
        0.074272303551749,
        0.06081911439289342,
        0.06959854595568604
      ]
    },
    "coverage": {
      "618_fri_c3_1000_50": [
        0.3214285714285714,
        0.375,
        0.43333333333333335,
        0.32608695652173914,
        0.4444444444444444
      ]
    },
    "time_all": {
      "618_fri_c3_1000_50": [
        0.4517362117767334,
        0.5006511211395264,
        0.4278275966644287,
        0.41333794593811035,
        0.46002721786499023
      ]
    },
    "time_fit": {
      "618_fri_c3_1000_50": [
        0.0809636116027832,
        0.07849526405334473,
        0.08375406265258789,
        0.07773447036743164,
        0.08264946937561035
      ]
    },
    "tau": 0.5
  },
  "DecisionTree": {
    "losses": {
      "618_fri_c3_1000_50": [
        0.06814151931251508,
        0.049338057593625154,
        0.07117791949640838,
        0.05511765078507873,
        0.06764175776357272
      ]
    },
    "coverage": {
      "618_fri_c3_1000_50": [
        0.3214285714285714,
        0.4375,
        0.43333333333333335,
        0.4565217391304348,
        0.4444444444444444
      ]
    },
    "complexity": {
      "618_fri_c3_1000_50": [
        119,
        123,
        123,
        123,
        285
      ]
    },
    "time_all": {
      "618_fri_c3_1000_50": [
        0.4347984790802002,
        0.4469130039215088,
        0.41945886611938477,
        0.4276697635650635,
        0.4438018798828125
      ]
    },
    "time_fit": {
      "618_fri_c3_1000_50": [
        0.04901266098022461,
        0.0525515079498291,
        0.04407072067260742,
        0.045072317123413086,
        0.060973405838012695
      ]
    },
    "tau": 0.5
  },
  "LinearQuantile": {
    "losses": {
      "618_fri_c3_1000_50": [
        0.11598317649956827,
        0.11775750803189648,
        0.13864648245358852,
        0.11120476159494053,
        0.11515483768217691
      ]
    },
    "coverage": {
      "618_fri_c3_1000_50": [
        0.4285714285714286,
        0.375,
        0.43333333333333335,
        0.32608695652173914,
        0.4444444444444444
      ]
    },
    "complexity": {
      "618_fri_c3_1000_50": [
        50,
        50,
        50,
        50,
        50
      ]
    },
    "time_all": {
      "618_fri_c3_1000_50": [
        8.390045642852783,
        14.190814018249512,
        3.635385513305664,
        18.617766618728638,
        5.576808929443359
      ]
    },
    "time_fit": {
      "618_fri_c3_1000_50": [
        0.7216207981109619,
        1.249603033065796,
        0.30463242530822754,
        1.6371872425079346,
        0.48368024826049805
      ]
    },
    "tau": 0.5
  }
}