{
  "SQR": {
    "losses": {
      "620_fri_c1_1000_25": [
        0.011196240272328212,
        0.03013450836783356,
        0.006210361773494031,
        0.08073901115377642,
        0.0140038728900527
      ]
    },
    "coverage": {
      "620_fri_c1_1000_25": [
        0.275,
        0.49259259259259264,
        0.033333333333333326,
        0.75,
        0.38
      ]
    },
    "complexity": {
      "620_fri_c1_1000_25": [
        10,
        17,
        15,
        13,
        10
      ]
    },
    "time_all": {
      "620_fri_c1_1000_25": [
        114.99045062065125,
        98.88053131103516,
        104.25017213821411,
        105.64128351211548,
        98.94755601882935
      ]
    },
    "time_fit": {
      "620_fri_c1_1000_25": [
        114.99045062065125,
        98.88053131103516,
        104.25017213821411,
        105.64128351211548,
        98.94755601882935
      ]
    },
    "tau": 0.9
  },
  "LightGBM": {
    "losses": {
      "620_fri_c1_1000_25": [
        0.01522021772600565,
        0.02193250416455191,
        0.06317178358389568,
        0.019910480658094483,
        0.014477400162620188
      ]
    },
    "coverage": {
      "620_fri_c1_1000_25": [
        0.15000000000000002,
        0.1962962962962963,
        0.6333333333333333,
        0.25,
        0.14
      ]
    },
    "time_all": {
      "620_fri_c1_1000_25": [
        0.33885765075683594,
        0.32141804695129395,
        0.3426508903503418,
        0.38330554962158203,
        0.3087315559387207
      ]
    },
    "time_fit": {
      "620_fri_c1_1000_25": [
        0.10022807121276855,
        0.060474395751953125,
        0.10113716125488281,
        0.10132098197937012,
        0.0700230598449707
      ]
    },
    "tau": 0.9
  },
  "DecisionTree": {
    "losses": {
      "620_fri_c1_1000_25": [
        0.031658377583023825,
        0.033660275395280985,
        0.16626161533031075,
        0.05808009864915026,
        0.0628229202292978
      ]
    },
    "coverage": {
      "620_fri_c1_1000_25": [
        0.21250000000000002,
        0.2333333333333334,
        0.9,
        0.55,
        0.33999999999999997
      ]
    },
    "complexity": {
      "620_fri_c1_1000_25": [
        25,
        23,
        25,
        25,
        27
      ]
    },
    "time_all": {
      "620_fri_c1_1000_25": [
        0.15395903587341309,
        0.24223804473876953,
        0.24303841590881348,
        0.2391376495361328,
        0.24569153785705566
      ]
    },
    "time_fit": {
      "620_fri_c1_1000_25": [
        0.00898432731628418,
        0.014573812484741211,
        0.015180349349975586,
        0.015166997909545898,
        0.015761375427246094
      ]
    },
    "tau": 0.9
  },
  "LinearQuantile": {
    "losses": {
      "620_fri_c1_1000_25": [
        0.23711750964413883,
        0.26527043951012935,
        0.3255590238306375,
        0.2686616927769392,
        0.2563065876500486
      ]
    },
    "coverage": {
      "620_fri_c1_1000_25": [
        0.8375,
        0.788888888888889,
        0.9,
        0.8,
        0.86
      ]
    },
    "complexity": {
      "620_fri_c1_1000_25": [
        25,
        25,
        25,
        25,
        25
      ]
    },
    "time_all": {
      "620_fri_c1_1000_25": [
        1.3390600681304932,
        1.4623239040374756,
        1.4574835300445557,
        0.7349984645843506,
        1.220142126083374
      ]
    },
    "time_fit": {
      "620_fri_c1_1000_25": [
        0.11871004104614258,
        0.1202547550201416,
        0.10916328430175781,
        0.06563377380371094,
        0.09772276878356934
      ]
    },
    "tau": 0.9
  }
}