{
  "SQR": {
    "losses": {
      "589_fri_c2_1000_25": [
        0.01824011568444149,
        0.013025514375059699,
        0.03591563288448422,
        0.010115260466805965,
        0.01691400965250423
      ]
    },
    "coverage": {
      "589_fri_c2_1000_25": [
        0.2333333333333334,
        0.02857142857142858,
        0.6142857142857143,
        0.050000000000000044,
        0.054545454545454564
      ]
    },
    "complexity": {
      "589_fri_c2_1000_25": [
        12,
        11,
        11,
        9,
        14
      ]
    },
    "time_all": {
      "589_fri_c2_1000_25": [
        111.12032103538513,
        109.24576616287231,
        101.05202865600586,
        107.2503559589386,
        100.6829628944397
      ]
    },
    "time_fit": {
      "589_fri_c2_1000_25": [
        111.12032103538513,
        109.24576616287231,
        101.05202865600586,
        107.2503559589386,
        100.6829628944397
      ]
    },
    "tau": 0.9
  },
  "LightGBM": {
    "losses": {
      "589_fri_c2_1000_25": [
        0.020361204764451635,
        0.014672547530139742,
        0.02731159809750872,
        0.038692993961881535,
        0.03065943137650834
      ]
    },
    "coverage": {
      "589_fri_c2_1000_25": [
        0.06666666666666665,
        0.04285714285714293,
        0.18571428571428572,
        0.20000000000000007,
        0.12727272727272732
      ]
    },
    "time_all": {
      "589_fri_c2_1000_25": [
        0.33168578147888184,
        0.37700915336608887,
        0.3129396438598633,
        0.34834766387939453,
        0.3101058006286621
      ]
    },
    "time_fit": {
      "589_fri_c2_1000_25": [
        0.10015034675598145,
        0.10067176818847656,
        0.0719146728515625,
        0.10369658470153809,
        0.06535196304321289
      ]
    },
    "tau": 0.9
  },
  "DecisionTree": {
    "losses": {
      "589_fri_c2_1000_25": [
        0.04011374372684433,
        0.029066610025679302,
        0.047648769609659185,
        0.053095379745691694,
        0.059391996689256675
      ]
    },
    "coverage": {
      "589_fri_c2_1000_25": [
        0.34444444444444444,
        0.18571428571428572,
        0.4,
        0.5,
        0.4454545454545455
      ]
    },
    "complexity": {
      "589_fri_c2_1000_25": [
        129,
        21,
        23,
        35,
        35
      ]
    },
    "time_all": {
      "589_fri_c2_1000_25": [
        0.15931129455566406,
        0.24517059326171875,
        0.25017881393432617,
        0.24446558952331543,
        0.2749056816101074
      ]
    },
    "time_fit": {
      "589_fri_c2_1000_25": [
        0.017952442169189453,
        0.014365673065185547,
        0.01476144790649414,
        0.017313003540039062,
        0.019748210906982422
      ]
    },
    "tau": 0.9
  },
  "LinearQuantile": {
    "losses": {
      "589_fri_c2_1000_25": [
        0.25199032439466135,
        0.27818918976035206,
        0.28523231702331286,
        0.2962630067551632,
        0.2941485443712721
      ]
    },
    "coverage": {
      "589_fri_c2_1000_25": [
        0.8444444444444444,
        0.9,
        0.8285714285714286,
        0.85,
        0.8545454545454546
      ]
    },
    "complexity": {
      "589_fri_c2_1000_25": [
        25,
        25,
        25,
        25,
        25
      ]
    },
    "time_all": {
      "589_fri_c2_1000_25": [
        0.41337060928344727,
        1.837986707687378,
        1.095418930053711,
        1.5262367725372314,
        0.752485990524292
      ]
    },
    "time_fit": {
      "589_fri_c2_1000_25": [
        0.03421616554260254,
        0.12283468246459961,
        0.07384943962097168,
        0.1151735782623291,
        0.0549616813659668
      ]
    },
    "tau": 0.9
  }
}