{
  "SQR": {
    "losses": {
      "547_no2": [
        0.025310866495416896,
        0.035260923192606874,
        0.04625539079677433,
        0.0309970259515817,
        0.02558856527026812
      ]
    },
    "coverage": {
      "547_no2": [
        0.1923076923076923,
        0.3571428571428571,
        0.33333333333333337,
        0.13636363636363635,
        0.375
      ]
    },
    "complexity": {
      "547_no2": [
        2,
        2,
        4,
        5,
        2
      ]
    },
    "time_all": {
      "547_no2": [
        110.3013927936554,
        87.95355892181396,
        78.60856485366821,
        85.09080457687378,
        90.64176559448242
      ]
    },
    "time_fit": {
      "547_no2": [
        110.3013927936554,
        87.95355892181396,
        78.60856485366821,
        85.09080457687378,
        90.64176559448242
      ]
    },
    "tau": 0.5
  },
  "LightGBM": {
    "losses": {
      "547_no2": [
        0.026130014847583687,
        0.02349449841660383,
        0.04191828192412908,
        0.03262165635579694,
        0.03554440797970173
      ]
    },
    "coverage": {
      "547_no2": [
        0.11538461538461536,
        0.35714285714285715,
        0.33333333333333337,
        0.2272727272727273,
        0.375
      ]
    },
    "time_all": {
      "547_no2": [
        0.22984552383422852,
        0.20015668869018555,
        0.19859647750854492,
        0.2009108066558838,
        0.1962275505065918
      ]
    },
    "time_fit": {
      "547_no2": [
        0.04627490043640137,
        0.03543543815612793,
        0.034909725189208984,
        0.03989386558532715,
        0.03435707092285156
      ]
    },
    "tau": 0.5
  },
  "DecisionTree": {
    "losses": {
      "547_no2": [
        0.02178963303956743,
        0.0254562419416008,
        0.03630246942992951,
        0.02690662742470378,
        0.03145286739011832
      ]
    },
    "coverage": {
      "547_no2": [
        0.038461538461538436,
        0.2142857142857143,
        0.25,
        0.2272727272727273,
        0.25
      ]
    },
    "complexity": {
      "547_no2": [
        25,
        19,
        17,
        145,
        63
      ]
    },
    "time_all": {
      "547_no2": [
        0.0722811222076416,
        0.06734704971313477,
        0.06775856018066406,
        0.0784149169921875,
        0.07176423072814941
      ]
    },
    "time_fit": {
      "547_no2": [
        0.004913806915283203,
        0.003971099853515625,
        0.0036993026733398438,
        0.01412343978881836,
        0.0077626705169677734
      ]
    },
    "tau": 0.5
  },
  "LinearQuantile": {
    "losses": {
      "547_no2": [
        0.0359325078576762,
        0.038678188497249466,
        0.02094003648174505,
        0.030199315135352095,
        0.031143413388411673
      ]
    },
    "coverage": {
      "547_no2": [
        0.11538461538461542,
        0.07142857142857145,
        0.0,
        0.04545454545454547,
        0.125
      ]
    },
    "complexity": {
      "547_no2": [
        7,
        7,
        7,
        7,
        7
      ]
    },
    "time_all": {
      "547_no2": [
        0.20945167541503906,
        0.10998821258544922,
        0.34000539779663086,
        0.3374357223510742,
        0.10224127769470215
      ]
    },
    "time_fit": {
      "547_no2": [
        0.016774892807006836,
        0.009375810623168945,
        0.027988433837890625,
        0.030082225799560547,
        0.008704185485839844
      ]
    },
    "tau": 0.5
  }
}