{
  "SQR": {
    "losses": {
      "583_fri_c1_1000_50": [
        0.0043891944627557685,
        0.0060775387593225635,
        0.031229118682976564,
        0.004405894041511563,
        0.0088968810023754
      ]
    },
    "coverage": {
      "583_fri_c1_1000_50": [
        0.01304347826086949,
        0.09999999999999998,
        0.15806451612903227,
        0.05999999999999994,
        0.09999999999999998
      ]
    },
    "complexity": {
      "583_fri_c1_1000_50": [
        16,
        17,
        13,
        13,
        11
      ]
    },
    "time_all": {
      "583_fri_c1_1000_50": [
        111.09047651290894,
        106.08613562583923,
        112.92801570892334,
        109.17391347885132,
        109.09485054016113
      ]
    },
    "time_fit": {
      "583_fri_c1_1000_50": [
        111.09047651290894,
        106.08613562583923,
        112.92801570892334,
        109.17391347885132,
        109.09485054016113
      ]
    },
    "tau": 0.9
  },
  "LightGBM": {
    "losses": {
      "583_fri_c1_1000_50": [
        0.01923369249456554,
        0.02169966355768195,
        0.022801534756036287,
        0.022631037939444196,
        0.016102556297209126
      ]
    },
    "coverage": {
      "583_fri_c1_1000_50": [
        0.0304347826086957,
        0.20000000000000007,
        0.003225806451612856,
        0.020000000000000018,
        0.06666666666666665
      ]
    },
    "time_all": {
      "583_fri_c1_1000_50": [
        0.36098623275756836,
        0.3334777355194092,
        0.3505394458770752,
        0.3715639114379883,
        0.3346724510192871
      ]
    },
    "time_fit": {
      "583_fri_c1_1000_50": [
        0.07116198539733887,
        0.06213068962097168,
        0.06293988227844238,
        0.10172033309936523,
        0.06895756721496582
      ]
    },
    "tau": 0.9
  },
  "DecisionTree": {
    "losses": {
      "583_fri_c1_1000_50": [
        0.07972375520984565,
        0.04914664340374365,
        0.04640898472075648,
        0.06523123966126614,
        0.0691540743335633
      ]
    },
    "coverage": {
      "583_fri_c1_1000_50": [
        0.33478260869565224,
        0.4,
        0.2548387096774194,
        0.26,
        0.4
      ]
    },
    "complexity": {
      "583_fri_c1_1000_50": [
        49,
        33,
        29,
        37,
        23
      ]
    },
    "time_all": {
      "583_fri_c1_1000_50": [
        0.4120016098022461,
        0.4015974998474121,
        0.4156773090362549,
        0.4149188995361328,
        0.4107506275177002
      ]
    },
    "time_fit": {
      "583_fri_c1_1000_50": [
        0.03597521781921387,
        0.02732110023498535,
        0.026937484741210938,
        0.029941082000732422,
        0.02446436882019043
      ]
    },
    "tau": 0.9
  },
  "LinearQuantile": {
    "losses": {
      "583_fri_c1_1000_50": [
        0.2877187792722541,
        0.25150337675764145,
        0.24964613674054467,
        0.29671112224162394,
        0.22277250635399554
      ]
    },
    "coverage": {
      "583_fri_c1_1000_50": [
        0.8565217391304348,
        0.9,
        0.7387096774193549,
        0.86,
        0.7333333333333334
      ]
    },
    "complexity": {
      "583_fri_c1_1000_50": [
        50,
        50,
        50,
        50,
        50
      ]
    },
    "time_all": {
      "583_fri_c1_1000_50": [
        9.350802183151245,
        8.296950817108154,
        15.368837594985962,
        26.91216206550598,
        4.066038608551025
      ]
    },
    "time_fit": {
      "583_fri_c1_1000_50": [
        0.8169007301330566,
        0.7350664138793945,
        1.355696439743042,
        2.150041103363037,
        0.3403661251068115
      ]
    },
    "tau": 0.9
  }
}