{
  "SQR": {
    "losses": {
      "227_cpu_small": [
        0.03400303820826301,
        0.040433531152627114,
        0.038149081200305614,
        0.04299142957716422,
        0.03937251059483964
      ]
    },
    "coverage": {
      "227_cpu_small": [
        0.04805194805194801,
        0.07183098591549297,
        0.0854014598540146,
        0.07515527950310552,
        0.07029702970297025
      ]
    },
    "complexity": {
      "227_cpu_small": [
        7,
        8,
        8,
        5,
        6
      ]
    },
    "time_all": {
      "227_cpu_small": [
        328.5328514575958,
        334.23520255088806,
        381.7924437522888,
        346.26975321769714,
        373.6356017589569
      ]
    },
    "time_fit": {
      "227_cpu_small": [
        328.5328514575958,
        334.23520255088806,
        381.7924437522888,
        346.26975321769714,
        373.6356017589569
      ]
    },
    "tau": 0.9
  },
  "LightGBM": {
    "losses": {
      "227_cpu_small": [
        0.036771961910892687,
        0.042959273794157954,
        0.04097611751679212,
        0.04414107178174041,
        0.04137467311241196
      ]
    },
    "coverage": {
      "227_cpu_small": [
        0.06753246753246755,
        0.08591549295774648,
        0.09270072992700729,
        0.08757763975155275,
        0.09009900990099007
      ]
    },
    "time_all": {
      "227_cpu_small": [
        0.9340801239013672,
        0.9078984260559082,
        0.8658196926116943,
        0.9173605442047119,
        0.8956272602081299
      ]
    },
    "time_fit": {
      "227_cpu_small": [
        0.14142656326293945,
        0.13534808158874512,
        0.13443422317504883,
        0.13411593437194824,
        0.13251471519470215
      ]
    },
    "tau": 0.9
  },
  "DecisionTree": {
    "losses": {
      "227_cpu_small": [
        0.03403384494293585,
        0.03993740219092331,
        0.03739954287399542,
        0.04121337599598469,
        0.037465746574657455
      ]
    },
    "coverage": {
      "227_cpu_small": [
        0.01558441558441559,
        0.036619718309859106,
        0.019708029197080257,
        0.019254658385093104,
        0.05049504950495043
      ]
    },
    "complexity": {
      "227_cpu_small": [
        287,
        239,
        203,
        1025,
        251
      ]
    },
    "time_all": {
      "227_cpu_small": [
        1.2834279537200928,
        0.9436962604522705,
        0.8461735248565674,
        1.1975109577178955,
        1.1327886581420898
      ]
    },
    "time_fit": {
      "227_cpu_small": [
        0.07365226745605469,
        0.04608321189880371,
        0.04365205764770508,
        0.10356378555297852,
        0.05507922172546387
      ]
    },
    "tau": 0.9
  },
  "LinearQuantile": {
    "losses": {
      "227_cpu_small": [
        0.032896081474594635,
        0.029122554388253372,
        0.02657686605512183,
        0.037729965386774846,
        0.030206596613488842
      ]
    },
    "coverage": {
      "227_cpu_small": [
        0.003896103896103953,
        0.03380281690140852,
        0.02700729927007295,
        0.2726708074534162,
        0.023762376237623783
      ]
    },
    "complexity": {
      "227_cpu_small": [
        12,
        12,
        12,
        12,
        12
      ]
    },
    "time_all": {
      "227_cpu_small": [
        18.956098079681396,
        20.270413875579834,
        21.655664443969727,
        18.450867891311646,
        22.471012115478516
      ]
    },
    "time_fit": {
      "227_cpu_small": [
        2.0684399604797363,
        2.594144582748413,
        2.499781370162964,
        0.6659610271453857,
        2.7150590419769287
      ]
    },
    "tau": 0.9
  }
}