{
  "SQR": {
    "losses": {
      "648_fri_c1_250_50": [
        0.02324485528420519,
        0.029692709090445794,
        0.010765562787490048,
        0.16541047965433786,
        0.02634160322915701
      ]
    },
    "coverage": {
      "648_fri_c1_250_50": [
        0.5666666666666667,
        0.4,
        0.09999999999999998,
        0.7571428571428571,
        0.15000000000000002
      ]
    },
    "complexity": {
      "648_fri_c1_250_50": [
        14,
        10,
        15,
        10,
        10
      ]
    },
    "time_all": {
      "648_fri_c1_250_50": [
        93.78175759315491,
        74.67119359970093,
        79.67604112625122,
        77.19345140457153,
        72.28839039802551
      ]
    },
    "time_fit": {
      "648_fri_c1_250_50": [
        93.78175759315491,
        74.67119359970093,
        79.67604112625122,
        77.19345140457153,
        72.28839039802551
      ]
    },
    "tau": 0.9
  },
  "LightGBM": {
    "losses": {
      "648_fri_c1_250_50": [
        0.023690809657591464,
        0.009636467040595469,
        0.01603199102086938,
        0.03777253787235397,
        0.033946793078729706
      ]
    },
    "coverage": {
      "648_fri_c1_250_50": [
        0.5666666666666667,
        0.4,
        0.009090909090909038,
        0.3285714285714286,
        0.15000000000000002
      ]
    },
    "time_all": {
      "648_fri_c1_250_50": [
        0.1378345489501953,
        0.12782597541809082,
        0.14927911758422852,
        0.12246108055114746,
        0.15546965599060059
      ]
    },
    "time_fit": {
      "648_fri_c1_250_50": [
        0.025820255279541016,
        0.021402359008789062,
        0.031055927276611328,
        0.02225971221923828,
        0.035790205001831055
      ]
    },
    "tau": 0.9
  },
  "DecisionTree": {
    "losses": {
      "648_fri_c1_250_50": [
        0.018187952295134598,
        0.012681162673533307,
        0.017260363516840748,
        0.14117872680629404,
        0.016281745022301248
      ]
    },
    "coverage": {
      "648_fri_c1_250_50": [
        0.2333333333333334,
        0.4,
        0.009090909090909038,
        0.7571428571428571,
        0.65
      ]
    },
    "complexity": {
      "648_fri_c1_250_50": [
        73,
        5,
        5,
        5,
        71
      ]
    },
    "time_all": {
      "648_fri_c1_250_50": [
        0.05629229545593262,
        0.07610177993774414,
        0.07539868354797363,
        0.07700824737548828,
        0.0829463005065918
      ]
    },
    "time_fit": {
      "648_fri_c1_250_50": [
        0.008504629135131836,
        0.0037872791290283203,
        0.0038063526153564453,
        0.004039764404296875,
        0.012601375579833984
      ]
    },
    "tau": 0.9
  },
  "LinearQuantile": {
    "losses": {
      "648_fri_c1_250_50": [
        0.10395803853312734,
        0.0577836927362542,
        0.1633012233114276,
        0.4389183300653568,
        0.15156704045325772
      ]
    },
    "coverage": {
      "648_fri_c1_250_50": [
        0.5666666666666667,
        0.4,
        0.6272727272727273,
        0.9,
        0.65
      ]
    },
    "complexity": {
      "648_fri_c1_250_50": [
        50,
        50,
        50,
        50,
        50
      ]
    },
    "time_all": {
      "648_fri_c1_250_50": [
        3.8424649238586426,
        4.614689350128174,
        6.292029619216919,
        23.587618350982666,
        13.516562938690186
      ]
    },
    "time_fit": {
      "648_fri_c1_250_50": [
        0.3428070545196533,
        0.37278103828430176,
        0.5373003482818604,
        1.5357844829559326,
        1.1729402542114258
      ]
    },
    "tau": 0.9
  }
}