{
  "SQR": {
    "losses": {
      "590_fri_c0_1000_50": [
        0.009138081930410012,
        0.01073897431662355,
        0.00759401603578965,
        0.008020550867544766,
        0.004310926396247733
      ]
    },
    "coverage": {
      "590_fri_c0_1000_50": [
        0.0304347826086957,
        0.06666666666666665,
        0.033333333333333326,
        0.06129032258064515,
        0.09999999999999998
      ]
    },
    "complexity": {
      "590_fri_c0_1000_50": [
        10,
        8,
        13,
        12,
        13
      ]
    },
    "time_all": {
      "590_fri_c0_1000_50": [
        108.0473563671112,
        90.249844789505,
        93.14840912818909,
        92.61539125442505,
        92.34467315673828
      ]
    },
    "time_fit": {
      "590_fri_c0_1000_50": [
        108.0473563671112,
        90.249844789505,
        93.14840912818909,
        92.61539125442505,
        92.34467315673828
      ]
    },
    "tau": 0.9
  },
  "LightGBM": {
    "losses": {
      "590_fri_c0_1000_50": [
        0.02275470565956474,
        0.033226167549002254,
        0.013314060376808268,
        0.02251879871444615,
        0.029892864765477346
      ]
    },
    "coverage": {
      "590_fri_c0_1000_50": [
        0.29130434782608694,
        0.1777777777777778,
        0.09999999999999998,
        0.2548387096774194,
        0.4
      ]
    },
    "time_all": {
      "590_fri_c0_1000_50": [
        0.3437950611114502,
        0.32465147972106934,
        0.3114147186279297,
        0.3188490867614746,
        0.33364272117614746
      ]
    },
    "time_fit": {
      "590_fri_c0_1000_50": [
        0.06903886795043945,
        0.06709790229797363,
        0.06974506378173828,
        0.06671595573425293,
        0.06979489326477051
      ]
    },
    "tau": 0.9
  },
  "DecisionTree": {
    "losses": {
      "590_fri_c0_1000_50": [
        0.01838688920025742,
        0.02629636726122508,
        0.019233762914342405,
        0.032147222714941893,
        0.01659559331498293
      ]
    },
    "coverage": {
      "590_fri_c0_1000_50": [
        0.11739130434782608,
        0.12222222222222223,
        0.16666666666666674,
        0.3516129032258065,
        0.21250000000000002
      ]
    },
    "complexity": {
      "590_fri_c0_1000_50": [
        55,
        55,
        35,
        55,
        23
      ]
    },
    "time_all": {
      "590_fri_c0_1000_50": [
        0.24484729766845703,
        0.39993834495544434,
        0.3964862823486328,
        0.407207727432251,
        0.39430952072143555
      ]
    },
    "time_fit": {
      "590_fri_c0_1000_50": [
        0.019722461700439453,
        0.03351855278015137,
        0.029274463653564453,
        0.03417181968688965,
        0.026203155517578125
      ]
    },
    "tau": 0.9
  },
  "LinearQuantile": {
    "losses": {
      "590_fri_c0_1000_50": [
        0.04665526001012505,
        0.07057937371191332,
        0.044736912240501976,
        0.06492943935057559,
        0.07253490471915029
      ]
    },
    "coverage": {
      "590_fri_c0_1000_50": [
        0.508695652173913,
        0.5666666666666667,
        0.5,
        0.5774193548387097,
        0.7125
      ]
    },
    "complexity": {
      "590_fri_c0_1000_50": [
        50,
        50,
        50,
        50,
        50
      ]
    },
    "time_all": {
      "590_fri_c0_1000_50": [
        6.137716293334961,
        9.105396032333374,
        5.304625034332275,
        3.2454488277435303,
        3.592406749725342
      ]
    },
    "time_fit": {
      "590_fri_c0_1000_50": [
        0.5504417419433594,
        0.7657661437988281,
        0.46169185638427734,
        0.2709815502166748,
        0.292830228805542
      ]
    },
    "tau": 0.9
  }
}