{
  "SQR": {
    "losses": {
      "656_fri_c1_100_5": [
        0.16075866373239514,
        0.16215041981808073,
        0.06694839140574718
      ]
    },
    "coverage": {
      "656_fri_c1_100_5": [
        0.5,
        0.5,
        0.16666666666666669
      ]
    },
    "complexity": {
      "656_fri_c1_100_5": [
        13,
        12,
        13
      ]
    },
    "time_all": {
      "656_fri_c1_100_5": [
        83.41167950630188,
        68.74778938293457,
        68.59268999099731
      ]
    },
    "time_fit": {
      "656_fri_c1_100_5": [
        83.41167950630188,
        68.74778938293457,
        68.59268999099731
      ]
    },
    "tau": 0.5
  },
  "LightGBM": {
    "losses": {
      "656_fri_c1_100_5": [
        0.015308451278608888,
        0.0712898893876657,
        0.08846292002970635
      ]
    },
    "coverage": {
      "656_fri_c1_100_5": [
        0.5,
        0.0,
        0.5
      ]
    },
    "time_all": {
      "656_fri_c1_100_5": [
        0.0715627670288086,
        0.08376431465148926,
        0.0749812126159668
      ]
    },
    "time_fit": {
      "656_fri_c1_100_5": [
        0.016031503677368164,
        0.019207477569580078,
        0.017284631729125977
      ]
    },
    "tau": 0.5
  },
  "DecisionTree": {
    "losses": {
      "656_fri_c1_100_5": [
        0.01996605980973502,
        0.08119448686751232,
        0.047871390910343745
      ]
    },
    "coverage": {
      "656_fri_c1_100_5": [
        0.5,
        0.33333333333333337,
        0.16666666666666669
      ]
    },
    "complexity": {
      "656_fri_c1_100_5": [
        1,
        3,
        29
      ]
    },
    "time_all": {
      "656_fri_c1_100_5": [
        0.01909947395324707,
        0.030821800231933594,
        0.032000064849853516
      ]
    },
    "time_fit": {
      "656_fri_c1_100_5": [
        0.0008931159973144531,
        0.001684427261352539,
        0.0036232471466064453
      ]
    },
    "tau": 0.5
  },
  "LinearQuantile": {
    "losses": {
      "656_fri_c1_100_5": [
        0.10926215577521299,
        0.07529068169436551,
        0.07763932282864905
      ]
    },
    "coverage": {
      "656_fri_c1_100_5": [
        0.5,
        0.16666666666666669,
        0.16666666666666663
      ]
    },
    "complexity": {
      "656_fri_c1_100_5": [
        5,
        5,
        5
      ]
    },
    "time_all": {
      "656_fri_c1_100_5": [
        0.05958080291748047,
        0.07521677017211914,
        0.08487653732299805
      ]
    },
    "time_fit": {
      "656_fri_c1_100_5": [
        0.004634857177734375,
        0.006203413009643555,
        0.006983757019042969
      ]
    },
    "tau": 0.5
  }
}