{
  "SQR": {
    "losses": {
      "594_fri_c2_100_5": [
        0.03565157029905977,
        0.024746009799226112,
        0.06070044059155221,
        0.03271969519992232,
        0.0019928209973214873
      ]
    },
    "coverage": {
      "594_fri_c2_100_5": [
        0.9,
        0.15000000000000002,
        0.4,
        0.9,
        0.09999999999999998
      ]
    },
    "complexity": {
      "594_fri_c2_100_5": [
        13,
        13,
        12,
        13,
        10
      ]
    },
    "time_all": {
      "594_fri_c2_100_5": [
        87.36706280708313,
        69.80127573013306,
        69.47801566123962,
        69.54006624221802,
        69.79282236099243
      ]
    },
    "time_fit": {
      "594_fri_c2_100_5": [
        87.36706280708313,
        69.80127573013306,
        69.47801566123962,
        69.54006624221802,
        69.79282236099243
      ]
    },
    "tau": 0.9
  },
  "LightGBM": {
    "losses": {
      "594_fri_c2_100_5": [
        0.013812900125791568,
        0.047091436514527,
        0.015634647707149646,
        0.03231335016600946,
        0.014922474057782886
      ]
    },
    "coverage": {
      "594_fri_c2_100_5": [
        0.09999999999999998,
        0.15000000000000002,
        0.4,
        0.15000000000000002,
        0.2333333333333334
      ]
    },
    "time_all": {
      "594_fri_c2_100_5": [
        0.09139513969421387,
        0.06241130828857422,
        0.055138349533081055,
        0.07844758033752441,
        0.06780600547790527
      ]
    },
    "time_fit": {
      "594_fri_c2_100_5": [
        0.021318674087524414,
        0.00397944450378418,
        0.003851175308227539,
        0.016758441925048828,
        0.014061212539672852
      ]
    },
    "tau": 0.9
  },
  "DecisionTree": {
    "losses": {
      "594_fri_c2_100_5": [
        0.0015357083281744245,
        0.04709143570121099,
        0.015634648791571004,
        0.020338184189564873,
        0.009983375886521805
      ]
    },
    "coverage": {
      "594_fri_c2_100_5": [
        0.09999999999999998,
        0.15000000000000002,
        0.4,
        0.15000000000000002,
        0.2333333333333334
      ]
    },
    "complexity": {
      "594_fri_c2_100_5": [
        11,
        1,
        1,
        5,
        3
      ]
    },
    "time_all": {
      "594_fri_c2_100_5": [
        0.03402972221374512,
        0.030941009521484375,
        0.030010700225830078,
        0.029775381088256836,
        0.03036952018737793
      ]
    },
    "time_fit": {
      "594_fri_c2_100_5": [
        0.0025064945220947266,
        0.0015149116516113281,
        0.0014879703521728516,
        0.0018160343170166016,
        0.001705169677734375
      ]
    },
    "tau": 0.9
  },
  "LinearQuantile": {
    "losses": {
      "594_fri_c2_100_5": [
        0.1295108031177105,
        0.49044095408745764,
        0.5516562115539425,
        0.09833637478118729,
        0.18329866785065457
      ]
    },
    "coverage": {
      "594_fri_c2_100_5": [
        0.9,
        0.9,
        0.9,
        0.4,
        0.5666666666666667
      ]
    },
    "complexity": {
      "594_fri_c2_100_5": [
        5,
        5,
        5,
        5,
        5
      ]
    },
    "time_all": {
      "594_fri_c2_100_5": [
        0.7118523120880127,
        0.25640368461608887,
        0.22275114059448242,
        0.18653082847595215,
        0.33157825469970703
      ]
    },
    "time_fit": {
      "594_fri_c2_100_5": [
        0.06208157539367676,
        0.021828174591064453,
        0.018713712692260742,
        0.01570868492126465,
        0.027544021606445312
      ]
    },
    "tau": 0.9
  }
}