{
  "SQR": {
    "losses": {
      "505_tecator": [
        0.0014613080629287136,
        0.0011587679229419668,
        0.0021999617250042986,
        0.0014635405674380225,
        0.002229355465468607
      ]
    },
    "coverage": {
      "505_tecator": [
        0.09999999999999998,
        0.09999999999999998,
        0.09999999999999998,
        0.15000000000000002,
        0.09999999999999998
      ]
    },
    "complexity": {
      "505_tecator": [
        5,
        7,
        5,
        8,
        7
      ]
    },
    "time_all": {
      "505_tecator": [
        94.23162984848022,
        77.28626322746277,
        74.79739379882812,
        78.02429580688477,
        79.77226901054382
      ]
    },
    "time_fit": {
      "505_tecator": [
        94.23162984848022,
        77.28626322746277,
        74.79739379882812,
        78.02429580688477,
        79.77226901054382
      ]
    },
    "tau": 0.9
  },
  "LightGBM": {
    "losses": {
      "505_tecator": [
        0.04142675343082436,
        0.04080528211901574,
        0.0468264363436139,
        0.03963544385008599,
        0.04849776737134585
      ]
    },
    "coverage": {
      "505_tecator": [
        0.09999999999999998,
        0.09999999999999998,
        0.09999999999999998,
        0.09999999999999998,
        0.09999999999999998
      ]
    },
    "time_all": {
      "505_tecator": [
        0.1091451644897461,
        0.13086652755737305,
        0.11157584190368652,
        0.13501334190368652,
        0.12892460823059082
      ]
    },
    "time_fit": {
      "505_tecator": [
        0.02306652069091797,
        0.026696443557739258,
        0.02242565155029297,
        0.02793741226196289,
        0.024915456771850586
      ]
    },
    "tau": 0.9
  },
  "DecisionTree": {
    "losses": {
      "505_tecator": [
        0.0044984569777453505,
        0.004192708751727844,
        0.00795717582605068,
        0.0030512151037027364,
        0.004348958323254784
      ]
    },
    "coverage": {
      "505_tecator": [
        0.09999999999999998,
        0.15000000000000002,
        0.09999999999999998,
        0.09999999999999998,
        0.09999999999999998
      ]
    },
    "complexity": {
      "505_tecator": [
        65,
        71,
        67,
        71,
        69
      ]
    },
    "time_all": {
      "505_tecator": [
        0.07896590232849121,
        0.12757635116577148,
        0.12656688690185547,
        0.12272024154663086,
        0.12293648719787598
      ]
    },
    "time_fit": {
      "505_tecator": [
        0.011444330215454102,
        0.01902937889099121,
        0.019556760787963867,
        0.018569231033325195,
        0.018650293350219727
      ]
    },
    "tau": 0.9
  },
  "LinearQuantile": {
    "losses": {
      "505_tecator": [
        0.0017694027376683177,
        0.0009560561307014767,
        0.0010777942753060544,
        0.0009196317036651243,
        0.0009628030742425893
      ]
    },
    "coverage": {
      "505_tecator": [
        0.12222222222222223,
        0.15000000000000002,
        0.2333333333333334,
        0.025000000000000022,
        0.09999999999999998
      ]
    },
    "complexity": {
      "505_tecator": [
        124,
        124,
        124,
        124,
        124
      ]
    },
    "time_all": {
      "505_tecator": [
        249.43804335594177,
        222.6611568927765,
        201.705894947052,
        223.0913462638855,
        239.3111228942871
      ]
    },
    "time_fit": {
      "505_tecator": [
        25.55421733856201,
        24.185449361801147,
        9.82097053527832,
        20.895787000656128,
        28.29391598701477
      ]
    },
    "tau": 0.9
  }
}