{
  "SQR": {
    "losses": {
      "654_fri_c0_500_10": [
        0.0163712803867886,
        0.03463970695460899,
        0.017065873639655563,
        0.02182487864488867,
        0.030027541090543446
      ]
    },
    "coverage": {
      "654_fri_c0_500_10": [
        0.0,
        0.0,
        0.25,
        0.050000000000000044,
        0.16666666666666669
      ]
    },
    "complexity": {
      "654_fri_c0_500_10": [
        14,
        11,
        17,
        11,
        15
      ]
    },
    "time_all": {
      "654_fri_c0_500_10": [
        104.85428166389465,
        88.02385997772217,
        91.7291009426117,
        89.62076449394226,
        90.09817385673523
      ]
    },
    "time_fit": {
      "654_fri_c0_500_10": [
        104.85428166389465,
        88.02385997772217,
        91.7291009426117,
        89.62076449394226,
        90.09817385673523
      ]
    },
    "tau": 0.5
  },
  "LightGBM": {
    "losses": {
      "654_fri_c0_500_10": [
        0.07042486119507235,
        0.08839726870024656,
        0.059238353623694895,
        0.050429468494747776,
        0.0959054816612515
      ]
    },
    "coverage": {
      "654_fri_c0_500_10": [
        0.4,
        0.5,
        0.4166666666666667,
        0.2,
        0.5
      ]
    },
    "time_all": {
      "654_fri_c0_500_10": [
        0.23534703254699707,
        0.23940634727478027,
        0.21208453178405762,
        0.23744487762451172,
        0.21161985397338867
      ]
    },
    "time_fit": {
      "654_fri_c0_500_10": [
        0.05308032035827637,
        0.048375844955444336,
        0.046042442321777344,
        0.046259403228759766,
        0.0468449592590332
      ]
    },
    "tau": 0.5
  },
  "DecisionTree": {
    "losses": {
      "654_fri_c0_500_10": [
        0.0612371375362532,
        0.07336358199907665,
        0.06096303391535285,
        0.057963609721228736,
        0.06979887350135908
      ]
    },
    "coverage": {
      "654_fri_c0_500_10": [
        0.2,
        0.4,
        0.33333333333333337,
        0.15000000000000002,
        0.5
      ]
    },
    "complexity": {
      "654_fri_c0_500_10": [
        63,
        153,
        29,
        9,
        145
      ]
    },
    "time_all": {
      "654_fri_c0_500_10": [
        0.05383777618408203,
        0.08575201034545898,
        0.07688498497009277,
        0.07553720474243164,
        0.08723640441894531
      ]
    },
    "time_fit": {
      "654_fri_c0_500_10": [
        0.005551576614379883,
        0.015200614929199219,
        0.005730628967285156,
        0.0035181045532226562,
        0.015063762664794922
      ]
    },
    "tau": 0.5
  },
  "LinearQuantile": {
    "losses": {
      "654_fri_c0_500_10": [
        0.04737556421224192,
        0.03619448176484868,
        0.04018041139896446,
        0.04950432030393187,
        0.051977187753965946
      ]
    },
    "coverage": {
      "654_fri_c0_500_10": [
        0.0,
        0.3,
        0.0,
        0.15000000000000002,
        0.5
      ]
    },
    "complexity": {
      "654_fri_c0_500_10": [
        10,
        10,
        10,
        10,
        10
      ]
    },
    "time_all": {
      "654_fri_c0_500_10": [
        0.11437392234802246,
        0.37800168991088867,
        0.16840338706970215,
        0.38752174377441406,
        4.203063249588013
      ]
    },
    "time_fit": {
      "654_fri_c0_500_10": [
        0.009273529052734375,
        0.033661842346191406,
        0.014729022979736328,
        0.033112525939941406,
        0.14844751358032227
      ]
    },
    "tau": 0.5
  }
}