{
  "SQR": {
    "losses": {
      "613_fri_c3_250_5": [
        0.06980723048944938,
        0.062102508724104465,
        0.011374759259503807,
        0.019358274925852393,
        0.05481294973204194
      ]
    },
    "coverage": {
      "613_fri_c3_250_5": [
        0.5,
        0.09999999999999998,
        0.0,
        0.33333333333333337,
        0.16666666666666663
      ]
    },
    "complexity": {
      "613_fri_c3_250_5": [
        12,
        12,
        11,
        14,
        12
      ]
    },
    "time_all": {
      "613_fri_c3_250_5": [
        92.93504166603088,
        77.42161560058594,
        73.6391339302063,
        75.61826276779175,
        70.76879477500916
      ]
    },
    "time_fit": {
      "613_fri_c3_250_5": [
        92.93504166603088,
        77.42161560058594,
        73.6391339302063,
        75.61826276779175,
        70.76879477500916
      ]
    },
    "tau": 0.5
  },
  "LightGBM": {
    "losses": {
      "613_fri_c3_250_5": [
        0.08822453458578511,
        0.11368291358293178,
        0.11758944223014492,
        0.09565661284799556,
        0.08937294151011202
      ]
    },
    "coverage": {
      "613_fri_c3_250_5": [
        0.33333333333333337,
        0.5,
        0.5,
        0.5,
        0.16666666666666669
      ]
    },
    "time_all": {
      "613_fri_c3_250_5": [
        0.12583184242248535,
        0.12976431846618652,
        0.15319395065307617,
        0.1250441074371338,
        0.1277141571044922
      ]
    },
    "time_fit": {
      "613_fri_c3_250_5": [
        0.028217315673828125,
        0.030486106872558594,
        0.03637194633483887,
        0.02954411506652832,
        0.0290071964263916
      ]
    },
    "tau": 0.5
  },
  "DecisionTree": {
    "losses": {
      "613_fri_c3_250_5": [
        0.07663327424417861,
        0.11071096473728985,
        0.12976124666631175,
        0.09449937421354214,
        0.09133280645350605
      ]
    },
    "coverage": {
      "613_fri_c3_250_5": [
        0.5,
        0.3,
        0.5,
        0.5,
        0.5
      ]
    },
    "complexity": {
      "613_fri_c3_250_5": [
        75,
        69,
        27,
        75,
        31
      ]
    },
    "time_all": {
      "613_fri_c3_250_5": [
        0.032292842864990234,
        0.04763340950012207,
        0.044962167739868164,
        0.049196481704711914,
        0.04534769058227539
      ]
    },
    "time_fit": {
      "613_fri_c3_250_5": [
        0.004879951477050781,
        0.006956815719604492,
        0.0038890838623046875,
        0.007410287857055664,
        0.004202604293823242
      ]
    },
    "tau": 0.5
  },
  "LinearQuantile": {
    "losses": {
      "613_fri_c3_250_5": [
        0.10538617761351174,
        0.14275673776396602,
        0.1378113640971751,
        0.12604914731759592,
        0.10106031828077619
      ]
    },
    "coverage": {
      "613_fri_c3_250_5": [
        0.33333333333333337,
        0.5,
        0.5,
        0.5,
        0.33333333333333337
      ]
    },
    "complexity": {
      "613_fri_c3_250_5": [
        5,
        5,
        5,
        5,
        5
      ]
    },
    "time_all": {
      "613_fri_c3_250_5": [
        0.12428665161132812,
        0.21506619453430176,
        0.10315966606140137,
        0.43314290046691895,
        0.32569456100463867
      ]
    },
    "time_fit": {
      "613_fri_c3_250_5": [
        0.010482072830200195,
        0.018918275833129883,
        0.008667230606079102,
        0.03784489631652832,
        0.02903151512145996
      ]
    },
    "tau": 0.5
  }
}