{
  "SQR": {
    "losses": {
      "621_fri_c0_100_10": [
        0.03303874364511351,
        0.030498238359236696,
        0.1864447838029481,
        0.06129460946170629,
        0.033354359082182414
      ]
    },
    "coverage": {
      "621_fri_c0_100_10": [
        0.5,
        0.16666666666666663,
        0.16666666666666663,
        0.5,
        0.0
      ]
    },
    "complexity": {
      "621_fri_c0_100_10": [
        11,
        11,
        12,
        10,
        11
      ]
    },
    "time_all": {
      "621_fri_c0_100_10": [
        86.27935671806335,
        71.1502456665039,
        70.66945934295654,
        69.8102195262909,
        71.16892647743225
      ]
    },
    "time_fit": {
      "621_fri_c0_100_10": [
        86.27935671806335,
        71.1502456665039,
        70.66945934295654,
        69.8102195262909,
        71.16892647743225
      ]
    },
    "tau": 0.5
  },
  "LightGBM": {
    "losses": {
      "621_fri_c0_100_10": [
        0.14330023521829524,
        0.04291501582127068,
        0.05379919103147114,
        0.10684966798546731,
        0.14982286704495135
      ]
    },
    "coverage": {
      "621_fri_c0_100_10": [
        0.0,
        0.16666666666666669,
        0.16666666666666669,
        0.5,
        0.5
      ]
    },
    "time_all": {
      "621_fri_c0_100_10": [
        0.06021571159362793,
        0.06934142112731934,
        0.08199191093444824,
        0.06595778465270996,
        0.06862235069274902
      ]
    },
    "time_fit": {
      "621_fri_c0_100_10": [
        0.01297760009765625,
        0.01438450813293457,
        0.019226551055908203,
        0.014318704605102539,
        0.014698028564453125
      ]
    },
    "tau": 0.5
  },
  "DecisionTree": {
    "losses": {
      "621_fri_c0_100_10": [
        0.07759220383674219,
        0.03471953337302678,
        0.05136457774462721,
        0.06045145840694068,
        0.07739741752705478
      ]
    },
    "coverage": {
      "621_fri_c0_100_10": [
        0.5,
        0.16666666666666669,
        0.16666666666666669,
        0.5,
        0.5
      ]
    },
    "complexity": {
      "621_fri_c0_100_10": [
        13,
        5,
        3,
        5,
        29
      ]
    },
    "time_all": {
      "621_fri_c0_100_10": [
        0.020741701126098633,
        0.03061842918395996,
        0.03200984001159668,
        0.030680179595947266,
        0.032262563705444336
      ]
    },
    "time_fit": {
      "621_fri_c0_100_10": [
        0.0016527175903320312,
        0.0019054412841796875,
        0.0017766952514648438,
        0.0019211769104003906,
        0.0037441253662109375
      ]
    },
    "tau": 0.5
  },
  "LinearQuantile": {
    "losses": {
      "621_fri_c0_100_10": [
        0.10197358223811478,
        0.03600719733819269,
        0.04672510148048893,
        0.013272890196515503,
        0.055602442260251954
      ]
    },
    "coverage": {
      "621_fri_c0_100_10": [
        0.5,
        0.16666666666666663,
        0.16666666666666663,
        0.5,
        0.5
      ]
    },
    "complexity": {
      "621_fri_c0_100_10": [
        10,
        10,
        10,
        10,
        10
      ]
    },
    "time_all": {
      "621_fri_c0_100_10": [
        0.41629457473754883,
        0.15130066871643066,
        0.4564859867095947,
        0.5030744075775146,
        0.27407383918762207
      ]
    },
    "time_fit": {
      "621_fri_c0_100_10": [
        0.03566431999206543,
        0.01283884048461914,
        0.036742210388183594,
        0.03919672966003418,
        0.02283620834350586
      ]
    },
    "tau": 0.5
  }
}