{
  "SQR": {
    "losses": {
      "537_houses": [
        0.06037787768237591,
        0.0320594904311993,
        0.03209458073265429,
        0.0354688138027594,
        0.03267320205896265
      ]
    },
    "coverage": {
      "537_houses": [
        0.09999999999999998,
        0.08780487804878045,
        0.046428571428571375,
        0.015000000000000013,
        0.011421911421911402
      ]
    },
    "complexity": {
      "537_houses": [
        2,
        6,
        6,
        7,
        6
      ]
    },
    "time_all": {
      "537_houses": [
        504.9342348575592,
        497.1169424057007,
        488.0034351348877,
        495.48832631111145,
        495.8958942890167
      ]
    },
    "time_fit": {
      "537_houses": [
        504.9342348575592,
        497.1169424057007,
        488.0034351348877,
        495.48832631111145,
        495.8958942890167
      ]
    },
    "tau": 0.9
  },
  "LightGBM": {
    "losses": {
      "537_houses": [
        0.07139673157502047,
        0.030569476079102362,
        0.06954123878594005,
        0.07870102004482858,
        0.0784952309632066
      ]
    },
    "coverage": {
      "537_houses": [
        0.4025125628140704,
        0.09268292682926826,
        0.42806122448979594,
        0.5275000000000001,
        0.4547785547785548
      ]
    },
    "time_all": {
      "537_houses": [
        1.19376540184021,
        1.2289037704467773,
        1.1750774383544922,
        1.3598358631134033,
        1.2159771919250488
      ]
    },
    "time_fit": {
      "537_houses": [
        0.18330693244934082,
        0.3084073066711426,
        0.18217730522155762,
        0.3498854637145996,
        0.1826486587524414
      ]
    },
    "tau": 0.9
  },
  "DecisionTree": {
    "losses": {
      "537_houses": [
        0.06033812884447723,
        0.023650419445089534,
        0.05869792257957446,
        0.055815907975637215,
        0.06430866913302037
      ]
    },
    "coverage": {
      "537_houses": [
        0.2869346733668342,
        0.02195121951219514,
        0.33112244897959187,
        0.2025,
        0.3125874125874126
      ]
    },
    "complexity": {
      "537_houses": [
        471,
        1163,
        729,
        473,
        475
      ]
    },
    "time_all": {
      "537_houses": [
        2.0808887481689453,
        1.8917732238769531,
        1.907545804977417,
        1.801300287246704,
        1.7663829326629639
      ]
    },
    "time_fit": {
      "537_houses": [
        0.10234618186950684,
        0.14722299575805664,
        0.1194157600402832,
        0.1006917953491211,
        0.10137081146240234
      ]
    },
    "tau": 0.9
  },
  "LinearQuantile": {
    "losses": {
      "537_houses": [
        0.033618351795154405,
        0.02793882634195879,
        0.029022187292555665,
        0.032628479842968926,
        0.03311030905696585
      ]
    },
    "coverage": {
      "537_houses": [
        0.022110552763819125,
        0.06341463414634141,
        0.03367346938775506,
        0.010000000000000009,
        0.007226107226107281
      ]
    },
    "complexity": {
      "537_houses": [
        8,
        8,
        8,
        8,
        8
      ]
    },
    "time_all": {
      "537_houses": [
        11.133098363876343,
        1.0334784984588623,
        4.773688316345215,
        17.08741807937622,
        2.135491371154785
      ]
    },
    "time_fit": {
      "537_houses": [
        0.6210203170776367,
        0.09369945526123047,
        0.4331681728363037,
        1.7013185024261475,
        0.19454622268676758
      ]
    },
    "tau": 0.9
  }
}