{
  "SQR": {
    "losses": {
      "593_fri_c1_1000_10": [
        0.01158221709966081,
        0.0348246404475828,
        0.007890362116047076,
        0.009219881530265303,
        0.02587935396565947
      ]
    },
    "coverage": {
      "593_fri_c1_1000_10": [
        0.03749999999999998,
        0.7,
        0.15000000000000002,
        0.09999999999999998,
        0.09999999999999998
      ]
    },
    "complexity": {
      "593_fri_c1_1000_10": [
        8,
        11,
        13,
        11,
        12
      ]
    },
    "time_all": {
      "593_fri_c1_1000_10": [
        114.28190493583679,
        102.8650426864624,
        111.22080254554749,
        94.92204475402832,
        102.61953639984131
      ]
    },
    "time_fit": {
      "593_fri_c1_1000_10": [
        114.28190493583679,
        102.8650426864624,
        111.22080254554749,
        94.92204475402832,
        102.61953639984131
      ]
    },
    "tau": 0.9
  },
  "LightGBM": {
    "losses": {
      "593_fri_c1_1000_10": [
        0.027783665052323128,
        0.019221319559329958,
        0.028182125793075937,
        0.02305411437466505,
        0.02741002110979874
      ]
    },
    "coverage": {
      "593_fri_c1_1000_10": [
        0.21250000000000002,
        0.18000000000000005,
        0.19166666666666665,
        0.2333333333333334,
        0.1941176470588235
      ]
    },
    "time_all": {
      "593_fri_c1_1000_10": [
        0.2700803279876709,
        0.3118093013763428,
        0.32671523094177246,
        0.35875844955444336,
        0.34420180320739746
      ]
    },
    "time_fit": {
      "593_fri_c1_1000_10": [
        0.05706071853637695,
        0.09618926048278809,
        0.09808468818664551,
        0.09931826591491699,
        0.0974581241607666
      ]
    },
    "tau": 0.9
  },
  "DecisionTree": {
    "losses": {
      "593_fri_c1_1000_10": [
        0.02447521630855916,
        0.05658781291180315,
        0.05026875624764554,
        0.05090627370338037,
        0.034413637000796214
      ]
    },
    "coverage": {
      "593_fri_c1_1000_10": [
        0.21250000000000002,
        0.54,
        0.525,
        0.30000000000000004,
        0.37058823529411766
      ]
    },
    "complexity": {
      "593_fri_c1_1000_10": [
        25,
        23,
        295,
        55,
        27
      ]
    },
    "time_all": {
      "593_fri_c1_1000_10": [
        0.1057898998260498,
        0.15090394020080566,
        0.17429089546203613,
        0.15477800369262695,
        0.15419650077819824
      ]
    },
    "time_fit": {
      "593_fri_c1_1000_10": [
        0.005596637725830078,
        0.007760524749755859,
        0.03147697448730469,
        0.01170206069946289,
        0.008379459381103516
      ]
    },
    "tau": 0.9
  },
  "LinearQuantile": {
    "losses": {
      "593_fri_c1_1000_10": [
        0.27877473520044216,
        0.2862876554301378,
        0.28736411903906434,
        0.28126670631127176,
        0.2914869618152007
      ]
    },
    "coverage": {
      "593_fri_c1_1000_10": [
        0.9,
        0.86,
        0.9,
        0.8333333333333334,
        0.9
      ]
    },
    "complexity": {
      "593_fri_c1_1000_10": [
        10,
        10,
        10,
        10,
        10
      ]
    },
    "time_all": {
      "593_fri_c1_1000_10": [
        0.18738675117492676,
        0.25842714309692383,
        0.9492204189300537,
        0.41308021545410156,
        0.21428465843200684
      ]
    },
    "time_fit": {
      "593_fri_c1_1000_10": [
        0.015311479568481445,
        0.02222919464111328,
        0.0713961124420166,
        0.03704428672790527,
        0.018547534942626953
      ]
    },
    "tau": 0.9
  }
}