{
  "SQR": {
    "losses": {
      "537_houses": [
        0.07336441395826945,
        0.07594565847006045,
        0.0692066314444564,
        0.07404547864500043,
        0.07828248320628738
      ]
    },
    "coverage": {
      "537_houses": [
        0.03015075376884424,
        0.011111111111111072,
        0.010204081632653073,
        0.025000000000000022,
        0.003496503496503489
      ]
    },
    "complexity": {
      "537_houses": [
        2,
        2,
        2,
        2,
        2
      ]
    },
    "time_all": {
      "537_houses": [
        548.3252911567688,
        482.64123272895813,
        472.4440634250641,
        479.54275345802307,
        515.7090499401093
      ]
    },
    "time_fit": {
      "537_houses": [
        548.3252911567688,
        482.64123272895813,
        472.4440634250641,
        479.54275345802307,
        515.7090499401093
      ]
    },
    "tau": 0.5
  },
  "LightGBM": {
    "losses": {
      "537_houses": [
        0.13092686076487348,
        0.1364701368721898,
        0.1352414912447341,
        0.14490614332398474,
        0.13838180072671719
      ]
    },
    "coverage": {
      "537_houses": [
        0.4472361809045226,
        0.44666666666666666,
        0.45918367346938777,
        0.4625,
        0.4370629370629371
      ]
    },
    "time_all": {
      "537_houses": [
        1.5630710124969482,
        1.4636614322662354,
        1.4929499626159668,
        1.4927306175231934,
        1.529353141784668
      ]
    },
    "time_fit": {
      "537_houses": [
        0.42389512062072754,
        0.3853435516357422,
        0.38095521926879883,
        0.39345836639404297,
        0.39693641662597656
      ]
    },
    "tau": 0.5
  },
  "DecisionTree": {
    "losses": {
      "537_houses": [
        0.08909925051544625,
        0.08629993736566494,
        0.0896350172319929,
        0.0881361378406687,
        0.09548965140643112
      ]
    },
    "coverage": {
      "537_houses": [
        0.21105527638190957,
        0.24666666666666665,
        0.2729591836734694,
        0.3075,
        0.20163170163170163
      ]
    },
    "complexity": {
      "537_houses": [
        6041,
        6089,
        6023,
        2589,
        6065
      ]
    },
    "time_all": {
      "537_houses": [
        2.499086380004883,
        2.4174749851226807,
        2.4120309352874756,
        2.2146129608154297,
        2.408869504928589
      ]
    },
    "time_fit": {
      "537_houses": [
        0.4456658363342285,
        0.45194244384765625,
        0.44966626167297363,
        0.26155543327331543,
        0.45197153091430664
      ]
    },
    "tau": 0.5
  },
  "LinearQuantile": {
    "losses": {
      "537_houses": [
        0.07639166049906779,
        0.07802769454367456,
        0.07237554997597664,
        0.07859308379996403,
        0.0806652284124001
      ]
    },
    "coverage": {
      "537_houses": [
        0.15326633165829145,
        0.18888888888888888,
        0.20153061224489793,
        0.19,
        0.13636363636363635
      ]
    },
    "complexity": {
      "537_houses": [
        8,
        8,
        8,
        8,
        8
      ]
    },
    "time_all": {
      "537_houses": [
        3.6334588527679443,
        2.209946632385254,
        1.8086555004119873,
        4.165550947189331,
        2.4432151317596436
      ]
    },
    "time_fit": {
      "537_houses": [
        0.3266472816467285,
        0.19965124130249023,
        0.1623377799987793,
        0.37802743911743164,
        0.2213606834411621
      ]
    },
    "tau": 0.5
  }
}