{
  "SQR": {
    "losses": {
      "626_fri_c2_500_50": [
        0.07888976362652114,
        0.05366523465373374,
        0.045341019715287714,
        0.009788000726291674,
        0.019790765917153872
      ]
    },
    "coverage": {
      "626_fri_c2_500_50": [
        0.5666666666666667,
        0.275,
        0.3545454545454546,
        0.09999999999999998,
        0.09999999999999998
      ]
    },
    "complexity": {
      "626_fri_c2_500_50": [
        13,
        13,
        7,
        12,
        12
      ]
    },
    "time_all": {
      "626_fri_c2_500_50": [
        110.97616147994995,
        88.01938128471375,
        93.95687556266785,
        94.33513689041138,
        92.27007603645325
      ]
    },
    "time_fit": {
      "626_fri_c2_500_50": [
        110.97616147994995,
        88.01938128471375,
        93.95687556266785,
        94.33513689041138,
        92.27007603645325
      ]
    },
    "tau": 0.9
  },
  "LightGBM": {
    "losses": {
      "626_fri_c2_500_50": [
        0.034294038968822396,
        0.03591786632154756,
        0.057827532960613895,
        0.04845323030683364,
        0.06330886040938746
      ]
    },
    "coverage": {
      "626_fri_c2_500_50": [
        0.5666666666666667,
        0.21250000000000002,
        0.6272727272727273,
        0.04285714285714293,
        0.4
      ]
    },
    "time_all": {
      "626_fri_c2_500_50": [
        0.22191834449768066,
        0.2179720401763916,
        0.21955156326293945,
        0.2598578929901123,
        0.2505502700805664
      ]
    },
    "time_fit": {
      "626_fri_c2_500_50": [
        0.05633854866027832,
        0.055747270584106445,
        0.05941271781921387,
        0.06679415702819824,
        0.06406474113464355
      ]
    },
    "tau": 0.9
  },
  "DecisionTree": {
    "losses": {
      "626_fri_c2_500_50": [
        0.06177727342656781,
        0.1162190489463668,
        0.09054770991235772,
        0.07099980246494109,
        0.14429110323089173
      ]
    },
    "coverage": {
      "626_fri_c2_500_50": [
        0.34444444444444444,
        0.4625,
        0.8090909090909091,
        0.6142857142857143,
        0.7
      ]
    },
    "complexity": {
      "626_fri_c2_500_50": [
        149,
        11,
        29,
        27,
        15
      ]
    },
    "time_all": {
      "626_fri_c2_500_50": [
        0.13258910179138184,
        0.18569016456604004,
        0.18723297119140625,
        0.18234992027282715,
        0.18722891807556152
      ]
    },
    "time_fit": {
      "626_fri_c2_500_50": [
        0.01963973045349121,
        0.010492324829101562,
        0.01663494110107422,
        0.015466451644897461,
        0.012244224548339844
      ]
    },
    "tau": 0.9
  },
  "LinearQuantile": {
    "losses": {
      "626_fri_c2_500_50": [
        0.3886346193427632,
        0.34115701437169865,
        0.40058907509895547,
        0.2771390304015675,
        0.345254330583367
      ]
    },
    "coverage": {
      "626_fri_c2_500_50": [
        0.9,
        0.8375,
        0.9,
        0.9,
        0.7
      ]
    },
    "complexity": {
      "626_fri_c2_500_50": [
        50,
        50,
        50,
        50,
        50
      ]
    },
    "time_all": {
      "626_fri_c2_500_50": [
        9.957854509353638,
        7.278894901275635,
        10.152728796005249,
        12.647033929824829,
        9.64907455444336
      ]
    },
    "time_fit": {
      "626_fri_c2_500_50": [
        0.8808708190917969,
        0.6253125667572021,
        0.8693819046020508,
        1.111295223236084,
        0.8360321521759033
      ]
    },
    "tau": 0.9
  }
}