{
  "SQR": {
    "losses": {
      "658_fri_c3_250_25": [
        0.028547364647892124,
        0.00953609568735449,
        0.022674993478869657,
        0.03517498709677411,
        0.02518846909275383
      ]
    },
    "coverage": {
      "658_fri_c3_250_25": [
        0.5,
        0.30000000000000004,
        0.25,
        0.0,
        0.07142857142857145
      ]
    },
    "complexity": {
      "658_fri_c3_250_25": [
        10,
        12,
        11,
        13,
        11
      ]
    },
    "time_all": {
      "658_fri_c3_250_25": [
        89.00534391403198,
        73.30329704284668,
        76.79658555984497,
        76.4993965625763,
        75.68503904342651
      ]
    },
    "time_fit": {
      "658_fri_c3_250_25": [
        89.00534391403198,
        73.30329704284668,
        76.79658555984497,
        76.4993965625763,
        75.68503904342651
      ]
    },
    "tau": 0.5
  },
  "LightGBM": {
    "losses": {
      "658_fri_c3_250_25": [
        0.0357624666535449,
        0.05775382631524515,
        0.07552751838300173,
        0.11291777846416717,
        0.08950488244724301
      ]
    },
    "coverage": {
      "658_fri_c3_250_25": [
        0.25,
        0.3,
        0.25,
        0.5,
        0.35714285714285715
      ]
    },
    "time_all": {
      "658_fri_c3_250_25": [
        0.1368405818939209,
        0.16100645065307617,
        0.16297006607055664,
        0.16132235527038574,
        0.14936566352844238
      ]
    },
    "time_fit": {
      "658_fri_c3_250_25": [
        0.03028249740600586,
        0.039264678955078125,
        0.03862643241882324,
        0.03922295570373535,
        0.03186321258544922
      ]
    },
    "tau": 0.5
  },
  "DecisionTree": {
    "losses": {
      "658_fri_c3_250_25": [
        0.02010682625406187,
        0.0409532380831987,
        0.054249978127306135,
        0.09761304925116993,
        0.07087400501282048
      ]
    },
    "coverage": {
      "658_fri_c3_250_25": [
        0.25,
        0.09999999999999998,
        0.25,
        0.5,
        0.5
      ]
    },
    "complexity": {
      "658_fri_c3_250_25": [
        71,
        73,
        71,
        75,
        71
      ]
    },
    "time_all": {
      "658_fri_c3_250_25": [
        0.04986071586608887,
        0.06639862060546875,
        0.06692647933959961,
        0.06579971313476562,
        0.06521058082580566
      ]
    },
    "time_fit": {
      "658_fri_c3_250_25": [
        0.007578849792480469,
        0.010113239288330078,
        0.010030746459960938,
        0.010257482528686523,
        0.010113716125488281
      ]
    },
    "tau": 0.5
  },
  "LinearQuantile": {
    "losses": {
      "658_fri_c3_250_25": [
        0.045828652487552704,
        0.06766528415747981,
        0.09933517398799892,
        0.12000192791825648,
        0.09833381858814232
      ]
    },
    "coverage": {
      "658_fri_c3_250_25": [
        0.25,
        0.3,
        0.0,
        0.5,
        0.35714285714285715
      ]
    },
    "complexity": {
      "658_fri_c3_250_25": [
        25,
        25,
        25,
        25,
        25
      ]
    },
    "time_all": {
      "658_fri_c3_250_25": [
        0.8026783466339111,
        0.6691739559173584,
        2.918088912963867,
        2.3077850341796875,
        0.6002488136291504
      ]
    },
    "time_fit": {
      "658_fri_c3_250_25": [
        0.06628012657165527,
        0.050476789474487305,
        0.23712587356567383,
        0.1716458797454834,
        0.04702877998352051
      ]
    },
    "tau": 0.5
  }
}