{
  "SQR": {
    "losses": {
      "622_fri_c2_1000_50": [
        0.0951656174825317,
        0.01545071450183781,
        0.035848167340983665,
        0.04589547623029941,
        0.005847872211613424
      ]
    },
    "coverage": {
      "622_fri_c2_1000_50": [
        0.6222222222222222,
        0.03749999999999998,
        0.2793103448275862,
        0.5875,
        0.05833333333333335
      ]
    },
    "complexity": {
      "622_fri_c2_1000_50": [
        14,
        16,
        11,
        15,
        15
      ]
    },
    "time_all": {
      "622_fri_c2_1000_50": [
        115.84892511367798,
        112.69218182563782,
        107.96889233589172,
        104.08130097389221,
        114.28080439567566
      ]
    },
    "time_fit": {
      "622_fri_c2_1000_50": [
        115.84892511367798,
        112.69218182563782,
        107.96889233589172,
        104.08130097389221,
        114.28080439567566
      ]
    },
    "tau": 0.9
  },
  "LightGBM": {
    "losses": {
      "622_fri_c2_1000_50": [
        0.07073844345742432,
        0.02144334692067297,
        0.040055692553188645,
        0.04418084374643528,
        0.03881468932222812
      ]
    },
    "coverage": {
      "622_fri_c2_1000_50": [
        0.4,
        0.21250000000000002,
        0.21034482758620687,
        0.275,
        0.31666666666666665
      ]
    },
    "time_all": {
      "622_fri_c2_1000_50": [
        0.377960205078125,
        0.36014795303344727,
        0.38973236083984375,
        0.39378881454467773,
        0.42847657203674316
      ]
    },
    "time_fit": {
      "622_fri_c2_1000_50": [
        0.07981061935424805,
        0.08221006393432617,
        0.0804135799407959,
        0.10678339004516602,
        0.1155858039855957
      ]
    },
    "tau": 0.9
  },
  "DecisionTree": {
    "losses": {
      "622_fri_c2_1000_50": [
        0.10183851412208907,
        0.05412631964202022,
        0.062493057031511375,
        0.09387713714798496,
        0.04218374313494154
      ]
    },
    "coverage": {
      "622_fri_c2_1000_50": [
        0.5111111111111111,
        0.4,
        0.34827586206896555,
        0.65,
        0.31666666666666665
      ]
    },
    "complexity": {
      "622_fri_c2_1000_50": [
        29,
        25,
        23,
        55,
        55
      ]
    },
    "time_all": {
      "622_fri_c2_1000_50": [
        0.23131537437438965,
        0.4408721923828125,
        0.4169917106628418,
        0.41529345512390137,
        0.44729161262512207
      ]
    },
    "time_fit": {
      "622_fri_c2_1000_50": [
        0.015803813934326172,
        0.027264118194580078,
        0.025634288787841797,
        0.03358030319213867,
        0.03892827033996582
      ]
    },
    "tau": 0.9
  },
  "LinearQuantile": {
    "losses": {
      "622_fri_c2_1000_50": [
        0.3874737700307404,
        0.3146129483725672,
        0.260640361548583,
        0.2938438137263074,
        0.32002778227597356
      ]
    },
    "coverage": {
      "622_fri_c2_1000_50": [
        0.8444444444444444,
        0.9,
        0.7620689655172415,
        0.775,
        0.8166666666666667
      ]
    },
    "complexity": {
      "622_fri_c2_1000_50": [
        50,
        50,
        50,
        50,
        50
      ]
    },
    "time_all": {
      "622_fri_c2_1000_50": [
        18.10572075843811,
        5.7190728187561035,
        9.061719417572021,
        18.505635023117065,
        7.120991945266724
      ]
    },
    "time_fit": {
      "622_fri_c2_1000_50": [
        1.6312930583953857,
        0.48211240768432617,
        0.7975015640258789,
        2.5078132152557373,
        0.6197152137756348
      ]
    },
    "tau": 0.9
  }
}