{
  "SQR": {
    "losses": {
      "604_fri_c4_500_10": [
        0.010782381962484995,
        0.00927611813963794,
        0.01042071504506542,
        0.015900865614554265,
        0.03645230975025501
      ]
    },
    "coverage": {
      "604_fri_c4_500_10": [
        0.05384615384615388,
        0.11428571428571432,
        0.04285714285714293,
        0.025000000000000022,
        0.5666666666666667
      ]
    },
    "complexity": {
      "604_fri_c4_500_10": [
        12,
        15,
        11,
        13,
        11
      ]
    },
    "time_all": {
      "604_fri_c4_500_10": [
        113.86422157287598,
        83.38848161697388,
        92.04543876647949,
        84.30890655517578,
        87.66512060165405
      ]
    },
    "time_fit": {
      "604_fri_c4_500_10": [
        113.86422157287598,
        83.38848161697388,
        92.04543876647949,
        84.30890655517578,
        87.66512060165405
      ]
    },
    "tau": 0.9
  },
  "LightGBM": {
    "losses": {
      "604_fri_c4_500_10": [
        0.05995699762057775,
        0.05453729181069281,
        0.020849175105177854,
        0.07727648156342581,
        0.05901705929661475
      ]
    },
    "coverage": {
      "604_fri_c4_500_10": [
        0.2846153846153846,
        0.5428571428571429,
        0.18571428571428572,
        0.4,
        0.4
      ]
    },
    "time_all": {
      "604_fri_c4_500_10": [
        0.1855907440185547,
        0.21178126335144043,
        0.18451571464538574,
        0.1896669864654541,
        0.18058323860168457
      ]
    },
    "time_fit": {
      "604_fri_c4_500_10": [
        0.048036813735961914,
        0.05074787139892578,
        0.04814434051513672,
        0.04209399223327637,
        0.04061555862426758
      ]
    },
    "tau": 0.9
  },
  "DecisionTree": {
    "losses": {
      "604_fri_c4_500_10": [
        0.08627942351252946,
        0.06619955136063099,
        0.018773536306749695,
        0.05802384953180959,
        0.020558358445935378
      ]
    },
    "coverage": {
      "604_fri_c4_500_10": [
        0.823076923076923,
        0.4,
        0.18571428571428572,
        0.275,
        0.5666666666666667
      ]
    },
    "complexity": {
      "604_fri_c4_500_10": [
        29,
        29,
        15,
        15,
        29
      ]
    },
    "time_all": {
      "604_fri_c4_500_10": [
        0.07958126068115234,
        0.07964754104614258,
        0.0768885612487793,
        0.07488036155700684,
        0.07825231552124023
      ]
    },
    "time_fit": {
      "604_fri_c4_500_10": [
        0.0059087276458740234,
        0.005872249603271484,
        0.0042455196380615234,
        0.004392147064208984,
        0.00586700439453125
      ]
    },
    "tau": 0.9
  },
  "LinearQuantile": {
    "losses": {
      "604_fri_c4_500_10": [
        0.2961506079991418,
        0.32920217980311417,
        0.2528406977197575,
        0.3136195728526874,
        0.3095946670739769
      ]
    },
    "coverage": {
      "604_fri_c4_500_10": [
        0.7461538461538462,
        0.9,
        0.9,
        0.775,
        0.9
      ]
    },
    "complexity": {
      "604_fri_c4_500_10": [
        10,
        10,
        10,
        10,
        10
      ]
    },
    "time_all": {
      "604_fri_c4_500_10": [
        0.42277026176452637,
        0.30721378326416016,
        0.3004584312438965,
        0.26889967918395996,
        0.23415160179138184
      ]
    },
    "time_fit": {
      "604_fri_c4_500_10": [
        0.037172794342041016,
        0.026145458221435547,
        0.026482105255126953,
        0.02385687828063965,
        0.02061319351196289
      ]
    },
    "tau": 0.9
  }
}