{
  "SQR": {
    "losses": {
      "603_fri_c0_250_50": [
        0.011900328063363755,
        0.02626899551903105,
        0.015811060504215244,
        0.02060381247994366,
        0.012129881302991861
      ]
    },
    "coverage": {
      "603_fri_c0_250_50": [
        0.16666666666666669,
        0.16666666666666663,
        0.33333333333333337,
        0.0,
        0.16666666666666663
      ]
    },
    "complexity": {
      "603_fri_c0_250_50": [
        13,
        16,
        15,
        12,
        14
      ]
    },
    "time_all": {
      "603_fri_c0_250_50": [
        93.89649844169617,
        79.28986167907715,
        79.14616584777832,
        76.74132490158081,
        78.21823000907898
      ]
    },
    "time_fit": {
      "603_fri_c0_250_50": [
        93.89649844169617,
        79.28986167907715,
        79.14616584777832,
        76.74132490158081,
        78.21823000907898
      ]
    },
    "tau": 0.5
  },
  "LightGBM": {
    "losses": {
      "603_fri_c0_250_50": [
        0.05446791253014733,
        0.06985201611761997,
        0.060099843347643046,
        0.07070710811158974,
        0.03196534579097154
      ]
    },
    "coverage": {
      "603_fri_c0_250_50": [
        0.5,
        0.16666666666666669,
        0.5,
        0.375,
        0.16666666666666669
      ]
    },
    "time_all": {
      "603_fri_c0_250_50": [
        0.14651799201965332,
        0.1717674732208252,
        0.14846372604370117,
        0.159956693649292,
        0.16055011749267578
      ]
    },
    "time_fit": {
      "603_fri_c0_250_50": [
        0.034963369369506836,
        0.037088632583618164,
        0.03422212600708008,
        0.03429055213928223,
        0.0257568359375
      ]
    },
    "tau": 0.5
  },
  "DecisionTree": {
    "losses": {
      "603_fri_c0_250_50": [
        0.041401242116658056,
        0.06795119064555127,
        0.05909009129686226,
        0.0804284799446441,
        0.03207839990495146
      ]
    },
    "coverage": {
      "603_fri_c0_250_50": [
        0.33333333333333337,
        0.16666666666666669,
        0.16666666666666669,
        0.125,
        0.16666666666666669
      ]
    },
    "complexity": {
      "603_fri_c0_250_50": [
        13,
        13,
        9,
        13,
        33
      ]
    },
    "time_all": {
      "603_fri_c0_250_50": [
        0.052088260650634766,
        0.07950353622436523,
        0.08026528358459473,
        0.08119964599609375,
        0.0848698616027832
      ]
    },
    "time_fit": {
      "603_fri_c0_250_50": [
        0.0040395259857177734,
        0.006157398223876953,
        0.005150794982910156,
        0.006254911422729492,
        0.009299516677856445
      ]
    },
    "tau": 0.5
  },
  "LinearQuantile": {
    "losses": {
      "603_fri_c0_250_50": [
        0.022554592030415672,
        0.0447799967718656,
        0.04740254603226494,
        0.05906475239343308,
        0.022663778074267303
      ]
    },
    "coverage": {
      "603_fri_c0_250_50": [
        0.16666666666666663,
        0.16666666666666663,
        0.16666666666666663,
        0.0,
        0.5
      ]
    },
    "complexity": {
      "603_fri_c0_250_50": [
        50,
        50,
        50,
        50,
        50
      ]
    },
    "time_all": {
      "603_fri_c0_250_50": [
        3.329998254776001,
        4.6284191608428955,
        5.852770805358887,
        5.2044007778167725,
        9.327030658721924
      ]
    },
    "time_fit": {
      "603_fri_c0_250_50": [
        0.2926790714263916,
        0.3842141628265381,
        0.4866788387298584,
        0.4383115768432617,
        0.8227152824401855
      ]
    },
    "tau": 0.5
  }
}