{
  "SQR": {
    "losses": {
      "218_house_8L": [
        0.08224377890394365,
        0.17516433507261436,
        0.07382297603034556,
        0.08263118036629129,
        0.05972122202588674
      ]
    },
    "coverage": {
      "218_house_8L": [
        0.43058568329718006,
        0.2482993197278912,
        0.42356687898089174,
        0.42935982339955847,
        0.275175644028103
      ]
    },
    "complexity": {
      "218_house_8L": [
        5,
        3,
        5,
        5,
        5
      ]
    },
    "time_all": {
      "218_house_8L": [
        590.49316239357,
        473.7528860569,
        506.2186188697815,
        580.5135884284973,
        582.8797042369843
      ]
    },
    "time_fit": {
      "218_house_8L": [
        590.49316239357,
        473.7528860569,
        506.2186188697815,
        580.5135884284973,
        582.8797042369843
      ]
    },
    "tau": 0.5
  },
  "LightGBM": {
    "losses": {
      "218_house_8L": [
        0.07048926966908622,
        0.06843635947930456,
        0.06072212752253732,
        0.06986153911335115,
        0.04550102532329135
      ]
    },
    "coverage": {
      "218_house_8L": [
        0.3199566160520607,
        0.30498866213151926,
        0.30042462845010615,
        0.30353200883002207,
        0.1838407494145199
      ]
    },
    "time_all": {
      "218_house_8L": [
        1.4077990055084229,
        1.4603090286254883,
        1.426806926727295,
        1.382978916168213,
        1.5722346305847168
      ]
    },
    "time_fit": {
      "218_house_8L": [
        0.2216024398803711,
        0.20679068565368652,
        0.204758882522583,
        0.1964130401611328,
        0.4087860584259033
      ]
    },
    "tau": 0.5
  },
  "DecisionTree": {
    "losses": {
      "218_house_8L": [
        0.05836846460797317,
        0.05540535630946879,
        0.052623697300376096,
        0.05797034101296036,
        0.041605591261885386
      ]
    },
    "coverage": {
      "218_house_8L": [
        0.2158351409978308,
        0.14852607709750565,
        0.16029723991507433,
        0.13134657836644592,
        0.06440281030444966
      ]
    },
    "complexity": {
      "218_house_8L": [
        1271,
        1285,
        697,
        2839,
        1285
      ]
    },
    "time_all": {
      "218_house_8L": [
        2.202634334564209,
        2.3451669216156006,
        2.1530709266662598,
        2.275181293487549,
        2.25753116607666
      ]
    },
    "time_fit": {
      "218_house_8L": [
        0.18167543411254883,
        0.1838061809539795,
        0.14427423477172852,
        0.2607860565185547,
        0.18709325790405273
      ]
    },
    "tau": 0.5
  },
  "LinearQuantile": {
    "losses": {
      "218_house_8L": [
        0.07462321856276957,
        0.0759850068450074,
        0.06526050188997873,
        0.08211354396975674,
        0.05922483340345671
      ]
    },
    "coverage": {
      "218_house_8L": [
        0.27006507592190887,
        0.3163265306122449,
        0.12420382165605093,
        0.08498896247240617,
        0.3126463700234192
      ]
    },
    "complexity": {
      "218_house_8L": [
        8,
        8,
        8,
        8,
        8
      ]
    },
    "time_all": {
      "218_house_8L": [
        20.20330262184143,
        20.094454050064087,
        20.55086064338684,
        22.45495080947876,
        21.424848318099976
      ]
    },
    "time_fit": {
      "218_house_8L": [
        1.5112218856811523,
        1.5048303604125977,
        2.037497043609619,
        2.040682077407837,
        2.88132905960083
      ]
    },
    "tau": 0.5
  }
}