{
  "SQR": {
    "losses": {
      "617_fri_c3_500_5": [
        0.051816593162940856,
        0.06655802659502243,
        0.0810409191779204,
        0.006508026127200138,
        0.03263992973222175
      ]
    },
    "coverage": {
      "617_fri_c3_500_5": [
        0.5666666666666667,
        0.31666666666666665,
        0.65,
        0.0,
        0.4714285714285715
      ]
    },
    "complexity": {
      "617_fri_c3_500_5": [
        15,
        15,
        12,
        15,
        9
      ]
    },
    "time_all": {
      "617_fri_c3_500_5": [
        107.2029983997345,
        95.08250069618225,
        84.38661909103394,
        89.34206318855286,
        82.76856398582458
      ]
    },
    "time_fit": {
      "617_fri_c3_500_5": [
        107.2029983997345,
        95.08250069618225,
        84.38661909103394,
        89.34206318855286,
        82.76856398582458
      ]
    },
    "tau": 0.9
  },
  "LightGBM": {
    "losses": {
      "617_fri_c3_500_5": [
        0.0893791417782811,
        0.033781665276075575,
        0.04960811740666581,
        0.02392822203488488,
        0.11485335892084218
      ]
    },
    "coverage": {
      "617_fri_c3_500_5": [
        0.4555555555555556,
        0.2333333333333334,
        0.31666666666666665,
        0.0,
        0.6142857142857143
      ]
    },
    "time_all": {
      "617_fri_c3_500_5": [
        0.2035839557647705,
        0.18785309791564941,
        0.17349553108215332,
        0.17388057708740234,
        0.15915942192077637
      ]
    },
    "time_fit": {
      "617_fri_c3_500_5": [
        0.0431365966796875,
        0.04159140586853027,
        0.045174598693847656,
        0.03582167625427246,
        0.030406713485717773
      ]
    },
    "tau": 0.9
  },
  "DecisionTree": {
    "losses": {
      "617_fri_c3_500_5": [
        0.08438873926334102,
        0.04448534559722256,
        0.05413497761687823,
        0.06344136897558723,
        0.1305577632651688
      ]
    },
    "coverage": {
      "617_fri_c3_500_5": [
        0.34444444444444444,
        0.2333333333333334,
        0.4,
        0.6000000000000001,
        0.7571428571428571
      ]
    },
    "complexity": {
      "617_fri_c3_500_5": [
        147,
        59,
        27,
        17,
        141
      ]
    },
    "time_all": {
      "617_fri_c3_500_5": [
        0.05416440963745117,
        0.07016301155090332,
        0.06619930267333984,
        0.06617283821105957,
        0.07506775856018066
      ]
    },
    "time_fit": {
      "617_fri_c3_500_5": [
        0.009454965591430664,
        0.007253885269165039,
        0.004558563232421875,
        0.0036454200744628906,
        0.013231992721557617
      ]
    },
    "tau": 0.9
  },
  "LinearQuantile": {
    "losses": {
      "617_fri_c3_500_5": [
        0.31724441540777265,
        0.17695644154965884,
        0.2475301459183613,
        0.14992174709029463,
        0.31443059290549796
      ]
    },
    "coverage": {
      "617_fri_c3_500_5": [
        0.788888888888889,
        0.7333333333333334,
        0.9,
        0.7,
        0.7571428571428571
      ]
    },
    "complexity": {
      "617_fri_c3_500_5": [
        5,
        5,
        5,
        5,
        5
      ]
    },
    "time_all": {
      "617_fri_c3_500_5": [
        0.07461118698120117,
        0.5269129276275635,
        0.30721163749694824,
        0.1928393840789795,
        0.24238252639770508
      ]
    },
    "time_fit": {
      "617_fri_c3_500_5": [
        0.005773305892944336,
        0.04725933074951172,
        0.02691483497619629,
        0.01694488525390625,
        0.021236181259155273
      ]
    },
    "tau": 0.9
  }
}