{
  "SQR": {
    "losses": {
      "712_chscase_geyser1": [
        0.02303118023741136,
        0.01751230522467636,
        0.02926840366754368,
        0.021698884688060586,
        0.0015443988368066665
      ]
    },
    "coverage": {
      "712_chscase_geyser1": [
        0.09999999999999998,
        0.09999999999999998,
        0.09999999999999998,
        0.09999999999999998,
        0.09999999999999998
      ]
    },
    "complexity": {
      "712_chscase_geyser1": [
        3,
        3,
        3,
        3,
        3
      ]
    },
    "time_all": {
      "712_chscase_geyser1": [
        90.4167971611023,
        73.20800423622131,
        74.16836285591125,
        73.76222014427185,
        71.66780138015747
      ]
    },
    "time_fit": {
      "712_chscase_geyser1": [
        90.4167971611023,
        73.20800423622131,
        74.16836285591125,
        73.76222014427185,
        71.66780138015747
      ]
    },
    "tau": 0.9
  },
  "LightGBM": {
    "losses": {
      "712_chscase_geyser1": [
        0.03857654373682932,
        0.0375354393699067,
        0.0107478479724957,
        0.010676707044757844,
        0.05250906732033122
      ]
    },
    "coverage": {
      "712_chscase_geyser1": [
        0.15000000000000002,
        0.4,
        0.09999999999999998,
        0.09999999999999998,
        0.9
      ]
    },
    "time_all": {
      "712_chscase_geyser1": [
        0.10523128509521484,
        0.1130070686340332,
        0.12431788444519043,
        0.11882638931274414,
        0.1109151840209961
      ]
    },
    "time_fit": {
      "712_chscase_geyser1": [
        0.021755456924438477,
        0.025404691696166992,
        0.020656585693359375,
        0.01704883575439453,
        0.02450394630432129
      ]
    },
    "tau": 0.9
  },
  "DecisionTree": {
    "losses": {
      "712_chscase_geyser1": [
        0.033207547169811336,
        0.013773584905660398,
        0.012578616352201255,
        0.01141509433962266,
        0.011886792452830237
      ]
    },
    "coverage": {
      "712_chscase_geyser1": [
        0.15000000000000002,
        0.4,
        0.09999999999999998,
        0.09999999999999998,
        0.9
      ]
    },
    "complexity": {
      "712_chscase_geyser1": [
        11,
        25,
        5,
        5,
        27
      ]
    },
    "time_all": {
      "712_chscase_geyser1": [
        0.027317285537719727,
        0.03953695297241211,
        0.03885698318481445,
        0.037928104400634766,
        0.03909611701965332
      ]
    },
    "time_fit": {
      "712_chscase_geyser1": [
        0.0016050338745117188,
        0.0033559799194335938,
        0.0019061565399169922,
        0.001890420913696289,
        0.0034563541412353516
      ]
    },
    "tau": 0.9
  },
  "LinearQuantile": {
    "losses": {
      "712_chscase_geyser1": [
        0.07746438771622144,
        0.0677223598007082,
        0.0910050073400568,
        0.07823309695469242,
        0.052423475481231274
      ]
    },
    "coverage": {
      "712_chscase_geyser1": [
        0.09999999999999998,
        0.09999999999999998,
        0.09999999999999998,
        0.09999999999999998,
        0.09999999999999998
      ]
    },
    "complexity": {
      "712_chscase_geyser1": [
        2,
        2,
        2,
        2,
        2
      ]
    },
    "time_all": {
      "712_chscase_geyser1": [
        0.11278796195983887,
        0.2210252285003662,
        0.09336543083190918,
        0.20010972023010254,
        0.0923166275024414
      ]
    },
    "time_fit": {
      "712_chscase_geyser1": [
        0.00914454460144043,
        0.018876075744628906,
        0.007869958877563477,
        0.017256975173950195,
        0.007838964462280273
      ]
    },
    "tau": 0.9
  }
}