{
  "SQR": {
    "losses": {
      "695_chatfield_4": [
        0.026705648329714917,
        0.01928988928849552,
        0.040024825860841884,
        0.01466649810882231,
        0.0349646550290122
      ]
    },
    "coverage": {
      "695_chatfield_4": [
        0.2333333333333334,
        0.09999999999999998,
        0.09999999999999998,
        0.09999999999999998,
        0.08181818181818179
      ]
    },
    "complexity": {
      "695_chatfield_4": [
        2,
        2,
        4,
        5,
        3
      ]
    },
    "time_all": {
      "695_chatfield_4": [
        89.68261170387268,
        79.64787340164185,
        75.1311149597168,
        77.7764995098114,
        76.20084261894226
      ]
    },
    "time_fit": {
      "695_chatfield_4": [
        89.68261170387268,
        79.64787340164185,
        75.1311149597168,
        77.7764995098114,
        76.20084261894226
      ]
    },
    "tau": 0.9
  },
  "LightGBM": {
    "losses": {
      "695_chatfield_4": [
        0.22644274734042824,
        0.09822289907566609,
        0.00893826570670966,
        0.11762979107484334,
        0.06726820593207253
      ]
    },
    "coverage": {
      "695_chatfield_4": [
        0.9,
        0.5,
        0.09999999999999998,
        0.4,
        0.5363636363636364
      ]
    },
    "time_all": {
      "695_chatfield_4": [
        0.09586262702941895,
        0.11081242561340332,
        0.12117838859558105,
        0.09830355644226074,
        0.10556578636169434
      ]
    },
    "time_fit": {
      "695_chatfield_4": [
        0.01994800567626953,
        0.02411341667175293,
        0.025578737258911133,
        0.020592212677001953,
        0.02263641357421875
      ]
    },
    "tau": 0.9
  },
  "DecisionTree": {
    "losses": {
      "695_chatfield_4": [
        0.12956143855328825,
        0.07273183576239578,
        0.011361739560636089,
        0.11090224810919125,
        0.05372218073932387
      ]
    },
    "coverage": {
      "695_chatfield_4": [
        0.9,
        0.5,
        0.09999999999999998,
        0.4,
        0.26363636363636367
      ]
    },
    "complexity": {
      "695_chatfield_4": [
        69,
        27,
        5,
        11,
        65
      ]
    },
    "time_all": {
      "695_chatfield_4": [
        0.03284120559692383,
        0.048451900482177734,
        0.046390533447265625,
        0.04622030258178711,
        0.05250191688537598
      ]
    },
    "time_fit": {
      "695_chatfield_4": [
        0.004822254180908203,
        0.004498958587646484,
        0.002268075942993164,
        0.00299072265625,
        0.0073947906494140625
      ]
    },
    "tau": 0.9
  },
  "LinearQuantile": {
    "losses": {
      "695_chatfield_4": [
        0.01481535880896031,
        0.026150003623784505,
        0.031703584349891005,
        0.014596878350939646,
        0.03294608033411497
      ]
    },
    "coverage": {
      "695_chatfield_4": [
        0.09999999999999998,
        0.09999999999999998,
        0.09999999999999998,
        0.09999999999999998,
        0.08181818181818179
      ]
    },
    "complexity": {
      "695_chatfield_4": [
        12,
        12,
        12,
        12,
        12
      ]
    },
    "time_all": {
      "695_chatfield_4": [
        0.2950780391693115,
        0.5465121269226074,
        0.20038437843322754,
        0.23806476593017578,
        0.9859573841094971
      ]
    },
    "time_fit": {
      "695_chatfield_4": [
        0.024885177612304688,
        0.04431009292602539,
        0.01737523078918457,
        0.02049565315246582,
        0.07444286346435547
      ]
    },
    "tau": 0.9
  }
}