{
  "SQR": {
    "losses": {
      "695_chatfield_4": [
        0.02702793837494332,
        0.0582186386979216,
        0.07874174528937505,
        0.03488154876499581,
        0.08227862121969745
      ]
    },
    "coverage": {
      "695_chatfield_4": [
        0.16666666666666669,
        0.09999999999999998,
        0.5,
        0.0,
        0.13636363636363635
      ]
    },
    "complexity": {
      "695_chatfield_4": [
        4,
        3,
        7,
        5,
        10
      ]
    },
    "time_all": {
      "695_chatfield_4": [
        89.98937392234802,
        77.11326217651367,
        72.25927186012268,
        77.04150891304016,
        77.8868100643158
      ]
    },
    "time_fit": {
      "695_chatfield_4": [
        89.98937392234802,
        77.11326217651367,
        72.25927186012268,
        77.04150891304016,
        77.8868100643158
      ]
    },
    "tau": 0.5
  },
  "LightGBM": {
    "losses": {
      "695_chatfield_4": [
        0.20903919721063097,
        0.11978260273422957,
        0.030098667495348133,
        0.14020908424819717,
        0.10636518151662819
      ]
    },
    "coverage": {
      "695_chatfield_4": [
        0.5,
        0.5,
        0.5,
        0.5,
        0.5
      ]
    },
    "time_all": {
      "695_chatfield_4": [
        0.15012502670288086,
        0.12395048141479492,
        0.15016746520996094,
        0.149888277053833,
        0.14609789848327637
      ]
    },
    "time_fit": {
      "695_chatfield_4": [
        0.03540682792663574,
        0.02805948257446289,
        0.03585314750671387,
        0.03457999229431152,
        0.0337526798248291
      ]
    },
    "tau": 0.5
  },
  "DecisionTree": {
    "losses": {
      "695_chatfield_4": [
        0.1162976990671827,
        0.07485380658356214,
        0.022921893418184267,
        0.08542188744278113,
        0.05264107227141885
      ]
    },
    "coverage": {
      "695_chatfield_4": [
        0.5,
        0.09999999999999998,
        0.5,
        0.0,
        0.13636363636363635
      ]
    },
    "complexity": {
      "695_chatfield_4": [
        69,
        71,
        27,
        63,
        23
      ]
    },
    "time_all": {
      "695_chatfield_4": [
        0.05273938179016113,
        0.05071210861206055,
        0.04848980903625488,
        0.05025815963745117,
        0.047936201095581055
      ]
    },
    "time_fit": {
      "695_chatfield_4": [
        0.007752895355224609,
        0.007770538330078125,
        0.004419088363647461,
        0.00743412971496582,
        0.004161357879638672
      ]
    },
    "tau": 0.5
  },
  "LinearQuantile": {
    "losses": {
      "695_chatfield_4": [
        0.028637532136730343,
        0.06466085641367643,
        0.10355786857504512,
        0.022200558606406993,
        0.05140446446872696
      ]
    },
    "coverage": {
      "695_chatfield_4": [
        0.16666666666666669,
        0.09999999999999998,
        0.5,
        0.0,
        0.045454545454545414
      ]
    },
    "complexity": {
      "695_chatfield_4": [
        12,
        12,
        12,
        12,
        12
      ]
    },
    "time_all": {
      "695_chatfield_4": [
        0.5045413970947266,
        0.5121581554412842,
        0.2754373550415039,
        0.2739293575286865,
        0.1644129753112793
      ]
    },
    "time_fit": {
      "695_chatfield_4": [
        0.04440045356750488,
        0.04495882987976074,
        0.02329397201538086,
        0.02327442169189453,
        0.01437830924987793
      ]
    },
    "tau": 0.5
  }
}