{
  "SQR": {
    "losses": {
      "616_fri_c4_500_50": [
        0.043056557051997735,
        0.0352263389682038,
        0.052863661842037835,
        0.047300248450436996,
        0.014599893268442996
      ]
    },
    "coverage": {
      "616_fri_c4_500_50": [
        0.16666666666666669,
        0.0,
        0.33333333333333337,
        0.1923076923076923,
        0.375
      ]
    },
    "complexity": {
      "616_fri_c4_500_50": [
        14,
        13,
        11,
        15,
        17
      ]
    },
    "time_all": {
      "616_fri_c4_500_50": [
        102.11462926864624,
        88.11941576004028,
        86.44438767433167,
        84.73020768165588,
        92.21890687942505
      ]
    },
    "time_fit": {
      "616_fri_c4_500_50": [
        102.11462926864624,
        88.11941576004028,
        86.44438767433167,
        84.73020768165588,
        92.21890687942505
      ]
    },
    "tau": 0.5
  },
  "LightGBM": {
    "losses": {
      "616_fri_c4_500_50": [
        0.10548723342677849,
        0.11925925644837422,
        0.12013106686816573,
        0.12018858098624483,
        0.03762919533797037
      ]
    },
    "coverage": {
      "616_fri_c4_500_50": [
        0.2777777777777778,
        0.4,
        0.4166666666666667,
        0.5,
        0.0
      ]
    },
    "time_all": {
      "616_fri_c4_500_50": [
        0.2918391227722168,
        0.2865719795227051,
        0.2918539047241211,
        0.2792835235595703,
        0.2986328601837158
      ]
    },
    "time_fit": {
      "616_fri_c4_500_50": [
        0.07599139213562012,
        0.08269953727722168,
        0.08486580848693848,
        0.07985949516296387,
        0.06438064575195312
      ]
    },
    "tau": 0.5
  },
  "DecisionTree": {
    "losses": {
      "616_fri_c4_500_50": [
        0.09626139727392079,
        0.10966467312052527,
        0.11582918029882514,
        0.090117621123972,
        0.027504602082439742
      ]
    },
    "coverage": {
      "616_fri_c4_500_50": [
        0.5,
        0.4,
        0.5,
        0.4230769230769231,
        0.25
      ]
    },
    "complexity": {
      "616_fri_c4_500_50": [
        59,
        149,
        149,
        67,
        141
      ]
    },
    "time_all": {
      "616_fri_c4_500_50": [
        0.11611604690551758,
        0.19229793548583984,
        0.19732427597045898,
        0.18470382690429688,
        0.18755125999450684
      ]
    },
    "time_fit": {
      "616_fri_c4_500_50": [
        0.012429475784301758,
        0.030207157135009766,
        0.03038954734802246,
        0.021477460861206055,
        0.029268503189086914
      ]
    },
    "tau": 0.5
  },
  "LinearQuantile": {
    "losses": {
      "616_fri_c4_500_50": [
        0.10953801825767967,
        0.10877443963222848,
        0.17826046749690702,
        0.15630111558829743,
        0.07109446250193072
      ]
    },
    "coverage": {
      "616_fri_c4_500_50": [
        0.3888888888888889,
        0.4,
        0.33333333333333337,
        0.2692307692307692,
        0.0
      ]
    },
    "complexity": {
      "616_fri_c4_500_50": [
        50,
        50,
        50,
        50,
        50
      ]
    },
    "time_all": {
      "616_fri_c4_500_50": [
        4.859683275222778,
        10.624496221542358,
        9.40522837638855,
        28.56483292579651,
        15.811234712600708
      ]
    },
    "time_fit": {
      "616_fri_c4_500_50": [
        0.4345214366912842,
        0.9370343685150146,
        0.849311113357544,
        2.7652671337127686,
        1.4077503681182861
      ]
    },
    "tau": 0.5
  }
}