{
  "SQR": {
    "losses": {
      "645_fri_c3_500_50": [
        0.06614069747896527,
        0.03554993528699678,
        0.058599175876522844,
        0.03268115863753891,
        0.04266553664263867
      ]
    },
    "coverage": {
      "645_fri_c3_500_50": [
        0.25,
        0.3,
        0.14285714285714285,
        0.34615384615384615,
        0.2142857142857143
      ]
    },
    "complexity": {
      "645_fri_c3_500_50": [
        10,
        8,
        8,
        9,
        8
      ]
    },
    "time_all": {
      "645_fri_c3_500_50": [
        108.86713027954102,
        85.08990573883057,
        84.34609532356262,
        84.15158081054688,
        83.7551543712616
      ]
    },
    "time_fit": {
      "645_fri_c3_500_50": [
        108.86713027954102,
        85.08990573883057,
        84.34609532356262,
        84.15158081054688,
        83.7551543712616
      ]
    },
    "tau": 0.5
  },
  "LightGBM": {
    "losses": {
      "645_fri_c3_500_50": [
        0.10916849552208735,
        0.10052759683525074,
        0.09861334917782262,
        0.07853303678054578,
        0.03981657383917427
      ]
    },
    "coverage": {
      "645_fri_c3_500_50": [
        0.5,
        0.4,
        0.2857142857142857,
        0.2692307692307692,
        0.07142857142857145
      ]
    },
    "time_all": {
      "645_fri_c3_500_50": [
        0.2615821361541748,
        0.3054819107055664,
        0.26015734672546387,
        0.2760028839111328,
        0.27588415145874023
      ]
    },
    "time_fit": {
      "645_fri_c3_500_50": [
        0.06054806709289551,
        0.07674002647399902,
        0.06011676788330078,
        0.057852745056152344,
        0.08237576484680176
      ]
    },
    "tau": 0.5
  },
  "DecisionTree": {
    "losses": {
      "645_fri_c3_500_50": [
        0.07416922168648395,
        0.06969480659865096,
        0.08383914965287265,
        0.09470317300232016,
        0.0571751387409729
      ]
    },
    "coverage": {
      "645_fri_c3_500_50": [
        0.375,
        0.5,
        0.4285714285714286,
        0.4230769230769231,
        0.2142857142857143
      ]
    },
    "complexity": {
      "645_fri_c3_500_50": [
        61,
        63,
        149,
        141,
        143
      ]
    },
    "time_all": {
      "645_fri_c3_500_50": [
        0.1381378173828125,
        0.18344831466674805,
        0.19251418113708496,
        0.1905231475830078,
        0.1887211799621582
      ]
    },
    "time_fit": {
      "645_fri_c3_500_50": [
        0.015076160430908203,
        0.02146291732788086,
        0.030190229415893555,
        0.030247211456298828,
        0.029221534729003906
      ]
    },
    "tau": 0.5
  },
  "LinearQuantile": {
    "losses": {
      "645_fri_c3_500_50": [
        0.0912904690501408,
        0.10264680114072552,
        0.09443896153712683,
        0.07958945696832308,
        0.0585224951222122
      ]
    },
    "coverage": {
      "645_fri_c3_500_50": [
        0.5,
        0.5,
        0.35714285714285715,
        0.1923076923076923,
        0.07142857142857145
      ]
    },
    "complexity": {
      "645_fri_c3_500_50": [
        50,
        50,
        50,
        50,
        50
      ]
    },
    "time_all": {
      "645_fri_c3_500_50": [
        40.68551278114319,
        4.658022880554199,
        4.633781433105469,
        3.2723841667175293,
        8.10140085220337
      ]
    },
    "time_fit": {
      "645_fri_c3_500_50": [
        1.7788126468658447,
        0.42151427268981934,
        0.41152143478393555,
        0.2546732425689697,
        0.660689115524292
      ]
    },
    "tau": 0.5
  }
}