{
  "SQR": {
    "losses": {
      "579_fri_c0_250_5": [
        0.03169654174601708,
        0.04619251862312582,
        0.027453814485405452,
        0.033277670722794764,
        0.037911900842906236
      ]
    },
    "coverage": {
      "579_fri_c0_250_5": [
        0.25,
        0.16666666666666669,
        0.5,
        0.5,
        0.5
      ]
    },
    "complexity": {
      "579_fri_c0_250_5": [
        10,
        9,
        19,
        11,
        13
      ]
    },
    "time_all": {
      "579_fri_c0_250_5": [
        95.0299985408783,
        76.73066544532776,
        80.9848804473877,
        77.90301847457886,
        76.66500473022461
      ]
    },
    "time_fit": {
      "579_fri_c0_250_5": [
        95.0299985408783,
        76.73066544532776,
        80.9848804473877,
        77.90301847457886,
        76.66500473022461
      ]
    },
    "tau": 0.5
  },
  "LightGBM": {
    "losses": {
      "579_fri_c0_250_5": [
        0.053586338724577715,
        0.13461889631243962,
        0.08590721438647639,
        0.12682322773094207,
        0.10357333757147888
      ]
    },
    "coverage": {
      "579_fri_c0_250_5": [
        0.5,
        0.33333333333333337,
        0.5,
        0.5,
        0.5
      ]
    },
    "time_all": {
      "579_fri_c0_250_5": [
        0.13013100624084473,
        0.12625503540039062,
        0.12923717498779297,
        0.1537785530090332,
        0.15751171112060547
      ]
    },
    "time_fit": {
      "579_fri_c0_250_5": [
        0.03011798858642578,
        0.0285186767578125,
        0.029357433319091797,
        0.03595280647277832,
        0.03584742546081543
      ]
    },
    "tau": 0.5
  },
  "DecisionTree": {
    "losses": {
      "579_fri_c0_250_5": [
        0.032203240465171264,
        0.1346778192400028,
        0.09263437624694935,
        0.07836395490969902,
        0.07929604708462994
      ]
    },
    "coverage": {
      "579_fri_c0_250_5": [
        0.25,
        0.33333333333333337,
        0.40909090909090906,
        0.5,
        0.5
      ]
    },
    "complexity": {
      "579_fri_c0_250_5": [
        73,
        73,
        73,
        73,
        75
      ]
    },
    "time_all": {
      "579_fri_c0_250_5": [
        0.03028249740600586,
        0.04782986640930176,
        0.04801464080810547,
        0.04785466194152832,
        0.04786086082458496
      ]
    },
    "time_fit": {
      "579_fri_c0_250_5": [
        0.00439143180847168,
        0.007222175598144531,
        0.007186174392700195,
        0.007191896438598633,
        0.007283926010131836
      ]
    },
    "tau": 0.5
  },
  "LinearQuantile": {
    "losses": {
      "579_fri_c0_250_5": [
        0.05937527018864784,
        0.05756076668578729,
        0.07260302110542595,
        0.010518993020882545,
        0.018613903415089915
      ]
    },
    "coverage": {
      "579_fri_c0_250_5": [
        0.25,
        0.33333333333333337,
        0.13636363636363635,
        0.0,
        0.16666666666666669
      ]
    },
    "complexity": {
      "579_fri_c0_250_5": [
        5,
        5,
        5,
        5,
        5
      ]
    },
    "time_all": {
      "579_fri_c0_250_5": [
        0.07062768936157227,
        0.22524023056030273,
        0.7656888961791992,
        0.12360548973083496,
        0.06868696212768555
      ]
    },
    "time_fit": {
      "579_fri_c0_250_5": [
        0.0055849552154541016,
        0.019786834716796875,
        0.05491900444030762,
        0.010616064071655273,
        0.005636930465698242
      ]
    },
    "tau": 0.5
  }
}