{
  "SQR": {
    "losses": {
      "586_fri_c3_1000_25": [
        0.029648519005626227,
        0.01971202782731629,
        0.03044548174108227,
        0.025549820757649208,
        0.01942901206761205
      ]
    },
    "coverage": {
      "586_fri_c3_1000_25": [
        0.2272727272727273,
        0.0625,
        0.20833333333333331,
        0.18181818181818182,
        0.14705882352941174
      ]
    },
    "complexity": {
      "586_fri_c3_1000_25": [
        15,
        12,
        11,
        11,
        15
      ]
    },
    "time_all": {
      "586_fri_c3_1000_25": [
        113.08359289169312,
        102.0578019618988,
        99.55202221870422,
        103.58707165718079,
        108.0059335231781
      ]
    },
    "time_fit": {
      "586_fri_c3_1000_25": [
        113.08359289169312,
        102.0578019618988,
        99.55202221870422,
        103.58707165718079,
        108.0059335231781
      ]
    },
    "tau": 0.5
  },
  "LightGBM": {
    "losses": {
      "586_fri_c3_1000_25": [
        0.061243278064090606,
        0.07674357664607781,
        0.08637015082444485,
        0.08516628090804575,
        0.06198207171092963
      ]
    },
    "coverage": {
      "586_fri_c3_1000_25": [
        0.36363636363636365,
        0.1875,
        0.29166666666666663,
        0.45454545454545453,
        0.38235294117647056
      ]
    },
    "time_all": {
      "586_fri_c3_1000_25": [
        0.41017985343933105,
        0.40153026580810547,
        0.36751508712768555,
        0.3732423782348633,
        0.4541184902191162
      ]
    },
    "time_fit": {
      "586_fri_c3_1000_25": [
        0.07563185691833496,
        0.075164794921875,
        0.07250547409057617,
        0.07310271263122559,
        0.14207053184509277
      ]
    },
    "tau": 0.5
  },
  "DecisionTree": {
    "losses": {
      "586_fri_c3_1000_25": [
        0.06719779296478386,
        0.053969277438963,
        0.049575709295756824,
        0.07650481826512952,
        0.06444530791175825
      ]
    },
    "coverage": {
      "586_fri_c3_1000_25": [
        0.3181818181818182,
        0.3125,
        0.16666666666666669,
        0.18181818181818182,
        0.32352941176470584
      ]
    },
    "complexity": {
      "586_fri_c3_1000_25": [
        295,
        287,
        293,
        293,
        295
      ]
    },
    "time_all": {
      "586_fri_c3_1000_25": [
        0.3039824962615967,
        0.2730748653411865,
        0.2820265293121338,
        0.2791111469268799,
        0.24408578872680664
      ]
    },
    "time_fit": {
      "586_fri_c3_1000_25": [
        0.047913551330566406,
        0.043512821197509766,
        0.045067787170410156,
        0.04500532150268555,
        0.03782200813293457
      ]
    },
    "tau": 0.5
  },
  "LinearQuantile": {
    "losses": {
      "586_fri_c3_1000_25": [
        0.10388925495370649,
        0.0983294240886903,
        0.1422629662386743,
        0.1287742699724323,
        0.10610896930593122
      ]
    },
    "coverage": {
      "586_fri_c3_1000_25": [
        0.2272727272727273,
        0.1875,
        0.29166666666666663,
        0.40909090909090906,
        0.38235294117647056
      ]
    },
    "complexity": {
      "586_fri_c3_1000_25": [
        25,
        25,
        25,
        25,
        25
      ]
    },
    "time_all": {
      "586_fri_c3_1000_25": [
        0.9932436943054199,
        1.6096446514129639,
        0.7321810722351074,
        0.7473263740539551,
        0.3693118095397949
      ]
    },
    "time_fit": {
      "586_fri_c3_1000_25": [
        0.07652735710144043,
        0.12671613693237305,
        0.05323457717895508,
        0.06743574142456055,
        0.02923893928527832
      ]
    },
    "tau": 0.5
  }
}