{
  "SQR": {
    "losses": {
      "649_fri_c0_500_5": [
        0.006046741478460384,
        0.019136246473545965,
        0.009664834512312603,
        0.0063053813137540085,
        0.007149894062056281
      ]
    },
    "coverage": {
      "649_fri_c0_500_5": [
        0.03749999999999998,
        0.17272727272727273,
        0.09999999999999998,
        0.12222222222222223,
        0.09999999999999998
      ]
    },
    "complexity": {
      "649_fri_c0_500_5": [
        14,
        8,
        8,
        11,
        15
      ]
    },
    "time_all": {
      "649_fri_c0_500_5": [
        103.26817655563354,
        88.77656269073486,
        88.53760099411011,
        89.55242705345154,
        89.07876825332642
      ]
    },
    "time_fit": {
      "649_fri_c0_500_5": [
        103.26817655563354,
        88.77656269073486,
        88.53760099411011,
        89.55242705345154,
        89.07876825332642
      ]
    },
    "tau": 0.9
  },
  "LightGBM": {
    "losses": {
      "649_fri_c0_500_5": [
        0.036898744299146566,
        0.03379974422958922,
        0.022515873867852438,
        0.011844268675430668,
        0.01146326154014029
      ]
    },
    "coverage": {
      "649_fri_c0_500_5": [
        0.525,
        0.08181818181818179,
        0.09999999999999998,
        0.2333333333333334,
        0.09999999999999998
      ]
    },
    "time_all": {
      "649_fri_c0_500_5": [
        0.1862351894378662,
        0.17162632942199707,
        0.16955113410949707,
        0.16289591789245605,
        0.1720600128173828
      ]
    },
    "time_fit": {
      "649_fri_c0_500_5": [
        0.03856086730957031,
        0.03955674171447754,
        0.037685394287109375,
        0.037477970123291016,
        0.04052925109863281
      ]
    },
    "tau": 0.9
  },
  "DecisionTree": {
    "losses": {
      "649_fri_c0_500_5": [
        0.027806376057355267,
        0.030221496235692435,
        0.025341658525948354,
        0.009867013722547918,
        0.017150172727071835
      ]
    },
    "coverage": {
      "649_fri_c0_500_5": [
        0.525,
        0.009090909090909038,
        0.30000000000000004,
        0.011111111111111183,
        0.09999999999999998
      ]
    },
    "complexity": {
      "649_fri_c0_500_5": [
        9,
        15,
        153,
        25,
        15
      ]
    },
    "time_all": {
      "649_fri_c0_500_5": [
        0.06636857986450195,
        0.06518077850341797,
        0.07628846168518066,
        0.06602716445922852,
        0.06491947174072266
      ]
    },
    "time_fit": {
      "649_fri_c0_500_5": [
        0.0028748512268066406,
        0.003480195999145508,
        0.014676809310913086,
        0.004358768463134766,
        0.003462076187133789
      ]
    },
    "tau": 0.9
  },
  "LinearQuantile": {
    "losses": {
      "649_fri_c0_500_5": [
        0.055174644376376765,
        0.04434300384991683,
        0.0188309890736383,
        0.04218408300817402,
        0.03870413975257953
      ]
    },
    "coverage": {
      "649_fri_c0_500_5": [
        0.775,
        0.26363636363636367,
        0.09999999999999998,
        0.6777777777777778,
        0.5
      ]
    },
    "complexity": {
      "649_fri_c0_500_5": [
        5,
        5,
        5,
        5,
        5
      ]
    },
    "time_all": {
      "649_fri_c0_500_5": [
        0.3209493160247803,
        0.23351669311523438,
        0.43667006492614746,
        0.1986701488494873,
        0.13463163375854492
      ]
    },
    "time_fit": {
      "649_fri_c0_500_5": [
        0.028079986572265625,
        0.020662307739257812,
        0.03747916221618652,
        0.017494678497314453,
        0.011672258377075195
      ]
    },
    "tau": 0.9
  }
}