{
  "SQR": {
    "losses": {
      "584_fri_c4_500_25": [
        0.07022099835074426,
        0.011072857869124798,
        0.022840647892498938,
        0.02410567559757807,
        0.024246088762726638
      ]
    },
    "coverage": {
      "584_fri_c4_500_25": [
        0.7333333333333334,
        0.08181818181818179,
        0.09999999999999998,
        0.26363636363636367,
        0.2333333333333334
      ]
    },
    "complexity": {
      "584_fri_c4_500_25": [
        8,
        10,
        13,
        9,
        10
      ]
    },
    "time_all": {
      "584_fri_c4_500_25": [
        100.84979844093323,
        92.68391513824463,
        94.09514474868774,
        82.30143308639526,
        82.78351616859436
      ]
    },
    "time_fit": {
      "584_fri_c4_500_25": [
        100.84979844093323,
        92.68391513824463,
        94.09514474868774,
        82.30143308639526,
        82.78351616859436
      ]
    },
    "tau": 0.9
  },
  "LightGBM": {
    "losses": {
      "584_fri_c4_500_25": [
        0.05827830244754675,
        0.09001568643069219,
        0.07341603103262893,
        0.04564914540298925,
        0.021684349496191295
      ]
    },
    "coverage": {
      "584_fri_c4_500_25": [
        0.5666666666666667,
        0.3545454545454546,
        0.3666666666666667,
        0.3545454545454546,
        0.12222222222222223
      ]
    },
    "time_all": {
      "584_fri_c4_500_25": [
        0.18912959098815918,
        0.23058032989501953,
        0.17824840545654297,
        0.1929161548614502,
        0.2031261920928955
      ]
    },
    "time_fit": {
      "584_fri_c4_500_25": [
        0.05010724067687988,
        0.05210590362548828,
        0.033690452575683594,
        0.05482220649719238,
        0.05258488655090332
      ]
    },
    "tau": 0.9
  },
  "DecisionTree": {
    "losses": {
      "584_fri_c4_500_25": [
        0.03697819081134138,
        0.09626085070923521,
        0.0948613077034142,
        0.08315055901192041,
        0.06627504838430685
      ]
    },
    "coverage": {
      "584_fri_c4_500_25": [
        0.5666666666666667,
        0.4454545454545455,
        0.43333333333333335,
        0.7181818181818183,
        0.5666666666666667
      ]
    },
    "complexity": {
      "584_fri_c4_500_25": [
        11,
        9,
        25,
        63,
        9
      ]
    },
    "time_all": {
      "584_fri_c4_500_25": [
        0.0741727352142334,
        0.11166834831237793,
        0.11319255828857422,
        0.12309050559997559,
        0.11043047904968262
      ]
    },
    "time_fit": {
      "584_fri_c4_500_25": [
        0.003952741622924805,
        0.005576372146606445,
        0.008632659912109375,
        0.013708114624023438,
        0.00558781623840332
      ]
    },
    "tau": 0.9
  },
  "LinearQuantile": {
    "losses": {
      "584_fri_c4_500_25": [
        0.2902760174888578,
        0.2878491551348975,
        0.26124252393251524,
        0.31264022372945033,
        0.24495958238724563
      ]
    },
    "coverage": {
      "584_fri_c4_500_25": [
        0.9,
        0.8090909090909091,
        0.8333333333333334,
        0.9,
        0.9
      ]
    },
    "complexity": {
      "584_fri_c4_500_25": [
        25,
        25,
        25,
        25,
        25
      ]
    },
    "time_all": {
      "584_fri_c4_500_25": [
        2.2008049488067627,
        1.594874620437622,
        0.6564910411834717,
        1.6568994522094727,
        1.5482831001281738
      ]
    },
    "time_fit": {
      "584_fri_c4_500_25": [
        0.19491362571716309,
        0.11234354972839355,
        0.05867743492126465,
        0.1221475601196289,
        0.11264324188232422
      ]
    },
    "tau": 0.9
  }
}