{
  "SQR": {
    "losses": {
      "197_cpu_act": [
        0.009096063884497775,
        0.040998721621333716,
        0.038894277302675064,
        0.04192518260549802,
        0.03843665880952823
      ]
    },
    "coverage": {
      "197_cpu_act": [
        0.04409937888198756,
        0.08591549295774648,
        0.0781021897810219,
        0.08757763975155275,
        0.08019801980198016
      ]
    },
    "complexity": {
      "197_cpu_act": [
        6,
        4,
        3,
        4,
        3
      ]
    },
    "time_all": {
      "197_cpu_act": [
        348.52149057388306,
        379.2350995540619,
        375.2709138393402,
        380.9745047092438,
        358.15517354011536
      ]
    },
    "time_fit": {
      "197_cpu_act": [
        348.52149057388306,
        379.2350995540619,
        375.2709138393402,
        380.9745047092438,
        358.15517354011536
      ]
    },
    "tau": 0.9
  },
  "LightGBM": {
    "losses": {
      "197_cpu_act": [
        0.02095882633345061,
        0.042615964073421615,
        0.04068970842564019,
        0.043719520754152495,
        0.04083274741133182
      ]
    },
    "coverage": {
      "197_cpu_act": [
        0.09999999999999998,
        0.07887323943661972,
        0.0854014598540146,
        0.09378881987577636,
        0.0752475247524752
      ]
    },
    "time_all": {
      "197_cpu_act": [
        1.372040033340454,
        1.4045343399047852,
        1.1622169017791748,
        1.4124526977539062,
        1.375974416732788
      ]
    },
    "time_fit": {
      "197_cpu_act": [
        0.23312830924987793,
        0.23917055130004883,
        0.17548370361328125,
        0.2410414218902588,
        0.23724746704101562
      ]
    },
    "tau": 0.9
  },
  "DecisionTree": {
    "losses": {
      "197_cpu_act": [
        0.008775330949243992,
        0.03932493953620714,
        0.037036053970360534,
        0.040675701110483714,
        0.03673317331733173
      ]
    },
    "coverage": {
      "197_cpu_act": [
        0.01304347826086949,
        0.04366197183098586,
        0.05620437956204383,
        0.04409937888198756,
        0.015841584158415856
      ]
    },
    "complexity": {
      "197_cpu_act": [
        2299,
        245,
        253,
        205,
        455
      ]
    },
    "time_all": {
      "197_cpu_act": [
        1.542001724243164,
        1.1885690689086914,
        1.0302894115447998,
        1.1348767280578613,
        1.076298475265503
      ]
    },
    "time_fit": {
      "197_cpu_act": [
        0.17670536041259766,
        0.06578731536865234,
        0.0665283203125,
        0.06316781044006348,
        0.0826575756072998
      ]
    },
    "tau": 0.9
  },
  "LinearQuantile": {
    "losses": {
      "197_cpu_act": [
        0.03586301860437872,
        0.031036192351151282,
        0.02957764967331258,
        0.033523998552443625,
        0.030560026458824482
      ]
    },
    "coverage": {
      "197_cpu_act": [
        0.07515527950310552,
        0.029577464788732355,
        0.019708029197080257,
        0.01801242236024847,
        0.02871287128712874
      ]
    },
    "complexity": {
      "197_cpu_act": [
        21,
        21,
        21,
        21,
        21
      ]
    },
    "time_all": {
      "197_cpu_act": [
        42.507553815841675,
        40.93041372299194,
        42.61083102226257,
        51.98731732368469,
        42.77497148513794
      ]
    },
    "time_fit": {
      "197_cpu_act": [
        5.363550424575806,
        1.5015230178833008,
        4.724147319793701,
        4.616317272186279,
        4.635370969772339
      ]
    },
    "tau": 0.9
  }
}