{
  "SQR": {
    "losses": {
      "627_fri_c2_500_10": [
        0.010387704563907734,
        0.01189897043094212,
        0.029651084210498755,
        0.01753217503324372,
        0.03621141894873719
      ]
    },
    "coverage": {
      "627_fri_c2_500_10": [
        0.011111111111111183,
        0.09999999999999998,
        0.2571428571428571,
        0.011111111111111183,
        0.5111111111111111
      ]
    },
    "complexity": {
      "627_fri_c2_500_10": [
        16,
        17,
        16,
        12,
        14
      ]
    },
    "time_all": {
      "627_fri_c2_500_10": [
        110.02131056785583,
        92.12245225906372,
        93.05621004104614,
        94.44644403457642,
        84.57646179199219
      ]
    },
    "time_fit": {
      "627_fri_c2_500_10": [
        110.02131056785583,
        92.12245225906372,
        93.05621004104614,
        94.44644403457642,
        84.57646179199219
      ]
    },
    "tau": 0.9
  },
  "LightGBM": {
    "losses": {
      "627_fri_c2_500_10": [
        0.015287063590607088,
        0.05179569946383694,
        0.03507719600297875,
        0.017354142983030996,
        0.04064353167949075
      ]
    },
    "coverage": {
      "627_fri_c2_500_10": [
        0.2333333333333334,
        0.18571428571428572,
        0.11428571428571432,
        0.12222222222222223,
        0.1777777777777778
      ]
    },
    "time_all": {
      "627_fri_c2_500_10": [
        0.19252490997314453,
        0.19397377967834473,
        0.24248027801513672,
        0.18053436279296875,
        0.19807052612304688
      ]
    },
    "time_fit": {
      "627_fri_c2_500_10": [
        0.05148625373840332,
        0.04377341270446777,
        0.05437445640563965,
        0.03453993797302246,
        0.05361032485961914
      ]
    },
    "tau": 0.9
  },
  "DecisionTree": {
    "losses": {
      "627_fri_c2_500_10": [
        0.022738545458487674,
        0.07024783592422165,
        0.05964082611934715,
        0.042753389605233,
        0.11172749620583755
      ]
    },
    "coverage": {
      "627_fri_c2_500_10": [
        0.12222222222222223,
        0.7571428571428571,
        0.3285714285714286,
        0.12222222222222223,
        0.5666666666666667
      ]
    },
    "complexity": {
      "627_fri_c2_500_10": [
        27,
        139,
        11,
        59,
        11
      ]
    },
    "time_all": {
      "627_fri_c2_500_10": [
        0.057821035385131836,
        0.09035444259643555,
        0.0786445140838623,
        0.08280467987060547,
        0.07751083374023438
      ]
    },
    "time_fit": {
      "627_fri_c2_500_10": [
        0.004012584686279297,
        0.015180826187133789,
        0.0037784576416015625,
        0.008805513381958008,
        0.0037660598754882812
      ]
    },
    "tau": 0.9
  },
  "LinearQuantile": {
    "losses": {
      "627_fri_c2_500_10": [
        0.3069438938316947,
        0.38657931147191754,
        0.2414266389132274,
        0.26291143498831593,
        0.29043958285280574
      ]
    },
    "coverage": {
      "627_fri_c2_500_10": [
        0.788888888888889,
        0.9,
        0.9,
        0.788888888888889,
        0.8444444444444444
      ]
    },
    "complexity": {
      "627_fri_c2_500_10": [
        10,
        10,
        10,
        10,
        10
      ]
    },
    "time_all": {
      "627_fri_c2_500_10": [
        0.29087400436401367,
        1.6250782012939453,
        0.3528578281402588,
        0.38331174850463867,
        0.5597164630889893
      ]
    },
    "time_fit": {
      "627_fri_c2_500_10": [
        0.025037288665771484,
        0.11366724967956543,
        0.031618595123291016,
        0.03370857238769531,
        0.04864335060119629
      ]
    },
    "tau": 0.9
  }
}