{
  "SQR": {
    "losses": {
      "631_fri_c1_500_5": [
        0.09210957627942946,
        0.00640402481697158,
        0.013580765200185247,
        0.005649367107853962,
        0.005541813748170319
      ]
    },
    "coverage": {
      "631_fri_c1_500_5": [
        0.7461538461538462,
        0.02857142857142858,
        0.2333333333333334,
        0.025000000000000022,
        0.275
      ]
    },
    "complexity": {
      "631_fri_c1_500_5": [
        11,
        13,
        13,
        14,
        14
      ]
    },
    "time_all": {
      "631_fri_c1_500_5": [
        99.45677375793457,
        90.68140697479248,
        83.52373743057251,
        88.57131719589233,
        96.7295446395874
      ]
    },
    "time_fit": {
      "631_fri_c1_500_5": [
        99.45677375793457,
        90.68140697479248,
        83.52373743057251,
        88.57131719589233,
        96.7295446395874
      ]
    },
    "tau": 0.9
  },
  "LightGBM": {
    "losses": {
      "631_fri_c1_500_5": [
        0.04768702825373967,
        0.02389937997137228,
        0.0447088208906112,
        0.0267486958585527,
        0.06317420903408683
      ]
    },
    "coverage": {
      "631_fri_c1_500_5": [
        0.3615384615384616,
        0.3285714285714286,
        0.12222222222222223,
        0.15000000000000002,
        0.525
      ]
    },
    "time_all": {
      "631_fri_c1_500_5": [
        0.20706701278686523,
        0.1727452278137207,
        0.20123553276062012,
        0.18974685668945312,
        0.19541478157043457
      ]
    },
    "time_fit": {
      "631_fri_c1_500_5": [
        0.05383014678955078,
        0.04066634178161621,
        0.03936934471130371,
        0.05252552032470703,
        0.056685686111450195
      ]
    },
    "tau": 0.9
  },
  "DecisionTree": {
    "losses": {
      "631_fri_c1_500_5": [
        0.0439770038557018,
        0.06915647471288706,
        0.06865367695834391,
        0.023017166396343148,
        0.0744374450718871
      ]
    },
    "coverage": {
      "631_fri_c1_500_5": [
        0.20769230769230773,
        0.4714285714285715,
        0.34444444444444444,
        0.025000000000000022,
        0.525
      ]
    },
    "complexity": {
      "631_fri_c1_500_5": [
        61,
        11,
        61,
        29,
        19
      ]
    },
    "time_all": {
      "631_fri_c1_500_5": [
        0.07124924659729004,
        0.06458878517150879,
        0.06807160377502441,
        0.06719422340393066,
        0.06497740745544434
      ]
    },
    "time_fit": {
      "631_fri_c1_500_5": [
        0.007798910140991211,
        0.0030279159545898438,
        0.007142782211303711,
        0.004664182662963867,
        0.0037827491760253906
      ]
    },
    "tau": 0.9
  },
  "LinearQuantile": {
    "losses": {
      "631_fri_c1_500_5": [
        0.31784563803943267,
        0.22011345438738578,
        0.24603848017487964,
        0.1856244794964877,
        0.3608884910669839
      ]
    },
    "coverage": {
      "631_fri_c1_500_5": [
        0.823076923076923,
        0.7571428571428571,
        0.788888888888889,
        0.775,
        0.9
      ]
    },
    "complexity": {
      "631_fri_c1_500_5": [
        5,
        5,
        5,
        5,
        5
      ]
    },
    "time_all": {
      "631_fri_c1_500_5": [
        0.16205477714538574,
        0.2749319076538086,
        0.2578392028808594,
        0.4374241828918457,
        0.13460493087768555
      ]
    },
    "time_fit": {
      "631_fri_c1_500_5": [
        0.014157772064208984,
        0.024335622787475586,
        0.022968530654907227,
        0.038574934005737305,
        0.011670827865600586
      ]
    },
    "tau": 0.9
  }
}