{
  "SQR": {
    "losses": {
      "615_fri_c4_250_10": [
        0.006775168419338474,
        0.011686862875441273,
        0.028056719535760156,
        0.0893129694020184,
        0.09298814730517738
      ]
    },
    "coverage": {
      "615_fri_c4_250_10": [
        0.2142857142857143,
        0.25,
        0.2142857142857143,
        0.5,
        0.25
      ]
    },
    "complexity": {
      "615_fri_c4_250_10": [
        14,
        10,
        11,
        8,
        10
      ]
    },
    "time_all": {
      "615_fri_c4_250_10": [
        94.05800890922546,
        77.16897630691528,
        78.47757029533386,
        71.84791898727417,
        76.30725407600403
      ]
    },
    "time_fit": {
      "615_fri_c4_250_10": [
        94.05800890922546,
        77.16897630691528,
        78.47757029533386,
        71.84791898727417,
        76.30725407600403
      ]
    },
    "tau": 0.5
  },
  "LightGBM": {
    "losses": {
      "615_fri_c4_250_10": [
        0.09918160654078952,
        0.0719644497620424,
        0.06030494767412689,
        0.13741110411601418,
        0.15909408378000586
      ]
    },
    "coverage": {
      "615_fri_c4_250_10": [
        0.2142857142857143,
        0.25,
        0.2142857142857143,
        0.5,
        0.5
      ]
    },
    "time_all": {
      "615_fri_c4_250_10": [
        0.12594914436340332,
        0.14421367645263672,
        0.14046120643615723,
        0.13929486274719238,
        0.14991283416748047
      ]
    },
    "time_fit": {
      "615_fri_c4_250_10": [
        0.02870011329650879,
        0.03557467460632324,
        0.03349876403808594,
        0.03280496597290039,
        0.032593488693237305
      ]
    },
    "tau": 0.5
  },
  "DecisionTree": {
    "losses": {
      "615_fri_c4_250_10": [
        0.06310977409422533,
        0.07863833028054566,
        0.02180890389354663,
        0.11961370591737867,
        0.1435972395997089
      ]
    },
    "coverage": {
      "615_fri_c4_250_10": [
        0.07142857142857145,
        0.0,
        0.35714285714285715,
        0.5,
        0.5
      ]
    },
    "complexity": {
      "615_fri_c4_250_10": [
        71,
        31,
        69,
        71,
        31
      ]
    },
    "time_all": {
      "615_fri_c4_250_10": [
        0.03621053695678711,
        0.049768924713134766,
        0.052346229553222656,
        0.05173921585083008,
        0.0492854118347168
      ]
    },
    "time_fit": {
      "615_fri_c4_250_10": [
        0.005297183990478516,
        0.0048067569732666016,
        0.00784921646118164,
        0.00782632827758789,
        0.004796743392944336
      ]
    },
    "tau": 0.5
  },
  "LinearQuantile": {
    "losses": {
      "615_fri_c4_250_10": [
        0.09198568169883124,
        0.07021801177641782,
        0.07899817090895389,
        0.14548551355500905,
        0.1724740911547294
      ]
    },
    "coverage": {
      "615_fri_c4_250_10": [
        0.2142857142857143,
        0.5,
        0.2142857142857143,
        0.5,
        0.25
      ]
    },
    "complexity": {
      "615_fri_c4_250_10": [
        10,
        10,
        10,
        10,
        10
      ]
    },
    "time_all": {
      "615_fri_c4_250_10": [
        0.13412761688232422,
        0.16509342193603516,
        0.5740940570831299,
        0.3926246166229248,
        0.24215316772460938
      ]
    },
    "time_fit": {
      "615_fri_c4_250_10": [
        0.01096343994140625,
        0.01437234878540039,
        0.04613518714904785,
        0.03261089324951172,
        0.0214998722076416
      ]
    },
    "tau": 0.5
  }
}