{
  "SQR": {
    "losses": {
      "596_fri_c2_250_5": [
        0.008297312588665031,
        0.012290519164022051,
        0.009112745766260522,
        0.005145899538217542,
        0.04277307169774115
      ]
    },
    "coverage": {
      "596_fri_c2_250_5": [
        0.09999999999999998,
        0.09999999999999998,
        0.09999999999999998,
        0.09999999999999998,
        0.5
      ]
    },
    "complexity": {
      "596_fri_c2_250_5": [
        15,
        8,
        13,
        13,
        16
      ]
    },
    "time_all": {
      "596_fri_c2_250_5": [
        91.14890694618225,
        77.33101010322571,
        77.2437686920166,
        79.15418648719788,
        75.309490442276
      ]
    },
    "time_fit": {
      "596_fri_c2_250_5": [
        91.14890694618225,
        77.33101010322571,
        77.2437686920166,
        79.15418648719788,
        75.309490442276
      ]
    },
    "tau": 0.9
  },
  "LightGBM": {
    "losses": {
      "596_fri_c2_250_5": [
        0.08409675849440612,
        0.004043438721645265,
        0.039138985272109614,
        0.01319813121944567,
        0.02845337162558263
      ]
    },
    "coverage": {
      "596_fri_c2_250_5": [
        0.5666666666666667,
        0.09999999999999998,
        0.275,
        0.09999999999999998,
        0.30000000000000004
      ]
    },
    "time_all": {
      "596_fri_c2_250_5": [
        0.11738371849060059,
        0.13879752159118652,
        0.14563703536987305,
        0.14320135116577148,
        0.12045836448669434
      ]
    },
    "time_fit": {
      "596_fri_c2_250_5": [
        0.02458977699279785,
        0.03194999694824219,
        0.030121326446533203,
        0.03268790245056152,
        0.028607606887817383
      ]
    },
    "tau": 0.9
  },
  "DecisionTree": {
    "losses": {
      "596_fri_c2_250_5": [
        0.0956073772733458,
        0.002732555219643948,
        0.056636799780001065,
        0.01912340670264849,
        0.032842054468416204
      ]
    },
    "coverage": {
      "596_fri_c2_250_5": [
        0.5666666666666667,
        0.2333333333333334,
        0.275,
        0.15000000000000002,
        0.30000000000000004
      ]
    },
    "complexity": {
      "596_fri_c2_250_5": [
        13,
        7,
        71,
        5,
        71
      ]
    },
    "time_all": {
      "596_fri_c2_250_5": [
        0.034629106521606445,
        0.044550180435180664,
        0.047685861587524414,
        0.04455137252807617,
        0.04693603515625
      ]
    },
    "time_fit": {
      "596_fri_c2_250_5": [
        0.002176046371459961,
        0.0022444725036621094,
        0.007084369659423828,
        0.001987934112548828,
        0.0071489810943603516
      ]
    },
    "tau": 0.9
  },
  "LinearQuantile": {
    "losses": {
      "596_fri_c2_250_5": [
        0.33485378342531946,
        0.31605860448195366,
        0.3645705728594184,
        0.2522712734579795,
        0.3390218101367929
      ]
    },
    "coverage": {
      "596_fri_c2_250_5": [
        0.9,
        0.9,
        0.9,
        0.9,
        0.9
      ]
    },
    "complexity": {
      "596_fri_c2_250_5": [
        5,
        5,
        5,
        5,
        5
      ]
    },
    "time_all": {
      "596_fri_c2_250_5": [
        0.521522045135498,
        0.12926411628723145,
        0.0930335521697998,
        0.20729994773864746,
        0.3647453784942627
      ]
    },
    "time_fit": {
      "596_fri_c2_250_5": [
        0.04416155815124512,
        0.011310815811157227,
        0.007882833480834961,
        0.01825261116027832,
        0.032485008239746094
      ]
    },
    "tau": 0.9
  }
}