{
  "SQR": {
    "losses": {
      "225_puma8NH": [
        0.05182733745941721,
        0.0597644846338604,
        0.05865451647354715,
        0.05482362117378614,
        0.05183349908980243
      ]
    },
    "coverage": {
      "225_puma8NH": [
        0.027027027027026973,
        0.058011049723756924,
        0.022875816993464082,
        0.022988505747126464,
        0.0030674846625766694
      ]
    },
    "complexity": {
      "225_puma8NH": [
        3,
        3,
        3,
        3,
        3
      ]
    },
    "time_all": {
      "225_puma8NH": [
        527.7479784488678,
        492.8831193447113,
        462.9193959236145,
        509.2024977207184,
        506.243248462677
      ]
    },
    "time_fit": {
      "225_puma8NH": [
        527.7479784488678,
        492.8831193447113,
        462.9193959236145,
        509.2024977207184,
        506.243248462677
      ]
    },
    "tau": 0.5
  },
  "LightGBM": {
    "losses": {
      "225_puma8NH": [
        0.057449431833634865,
        0.06045104317693848,
        0.058586028617571,
        0.05559523552319591,
        0.055309892167440984
      ]
    },
    "coverage": {
      "225_puma8NH": [
        0.013513513513513487,
        0.01933701657458564,
        0.04248366013071897,
        0.022988505747126464,
        0.05828220858895705
      ]
    },
    "time_all": {
      "225_puma8NH": [
        1.1777637004852295,
        1.3632502555847168,
        1.3079776763916016,
        1.458064079284668,
        1.2426300048828125
      ]
    },
    "time_fit": {
      "225_puma8NH": [
        0.2971961498260498,
        0.45224928855895996,
        0.43644189834594727,
        0.5145232677459717,
        0.3008694648742676
      ]
    },
    "tau": 0.5
  },
  "DecisionTree": {
    "losses": {
      "225_puma8NH": [
        0.059863044149150814,
        0.06514226857225615,
        0.05979379215173223,
        0.05914065321540705,
        0.05583109510557112
      ]
    },
    "coverage": {
      "225_puma8NH": [
        0.11486486486486491,
        0.12983425414364635,
        0.0816993464052288,
        0.15517241379310343,
        0.05828220858895705
      ]
    },
    "complexity": {
      "225_puma8NH": [
        207,
        211,
        237,
        181,
        181
      ]
    },
    "time_all": {
      "225_puma8NH": [
        0.7301573753356934,
        0.719550609588623,
        0.7248716354370117,
        0.736663818359375,
        0.736130952835083
      ]
    },
    "time_fit": {
      "225_puma8NH": [
        0.047278642654418945,
        0.045614004135131836,
        0.047788381576538086,
        0.04503464698791504,
        0.04463672637939453
      ]
    },
    "tau": 0.5
  },
  "LinearQuantile": {
    "losses": {
      "225_puma8NH": [
        0.08787018729526412,
        0.0890686966093311,
        0.08561796686774249,
        0.08427372941903996,
        0.08218298892603947
      ]
    },
    "coverage": {
      "225_puma8NH": [
        0.16891891891891897,
        0.21270718232044195,
        0.23856209150326801,
        0.17816091954022983,
        0.16257668711656437
      ]
    },
    "complexity": {
      "225_puma8NH": [
        8,
        8,
        8,
        8,
        8
      ]
    },
    "time_all": {
      "225_puma8NH": [
        0.653357982635498,
        1.0188286304473877,
        0.3468601703643799,
        0.8887238502502441,
        0.4258570671081543
      ]
    },
    "time_fit": {
      "225_puma8NH": [
        0.05609631538391113,
        0.09343338012695312,
        0.03131389617919922,
        0.08187508583068848,
        0.03850889205932617
      ]
    },
    "tau": 0.5
  }
}