{
  "SQR": {
    "losses": {
      "634_fri_c2_100_10": [
        0.1291446130046111,
        0.03483866708043056,
        0.1835162494989341,
        0.15124421054368026,
        0.013857370337790815
      ]
    },
    "coverage": {
      "634_fri_c2_100_10": [
        0.25,
        0.5,
        0.5,
        0.5,
        0.5
      ]
    },
    "complexity": {
      "634_fri_c2_100_10": [
        12,
        15,
        12,
        12,
        14
      ]
    },
    "time_all": {
      "634_fri_c2_100_10": [
        83.01998734474182,
        67.88016176223755,
        67.61988019943237,
        68.29346227645874,
        67.1526575088501
      ]
    },
    "time_fit": {
      "634_fri_c2_100_10": [
        83.01998734474182,
        67.88016176223755,
        67.61988019943237,
        68.29346227645874,
        67.1526575088501
      ]
    },
    "tau": 0.5
  },
  "LightGBM": {
    "losses": {
      "634_fri_c2_100_10": [
        0.04589151193703927,
        0.026859787951049898,
        0.11050816141453888,
        0.051058381988444645,
        0.03591823237855917
      ]
    },
    "coverage": {
      "634_fri_c2_100_10": [
        0.0,
        0.5,
        0.5,
        0.16666666666666669,
        0.5
      ]
    },
    "time_all": {
      "634_fri_c2_100_10": [
        0.0639810562133789,
        0.08463788032531738,
        0.06829190254211426,
        0.06007528305053711,
        0.08396053314208984
      ]
    },
    "time_fit": {
      "634_fri_c2_100_10": [
        0.014544963836669922,
        0.019801616668701172,
        0.004411458969116211,
        0.003895282745361328,
        0.019945144653320312
      ]
    },
    "tau": 0.5
  },
  "DecisionTree": {
    "losses": {
      "634_fri_c2_100_10": [
        0.048172387253870755,
        0.00380923902448795,
        0.11050816236005229,
        0.05105838214603021,
        6.886363236841244e-05
      ]
    },
    "coverage": {
      "634_fri_c2_100_10": [
        0.0,
        0.5,
        0.5,
        0.16666666666666669,
        0.5
      ]
    },
    "complexity": {
      "634_fri_c2_100_10": [
        3,
        5,
        1,
        1,
        5
      ]
    },
    "time_all": {
      "634_fri_c2_100_10": [
        0.01943063735961914,
        0.030961036682128906,
        0.03082871437072754,
        0.029978513717651367,
        0.030056476593017578
      ]
    },
    "time_fit": {
      "634_fri_c2_100_10": [
        0.001062631607055664,
        0.0018665790557861328,
        0.0014505386352539062,
        0.0014722347259521484,
        0.0018150806427001953
      ]
    },
    "tau": 0.5
  },
  "LinearQuantile": {
    "losses": {
      "634_fri_c2_100_10": [
        0.05825433878229256,
        0.020718686888788265,
        0.3052800843502414,
        0.1508431850085886,
        0.19893399145833396
      ]
    },
    "coverage": {
      "634_fri_c2_100_10": [
        0.0,
        0.5,
        0.5,
        0.5,
        0.5
      ]
    },
    "complexity": {
      "634_fri_c2_100_10": [
        10,
        10,
        10,
        10,
        10
      ]
    },
    "time_all": {
      "634_fri_c2_100_10": [
        0.22460579872131348,
        0.9534890651702881,
        0.1746516227722168,
        0.1250624656677246,
        0.18106675148010254
      ]
    },
    "time_fit": {
      "634_fri_c2_100_10": [
        0.018640756607055664,
        0.06838607788085938,
        0.014840126037597656,
        0.010547399520874023,
        0.015130758285522461
      ]
    },
    "tau": 0.5
  }
}