{
  "SQR": {
    "losses": {
      "573_cpu_act": [
        0.008147331573639435,
        0.04100020198636467,
        0.03889456527253271,
        0.04191266848746267,
        0.038435187491095
      ]
    },
    "coverage": {
      "573_cpu_act": [
        0.03788819875776395,
        0.08591549295774648,
        0.0781021897810219,
        0.08757763975155275,
        0.08019801980198016
      ]
    },
    "complexity": {
      "573_cpu_act": [
        4,
        3,
        4,
        3,
        3
      ]
    },
    "time_all": {
      "573_cpu_act": [
        483.4916286468506,
        369.3057310581207,
        362.77505588531494,
        383.9021542072296,
        370.9333543777466
      ]
    },
    "time_fit": {
      "573_cpu_act": [
        483.4916286468506,
        369.3057310581207,
        362.77505588531494,
        383.9021542072296,
        370.9333543777466
      ]
    },
    "tau": 0.9
  },
  "LightGBM": {
    "losses": {
      "573_cpu_act": [
        0.02095882633345061,
        0.042615964073421615,
        0.04068970842564019,
        0.043719520754152495,
        0.04083274741133182
      ]
    },
    "coverage": {
      "573_cpu_act": [
        0.09999999999999998,
        0.07887323943661972,
        0.0854014598540146,
        0.09378881987577636,
        0.0752475247524752
      ]
    },
    "time_all": {
      "573_cpu_act": [
        1.2886826992034912,
        1.3683292865753174,
        1.3042628765106201,
        1.3848974704742432,
        1.313175916671753
      ]
    },
    "time_fit": {
      "573_cpu_act": [
        0.22713947296142578,
        0.2190232276916504,
        0.2255392074584961,
        0.22357726097106934,
        0.21270418167114258
      ]
    },
    "tau": 0.9
  },
  "DecisionTree": {
    "losses": {
      "573_cpu_act": [
        0.008775330949243992,
        0.03932493953620714,
        0.037036053970360534,
        0.040675701110483714,
        0.03673317331733173
      ]
    },
    "coverage": {
      "573_cpu_act": [
        0.01304347826086949,
        0.04366197183098586,
        0.05620437956204383,
        0.04409937888198756,
        0.015841584158415856
      ]
    },
    "complexity": {
      "573_cpu_act": [
        2299,
        245,
        253,
        205,
        455
      ]
    },
    "time_all": {
      "573_cpu_act": [
        1.4303371906280518,
        0.9650611877441406,
        0.9880969524383545,
        0.9830403327941895,
        0.996819019317627
      ]
    },
    "time_fit": {
      "573_cpu_act": [
        0.18224668502807617,
        0.06578683853149414,
        0.06651067733764648,
        0.06331348419189453,
        0.08301377296447754
      ]
    },
    "tau": 0.9
  },
  "LinearQuantile": {
    "losses": {
      "573_cpu_act": [
        0.03586301860437872,
        0.031036192351151282,
        0.02957764967331258,
        0.033523998552443625,
        0.030560026458824482
      ]
    },
    "coverage": {
      "573_cpu_act": [
        0.07515527950310552,
        0.029577464788732355,
        0.019708029197080257,
        0.01801242236024847,
        0.02871287128712874
      ]
    },
    "complexity": {
      "573_cpu_act": [
        21,
        21,
        21,
        21,
        21
      ]
    },
    "time_all": {
      "573_cpu_act": [
        42.249735832214355,
        43.54701018333435,
        42.50991702079773,
        44.028305530548096,
        45.33439350128174
      ]
    },
    "time_fit": {
      "573_cpu_act": [
        5.300324201583862,
        1.8260738849639893,
        4.693205833435059,
        4.224055290222168,
        4.870354890823364
      ]
    },
    "tau": 0.9
  }
}