{
  "SQR": {
    "losses": {
      "624_fri_c0_100_5": [
        0.016838601057397748,
        0.005329620782666171,
        0.03349634171991769,
        0.025772298882357228,
        0.014953531203566852
      ]
    },
    "coverage": {
      "624_fri_c0_100_5": [
        0.09999999999999998,
        0.09999999999999998,
        0.2333333333333334,
        0.09999999999999998,
        0.4
      ]
    },
    "complexity": {
      "624_fri_c0_100_5": [
        9,
        9,
        9,
        9,
        12
      ]
    },
    "time_all": {
      "624_fri_c0_100_5": [
        85.60864472389221,
        71.24630951881409,
        69.02057361602783,
        69.70976734161377,
        70.45900654792786
      ]
    },
    "time_fit": {
      "624_fri_c0_100_5": [
        85.60864472389221,
        71.24630951881409,
        69.02057361602783,
        69.70976734161377,
        70.45900654792786
      ]
    },
    "tau": 0.9
  },
  "LightGBM": {
    "losses": {
      "624_fri_c0_100_5": [
        0.042333573449025774,
        0.012956235774222048,
        0.05914177927684827,
        0.004768883949775321,
        0.17349920460243304
      ]
    },
    "coverage": {
      "624_fri_c0_100_5": [
        0.09999999999999998,
        0.09999999999999998,
        0.5666666666666667,
        0.09999999999999998,
        0.9
      ]
    },
    "time_all": {
      "624_fri_c0_100_5": [
        0.07136273384094238,
        0.06311798095703125,
        0.06389498710632324,
        0.054088592529296875,
        0.07465434074401855
      ]
    },
    "time_fit": {
      "624_fri_c0_100_5": [
        0.016000032424926758,
        0.004410266876220703,
        0.004253864288330078,
        0.0037984848022460938,
        0.0165102481842041
      ]
    },
    "tau": 0.9
  },
  "DecisionTree": {
    "losses": {
      "624_fri_c0_100_5": [
        0.02026638106510937,
        0.007673998119143012,
        0.02508182597313682,
        0.004768884652181701,
        0.10632205594910343
      ]
    },
    "coverage": {
      "624_fri_c0_100_5": [
        0.09999999999999998,
        0.09999999999999998,
        0.2333333333333334,
        0.09999999999999998,
        0.9
      ]
    },
    "complexity": {
      "624_fri_c0_100_5": [
        27,
        5,
        13,
        1,
        11
      ]
    },
    "time_all": {
      "624_fri_c0_100_5": [
        0.03397226333618164,
        0.03105640411376953,
        0.03601884841918945,
        0.030191659927368164,
        0.031355857849121094
      ]
    },
    "time_fit": {
      "624_fri_c0_100_5": [
        0.0037789344787597656,
        0.0018312931060791016,
        0.0026891231536865234,
        0.0015370845794677734,
        0.002366304397583008
      ]
    },
    "tau": 0.9
  },
  "LinearQuantile": {
    "losses": {
      "624_fri_c0_100_5": [
        0.014680493814382573,
        0.005939857841768851,
        0.10341409343191946,
        0.06283300118468439,
        0.08731541373175805
      ]
    },
    "coverage": {
      "624_fri_c0_100_5": [
        0.09999999999999998,
        0.9,
        0.5666666666666667,
        0.9,
        0.4
      ]
    },
    "complexity": {
      "624_fri_c0_100_5": [
        5,
        5,
        5,
        5,
        5
      ]
    },
    "time_all": {
      "624_fri_c0_100_5": [
        0.16660451889038086,
        0.7702271938323975,
        0.5507676601409912,
        0.0965421199798584,
        0.4603910446166992
      ]
    },
    "time_fit": {
      "624_fri_c0_100_5": [
        0.014570474624633789,
        0.054270267486572266,
        0.048545122146606445,
        0.008273124694824219,
        0.04139137268066406
      ]
    },
    "tau": 0.9
  }
}