{
  "SQR": {
    "losses": {
      "650_fri_c0_500_50": [
        0.014525932708772891,
        0.01610905329401725,
        0.008129223994230479,
        0.012139077045106285,
        0.006112130592838454
      ]
    },
    "coverage": {
      "650_fri_c0_500_50": [
        0.09999999999999998,
        0.2846153846153846,
        0.09999999999999998,
        0.09999999999999998,
        0.016666666666666607
      ]
    },
    "complexity": {
      "650_fri_c0_500_50": [
        9,
        12,
        8,
        9,
        13
      ]
    },
    "time_all": {
      "650_fri_c0_500_50": [
        99.58286619186401,
        88.71483969688416,
        88.65628695487976,
        86.82507491111755,
        85.87993168830872
      ]
    },
    "time_fit": {
      "650_fri_c0_500_50": [
        99.58286619186401,
        88.71483969688416,
        88.65628695487976,
        86.82507491111755,
        85.87993168830872
      ]
    },
    "tau": 0.9
  },
  "LightGBM": {
    "losses": {
      "650_fri_c0_500_50": [
        0.044845940638479125,
        0.02288084735516929,
        0.009836735376555522,
        0.02276862593622352,
        0.04059553178434941
      ]
    },
    "coverage": {
      "650_fri_c0_500_50": [
        0.09999999999999998,
        0.05384615384615388,
        0.20000000000000007,
        0.009090909090909038,
        0.2333333333333334
      ]
    },
    "time_all": {
      "650_fri_c0_500_50": [
        0.2184312343597412,
        0.21575593948364258,
        0.192427396774292,
        0.2115182876586914,
        0.2190399169921875
      ]
    },
    "time_fit": {
      "650_fri_c0_500_50": [
        0.046138763427734375,
        0.03831982612609863,
        0.04415392875671387,
        0.0378575325012207,
        0.0439608097076416
      ]
    },
    "tau": 0.9
  },
  "DecisionTree": {
    "losses": {
      "650_fri_c0_500_50": [
        0.01982549037685134,
        0.04520694326503833,
        0.03335170980296142,
        0.014782642726606145,
        0.02031657856870889
      ]
    },
    "coverage": {
      "650_fri_c0_500_50": [
        0.09999999999999998,
        0.43846153846153846,
        0.20000000000000007,
        0.08181818181818179,
        0.2333333333333334
      ]
    },
    "complexity": {
      "650_fri_c0_500_50": [
        29,
        11,
        27,
        11,
        13
      ]
    },
    "time_all": {
      "650_fri_c0_500_50": [
        0.12387824058532715,
        0.1678318977355957,
        0.17300820350646973,
        0.1716926097869873,
        0.1688992977142334
      ]
    },
    "time_fit": {
      "650_fri_c0_500_50": [
        0.00991058349609375,
        0.009521961212158203,
        0.014079809188842773,
        0.009805917739868164,
        0.010498285293579102
      ]
    },
    "tau": 0.9
  },
  "LinearQuantile": {
    "losses": {
      "650_fri_c0_500_50": [
        0.037746398940619486,
        0.0781530518083142,
        0.07015084883870487,
        0.027334846721836187,
        0.08681353850547223
      ]
    },
    "coverage": {
      "650_fri_c0_500_50": [
        0.09999999999999998,
        0.7461538461538462,
        0.8,
        0.26363636363636367,
        0.7333333333333334
      ]
    },
    "complexity": {
      "650_fri_c0_500_50": [
        50,
        50,
        50,
        50,
        50
      ]
    },
    "time_all": {
      "650_fri_c0_500_50": [
        12.484270095825195,
        15.495386362075806,
        8.811188459396362,
        9.617796897888184,
        14.517756462097168
      ]
    },
    "time_fit": {
      "650_fri_c0_500_50": [
        1.1125733852386475,
        1.3455462455749512,
        0.7740871906280518,
        0.8424937725067139,
        1.2557635307312012
      ]
    },
    "tau": 0.9
  }
}