{
  "SQR": {
    "losses": {
      "547_no2": [
        0.012890235845765608,
        0.010508812534072027,
        0.02762132447762683,
        0.009123096954781352,
        0.017180415233457945
      ]
    },
    "coverage": {
      "547_no2": [
        0.09999999999999998,
        0.09999999999999998,
        0.31666666666666665,
        0.009090909090909038,
        0.025000000000000022
      ]
    },
    "complexity": {
      "547_no2": [
        10,
        8,
        4,
        5,
        5
      ]
    },
    "time_all": {
      "547_no2": [
        105.0534451007843,
        82.31831359863281,
        74.20072388648987,
        78.79949975013733,
        77.21601390838623
      ]
    },
    "time_fit": {
      "547_no2": [
        105.0534451007843,
        82.31831359863281,
        74.20072388648987,
        78.79949975013733,
        77.21601390838623
      ]
    },
    "tau": 0.9
  },
  "LightGBM": {
    "losses": {
      "547_no2": [
        0.01062930348770974,
        0.007398697544558259,
        0.014300304653829202,
        0.006786043519683976,
        0.015833389996892242
      ]
    },
    "coverage": {
      "547_no2": [
        0.023076923076923106,
        0.04285714285714293,
        0.2333333333333334,
        0.09999999999999998,
        0.025000000000000022
      ]
    },
    "time_all": {
      "547_no2": [
        0.19228458404541016,
        0.19722390174865723,
        0.18410253524780273,
        0.16971874237060547,
        0.17664813995361328
      ]
    },
    "time_fit": {
      "547_no2": [
        0.038805246353149414,
        0.058869361877441406,
        0.0431065559387207,
        0.03955078125,
        0.03813815116882324
      ]
    },
    "tau": 0.9
  },
  "DecisionTree": {
    "losses": {
      "547_no2": [
        0.010863632843685307,
        0.007558164656638371,
        0.013186744128618325,
        0.007101055064379608,
        0.016223394219094918
      ]
    },
    "coverage": {
      "547_no2": [
        0.05384615384615388,
        0.09999999999999998,
        0.2333333333333334,
        0.08181818181818179,
        0.15000000000000002
      ]
    },
    "complexity": {
      "547_no2": [
        25,
        11,
        29,
        15,
        11
      ]
    },
    "time_all": {
      "547_no2": [
        0.049683570861816406,
        0.0655362606048584,
        0.06817507743835449,
        0.06625866889953613,
        0.06691431999206543
      ]
    },
    "time_fit": {
      "547_no2": [
        0.0032160282135009766,
        0.003047466278076172,
        0.004812717437744141,
        0.003476858139038086,
        0.003050088882446289
      ]
    },
    "tau": 0.9
  },
  "LinearQuantile": {
    "losses": {
      "547_no2": [
        0.020322136485501567,
        0.016414074090475694,
        0.014992466545155009,
        0.014244139810136617,
        0.01627753441231208
      ]
    },
    "coverage": {
      "547_no2": [
        0.09999999999999998,
        0.09999999999999998,
        0.09999999999999998,
        0.09999999999999998,
        0.09999999999999998
      ]
    },
    "complexity": {
      "547_no2": [
        7,
        7,
        7,
        7,
        7
      ]
    },
    "time_all": {
      "547_no2": [
        0.17418479919433594,
        0.25150012969970703,
        0.23445987701416016,
        0.32021188735961914,
        0.09202098846435547
      ]
    },
    "time_fit": {
      "547_no2": [
        0.014084100723266602,
        0.02225947380065918,
        0.019780874252319336,
        0.026718616485595703,
        0.00781869888305664
      ]
    },
    "tau": 0.9
  }
}