{
  "SQR": {
    "losses": {
      "650_fri_c0_500_50": [
        0.040084106318715104,
        0.022075185294737457,
        0.016681556531125918,
        0.020383362856602485,
        0.019408756802938864
      ]
    },
    "coverage": {
      "650_fri_c0_500_50": [
        0.30000000000000004,
        0.038461538461538436,
        0.30000000000000004,
        0.04545454545454547,
        0.0
      ]
    },
    "complexity": {
      "650_fri_c0_500_50": [
        11,
        11,
        10,
        18,
        12
      ]
    },
    "time_all": {
      "650_fri_c0_500_50": [
        107.2775387763977,
        89.91544222831726,
        84.92653608322144,
        93.63507771492004,
        91.84783816337585
      ]
    },
    "time_fit": {
      "650_fri_c0_500_50": [
        107.2775387763977,
        89.91544222831726,
        84.92653608322144,
        93.63507771492004,
        91.84783816337585
      ]
    },
    "tau": 0.5
  },
  "LightGBM": {
    "losses": {
      "650_fri_c0_500_50": [
        0.05900442934295642,
        0.06468111901742037,
        0.06116564795266813,
        0.04268118566448278,
        0.06069428063245809
      ]
    },
    "coverage": {
      "650_fri_c0_500_50": [
        0.09999999999999998,
        0.4230769230769231,
        0.5,
        0.13636363636363635,
        0.4166666666666667
      ]
    },
    "time_all": {
      "650_fri_c0_500_50": [
        0.2632591724395752,
        0.2915680408477783,
        0.2550969123840332,
        0.25295233726501465,
        0.2585005760192871
      ]
    },
    "time_fit": {
      "650_fri_c0_500_50": [
        0.06157636642456055,
        0.05826735496520996,
        0.05673670768737793,
        0.0571897029876709,
        0.056082963943481445
      ]
    },
    "tau": 0.5
  },
  "DecisionTree": {
    "losses": {
      "650_fri_c0_500_50": [
        0.04151450187306103,
        0.06377226204263017,
        0.06313073042614498,
        0.03674857484125179,
        0.050618762711238725
      ]
    },
    "coverage": {
      "650_fri_c0_500_50": [
        0.09999999999999998,
        0.11538461538461536,
        0.2,
        0.045454545454545414,
        0.25
      ]
    },
    "complexity": {
      "650_fri_c0_500_50": [
        145,
        61,
        27,
        63,
        63
      ]
    },
    "time_all": {
      "650_fri_c0_500_50": [
        0.1982264518737793,
        0.1761469841003418,
        0.1715848445892334,
        0.1811215877532959,
        0.17681264877319336
      ]
    },
    "time_fit": {
      "650_fri_c0_500_50": [
        0.029264211654663086,
        0.019971609115600586,
        0.014520645141601562,
        0.020532608032226562,
        0.020003080368041992
      ]
    },
    "tau": 0.5
  },
  "LinearQuantile": {
    "losses": {
      "650_fri_c0_500_50": [
        0.053905698740054346,
        0.041685534970226465,
        0.03279439695805735,
        0.03952944629551176,
        0.0485703084967322
      ]
    },
    "coverage": {
      "650_fri_c0_500_50": [
        0.30000000000000004,
        0.2692307692307692,
        0.0,
        0.13636363636363635,
        0.25
      ]
    },
    "complexity": {
      "650_fri_c0_500_50": [
        50,
        50,
        50,
        50,
        50
      ]
    },
    "time_all": {
      "650_fri_c0_500_50": [
        5.718193292617798,
        12.530938148498535,
        22.432193517684937,
        10.984879732131958,
        3.944859027862549
      ]
    },
    "time_fit": {
      "650_fri_c0_500_50": [
        0.47908973693847656,
        1.0883347988128662,
        1.897289514541626,
        0.9909145832061768,
        0.3131370544433594
      ]
    },
    "tau": 0.5
  }
}