{
  "SQR": {
    "losses": {
      "562_cpu_small": [
        0.15668935152793917,
        0.18736036957398705,
        0.17754728010701284,
        0.19276229851191645,
        0.17265525795517103
      ]
    },
    "coverage": {
      "562_cpu_small": [
        0.18181818181818177,
        0.24647887323943662,
        0.3029197080291971,
        0.22670807453416153,
        0.26732673267326734
      ]
    },
    "complexity": {
      "562_cpu_small": [
        6,
        6,
        5,
        7,
        6
      ]
    },
    "time_all": {
      "562_cpu_small": [
        373.14474272727966,
        341.1767723560333,
        370.0271408557892,
        395.73533630371094,
        374.31529092788696
      ]
    },
    "time_fit": {
      "562_cpu_small": [
        373.14474272727966,
        341.1767723560333,
        370.0271408557892,
        395.73533630371094,
        374.31529092788696
      ]
    },
    "tau": 0.5
  },
  "LightGBM": {
    "losses": {
      "562_cpu_small": [
        0.1549098116551442,
        0.18580292938699022,
        0.17546745509405232,
        0.19203856097557503,
        0.17374483614839006
      ]
    },
    "coverage": {
      "562_cpu_small": [
        0.24025974025974028,
        0.2676056338028169,
        0.33941605839416056,
        0.28260869565217395,
        0.3168316831683168
      ]
    },
    "time_all": {
      "562_cpu_small": [
        1.0339789390563965,
        1.0133967399597168,
        1.0405492782592773,
        1.0204246044158936,
        1.0618860721588135
      ]
    },
    "time_fit": {
      "562_cpu_small": [
        0.14129018783569336,
        0.14464855194091797,
        0.13850021362304688,
        0.13660764694213867,
        0.14361119270324707
      ]
    },
    "tau": 0.5
  },
  "DecisionTree": {
    "losses": {
      "562_cpu_small": [
        0.15218745900564082,
        0.18116019348413714,
        0.17039003170390032,
        0.18486103268711965,
        0.16836683668366836
      ]
    },
    "coverage": {
      "562_cpu_small": [
        0.16233766233766234,
        0.2535211267605634,
        0.21532846715328469,
        0.2577639751552795,
        0.26732673267326734
      ]
    },
    "complexity": {
      "562_cpu_small": [
        1023,
        2405,
        2369,
        2411,
        2399
      ]
    },
    "time_all": {
      "562_cpu_small": [
        0.7689094543457031,
        0.9847946166992188,
        0.9902684688568115,
        0.857250452041626,
        1.1447126865386963
      ]
    },
    "time_fit": {
      "562_cpu_small": [
        0.08931303024291992,
        0.14926385879516602,
        0.14784955978393555,
        0.14841866493225098,
        0.1517024040222168
      ]
    },
    "tau": 0.5
  },
  "LinearQuantile": {
    "losses": {
      "562_cpu_small": [
        0.12859257797791487,
        0.09550095391626746,
        0.08010025220797123,
        0.2865686145825821,
        0.09298615462129119
      ]
    },
    "coverage": {
      "562_cpu_small": [
        0.31818181818181823,
        0.0,
        0.3248175182481752,
        0.3944099378881988,
        0.3366336633663366
      ]
    },
    "complexity": {
      "562_cpu_small": [
        12,
        12,
        12,
        12,
        12
      ]
    },
    "time_all": {
      "562_cpu_small": [
        19.94983196258545,
        23.13571333885193,
        23.842241048812866,
        21.685547590255737,
        21.30701971054077
      ]
    },
    "time_fit": {
      "562_cpu_small": [
        2.1749606132507324,
        2.1538262367248535,
        2.7949726581573486,
        0.7144355773925781,
        2.174327850341797
      ]
    },
    "tau": 0.5
  }
}