{
  "SQR": {
    "losses": {
      "banana": [
        0.12784830715383455,
        0.04098107149669989,
        0.02605896667326489,
        0.22722635085360596,
        0.15166349910355728
      ]
    },
    "coverage": {
      "banana": [
        0.3615384615384616,
        0.4327102803738318,
        0.35370370370370374,
        0.3315789473684211,
        0.37115384615384617
      ]
    },
    "complexity": {
      "banana": [
        10,
        12,
        13,
        9,
        10
      ]
    },
    "time_all": {
      "banana": [
        180.9080958366394,
        157.99289631843567,
        178.67199897766113,
        260.6400601863861,
        184.69491863250732
      ]
    },
    "time_fit": {
      "banana": [
        180.9080958366394,
        157.99289631843567,
        178.67199897766113,
        260.6400601863861,
        184.69491863250732
      ]
    },
    "tau": 0.9
  },
  "LightGBM": {
    "losses": {
      "banana": [
        0.05384615384615383,
        0.046728971962616814,
        0.05462962962962961,
        0.05578947368421049,
        0.05288461538461537
      ]
    },
    "coverage": {
      "banana": [
        0.09999999999999998,
        0.09999999999999998,
        0.09999999999999998,
        0.09999999999999998,
        0.09999999999999998
      ]
    },
    "time_all": {
      "banana": [
        0.11521458625793457,
        0.06900477409362793,
        0.06744241714477539,
        0.13872051239013672,
        0.13525819778442383
      ]
    },
    "time_fit": {
      "banana": [
        0.023936986923217773,
        0.012583494186401367,
        0.012120246887207031,
        0.029989242553710938,
        0.025621414184570312
      ]
    },
    "tau": 0.9
  },
  "DecisionTree": {
    "losses": {
      "banana": [
        0.033269230769230766,
        0.12289719626168225,
        0.017592592592592587,
        0.0371578947368421,
        0.05634615384615384
      ]
    },
    "coverage": {
      "banana": [
        0.07115384615384612,
        0.012149532710280408,
        0.09999999999999998,
        0.09999999999999998,
        0.023076923076923106
      ]
    },
    "complexity": {
      "banana": [
        515,
        495,
        173,
        285,
        505
      ]
    },
    "time_all": {
      "banana": [
        0.20815825462341309,
        0.30185508728027344,
        0.2992410659790039,
        0.2922990322113037,
        0.3166682720184326
      ]
    },
    "time_fit": {
      "banana": [
        0.03232145309448242,
        0.0479586124420166,
        0.02510380744934082,
        0.031331777572631836,
        0.048391103744506836
      ]
    },
    "tau": 0.9
  },
  "LinearQuantile": {
    "losses": {
      "banana": [
        0.4153876324716799,
        0.47944155882271716,
        0.4083365072071791,
        0.39789711467671357,
        0.4240420644143714
      ]
    },
    "coverage": {
      "banana": [
        0.9,
        0.9,
        0.9,
        0.9,
        0.9
      ]
    },
    "complexity": {
      "banana": [
        2,
        2,
        2,
        2,
        2
      ]
    },
    "time_all": {
      "banana": [
        0.0912637710571289,
        0.1318671703338623,
        0.1531844139099121,
        0.11929535865783691,
        0.13205218315124512
      ]
    },
    "time_fit": {
      "banana": [
        0.007518768310546875,
        0.011214971542358398,
        0.012995004653930664,
        0.009949684143066406,
        0.011109352111816406
      ]
    },
    "tau": 0.9
  }
}