{
  "SQR": {
    "losses": {
      "666_rmftsa_ladata": [
        0.1755148802665881,
        0.05932728843725097,
        0.10386746698400963,
        0.034644254588799085,
        0.09307238922861398
      ]
    },
    "coverage": {
      "666_rmftsa_ladata": [
        0.65,
        0.525,
        0.525,
        0.4454545454545455,
        0.525
      ]
    },
    "complexity": {
      "666_rmftsa_ladata": [
        2,
        2,
        2,
        2,
        2
      ]
    },
    "time_all": {
      "666_rmftsa_ladata": [
        102.61597013473511,
        86.20540380477905,
        85.2858419418335,
        82.1667377948761,
        82.52399134635925
      ]
    },
    "time_fit": {
      "666_rmftsa_ladata": [
        102.61597013473511,
        86.20540380477905,
        85.2858419418335,
        82.1667377948761,
        82.52399134635925
      ]
    },
    "tau": 0.9
  },
  "LightGBM": {
    "losses": {
      "666_rmftsa_ladata": [
        0.18711255306808164,
        0.05348629783526587,
        0.12437903613666115,
        0.04828395389923611,
        0.10213449843107113
      ]
    },
    "coverage": {
      "666_rmftsa_ladata": [
        0.775,
        0.525,
        0.4,
        0.4454545454545455,
        0.525
      ]
    },
    "time_all": {
      "666_rmftsa_ladata": [
        0.225050687789917,
        0.2303943634033203,
        0.21168851852416992,
        0.18639588356018066,
        0.2002546787261963
      ]
    },
    "time_fit": {
      "666_rmftsa_ladata": [
        0.0552372932434082,
        0.05621981620788574,
        0.042946815490722656,
        0.03934216499328613,
        0.05733036994934082
      ]
    },
    "tau": 0.9
  },
  "DecisionTree": {
    "losses": {
      "666_rmftsa_ladata": [
        0.16873097956377198,
        0.019611867348185718,
        0.09958048491326617,
        0.0327777711477084,
        0.10022070642662353
      ]
    },
    "coverage": {
      "666_rmftsa_ladata": [
        0.775,
        0.275,
        0.275,
        0.3545454545454546,
        0.4625
      ]
    },
    "complexity": {
      "666_rmftsa_ladata": [
        13,
        23,
        63,
        11,
        27
      ]
    },
    "time_all": {
      "666_rmftsa_ladata": [
        0.051717281341552734,
        0.07619833946228027,
        0.08244872093200684,
        0.0769357681274414,
        0.07931852340698242
      ]
    },
    "time_fit": {
      "666_rmftsa_ladata": [
        0.002579927444458008,
        0.0051288604736328125,
        0.008934259414672852,
        0.003747224807739258,
        0.0055675506591796875
      ]
    },
    "tau": 0.9
  },
  "LinearQuantile": {
    "losses": {
      "666_rmftsa_ladata": [
        0.14728796743010603,
        0.025284624915103165,
        0.07629830698544586,
        0.025044442326405455,
        0.07308746147968628
      ]
    },
    "coverage": {
      "666_rmftsa_ladata": [
        0.65,
        0.4,
        0.275,
        0.26363636363636367,
        0.4625
      ]
    },
    "complexity": {
      "666_rmftsa_ladata": [
        10,
        10,
        10,
        10,
        10
      ]
    },
    "time_all": {
      "666_rmftsa_ladata": [
        0.21853065490722656,
        0.17866206169128418,
        0.44129204750061035,
        1.7581613063812256,
        0.23931670188903809
      ]
    },
    "time_fit": {
      "666_rmftsa_ladata": [
        0.017681360244750977,
        0.01571035385131836,
        0.03952980041503906,
        0.10594391822814941,
        0.020769357681274414
      ]
    },
    "tau": 0.9
  }
}