{
  "SQR": {
    "losses": {
      "503_wind": [
        0.024945603584196452,
        0.0191938984066775,
        0.022312232318387127,
        0.03072737831135324,
        0.026550516223704912
      ]
    },
    "coverage": {
      "503_wind": [
        0.1575757575757576,
        0.10149253731343288,
        0.19333333333333336,
        0.14324324324324322,
        0.20952380952380956
      ]
    },
    "complexity": {
      "503_wind": [
        2,
        2,
        2,
        2,
        2
      ]
    },
    "time_all": {
      "503_wind": [
        358.03744673728943,
        329.24146270751953,
        341.45868587493896,
        322.5085325241089,
        287.9096214771271
      ]
    },
    "time_fit": {
      "503_wind": [
        358.03744673728943,
        329.24146270751953,
        341.45868587493896,
        322.5085325241089,
        287.9096214771271
      ]
    },
    "tau": 0.9
  },
  "LightGBM": {
    "losses": {
      "503_wind": [
        0.033407178779464086,
        0.02623751875319755,
        0.02927512845788489,
        0.03722679384851926,
        0.03645862269425729
      ]
    },
    "coverage": {
      "503_wind": [
        0.2560606060606061,
        0.14626865671641798,
        0.2533333333333334,
        0.28738738738738745,
        0.27301587301587305
      ]
    },
    "time_all": {
      "503_wind": [
        0.8123197555541992,
        0.8471250534057617,
        0.851642370223999,
        0.9232199192047119,
        0.8508780002593994
      ]
    },
    "time_fit": {
      "503_wind": [
        0.11092233657836914,
        0.11878132820129395,
        0.1204526424407959,
        0.12343502044677734,
        0.1183309555053711
      ]
    },
    "tau": 0.9
  },
  "DecisionTree": {
    "losses": {
      "503_wind": [
        0.02597100875099115,
        0.02779343551369775,
        0.023841144003496195,
        0.03299423143923036,
        0.02521091416691913
      ]
    },
    "coverage": {
      "503_wind": [
        0.13484848484848488,
        0.13134328358208958,
        0.1266666666666667,
        0.21531531531531534,
        0.1777777777777778
      ]
    },
    "complexity": {
      "503_wind": [
        239,
        149,
        207,
        233,
        151
      ]
    },
    "time_all": {
      "503_wind": [
        1.0052073001861572,
        0.8192038536071777,
        0.7258021831512451,
        0.9881224632263184,
        0.7404797077178955
      ]
    },
    "time_fit": {
      "503_wind": [
        0.05766797065734863,
        0.035851478576660156,
        0.03698873519897461,
        0.05420851707458496,
        0.033132076263427734
      ]
    },
    "tau": 0.9
  },
  "LinearQuantile": {
    "losses": {
      "503_wind": [
        0.014677891911112113,
        0.016801300697059946,
        0.015729577948006827,
        0.020657391499784555,
        0.013777400076362087
      ]
    },
    "coverage": {
      "503_wind": [
        0.031818181818181746,
        0.010447761194029792,
        0.013333333333333308,
        0.04414414414414414,
        0.012698412698412653
      ]
    },
    "complexity": {
      "503_wind": [
        14,
        14,
        14,
        14,
        14
      ]
    },
    "time_all": {
      "503_wind": [
        0.9405553340911865,
        1.485262393951416,
        1.3912429809570312,
        1.5330073833465576,
        1.6435213088989258
      ]
    },
    "time_fit": {
      "503_wind": [
        0.07836294174194336,
        0.13040971755981445,
        0.12350630760192871,
        0.13371491432189941,
        0.13834691047668457
      ]
    },
    "tau": 0.9
  }
}