{
  "SQR": {
    "losses": {
      "583_fri_c1_1000_50": [
        0.04104977824943396,
        0.015109131095083548,
        0.034773145919360635,
        0.011881195164586935,
        0.08095782660616195
      ]
    },
    "coverage": {
      "583_fri_c1_1000_50": [
        0.021739130434782594,
        0.0,
        0.2096774193548387,
        0.06000000000000005,
        0.5
      ]
    },
    "complexity": {
      "583_fri_c1_1000_50": [
        12,
        14,
        15,
        17,
        11
      ]
    },
    "time_all": {
      "583_fri_c1_1000_50": [
        114.15151834487915,
        105.73678946495056,
        104.66511821746826,
        105.00835824012756,
        98.76972103118896
      ]
    },
    "time_fit": {
      "583_fri_c1_1000_50": [
        114.15151834487915,
        105.73678946495056,
        104.66511821746826,
        105.00835824012756,
        98.76972103118896
      ]
    },
    "tau": 0.5
  },
  "LightGBM": {
    "losses": {
      "583_fri_c1_1000_50": [
        0.06347262151923183,
        0.07080612102752419,
        0.06495052087645452,
        0.07759316468980833,
        0.06157072538651252
      ]
    },
    "coverage": {
      "583_fri_c1_1000_50": [
        0.32608695652173914,
        0.3,
        0.3064516129032258,
        0.38,
        0.25
      ]
    },
    "time_all": {
      "583_fri_c1_1000_50": [
        0.5065054893493652,
        0.5313308238983154,
        0.5047762393951416,
        0.4905989170074463,
        0.5061612129211426
      ]
    },
    "time_fit": {
      "583_fri_c1_1000_50": [
        0.1456151008605957,
        0.15564942359924316,
        0.15925097465515137,
        0.1541907787322998,
        0.15907835960388184
      ]
    },
    "tau": 0.5
  },
  "DecisionTree": {
    "losses": {
      "583_fri_c1_1000_50": [
        0.08416785601804261,
        0.06668956342554838,
        0.08723395589231026,
        0.07832414141555155,
        0.09590645235275819
      ]
    },
    "coverage": {
      "583_fri_c1_1000_50": [
        0.28260869565217395,
        0.09999999999999998,
        0.3709677419354839,
        0.26,
        0.4166666666666667
      ]
    },
    "complexity": {
      "583_fri_c1_1000_50": [
        49,
        123,
        57,
        289,
        23
      ]
    },
    "time_all": {
      "583_fri_c1_1000_50": [
        0.23063230514526367,
        0.4019007682800293,
        0.4029102325439453,
        0.42791748046875,
        0.4200453758239746
      ]
    },
    "time_fit": {
      "583_fri_c1_1000_50": [
        0.019094228744506836,
        0.041265249252319336,
        0.03194236755371094,
        0.05775284767150879,
        0.02610611915588379
      ]
    },
    "tau": 0.5
  },
  "LinearQuantile": {
    "losses": {
      "583_fri_c1_1000_50": [
        0.12048021393088626,
        0.1115008903716487,
        0.10001459554198994,
        0.11224876890894676,
        0.09814963076941936
      ]
    },
    "coverage": {
      "583_fri_c1_1000_50": [
        0.4565217391304348,
        0.4,
        0.27419354838709675,
        0.46,
        0.25
      ]
    },
    "complexity": {
      "583_fri_c1_1000_50": [
        50,
        50,
        50,
        50,
        50
      ]
    },
    "time_all": {
      "583_fri_c1_1000_50": [
        4.9322509765625,
        23.609752893447876,
        10.496686458587646,
        16.914183855056763,
        56.63987064361572
      ]
    },
    "time_fit": {
      "583_fri_c1_1000_50": [
        0.4397866725921631,
        2.1112844944000244,
        0.9327223300933838,
        1.5111973285675049,
        2.1810381412506104
      ]
    },
    "tau": 0.5
  }
}