{
  "SQR": {
    "losses": {
      "230_machine_cpu": [
        0.12152422696110138,
        0.4172531015641967,
        0.0027889227791460746,
        0.03451111552405715
      ]
    },
    "coverage": {
      "230_machine_cpu": [
        0.65,
        0.9,
        0.09999999999999998,
        0.9
      ]
    },
    "complexity": {
      "230_machine_cpu": [
        5,
        5,
        9,
        10
      ]
    },
    "time_all": {
      "230_machine_cpu": [
        95.69345760345459,
        78.92894458770752,
        78.85038113594055,
        80.45887470245361
      ]
    },
    "time_fit": {
      "230_machine_cpu": [
        95.69345760345459,
        78.92894458770752,
        78.85038113594055,
        80.45887470245361
      ]
    },
    "tau": 0.9
  },
  "LightGBM": {
    "losses": {
      "230_machine_cpu": [
        0.26271220094400577,
        0.5684118659116066,
        0.005010000348621741,
        0.15092657128318634
      ]
    },
    "coverage": {
      "230_machine_cpu": [
        0.4,
        0.9,
        0.09999999999999998,
        0.9
      ]
    },
    "time_all": {
      "230_machine_cpu": [
        0.09996485710144043,
        0.09874844551086426,
        0.10936093330383301,
        0.09448027610778809
      ]
    },
    "time_fit": {
      "230_machine_cpu": [
        0.020962238311767578,
        0.02095937728881836,
        0.02349853515625,
        0.019467592239379883
      ]
    },
    "tau": 0.9
  },
  "DecisionTree": {
    "losses": {
      "230_machine_cpu": [
        0.2312325174825175,
        0.5237937062937064,
        0.0009615384615384614,
        0.09912587412587413
      ]
    },
    "coverage": {
      "230_machine_cpu": [
        0.65,
        0.9,
        0.09999999999999998,
        0.9
      ]
    },
    "complexity": {
      "230_machine_cpu": [
        27,
        27,
        57,
        27
      ]
    },
    "time_all": {
      "230_machine_cpu": [
        0.02807450294494629,
        0.04108715057373047,
        0.042499542236328125,
        0.04057765007019043
      ]
    },
    "time_fit": {
      "230_machine_cpu": [
        0.0024132728576660156,
        0.003662109375,
        0.005762815475463867,
        0.0036520957946777344
      ]
    },
    "tau": 0.9
  },
  "LinearQuantile": {
    "losses": {
      "230_machine_cpu": [
        0.11902994863051095,
        0.47038858670114353,
        0.0024250280076017565,
        0.03146143188788956
      ]
    },
    "coverage": {
      "230_machine_cpu": [
        0.65,
        0.9,
        0.09999999999999998,
        0.9
      ]
    },
    "complexity": {
      "230_machine_cpu": [
        6,
        6,
        6,
        6
      ]
    },
    "time_all": {
      "230_machine_cpu": [
        0.09351658821105957,
        0.130293607711792,
        0.6591033935546875,
        0.15214180946350098
      ]
    },
    "time_fit": {
      "230_machine_cpu": [
        0.0075223445892333984,
        0.011011362075805664,
        0.05127716064453125,
        0.013157129287719727
      ]
    },
    "tau": 0.9
  }
}