{
  "SQR": {
    "losses": {
      "657_fri_c2_250_10": [
        0.0763408892510822,
        0.04750459674369472,
        0.02349108711029402,
        0.03677832584427552,
        0.06053329076644572
      ]
    },
    "coverage": {
      "657_fri_c2_250_10": [
        0.25,
        0.5,
        0.2142857142857143,
        0.09999999999999998,
        0.30000000000000004
      ]
    },
    "complexity": {
      "657_fri_c2_250_10": [
        10,
        15,
        16,
        12,
        12
      ]
    },
    "time_all": {
      "657_fri_c2_250_10": [
        91.73765230178833,
        77.28010559082031,
        75.70988130569458,
        76.94018268585205,
        71.21499109268188
      ]
    },
    "time_fit": {
      "657_fri_c2_250_10": [
        91.73765230178833,
        77.28010559082031,
        75.70988130569458,
        76.94018268585205,
        71.21499109268188
      ]
    },
    "tau": 0.5
  },
  "LightGBM": {
    "losses": {
      "657_fri_c2_250_10": [
        0.10167243489760101,
        0.13171649955426085,
        0.11528458228929751,
        0.09329173616779994,
        0.12789168713805252
      ]
    },
    "coverage": {
      "657_fri_c2_250_10": [
        0.5,
        0.5,
        0.2142857142857143,
        0.3,
        0.3
      ]
    },
    "time_all": {
      "657_fri_c2_250_10": [
        0.13176918029785156,
        0.1381969451904297,
        0.15410304069519043,
        0.15219759941101074,
        0.138824462890625
      ]
    },
    "time_fit": {
      "657_fri_c2_250_10": [
        0.030677318572998047,
        0.033902883529663086,
        0.03684234619140625,
        0.03673672676086426,
        0.03345656394958496
      ]
    },
    "tau": 0.5
  },
  "DecisionTree": {
    "losses": {
      "657_fri_c2_250_10": [
        0.12538051940114836,
        0.0852410944703862,
        0.08693590071814171,
        0.06737036355716523,
        0.10074453791555239
      ]
    },
    "coverage": {
      "657_fri_c2_250_10": [
        0.5,
        0.0,
        0.2142857142857143,
        0.09999999999999998,
        0.3
      ]
    },
    "complexity": {
      "657_fri_c2_250_10": [
        31,
        31,
        29,
        75,
        75
      ]
    },
    "time_all": {
      "657_fri_c2_250_10": [
        0.03526806831359863,
        0.05029034614562988,
        0.04973721504211426,
        0.054457664489746094,
        0.05369853973388672
      ]
    },
    "time_fit": {
      "657_fri_c2_250_10": [
        0.003371000289916992,
        0.004897356033325195,
        0.004597187042236328,
        0.008208513259887695,
        0.008316516876220703
      ]
    },
    "tau": 0.5
  },
  "LinearQuantile": {
    "losses": {
      "657_fri_c2_250_10": [
        0.11040695435158297,
        0.28734293372202263,
        0.10290003866410063,
        0.12677252301984349,
        0.12436123316987778
      ]
    },
    "coverage": {
      "657_fri_c2_250_10": [
        0.5,
        0.5,
        0.2142857142857143,
        0.5,
        0.5
      ]
    },
    "complexity": {
      "657_fri_c2_250_10": [
        10,
        10,
        10,
        10,
        10
      ]
    },
    "time_all": {
      "657_fri_c2_250_10": [
        0.41840577125549316,
        0.2712998390197754,
        0.18654298782348633,
        0.8219869136810303,
        0.15466547012329102
      ]
    },
    "time_fit": {
      "657_fri_c2_250_10": [
        0.03673219680786133,
        0.02330493927001953,
        0.016303062438964844,
        0.05850481986999512,
        0.013404607772827148
      ]
    },
    "tau": 0.5
  }
}