{
  "SQR": {
    "losses": {
      "608_fri_c3_1000_10": [
        0.017144149435543658,
        0.020507318897050694,
        0.021597238428027802,
        0.03669147157913761,
        0.016809432361478936
      ]
    },
    "coverage": {
      "608_fri_c3_1000_10": [
        0.2727272727272727,
        0.11904761904761907,
        0.2142857142857143,
        0.0,
        0.14285714285714285
      ]
    },
    "complexity": {
      "608_fri_c3_1000_10": [
        14,
        10,
        12,
        15,
        11
      ]
    },
    "time_all": {
      "608_fri_c3_1000_10": [
        114.0022201538086,
        103.66042280197144,
        99.88338589668274,
        99.10444331169128,
        103.08563232421875
      ]
    },
    "time_fit": {
      "608_fri_c3_1000_10": [
        114.0022201538086,
        103.66042280197144,
        99.88338589668274,
        99.10444331169128,
        103.08563232421875
      ]
    },
    "tau": 0.5
  },
  "LightGBM": {
    "losses": {
      "608_fri_c3_1000_10": [
        0.059791053949808826,
        0.07403556085040462,
        0.07168576182405605,
        0.08413705585894521,
        0.04699310180689381
      ]
    },
    "coverage": {
      "608_fri_c3_1000_10": [
        0.40909090909090906,
        0.40476190476190477,
        0.35714285714285715,
        0.4583333333333333,
        0.4285714285714286
      ]
    },
    "time_all": {
      "608_fri_c3_1000_10": [
        0.3811967372894287,
        0.42445874214172363,
        0.42874860763549805,
        0.3501412868499756,
        0.35851216316223145
      ]
    },
    "time_fit": {
      "608_fri_c3_1000_10": [
        0.07192134857177734,
        0.1386103630065918,
        0.12942886352539062,
        0.07060647010803223,
        0.07212185859680176
      ]
    },
    "tau": 0.5
  },
  "DecisionTree": {
    "losses": {
      "608_fri_c3_1000_10": [
        0.06895931420345103,
        0.07380540848558925,
        0.05606624723187805,
        0.06486329306283128,
        0.043393899484384726
      ]
    },
    "coverage": {
      "608_fri_c3_1000_10": [
        0.36363636363636365,
        0.40476190476190477,
        0.30952380952380953,
        0.20833333333333331,
        0.35714285714285715
      ]
    },
    "complexity": {
      "608_fri_c3_1000_10": [
        301,
        123,
        293,
        289,
        127
      ]
    },
    "time_all": {
      "608_fri_c3_1000_10": [
        0.18704891204833984,
        0.16034984588623047,
        0.17238998413085938,
        0.17438769340515137,
        0.1618947982788086
      ]
    },
    "time_fit": {
      "608_fri_c3_1000_10": [
        0.03391432762145996,
        0.018056869506835938,
        0.030525684356689453,
        0.0314631462097168,
        0.018275976181030273
      ]
    },
    "tau": 0.5
  },
  "LinearQuantile": {
    "losses": {
      "608_fri_c3_1000_10": [
        0.09433062644613127,
        0.09696727437821841,
        0.09983242101423362,
        0.1287246856269676,
        0.0909374145025918
      ]
    },
    "coverage": {
      "608_fri_c3_1000_10": [
        0.36363636363636365,
        0.40476190476190477,
        0.35714285714285715,
        0.375,
        0.5
      ]
    },
    "complexity": {
      "608_fri_c3_1000_10": [
        10,
        10,
        10,
        10,
        10
      ]
    },
    "time_all": {
      "608_fri_c3_1000_10": [
        2.4465012550354004,
        0.6651620864868164,
        0.5559847354888916,
        0.4447286128997803,
        0.42998647689819336
      ]
    },
    "time_fit": {
      "608_fri_c3_1000_10": [
        0.16496491432189941,
        0.04943060874938965,
        0.04228067398071289,
        0.03950953483581543,
        0.034371376037597656
      ]
    },
    "tau": 0.5
  }
}