{
  "SQR": {
    "losses": {
      "4544_GeographicalOriginalofMusic": [
        0.0357172115530359,
        0.02938061603045329,
        0.03585965509371931,
        0.03371761236047848,
        0.02039565763012825
      ]
    },
    "coverage": {
      "4544_GeographicalOriginalofMusic": [
        0.0,
        0.12222222222222223,
        0.0034482758620689724,
        0.07391304347826089,
        0.04117647058823526
      ]
    },
    "complexity": {
      "4544_GeographicalOriginalofMusic": [
        3,
        6,
        2,
        5,
        2
      ]
    },
    "time_all": {
      "4544_GeographicalOriginalofMusic": [
        101.36728692054749,
        90.14936208724976,
        89.4429440498352,
        92.39638900756836,
        92.00155568122864
      ]
    },
    "time_fit": {
      "4544_GeographicalOriginalofMusic": [
        101.36728692054749,
        90.14936208724976,
        89.4429440498352,
        92.39638900756836,
        92.00155568122864
      ]
    },
    "tau": 0.9
  },
  "LightGBM": {
    "losses": {
      "4544_GeographicalOriginalofMusic": [
        0.05059738638900829,
        0.0866065003984298,
        0.07656421593713121,
        0.07131474130941265,
        0.08491467717997249
      ]
    },
    "coverage": {
      "4544_GeographicalOriginalofMusic": [
        0.25,
        0.4555555555555556,
        0.38275862068965516,
        0.24782608695652175,
        0.6647058823529413
      ]
    },
    "time_all": {
      "4544_GeographicalOriginalofMusic": [
        0.42730045318603516,
        0.4034137725830078,
        0.3816711902618408,
        0.38399577140808105,
        0.4091489315032959
      ]
    },
    "time_fit": {
      "4544_GeographicalOriginalofMusic": [
        0.0839083194732666,
        0.08641767501831055,
        0.08653807640075684,
        0.08595657348632812,
        0.08901524543762207
      ]
    },
    "tau": 0.9
  },
  "DecisionTree": {
    "losses": {
      "4544_GeographicalOriginalofMusic": [
        0.047054485718702216,
        0.0807484056701622,
        0.05027523647581363,
        0.06020633600492917,
        0.06045810044707383
      ]
    },
    "coverage": {
      "4544_GeographicalOriginalofMusic": [
        0.35,
        0.5111111111111111,
        0.17586206896551726,
        0.16086956521739137,
        0.4294117647058824
      ]
    },
    "complexity": {
      "4544_GeographicalOriginalofMusic": [
        55,
        31,
        25,
        23,
        25
      ]
    },
    "time_all": {
      "4544_GeographicalOriginalofMusic": [
        0.865581750869751,
        0.7573606967926025,
        0.7625694274902344,
        0.7442185878753662,
        0.8157963752746582
      ]
    },
    "time_fit": {
      "4544_GeographicalOriginalofMusic": [
        0.07593011856079102,
        0.047028303146362305,
        0.043215036392211914,
        0.042214393615722656,
        0.05581331253051758
      ]
    },
    "tau": 0.9
  },
  "LinearQuantile": {
    "losses": {
      "4544_GeographicalOriginalofMusic": [
        0.032227888020372866,
        0.06588740240344641,
        0.034549745429835965,
        0.04409929333943835,
        0.032830396528833926
      ]
    },
    "coverage": {
      "4544_GeographicalOriginalofMusic": [
        0.45,
        0.4,
        0.21034482758620687,
        0.16086956521739137,
        0.4294117647058824
      ]
    },
    "complexity": {
      "4544_GeographicalOriginalofMusic": [
        117,
        117,
        117,
        117,
        117
      ]
    },
    "time_all": {
      "4544_GeographicalOriginalofMusic": [
        17.104274034500122,
        184.90389847755432,
        40.502525329589844,
        28.729088306427002,
        70.1498064994812
      ]
    },
    "time_fit": {
      "4544_GeographicalOriginalofMusic": [
        1.5057144165039062,
        8.261975526809692,
        3.5725464820861816,
        2.57035231590271,
        7.323673725128174
      ]
    },
    "tau": 0.9
  }
}