{
  "SQR": {
    "losses": {
      "603_fri_c0_250_50": [
        0.005400994689770108,
        0.012679719099598504,
        0.012944408874390124,
        0.01813390851553612,
        0.006986352841285556
      ]
    },
    "coverage": {
      "603_fri_c0_250_50": [
        0.06666666666666665,
        0.09999999999999998,
        0.09999999999999998,
        0.09999999999999998,
        0.09999999999999998
      ]
    },
    "complexity": {
      "603_fri_c0_250_50": [
        17,
        12,
        12,
        8,
        12
      ]
    },
    "time_all": {
      "603_fri_c0_250_50": [
        96.07649803161621,
        77.80807995796204,
        79.43856120109558,
        81.5880196094513,
        78.37207508087158
      ]
    },
    "time_fit": {
      "603_fri_c0_250_50": [
        96.07649803161621,
        77.80807995796204,
        79.43856120109558,
        81.5880196094513,
        78.37207508087158
      ]
    },
    "tau": 0.9
  },
  "LightGBM": {
    "losses": {
      "603_fri_c0_250_50": [
        0.029619022869315937,
        0.062142946500030646,
        0.04214807424648663,
        0.03724050775285887,
        0.015376678644376347
      ]
    },
    "coverage": {
      "603_fri_c0_250_50": [
        0.2333333333333334,
        0.2333333333333334,
        0.18571428571428572,
        0.04285714285714293,
        0.09999999999999998
      ]
    },
    "time_all": {
      "603_fri_c0_250_50": [
        0.13518977165222168,
        0.13660502433776855,
        0.13214993476867676,
        0.1354527473449707,
        0.12545275688171387
      ]
    },
    "time_fit": {
      "603_fri_c0_250_50": [
        0.02967524528503418,
        0.03008437156677246,
        0.029835224151611328,
        0.02876901626586914,
        0.027907848358154297
      ]
    },
    "tau": 0.9
  },
  "DecisionTree": {
    "losses": {
      "603_fri_c0_250_50": [
        0.022348822452947163,
        0.035216369391910016,
        0.03376560520474018,
        0.01445347009647617,
        0.010835732014011827
      ]
    },
    "coverage": {
      "603_fri_c0_250_50": [
        0.2333333333333334,
        0.2333333333333334,
        0.04285714285714293,
        0.04285714285714293,
        0.2333333333333334
      ]
    },
    "complexity": {
      "603_fri_c0_250_50": [
        5,
        13,
        9,
        13,
        75
      ]
    },
    "time_all": {
      "603_fri_c0_250_50": [
        0.05308389663696289,
        0.07929134368896484,
        0.0777902603149414,
        0.07737612724304199,
        0.08942747116088867
      ]
    },
    "time_fit": {
      "603_fri_c0_250_50": [
        0.002725362777709961,
        0.006206512451171875,
        0.005046844482421875,
        0.006015777587890625,
        0.013783454895019531
      ]
    },
    "tau": 0.9
  },
  "LinearQuantile": {
    "losses": {
      "603_fri_c0_250_50": [
        0.03193627167139236,
        0.049483018458412235,
        0.031561207634391575,
        0.052709676021602106,
        0.004072971188147907
      ]
    },
    "coverage": {
      "603_fri_c0_250_50": [
        0.5666666666666667,
        0.2333333333333334,
        0.3285714285714286,
        0.18571428571428572,
        0.2333333333333334
      ]
    },
    "complexity": {
      "603_fri_c0_250_50": [
        50,
        50,
        50,
        50,
        50
      ]
    },
    "time_all": {
      "603_fri_c0_250_50": [
        15.741822242736816,
        10.0298171043396,
        1.7972278594970703,
        5.8250510692596436,
        4.727125883102417
      ]
    },
    "time_fit": {
      "603_fri_c0_250_50": [
        1.4454963207244873,
        0.8768975734710693,
        0.1318833827972412,
        0.47849488258361816,
        0.40221691131591797
      ]
    },
    "tau": 0.9
  }
}