{
  "SQR": {
    "losses": {
      "620_fri_c1_1000_25": [
        0.03693022501966722,
        0.017415919804101045,
        0.10445867145869793,
        0.06689185679832638,
        0.08434826253878484
      ]
    },
    "coverage": {
      "620_fri_c1_1000_25": [
        0.125,
        0.12962962962962965,
        0.5,
        0.033333333333333326,
        0.42
      ]
    },
    "complexity": {
      "620_fri_c1_1000_25": [
        8,
        16,
        15,
        12,
        11
      ]
    },
    "time_all": {
      "620_fri_c1_1000_25": [
        108.34698915481567,
        102.86554718017578,
        98.52883696556091,
        107.0198323726654,
        98.93997526168823
      ]
    },
    "time_fit": {
      "620_fri_c1_1000_25": [
        108.34698915481567,
        102.86554718017578,
        98.52883696556091,
        107.0198323726654,
        98.93997526168823
      ]
    },
    "tau": 0.5
  },
  "LightGBM": {
    "losses": {
      "620_fri_c1_1000_25": [
        0.04397128261974961,
        0.05109619245641168,
        0.12391098989380188,
        0.05272311438859733,
        0.06431737488894765
      ]
    },
    "coverage": {
      "620_fri_c1_1000_25": [
        0.375,
        0.35185185185185186,
        0.5,
        0.3,
        0.42
      ]
    },
    "time_all": {
      "620_fri_c1_1000_25": [
        0.37563014030456543,
        0.3912465572357178,
        0.4521632194519043,
        0.4294009208679199,
        0.45352649688720703
      ]
    },
    "time_fit": {
      "620_fri_c1_1000_25": [
        0.08360099792480469,
        0.09059596061706543,
        0.14174461364746094,
        0.0895071029663086,
        0.1484529972076416
      ]
    },
    "tau": 0.5
  },
  "DecisionTree": {
    "losses": {
      "620_fri_c1_1000_25": [
        0.057195642217298996,
        0.06355487700930375,
        0.14088035468640847,
        0.06575226929168576,
        0.0762736939640327
      ]
    },
    "coverage": {
      "620_fri_c1_1000_25": [
        0.3125,
        0.42592592592592593,
        0.5,
        0.23333333333333334,
        0.3
      ]
    },
    "complexity": {
      "620_fri_c1_1000_25": [
        129,
        23,
        295,
        121,
        27
      ]
    },
    "time_all": {
      "620_fri_c1_1000_25": [
        0.15932989120483398,
        0.24512195587158203,
        0.26216983795166016,
        0.2559359073638916,
        0.24547624588012695
      ]
    },
    "time_fit": {
      "620_fri_c1_1000_25": [
        0.0169980525970459,
        0.014330148696899414,
        0.04027724266052246,
        0.0277101993560791,
        0.015158891677856445
      ]
    },
    "tau": 0.5
  },
  "LinearQuantile": {
    "losses": {
      "620_fri_c1_1000_25": [
        0.09928276106695735,
        0.10400769968960423,
        0.1328143224916548,
        0.10630388747786937,
        0.09459444948433615
      ]
    },
    "coverage": {
      "620_fri_c1_1000_25": [
        0.4375,
        0.2777777777777778,
        0.43333333333333335,
        0.43333333333333335,
        0.46
      ]
    },
    "complexity": {
      "620_fri_c1_1000_25": [
        25,
        25,
        25,
        25,
        25
      ]
    },
    "time_all": {
      "620_fri_c1_1000_25": [
        4.353750228881836,
        4.716136932373047,
        8.412958860397339,
        0.8859703540802002,
        0.7634725570678711
      ]
    },
    "time_fit": {
      "620_fri_c1_1000_25": [
        0.4002828598022461,
        0.3147592544555664,
        0.9408974647521973,
        0.06320834159851074,
        0.06953740119934082
      ]
    },
    "tau": 0.5
  }
}