{
  "SQR": {
    "losses": {
      "503_wind": [
        0.04641755001419968,
        0.04303032021398111,
        0.05083613485926055,
        0.05285320465489806,
        0.04860091641980912
      ]
    },
    "coverage": {
      "503_wind": [
        0.12121212121212122,
        0.13432835820895522,
        0.15333333333333332,
        0.1216216216216216,
        0.18253968253968256
      ]
    },
    "complexity": {
      "503_wind": [
        2,
        2,
        2,
        2,
        2
      ]
    },
    "time_all": {
      "503_wind": [
        296.9654269218445,
        312.5156011581421,
        334.65256810188293,
        287.6242322921753,
        296.3616695404053
      ]
    },
    "time_fit": {
      "503_wind": [
        296.9654269218445,
        312.5156011581421,
        334.65256810188293,
        287.6242322921753,
        296.3616695404053
      ]
    },
    "tau": 0.5
  },
  "LightGBM": {
    "losses": {
      "503_wind": [
        0.06611891985955695,
        0.06083694789423654,
        0.06334673847505641,
        0.06629306992774131,
        0.06759128791161276
      ]
    },
    "coverage": {
      "503_wind": [
        0.30303030303030304,
        0.3731343283582089,
        0.33333333333333337,
        0.3108108108108108,
        0.35714285714285715
      ]
    },
    "time_all": {
      "503_wind": [
        0.9868314266204834,
        0.9717836380004883,
        0.9926707744598389,
        1.0403976440429688,
        0.9809377193450928
      ]
    },
    "time_fit": {
      "503_wind": [
        0.12430644035339355,
        0.1257004737854004,
        0.12650537490844727,
        0.12962031364440918,
        0.12725353240966797
      ]
    },
    "tau": 0.5
  },
  "DecisionTree": {
    "losses": {
      "503_wind": [
        0.05105629755371936,
        0.04335247117576779,
        0.05098161002573963,
        0.05245159985334141,
        0.05163610916668759
      ]
    },
    "coverage": {
      "503_wind": [
        0.1515151515151515,
        0.14925373134328357,
        0.22666666666666668,
        0.2027027027027027,
        0.1746031746031746
      ]
    },
    "complexity": {
      "503_wind": [
        239,
        203,
        193,
        233,
        231
      ]
    },
    "time_all": {
      "503_wind": [
        0.5749862194061279,
        0.8381590843200684,
        0.6856980323791504,
        0.9694466590881348,
        0.6721491813659668
      ]
    },
    "time_fit": {
      "503_wind": [
        0.03888106346130371,
        0.04089999198913574,
        0.0358586311340332,
        0.05141949653625488,
        0.0384213924407959
      ]
    },
    "tau": 0.5
  },
  "LinearQuantile": {
    "losses": {
      "503_wind": [
        0.03670277621043813,
        0.0356212445543295,
        0.036498066186642794,
        0.04299320347938493,
        0.0342726784515448
      ]
    },
    "coverage": {
      "503_wind": [
        0.007575757575757569,
        0.007462686567164201,
        0.033333333333333326,
        0.0045045045045044585,
        0.05555555555555558
      ]
    },
    "complexity": {
      "503_wind": [
        14,
        14,
        14,
        14,
        14
      ]
    },
    "time_all": {
      "503_wind": [
        1.66375732421875,
        2.4168896675109863,
        1.0733325481414795,
        3.4357826709747314,
        3.090222120285034
      ]
    },
    "time_fit": {
      "503_wind": [
        0.1366434097290039,
        0.2007303237915039,
        0.09729647636413574,
        0.299999475479126,
        0.24758028984069824
      ]
    },
    "tau": 0.5
  }
}