{
  "SQR": {
    "losses": {
      "611_fri_c3_100_5": [
        0.03141824359063872,
        0.005995194477230353,
        0.006005415840578709,
        0.022422123023273312
      ]
    },
    "coverage": {
      "611_fri_c3_100_5": [
        0.9,
        0.4,
        0.09999999999999998,
        0.09999999999999998
      ]
    },
    "complexity": {
      "611_fri_c3_100_5": [
        8,
        18,
        13,
        14
      ]
    },
    "time_all": {
      "611_fri_c3_100_5": [
        84.4120922088623,
        68.0254454612732,
        69.34189438819885,
        70.77006959915161
      ]
    },
    "time_fit": {
      "611_fri_c3_100_5": [
        84.4120922088623,
        68.0254454612732,
        69.34189438819885,
        70.77006959915161
      ]
    },
    "tau": 0.9
  },
  "LightGBM": {
    "losses": {
      "611_fri_c3_100_5": [
        0.01984368908291544,
        0.015754129240435105,
        0.014549139078995599,
        0.20371426601888223
      ]
    },
    "coverage": {
      "611_fri_c3_100_5": [
        0.09999999999999998,
        0.09999999999999998,
        0.4,
        0.9
      ]
    },
    "time_all": {
      "611_fri_c3_100_5": [
        0.06006455421447754,
        0.07684206962585449,
        0.08020234107971191,
        0.07668161392211914
      ]
    },
    "time_fit": {
      "611_fri_c3_100_5": [
        0.004424095153808594,
        0.016170501708984375,
        0.01670980453491211,
        0.016693592071533203
      ]
    },
    "tau": 0.9
  },
  "DecisionTree": {
    "losses": {
      "611_fri_c3_100_5": [
        0.012213543362856422,
        0.020866965554701154,
        0.01763935020559568,
        0.2266801093348538
      ]
    },
    "coverage": {
      "611_fri_c3_100_5": [
        0.09999999999999998,
        0.4,
        0.4,
        0.9
      ]
    },
    "complexity": {
      "611_fri_c3_100_5": [
        27,
        1,
        5,
        1
      ]
    },
    "time_all": {
      "611_fri_c3_100_5": [
        0.0351412296295166,
        0.034709930419921875,
        0.034329891204833984,
        0.02994561195373535
      ]
    },
    "time_fit": {
      "611_fri_c3_100_5": [
        0.0038919448852539062,
        0.001772165298461914,
        0.001888275146484375,
        0.0015184879302978516
      ]
    },
    "tau": 0.9
  },
  "LinearQuantile": {
    "losses": {
      "611_fri_c3_100_5": [
        0.03438694154127053,
        0.21498646684848183,
        0.09565454249786844,
        0.5612891027145808
      ]
    },
    "coverage": {
      "611_fri_c3_100_5": [
        0.2333333333333334,
        0.9,
        0.9,
        0.9
      ]
    },
    "complexity": {
      "611_fri_c3_100_5": [
        5,
        5,
        5,
        5
      ]
    },
    "time_all": {
      "611_fri_c3_100_5": [
        0.12759637832641602,
        0.2034447193145752,
        0.20926332473754883,
        0.2142200469970703
      ]
    },
    "time_fit": {
      "611_fri_c3_100_5": [
        0.010431289672851562,
        0.017717838287353516,
        0.018450260162353516,
        0.01886582374572754
      ]
    },
    "tau": 0.9
  }
}