{
  "SQR": {
    "losses": {
      "618_fri_c3_1000_50": [
        0.004858536157911786,
        0.08865295678153326,
        0.0056333930940058105,
        0.031714261366359395,
        0.009132743149588538
      ]
    },
    "coverage": {
      "618_fri_c3_1000_50": [
        0.06428571428571428,
        0.7125,
        0.09999999999999998,
        0.37826086956521743,
        0.06666666666666665
      ]
    },
    "complexity": {
      "618_fri_c3_1000_50": [
        11,
        7,
        11,
        10,
        13
      ]
    },
    "time_all": {
      "618_fri_c3_1000_50": [
        131.44402861595154,
        104.79297494888306,
        114.12302279472351,
        98.57892394065857,
        110.39109349250793
      ]
    },
    "time_fit": {
      "618_fri_c3_1000_50": [
        131.44402861595154,
        104.79297494888306,
        114.12302279472351,
        98.57892394065857,
        110.39109349250793
      ]
    },
    "tau": 0.9
  },
  "LightGBM": {
    "losses": {
      "618_fri_c3_1000_50": [
        0.05576610984122439,
        0.02863563728359758,
        0.06620439055350295,
        0.03688413290349449,
        0.04876580045766301
      ]
    },
    "coverage": {
      "618_fri_c3_1000_50": [
        0.3285714285714286,
        0.21250000000000002,
        0.3666666666666667,
        0.24782608695652175,
        0.5111111111111111
      ]
    },
    "time_all": {
      "618_fri_c3_1000_50": [
        0.39599132537841797,
        0.379638671875,
        0.3956012725830078,
        0.38232874870300293,
        0.36508679389953613
      ]
    },
    "time_fit": {
      "618_fri_c3_1000_50": [
        0.11261701583862305,
        0.06032586097717285,
        0.11834001541137695,
        0.07169508934020996,
        0.10496902465820312
      ]
    },
    "tau": 0.9
  },
  "DecisionTree": {
    "losses": {
      "618_fri_c3_1000_50": [
        0.06158536043029571,
        0.01345400333183633,
        0.0447812845401844,
        0.03772572786439951,
        0.0246892601510502
      ]
    },
    "coverage": {
      "618_fri_c3_1000_50": [
        0.4,
        0.025000000000000022,
        0.43333333333333335,
        0.24782608695652175,
        0.1777777777777778
      ]
    },
    "complexity": {
      "618_fri_c3_1000_50": [
        33,
        57,
        53,
        57,
        31
      ]
    },
    "time_all": {
      "618_fri_c3_1000_50": [
        0.43727564811706543,
        0.43874430656433105,
        0.4321253299713135,
        0.4192802906036377,
        0.4317629337310791
      ]
    },
    "time_fit": {
      "618_fri_c3_1000_50": [
        0.03027057647705078,
        0.03918933868408203,
        0.03536391258239746,
        0.03460550308227539,
        0.028469085693359375
      ]
    },
    "tau": 0.9
  },
  "LinearQuantile": {
    "losses": {
      "618_fri_c3_1000_50": [
        0.27463995301282623,
        0.2707731893229093,
        0.3137052153232875,
        0.24569225050324547,
        0.2743350681841796
      ]
    },
    "coverage": {
      "618_fri_c3_1000_50": [
        0.8642857142857143,
        0.775,
        0.8333333333333334,
        0.7695652173913043,
        0.8444444444444444
      ]
    },
    "complexity": {
      "618_fri_c3_1000_50": [
        50,
        50,
        50,
        50,
        50
      ]
    },
    "time_all": {
      "618_fri_c3_1000_50": [
        6.078880548477173,
        11.156527519226074,
        57.68487858772278,
        34.79970145225525,
        7.820262908935547
      ]
    },
    "time_fit": {
      "618_fri_c3_1000_50": [
        0.5420522689819336,
        0.9935779571533203,
        6.265557527542114,
        2.301603078842163,
        0.692326545715332
      ]
    },
    "tau": 0.9
  }
}