{
  "SQR": {
    "losses": {
      "649_fri_c0_500_5": [
        0.019727562902814254,
        0.032616200489252185,
        0.016671777932900183,
        0.015210347838336866,
        0.01390574395345549
      ]
    },
    "coverage": {
      "649_fri_c0_500_5": [
        0.1875,
        0.13636363636363635,
        0.5,
        0.05555555555555558,
        0.2
      ]
    },
    "complexity": {
      "649_fri_c0_500_5": [
        14,
        11,
        18,
        15,
        18
      ]
    },
    "time_all": {
      "649_fri_c0_500_5": [
        106.78876948356628,
        88.46176362037659,
        93.25846672058105,
        93.52445673942566,
        93.29052877426147
      ]
    },
    "time_fit": {
      "649_fri_c0_500_5": [
        106.78876948356628,
        88.46176362037659,
        93.25846672058105,
        93.52445673942566,
        93.29052877426147
      ]
    },
    "tau": 0.5
  },
  "LightGBM": {
    "losses": {
      "649_fri_c0_500_5": [
        0.0628099990091111,
        0.05417204299501481,
        0.04032983464927337,
        0.0411881006119406,
        0.043319671589356845
      ]
    },
    "coverage": {
      "649_fri_c0_500_5": [
        0.5,
        0.3181818181818182,
        0.3,
        0.3888888888888889,
        0.3
      ]
    },
    "time_all": {
      "649_fri_c0_500_5": [
        0.2171497344970703,
        0.20130658149719238,
        0.20771050453186035,
        0.19604849815368652,
        0.19995856285095215
      ]
    },
    "time_fit": {
      "649_fri_c0_500_5": [
        0.04323101043701172,
        0.04752087593078613,
        0.046582937240600586,
        0.04470372200012207,
        0.045844316482543945
      ]
    },
    "tau": 0.5
  },
  "DecisionTree": {
    "losses": {
      "649_fri_c0_500_5": [
        0.05619604902173335,
        0.05071744350165242,
        0.029070947558764312,
        0.028890894224087978,
        0.026649761229510485
      ]
    },
    "coverage": {
      "649_fri_c0_500_5": [
        0.375,
        0.13636363636363635,
        0.3,
        0.16666666666666669,
        0.4
      ]
    },
    "complexity": {
      "649_fri_c0_500_5": [
        149,
        15,
        153,
        25,
        147
      ]
    },
    "time_all": {
      "649_fri_c0_500_5": [
        0.05768847465515137,
        0.06435108184814453,
        0.0749506950378418,
        0.06517338752746582,
        0.07400631904602051
      ]
    },
    "time_fit": {
      "649_fri_c0_500_5": [
        0.010076522827148438,
        0.0034606456756591797,
        0.013892650604248047,
        0.004320859909057617,
        0.013175249099731445
      ]
    },
    "tau": 0.5
  },
  "LinearQuantile": {
    "losses": {
      "649_fri_c0_500_5": [
        0.026133850883512378,
        0.05765800843524978,
        0.04307825115536131,
        0.028728094830996056,
        0.032129717135565686
      ]
    },
    "coverage": {
      "649_fri_c0_500_5": [
        0.125,
        0.13636363636363635,
        0.30000000000000004,
        0.16666666666666669,
        0.0
      ]
    },
    "complexity": {
      "649_fri_c0_500_5": [
        5,
        5,
        5,
        5,
        5
      ]
    },
    "time_all": {
      "649_fri_c0_500_5": [
        0.08983969688415527,
        0.4443974494934082,
        0.1976182460784912,
        0.12686538696289062,
        0.16004371643066406
      ]
    },
    "time_fit": {
      "649_fri_c0_500_5": [
        0.00714421272277832,
        0.036614418029785156,
        0.01737666130065918,
        0.010919809341430664,
        0.013835906982421875
      ]
    },
    "tau": 0.5
  }
}