{
  "SQR": {
    "losses": {
      "616_fri_c4_500_50": [
        0.006601801240500792,
        0.011977415625390585,
        0.006887396592490224,
        0.03444189409892886,
        0.016189746821513314
      ]
    },
    "coverage": {
      "616_fri_c4_500_50": [
        0.12222222222222223,
        0.20000000000000007,
        0.06666666666666665,
        0.43846153846153846,
        0.275
      ]
    },
    "complexity": {
      "616_fri_c4_500_50": [
        13,
        13,
        14,
        10,
        11
      ]
    },
    "time_all": {
      "616_fri_c4_500_50": [
        108.14012670516968,
        96.0584831237793,
        93.23706865310669,
        90.99298453330994,
        84.141841173172
      ]
    },
    "time_fit": {
      "616_fri_c4_500_50": [
        108.14012670516968,
        96.0584831237793,
        93.23706865310669,
        90.99298453330994,
        84.141841173172
      ]
    },
    "tau": 0.9
  },
  "LightGBM": {
    "losses": {
      "616_fri_c4_500_50": [
        0.06275781458327959,
        0.07980005875793532,
        0.08987111415765206,
        0.09965367836135623,
        0.02157266902749628
      ]
    },
    "coverage": {
      "616_fri_c4_500_50": [
        0.34444444444444444,
        0.5,
        0.48333333333333334,
        0.3615384615384616,
        0.275
      ]
    },
    "time_all": {
      "616_fri_c4_500_50": [
        0.2385692596435547,
        0.23342490196228027,
        0.24803733825683594,
        0.2125844955444336,
        0.2281501293182373
      ]
    },
    "time_fit": {
      "616_fri_c4_500_50": [
        0.05021786689758301,
        0.0424039363861084,
        0.05031585693359375,
        0.0494236946105957,
        0.0470883846282959
      ]
    },
    "tau": 0.9
  },
  "DecisionTree": {
    "losses": {
      "616_fri_c4_500_50": [
        0.0848816967664376,
        0.13169629309287076,
        0.099899504287133,
        0.09361254467007249,
        0.01036714111909064
      ]
    },
    "coverage": {
      "616_fri_c4_500_50": [
        0.5666666666666667,
        0.7,
        0.65,
        0.5923076923076923,
        0.15000000000000002
      ]
    },
    "complexity": {
      "616_fri_c4_500_50": [
        59,
        11,
        29,
        67,
        29
      ]
    },
    "time_all": {
      "616_fri_c4_500_50": [
        0.18468236923217773,
        0.17056679725646973,
        0.1811525821685791,
        0.183868408203125,
        0.17315363883972168
      ]
    },
    "time_fit": {
      "616_fri_c4_500_50": [
        0.021445512771606445,
        0.009660482406616211,
        0.015071392059326172,
        0.021819591522216797,
        0.014987945556640625
      ]
    },
    "tau": 0.9
  },
  "LinearQuantile": {
    "losses": {
      "616_fri_c4_500_50": [
        0.25458306520274243,
        0.27288950123672767,
        0.37761989824272096,
        0.3337713788794439,
        0.08423530431991165
      ]
    },
    "coverage": {
      "616_fri_c4_500_50": [
        0.9,
        0.9,
        0.8166666666666667,
        0.7461538461538462,
        0.525
      ]
    },
    "complexity": {
      "616_fri_c4_500_50": [
        50,
        50,
        50,
        50,
        50
      ]
    },
    "time_all": {
      "616_fri_c4_500_50": [
        6.129120588302612,
        7.433317422866821,
        2.5769197940826416,
        8.488546133041382,
        2.178511619567871
      ]
    },
    "time_fit": {
      "616_fri_c4_500_50": [
        0.5129990577697754,
        0.629150390625,
        0.19908690452575684,
        0.6942908763885498,
        0.1761341094970703
      ]
    },
    "tau": 0.9
  }
}