{
  "SQR": {
    "losses": {
      "505_tecator": [
        0.0028481608931953156,
        0.003922917249638327,
        0.0026738332551692902,
        0.0036921880886014663,
        0.0023153307523326437
      ]
    },
    "coverage": {
      "505_tecator": [
        0.2777777777777778,
        0.0,
        0.5,
        0.0,
        0.5
      ]
    },
    "complexity": {
      "505_tecator": [
        12,
        10,
        15,
        16,
        12
      ]
    },
    "time_all": {
      "505_tecator": [
        91.75944471359253,
        76.4104540348053,
        78.40921187400818,
        77.05008244514465,
        78.47413277626038
      ]
    },
    "time_fit": {
      "505_tecator": [
        91.75944471359253,
        76.4104540348053,
        78.40921187400818,
        77.05008244514465,
        78.47413277626038
      ]
    },
    "tau": 0.5
  },
  "LightGBM": {
    "losses": {
      "505_tecator": [
        0.02799749746847097,
        0.021709793127879146,
        0.05117265324697061,
        0.030397850776788568,
        0.043501277520708787
      ]
    },
    "coverage": {
      "505_tecator": [
        0.5,
        0.5,
        0.5,
        0.5,
        0.5
      ]
    },
    "time_all": {
      "505_tecator": [
        0.16117238998413086,
        0.19487428665161133,
        0.16606831550598145,
        0.1636350154876709,
        0.15804028511047363
      ]
    },
    "time_fit": {
      "505_tecator": [
        0.03645920753479004,
        0.047655582427978516,
        0.03796720504760742,
        0.038331031799316406,
        0.03837847709655762
      ]
    },
    "tau": 0.5
  },
  "DecisionTree": {
    "losses": {
      "505_tecator": [
        0.016203704570830174,
        0.01182725807783204,
        0.02401620424565775,
        0.009548610408666808,
        0.010850695474755976
      ]
    },
    "coverage": {
      "505_tecator": [
        0.5,
        0.25,
        0.5,
        0.25,
        0.5
      ]
    },
    "complexity": {
      "505_tecator": [
        31,
        71,
        31,
        71,
        29
      ]
    },
    "time_all": {
      "505_tecator": [
        0.07489705085754395,
        0.1253671646118164,
        0.11919188499450684,
        0.1211235523223877,
        0.11696410179138184
      ]
    },
    "time_fit": {
      "505_tecator": [
        0.008479595184326172,
        0.018578529357910156,
        0.013885259628295898,
        0.01884746551513672,
        0.013549089431762695
      ]
    },
    "tau": 0.5
  },
  "LinearQuantile": {
    "losses": {
      "505_tecator": [
        0.0029764586651338226,
        0.0038741484035665435,
        0.0035567891347792905,
        0.0026811235843574523,
        0.003711273040592308
      ]
    },
    "coverage": {
      "505_tecator": [
        0.05555555555555558,
        0.25,
        0.5,
        0.125,
        0.5
      ]
    },
    "complexity": {
      "505_tecator": [
        124,
        124,
        124,
        124,
        124
      ]
    },
    "time_all": {
      "505_tecator": [
        208.97529006004333,
        227.3333055973053,
        222.52036356925964,
        221.65122842788696,
        209.99078392982483
      ]
    },
    "time_fit": {
      "505_tecator": [
        20.89176607131958,
        30.328563690185547,
        29.591606616973877,
        29.62996196746826,
        20.55946159362793
      ]
    },
    "tau": 0.5
  }
}