{
  "SQR": {
    "losses": {
      "589_fri_c2_1000_25": [
        0.10286755626460162,
        0.08069861522155154,
        0.04526465888219325,
        0.028931818666568777,
        0.050001426274481106
      ]
    },
    "coverage": {
      "589_fri_c2_1000_25": [
        0.16666666666666669,
        0.0714285714285714,
        0.25,
        0.25,
        0.2727272727272727
      ]
    },
    "complexity": {
      "589_fri_c2_1000_25": [
        9,
        17,
        10,
        12,
        16
      ]
    },
    "time_all": {
      "589_fri_c2_1000_25": [
        110.73019218444824,
        98.47177910804749,
        100.840749502182,
        97.92288184165955,
        100.11277842521667
      ]
    },
    "time_fit": {
      "589_fri_c2_1000_25": [
        110.73019218444824,
        98.47177910804749,
        100.840749502182,
        97.92288184165955,
        100.11277842521667
      ]
    },
    "tau": 0.5
  },
  "LightGBM": {
    "losses": {
      "589_fri_c2_1000_25": [
        0.06286244137273016,
        0.04140149747845483,
        0.0549433398462634,
        0.06909995662636184,
        0.0699245761406368
      ]
    },
    "coverage": {
      "589_fri_c2_1000_25": [
        0.2222222222222222,
        0.2857142857142857,
        0.3214285714285714,
        0.45,
        0.36363636363636365
      ]
    },
    "time_all": {
      "589_fri_c2_1000_25": [
        0.4812026023864746,
        0.4435386657714844,
        0.46004295349121094,
        0.45301246643066406,
        0.48265504837036133
      ]
    },
    "time_fit": {
      "589_fri_c2_1000_25": [
        0.14167523384094238,
        0.13603448867797852,
        0.1471548080444336,
        0.14150261878967285,
        0.1413898468017578
      ]
    },
    "tau": 0.5
  },
  "DecisionTree": {
    "losses": {
      "589_fri_c2_1000_25": [
        0.0682141036836321,
        0.049313487978119346,
        0.06614318078605737,
        0.0787541641308359,
        0.06509054329965047
      ]
    },
    "coverage": {
      "589_fri_c2_1000_25": [
        0.1111111111111111,
        0.07142857142857145,
        0.2857142857142857,
        0.5,
        0.2727272727272727
      ]
    },
    "complexity": {
      "589_fri_c2_1000_25": [
        283,
        57,
        125,
        127,
        129
      ]
    },
    "time_all": {
      "589_fri_c2_1000_25": [
        0.28751420974731445,
        0.24816322326660156,
        0.258312463760376,
        0.24988937377929688,
        0.27307844161987305
      ]
    },
    "time_fit": {
      "589_fri_c2_1000_25": [
        0.044808387756347656,
        0.020435333251953125,
        0.028062105178833008,
        0.027482986450195312,
        0.029065608978271484
      ]
    },
    "tau": 0.5
  },
  "LinearQuantile": {
    "losses": {
      "589_fri_c2_1000_25": [
        0.0959187079316389,
        0.1175841943525255,
        0.11838629571838927,
        0.12753936873988247,
        0.11688162970107231
      ]
    },
    "coverage": {
      "589_fri_c2_1000_25": [
        0.3888888888888889,
        0.5,
        0.35714285714285715,
        0.45,
        0.45454545454545453
      ]
    },
    "complexity": {
      "589_fri_c2_1000_25": [
        25,
        25,
        25,
        25,
        25
      ]
    },
    "time_all": {
      "589_fri_c2_1000_25": [
        2.2913782596588135,
        0.8201594352722168,
        0.9985826015472412,
        1.5234670639038086,
        0.5685348510742188
      ]
    },
    "time_fit": {
      "589_fri_c2_1000_25": [
        0.15057373046875,
        0.057344675064086914,
        0.07278895378112793,
        0.11644482612609863,
        0.04313468933105469
      ]
    },
    "tau": 0.5
  }
}