{
  "SQR": {
    "losses": {
      "591_fri_c1_100_10": [
        0.22854823549648431,
        0.09586440337922689,
        0.03307088271254958,
        0.015427441263377282
      ]
    },
    "coverage": {
      "591_fri_c1_100_10": [
        0.5,
        0.5,
        0.16666666666666669,
        0.5
      ]
    },
    "complexity": {
      "591_fri_c1_100_10": [
        12,
        16,
        13,
        12
      ]
    },
    "time_all": {
      "591_fri_c1_100_10": [
        83.44901967048645,
        67.20231914520264,
        68.7628915309906,
        68.05726981163025
      ]
    },
    "time_fit": {
      "591_fri_c1_100_10": [
        83.44901967048645,
        67.20231914520264,
        68.7628915309906,
        68.05726981163025
      ]
    },
    "tau": 0.5
  },
  "LightGBM": {
    "losses": {
      "591_fri_c1_100_10": [
        0.0790071550406988,
        0.03746723011189176,
        0.038342132574718094,
        0.14218526749569305
      ]
    },
    "coverage": {
      "591_fri_c1_100_10": [
        0.5,
        0.3,
        0.16666666666666669,
        0.5
      ]
    },
    "time_all": {
      "591_fri_c1_100_10": [
        0.06674718856811523,
        0.05814838409423828,
        0.05565476417541504,
        0.06748747825622559
      ]
    },
    "time_fit": {
      "591_fri_c1_100_10": [
        0.004824161529541016,
        0.0038421154022216797,
        0.003860950469970703,
        0.004627227783203125
      ]
    },
    "tau": 0.5
  },
  "DecisionTree": {
    "losses": {
      "591_fri_c1_100_10": [
        0.06022331958065364,
        0.0374672300475223,
        0.03834213250319647,
        0.14218526749569305
      ]
    },
    "coverage": {
      "591_fri_c1_100_10": [
        0.5,
        0.3,
        0.16666666666666669,
        0.5
      ]
    },
    "complexity": {
      "591_fri_c1_100_10": [
        29,
        1,
        1,
        1
      ]
    },
    "time_all": {
      "591_fri_c1_100_10": [
        0.03593254089355469,
        0.029787778854370117,
        0.0302278995513916,
        0.031984567642211914
      ]
    },
    "time_fit": {
      "591_fri_c1_100_10": [
        0.004076242446899414,
        0.0014424324035644531,
        0.001481771469116211,
        0.0015265941619873047
      ]
    },
    "tau": 0.5
  },
  "LinearQuantile": {
    "losses": {
      "591_fri_c1_100_10": [
        0.28814016827094135,
        0.1662597119216614,
        0.12038389812841968,
        0.21652736483740545
      ]
    },
    "coverage": {
      "591_fri_c1_100_10": [
        0.5,
        0.5,
        0.5,
        0.5
      ]
    },
    "complexity": {
      "591_fri_c1_100_10": [
        10,
        10,
        10,
        10
      ]
    },
    "time_all": {
      "591_fri_c1_100_10": [
        1.9846041202545166,
        0.1016244888305664,
        3.638979196548462,
        0.4830501079559326
      ]
    },
    "time_fit": {
      "591_fri_c1_100_10": [
        0.1181650161743164,
        0.008794069290161133,
        0.13124823570251465,
        0.03842973709106445
      ]
    },
    "tau": 0.5
  }
}