{
  "SQR": {
    "losses": {
      "654_fri_c0_500_10": [
        0.006293836460343865,
        0.009747595125492664,
        0.015158910291087435,
        0.01594072544222497,
        0.01284468358092561
      ]
    },
    "coverage": {
      "654_fri_c0_500_10": [
        0.0,
        0.09999999999999998,
        0.06666666666666665,
        0.050000000000000044,
        0.2333333333333334
      ]
    },
    "complexity": {
      "654_fri_c0_500_10": [
        14,
        15,
        9,
        8,
        13
      ]
    },
    "time_all": {
      "654_fri_c0_500_10": [
        103.89923191070557,
        90.36883902549744,
        90.6530065536499,
        88.4863224029541,
        89.07712411880493
      ]
    },
    "time_fit": {
      "654_fri_c0_500_10": [
        103.89923191070557,
        90.36883902549744,
        90.6530065536499,
        88.4863224029541,
        89.07712411880493
      ]
    },
    "tau": 0.9
  },
  "LightGBM": {
    "losses": {
      "654_fri_c0_500_10": [
        0.05389391412004886,
        0.056142468703285035,
        0.030465685564654364,
        0.028352765233084005,
        0.05467149240159942
      ]
    },
    "coverage": {
      "654_fri_c0_500_10": [
        0.30000000000000004,
        0.6000000000000001,
        0.31666666666666665,
        0.15000000000000002,
        0.9
      ]
    },
    "time_all": {
      "654_fri_c0_500_10": [
        0.1926255226135254,
        0.17864775657653809,
        0.2015690803527832,
        0.17951226234436035,
        0.1760258674621582
      ]
    },
    "time_fit": {
      "654_fri_c0_500_10": [
        0.043190717697143555,
        0.03681659698486328,
        0.04260063171386719,
        0.039388179779052734,
        0.03613924980163574
      ]
    },
    "tau": 0.9
  },
  "DecisionTree": {
    "losses": {
      "654_fri_c0_500_10": [
        0.03967297033234868,
        0.05476945455317413,
        0.03589729387162575,
        0.029610846238069824,
        0.07385509858294864
      ]
    },
    "coverage": {
      "654_fri_c0_500_10": [
        0.4,
        0.7,
        0.4,
        0.15000000000000002,
        0.9
      ]
    },
    "complexity": {
      "654_fri_c0_500_10": [
        63,
        23,
        9,
        19,
        11
      ]
    },
    "time_all": {
      "654_fri_c0_500_10": [
        0.08266091346740723,
        0.07671356201171875,
        0.07553601264953613,
        0.07698869705200195,
        0.07631230354309082
      ]
    },
    "time_fit": {
      "654_fri_c0_500_10": [
        0.008843421936035156,
        0.005190134048461914,
        0.0034627914428710938,
        0.004742145538330078,
        0.0037775039672851562
      ]
    },
    "tau": 0.9
  },
  "LinearQuantile": {
    "losses": {
      "654_fri_c0_500_10": [
        0.07601097230545624,
        0.07935112369120167,
        0.05719481721374782,
        0.060046446419859095,
        0.11296454464801269
      ]
    },
    "coverage": {
      "654_fri_c0_500_10": [
        0.6000000000000001,
        0.8,
        0.5666666666666667,
        0.55,
        0.9
      ]
    },
    "complexity": {
      "654_fri_c0_500_10": [
        10,
        10,
        10,
        10,
        10
      ]
    },
    "time_all": {
      "654_fri_c0_500_10": [
        0.2566988468170166,
        0.2449336051940918,
        0.2406156063079834,
        0.40670299530029297,
        0.3400604724884033
      ]
    },
    "time_fit": {
      "654_fri_c0_500_10": [
        0.022107839584350586,
        0.021588563919067383,
        0.021281003952026367,
        0.0363917350769043,
        0.030337810516357422
      ]
    },
    "tau": 0.9
  }
}