{
  "SQR": {
    "losses": {
      "602_fri_c3_250_10": [
        0.010674787923018679,
        0.02111010750585135,
        0.021618450475641645,
        0.013229959870480139,
        0.004135878031341776
      ]
    },
    "coverage": {
      "602_fri_c3_250_10": [
        0.5,
        0.4,
        0.15000000000000002,
        0.09999999999999998,
        0.09999999999999998
      ]
    },
    "complexity": {
      "602_fri_c3_250_10": [
        15,
        9,
        11,
        6,
        9
      ]
    },
    "time_all": {
      "602_fri_c3_250_10": [
        95.0809383392334,
        74.16821455955505,
        80.23058438301086,
        73.32720875740051,
        77.60441660881042
      ]
    },
    "time_fit": {
      "602_fri_c3_250_10": [
        95.0809383392334,
        74.16821455955505,
        80.23058438301086,
        73.32720875740051,
        77.60441660881042
      ]
    },
    "tau": 0.9
  },
  "LightGBM": {
    "losses": {
      "602_fri_c3_250_10": [
        0.07979561531905742,
        0.0669094506144911,
        0.10463897618108188,
        0.07841747546156229,
        0.013157882208750067
      ]
    },
    "coverage": {
      "602_fri_c3_250_10": [
        0.5,
        0.4,
        0.4,
        0.525,
        0.09999999999999998
      ]
    },
    "time_all": {
      "602_fri_c3_250_10": [
        0.13454794883728027,
        0.12236976623535156,
        0.1391003131866455,
        0.13907241821289062,
        0.1530311107635498
      ]
    },
    "time_fit": {
      "602_fri_c3_250_10": [
        0.031122446060180664,
        0.028183937072753906,
        0.024811744689941406,
        0.03250861167907715,
        0.0356898307800293
      ]
    },
    "tau": 0.9
  },
  "DecisionTree": {
    "losses": {
      "602_fri_c3_250_10": [
        0.10406062623146005,
        0.10080605755832507,
        0.10206477169419717,
        0.07696614169465738,
        0.011164157842191614
      ]
    },
    "coverage": {
      "602_fri_c3_250_10": [
        0.5,
        0.4,
        0.4,
        0.275,
        0.09999999999999998
      ]
    },
    "complexity": {
      "602_fri_c3_250_10": [
        33,
        5,
        7,
        71,
        5
      ]
    },
    "time_all": {
      "602_fri_c3_250_10": [
        0.035105228424072266,
        0.04735088348388672,
        0.04796290397644043,
        0.05364823341369629,
        0.04865121841430664
      ]
    },
    "time_fit": {
      "602_fri_c3_250_10": [
        0.0033502578735351562,
        0.0023076534271240234,
        0.0025310516357421875,
        0.007941961288452148,
        0.002238035202026367
      ]
    },
    "tau": 0.9
  },
  "LinearQuantile": {
    "losses": {
      "602_fri_c3_250_10": [
        0.2924051069141926,
        0.3113680748881373,
        0.36799013643820516,
        0.3529234021443786,
        0.13625155646261955
      ]
    },
    "coverage": {
      "602_fri_c3_250_10": [
        0.7,
        0.9,
        0.9,
        0.9,
        0.9
      ]
    },
    "complexity": {
      "602_fri_c3_250_10": [
        10,
        10,
        10,
        10,
        10
      ]
    },
    "time_all": {
      "602_fri_c3_250_10": [
        0.2972993850708008,
        0.18416976928710938,
        1.5171711444854736,
        0.46618151664733887,
        0.7571420669555664
      ]
    },
    "time_fit": {
      "602_fri_c3_250_10": [
        0.02369379997253418,
        0.01584482192993164,
        0.1036841869354248,
        0.03947186470031738,
        0.06516551971435547
      ]
    },
    "tau": 0.9
  }
}