{
  "SQR": {
    "losses": {
      "657_fri_c2_250_10": [
        0.016162224948664813,
        0.02438257111467068,
        0.008084093007266362,
        0.053872227718117165,
        0.009659152819238053
      ]
    },
    "coverage": {
      "657_fri_c2_250_10": [
        0.15000000000000002,
        0.4,
        0.04285714285714293,
        0.30000000000000004,
        0.09999999999999998
      ]
    },
    "complexity": {
      "657_fri_c2_250_10": [
        12,
        14,
        15,
        12,
        12
      ]
    },
    "time_all": {
      "657_fri_c2_250_10": [
        94.70829558372498,
        77.7853262424469,
        78.85864305496216,
        79.27787923812866,
        77.69398665428162
      ]
    },
    "time_fit": {
      "657_fri_c2_250_10": [
        94.70829558372498,
        77.7853262424469,
        78.85864305496216,
        79.27787923812866,
        77.69398665428162
      ]
    },
    "tau": 0.9
  },
  "LightGBM": {
    "losses": {
      "657_fri_c2_250_10": [
        0.03206747472375214,
        0.09737701971959897,
        0.034674314066271146,
        0.05105216907961466,
        0.02053389404426375
      ]
    },
    "coverage": {
      "657_fri_c2_250_10": [
        0.15000000000000002,
        0.4,
        0.04285714285714293,
        0.09999999999999998,
        0.09999999999999998
      ]
    },
    "time_all": {
      "657_fri_c2_250_10": [
        0.1060178279876709,
        0.11475086212158203,
        0.11926054954528809,
        0.11887693405151367,
        0.1172943115234375
      ]
    },
    "time_fit": {
      "657_fri_c2_250_10": [
        0.01663661003112793,
        0.025536298751831055,
        0.027435779571533203,
        0.02762579917907715,
        0.019055604934692383
      ]
    },
    "tau": 0.9
  },
  "DecisionTree": {
    "losses": {
      "657_fri_c2_250_10": [
        0.07479955546853634,
        0.0873219139166951,
        0.041633256832029876,
        0.03790826162950679,
        0.05026738469364614
      ]
    },
    "coverage": {
      "657_fri_c2_250_10": [
        0.4,
        0.4,
        0.18571428571428572,
        0.09999999999999998,
        0.7
      ]
    },
    "complexity": {
      "657_fri_c2_250_10": [
        5,
        31,
        29,
        75,
        13
      ]
    },
    "time_all": {
      "657_fri_c2_250_10": [
        0.03366446495056152,
        0.04941225051879883,
        0.04894304275512695,
        0.05317044258117676,
        0.04815077781677246
      ]
    },
    "time_fit": {
      "657_fri_c2_250_10": [
        0.0015592575073242188,
        0.004842519760131836,
        0.004615306854248047,
        0.008220672607421875,
        0.003165721893310547
      ]
    },
    "tau": 0.9
  },
  "LinearQuantile": {
    "losses": {
      "657_fri_c2_250_10": [
        0.31483571827451545,
        0.5291036297532431,
        0.3109742202948071,
        0.3246361476091874,
        0.32631659766960636
      ]
    },
    "coverage": {
      "657_fri_c2_250_10": [
        0.9,
        0.9,
        0.9,
        0.9,
        0.9
      ]
    },
    "complexity": {
      "657_fri_c2_250_10": [
        10,
        10,
        10,
        10,
        10
      ]
    },
    "time_all": {
      "657_fri_c2_250_10": [
        0.20171380043029785,
        0.31783556938171387,
        0.22990918159484863,
        3.2143900394439697,
        0.6484470367431641
      ]
    },
    "time_fit": {
      "657_fri_c2_250_10": [
        0.016272544860839844,
        0.0283505916595459,
        0.020027875900268555,
        0.14147520065307617,
        0.0581049919128418
      ]
    },
    "tau": 0.9
  }
}