{
  "SQR": {
    "losses": {
      "228_elusage": [
        0.00816169836376806,
        0.003886362095741347,
        0.023893855853717685,
        0.0008498602630277118
      ]
    },
    "coverage": {
      "228_elusage": [
        0.09999999999999998,
        0.09999999999999998,
        0.4,
        0.09999999999999998
      ]
    },
    "complexity": {
      "228_elusage": [
        6,
        8,
        8,
        9
      ]
    },
    "time_all": {
      "228_elusage": [
        82.1846251487732,
        66.31943035125732,
        66.78081464767456,
        65.89628458023071
      ]
    },
    "time_fit": {
      "228_elusage": [
        82.1846251487732,
        66.31943035125732,
        66.78081464767456,
        65.89628458023071
      ]
    },
    "tau": 0.9
  },
  "LightGBM": {
    "losses": {
      "228_elusage": [
        0.0657696676897819,
        0.06714004011564995,
        0.06158604081570369,
        0.07208117780434595
      ]
    },
    "coverage": {
      "228_elusage": [
        0.09999999999999998,
        0.09999999999999998,
        0.09999999999999998,
        0.09999999999999998
      ]
    },
    "time_all": {
      "228_elusage": [
        0.0257565975189209,
        0.03240537643432617,
        0.032907724380493164,
        0.03248715400695801
      ]
    },
    "time_fit": {
      "228_elusage": [
        0.003186464309692383,
        0.0038073062896728516,
        0.003943443298339844,
        0.0037643909454345703
      ]
    },
    "tau": 0.9
  },
  "DecisionTree": {
    "losses": {
      "228_elusage": [
        0.005917628195380002,
        0.013589089362621867,
        0.006421104581944698,
        0.007218507380508257
      ]
    },
    "coverage": {
      "228_elusage": [
        0.09999999999999998,
        0.09999999999999998,
        0.09999999999999998,
        0.09999999999999998
      ]
    },
    "complexity": {
      "228_elusage": [
        15,
        7,
        15,
        15
      ]
    },
    "time_all": {
      "228_elusage": [
        0.01658153533935547,
        0.026755809783935547,
        0.028208017349243164,
        0.027622461318969727
      ]
    },
    "time_fit": {
      "228_elusage": [
        0.0014064311981201172,
        0.00188446044921875,
        0.0025382041931152344,
        0.002454519271850586
      ]
    },
    "tau": 0.9
  },
  "LinearQuantile": {
    "losses": {
      "228_elusage": [
        0.15391022800888685,
        0.14142939101401486,
        0.13107349858662767,
        0.14325201678434585
      ]
    },
    "coverage": {
      "228_elusage": [
        0.09999999999999998,
        0.09999999999999998,
        0.09999999999999998,
        0.09999999999999998
      ]
    },
    "complexity": {
      "228_elusage": [
        2,
        2,
        2,
        2
      ]
    },
    "time_all": {
      "228_elusage": [
        0.13332366943359375,
        0.1279582977294922,
        0.11135172843933105,
        0.08252859115600586
      ]
    },
    "time_fit": {
      "228_elusage": [
        0.011307239532470703,
        0.010748863220214844,
        0.009483575820922852,
        0.006824970245361328
      ]
    },
    "tau": 0.9
  }
}