{
  "SQR": {
    "losses": {
      "594_fri_c2_100_5": [
        0.04281728926382929,
        0.06276039317104476,
        0.026685592623850746
      ]
    },
    "coverage": {
      "594_fri_c2_100_5": [
        0.3,
        0.0,
        0.5
      ]
    },
    "complexity": {
      "594_fri_c2_100_5": [
        12,
        14,
        14
      ]
    },
    "time_all": {
      "594_fri_c2_100_5": [
        82.13741374015808,
        66.67240715026855,
        69.27139592170715
      ]
    },
    "time_fit": {
      "594_fri_c2_100_5": [
        82.13741374015808,
        66.67240715026855,
        69.27139592170715
      ]
    },
    "tau": 0.5
  },
  "LightGBM": {
    "losses": {
      "594_fri_c2_100_5": [
        0.05020130278959805,
        0.06750188167439322,
        0.026891735959610297
      ]
    },
    "coverage": {
      "594_fri_c2_100_5": [
        0.09999999999999998,
        0.0,
        0.0
      ]
    },
    "time_all": {
      "594_fri_c2_100_5": [
        0.06291627883911133,
        0.0645899772644043,
        0.0699765682220459
      ]
    },
    "time_fit": {
      "594_fri_c2_100_5": [
        0.004256010055541992,
        0.004545927047729492,
        0.015569925308227539
      ]
    },
    "tau": 0.5
  },
  "DecisionTree": {
    "losses": {
      "594_fri_c2_100_5": [
        0.05020130295903888,
        0.06750188167439322,
        0.026891735959610297
      ]
    },
    "coverage": {
      "594_fri_c2_100_5": [
        0.09999999999999998,
        0.0,
        0.0
      ]
    },
    "complexity": {
      "594_fri_c2_100_5": [
        1,
        1,
        3
      ]
    },
    "time_all": {
      "594_fri_c2_100_5": [
        0.03196120262145996,
        0.03181099891662598,
        0.03058481216430664
      ]
    },
    "time_fit": {
      "594_fri_c2_100_5": [
        0.0015690326690673828,
        0.0015153884887695312,
        0.0017092227935791016
      ]
    },
    "tau": 0.5
  },
  "LinearQuantile": {
    "losses": {
      "594_fri_c2_100_5": [
        0.1469077302241471,
        0.19552933617916904,
        0.01988695187469967
      ]
    },
    "coverage": {
      "594_fri_c2_100_5": [
        0.5,
        0.5,
        0.0
      ]
    },
    "complexity": {
      "594_fri_c2_100_5": [
        5,
        5,
        5
      ]
    },
    "time_all": {
      "594_fri_c2_100_5": [
        0.1976487636566162,
        0.13843727111816406,
        0.10748052597045898
      ]
    },
    "time_fit": {
      "594_fri_c2_100_5": [
        0.017734050750732422,
        0.011739969253540039,
        0.009198665618896484
      ]
    },
    "tau": 0.5
  }
}