{
  "SQR": {
    "losses": {
      "586_fri_c3_1000_25": [
        0.007377682025691476,
        0.017165528008203923,
        0.008580065424589146,
        0.01046027854932962,
        0.014376083331857378
      ]
    },
    "coverage": {
      "586_fri_c3_1000_25": [
        0.08181818181818179,
        0.15000000000000002,
        0.05833333333333335,
        0.26363636363636367,
        0.2529411764705882
      ]
    },
    "complexity": {
      "586_fri_c3_1000_25": [
        14,
        14,
        12,
        12,
        14
      ]
    },
    "time_all": {
      "586_fri_c3_1000_25": [
        120.14398789405823,
        106.71882224082947,
        113.43163585662842,
        115.24387907981873,
        107.95448064804077
      ]
    },
    "time_fit": {
      "586_fri_c3_1000_25": [
        120.14398789405823,
        106.71882224082947,
        113.43163585662842,
        115.24387907981873,
        107.95448064804077
      ]
    },
    "tau": 0.9
  },
  "LightGBM": {
    "losses": {
      "586_fri_c3_1000_25": [
        0.047722035690886816,
        0.0487601357826423,
        0.07936112350308164,
        0.05795789753005733,
        0.04126390035334129
      ]
    },
    "coverage": {
      "586_fri_c3_1000_25": [
        0.26363636363636367,
        0.15000000000000002,
        0.4,
        0.4,
        0.31176470588235294
      ]
    },
    "time_all": {
      "586_fri_c3_1000_25": [
        0.3673288822174072,
        0.2651844024658203,
        0.3106570243835449,
        0.3058505058288574,
        0.3028273582458496
      ]
    },
    "time_fit": {
      "586_fri_c3_1000_25": [
        0.10640120506286621,
        0.056594133377075195,
        0.0670003890991211,
        0.06993556022644043,
        0.06485414505004883
      ]
    },
    "tau": 0.9
  },
  "DecisionTree": {
    "losses": {
      "586_fri_c3_1000_25": [
        0.0445143793551127,
        0.05158340378710857,
        0.03333212521992745,
        0.06376052308457729,
        0.061753305233657484
      ]
    },
    "coverage": {
      "586_fri_c3_1000_25": [
        0.4,
        0.4,
        0.3583333333333334,
        0.4,
        0.5470588235294118
      ]
    },
    "complexity": {
      "586_fri_c3_1000_25": [
        125,
        59,
        293,
        61,
        29
      ]
    },
    "time_all": {
      "586_fri_c3_1000_25": [
        0.19954705238342285,
        0.18779873847961426,
        0.27975988388061523,
        0.25609612464904785,
        0.24826383590698242
      ]
    },
    "time_fit": {
      "586_fri_c3_1000_25": [
        0.02177596092224121,
        0.015941381454467773,
        0.04471135139465332,
        0.02174520492553711,
        0.01601886749267578
      ]
    },
    "tau": 0.9
  },
  "LinearQuantile": {
    "losses": {
      "586_fri_c3_1000_25": [
        0.2290631874577248,
        0.20488773927533607,
        0.3068899029995064,
        0.3011720060923398,
        0.25192203225440907
      ]
    },
    "coverage": {
      "586_fri_c3_1000_25": [
        0.7181818181818183,
        0.65,
        0.7333333333333334,
        0.8545454545454546,
        0.8411764705882353
      ]
    },
    "complexity": {
      "586_fri_c3_1000_25": [
        25,
        25,
        25,
        25,
        25
      ]
    },
    "time_all": {
      "586_fri_c3_1000_25": [
        0.9931948184967041,
        0.7923433780670166,
        5.810171604156494,
        1.0053317546844482,
        0.714270830154419
      ]
    },
    "time_fit": {
      "586_fri_c3_1000_25": [
        0.08665084838867188,
        0.06959390640258789,
        0.3761606216430664,
        0.07757759094238281,
        0.052861928939819336
      ]
    },
    "tau": 0.9
  }
}