{
  "SQR": {
    "losses": {
      "617_fri_c3_500_5": [
        0.08286428024463852,
        0.04086985813954799,
        0.014769480943731404,
        0.011265245688277681,
        0.10941066059258198
      ]
    },
    "coverage": {
      "617_fri_c3_500_5": [
        0.3888888888888889,
        0.08333333333333331,
        0.0,
        0.0,
        0.35714285714285715
      ]
    },
    "complexity": {
      "617_fri_c3_500_5": [
        13,
        15,
        11,
        12,
        14
      ]
    },
    "time_all": {
      "617_fri_c3_500_5": [
        100.90188217163086,
        82.78890442848206,
        88.24310827255249,
        86.28981256484985,
        80.83537435531616
      ]
    },
    "time_fit": {
      "617_fri_c3_500_5": [
        100.90188217163086,
        82.78890442848206,
        88.24310827255249,
        86.28981256484985,
        80.83537435531616
      ]
    },
    "tau": 0.5
  },
  "LightGBM": {
    "losses": {
      "617_fri_c3_500_5": [
        0.10724147323342843,
        0.06641788562748158,
        0.08266605078087992,
        0.038910656937405974,
        0.13082137191578927
      ]
    },
    "coverage": {
      "617_fri_c3_500_5": [
        0.3888888888888889,
        0.25,
        0.33333333333333337,
        0.2,
        0.35714285714285715
      ]
    },
    "time_all": {
      "617_fri_c3_500_5": [
        0.2064828872680664,
        0.22489619255065918,
        0.22117877006530762,
        0.22187185287475586,
        0.20547699928283691
      ]
    },
    "time_fit": {
      "617_fri_c3_500_5": [
        0.05934333801269531,
        0.06303262710571289,
        0.06319737434387207,
        0.0645146369934082,
        0.04847073554992676
      ]
    },
    "tau": 0.5
  },
  "DecisionTree": {
    "losses": {
      "617_fri_c3_500_5": [
        0.08288517020248745,
        0.05489446551673191,
        0.06145987191185069,
        0.06371083187408788,
        0.12178763275711653
      ]
    },
    "coverage": {
      "617_fri_c3_500_5": [
        0.3888888888888889,
        0.08333333333333331,
        0.16666666666666669,
        0.5,
        0.35714285714285715
      ]
    },
    "complexity": {
      "617_fri_c3_500_5": [
        147,
        145,
        145,
        157,
        141
      ]
    },
    "time_all": {
      "617_fri_c3_500_5": [
        0.049338340759277344,
        0.07388424873352051,
        0.07383465766906738,
        0.07555651664733887,
        0.07372045516967773
      ]
    },
    "time_fit": {
      "617_fri_c3_500_5": [
        0.008509397506713867,
        0.01309514045715332,
        0.01313638687133789,
        0.013994455337524414,
        0.012862205505371094
      ]
    },
    "tau": 0.5
  },
  "LinearQuantile": {
    "losses": {
      "617_fri_c3_500_5": [
        0.13198929135157705,
        0.06578262079747631,
        0.09381446744381354,
        0.07235325412816547,
        0.1558363354185509
      ]
    },
    "coverage": {
      "617_fri_c3_500_5": [
        0.2777777777777778,
        0.0,
        0.4166666666666667,
        0.2,
        0.35714285714285715
      ]
    },
    "complexity": {
      "617_fri_c3_500_5": [
        5,
        5,
        5,
        5,
        5
      ]
    },
    "time_all": {
      "617_fri_c3_500_5": [
        0.9993698596954346,
        0.09026026725769043,
        0.19643020629882812,
        0.13786768913269043,
        0.6388363838195801
      ]
    },
    "time_fit": {
      "617_fri_c3_500_5": [
        0.09018850326538086,
        0.007778644561767578,
        0.017211437225341797,
        0.011941909790039062,
        0.05235099792480469
      ]
    },
    "tau": 0.5
  }
}