{
  "SQR": {
    "losses": {
      "593_fri_c1_1000_10": [
        0.05457873971168091,
        0.029951245447375853,
        0.05280566600709583,
        0.02108571813639962,
        0.04402636429880189
      ]
    },
    "coverage": {
      "593_fri_c1_1000_10": [
        0.3125,
        0.020000000000000018,
        0.4166666666666667,
        0.16666666666666663,
        0.2647058823529411
      ]
    },
    "complexity": {
      "593_fri_c1_1000_10": [
        15,
        14,
        13,
        15,
        15
      ]
    },
    "time_all": {
      "593_fri_c1_1000_10": [
        115.14232277870178,
        104.045823097229,
        103.10162615776062,
        104.15439009666443,
        100.77390766143799
      ]
    },
    "time_fit": {
      "593_fri_c1_1000_10": [
        115.14232277870178,
        104.045823097229,
        103.10162615776062,
        104.15439009666443,
        100.77390766143799
      ]
    },
    "tau": 0.5
  },
  "LightGBM": {
    "losses": {
      "593_fri_c1_1000_10": [
        0.04151745173698654,
        0.0729650758945056,
        0.061228341730118103,
        0.042667798069207494,
        0.051155450845062116
      ]
    },
    "coverage": {
      "593_fri_c1_1000_10": [
        0.25,
        0.38,
        0.33333333333333337,
        0.3,
        0.14705882352941174
      ]
    },
    "time_all": {
      "593_fri_c1_1000_10": [
        0.349536657333374,
        0.45610761642456055,
        0.4456443786621094,
        0.38460445404052734,
        0.3578007221221924
      ]
    },
    "time_fit": {
      "593_fri_c1_1000_10": [
        0.06801462173461914,
        0.13649344444274902,
        0.13330841064453125,
        0.07050538063049316,
        0.07076525688171387
      ]
    },
    "tau": 0.5
  },
  "DecisionTree": {
    "losses": {
      "593_fri_c1_1000_10": [
        0.06580484278284819,
        0.09207370582210082,
        0.05798448093601318,
        0.06534685756595479,
        0.04670154659707214
      ]
    },
    "coverage": {
      "593_fri_c1_1000_10": [
        0.0625,
        0.26,
        0.29166666666666663,
        0.3,
        0.20588235294117646
      ]
    },
    "complexity": {
      "593_fri_c1_1000_10": [
        297,
        291,
        295,
        291,
        287
      ]
    },
    "time_all": {
      "593_fri_c1_1000_10": [
        0.11354303359985352,
        0.1712512969970703,
        0.17110729217529297,
        0.16952753067016602,
        0.17470717430114746
      ]
    },
    "time_fit": {
      "593_fri_c1_1000_10": [
        0.019570350646972656,
        0.030613183975219727,
        0.03080439567565918,
        0.0306093692779541,
        0.03070831298828125
      ]
    },
    "tau": 0.5
  },
  "LinearQuantile": {
    "losses": {
      "593_fri_c1_1000_10": [
        0.11890256108689952,
        0.11484988943841477,
        0.11119316606341285,
        0.1270867029902403,
        0.1257691469806126
      ]
    },
    "coverage": {
      "593_fri_c1_1000_10": [
        0.5,
        0.42,
        0.4583333333333333,
        0.43333333333333335,
        0.4411764705882353
      ]
    },
    "complexity": {
      "593_fri_c1_1000_10": [
        10,
        10,
        10,
        10,
        10
      ]
    },
    "time_all": {
      "593_fri_c1_1000_10": [
        0.24660706520080566,
        1.1313323974609375,
        0.36453890800476074,
        0.35186076164245605,
        0.835507869720459
      ]
    },
    "time_fit": {
      "593_fri_c1_1000_10": [
        0.020352602005004883,
        0.08274316787719727,
        0.032764434814453125,
        0.030376911163330078,
        0.05953240394592285
      ]
    },
    "tau": 0.5
  }
}