{
  "SQR": {
    "losses": {
      "602_fri_c3_250_10": [
        0.024186055615427412,
        0.07342165451842261,
        0.02339344774096558,
        0.022445116140236303,
        0.045990555399588705
      ]
    },
    "coverage": {
      "602_fri_c3_250_10": [
        0.3,
        0.25,
        0.25,
        0.125,
        0.16666666666666663
      ]
    },
    "complexity": {
      "602_fri_c3_250_10": [
        14,
        10,
        12,
        9,
        8
      ]
    },
    "time_all": {
      "602_fri_c3_250_10": [
        90.56855964660645,
        72.15282893180847,
        75.99025654792786,
        75.68626928329468,
        69.3913643360138
      ]
    },
    "time_fit": {
      "602_fri_c3_250_10": [
        90.56855964660645,
        72.15282893180847,
        75.99025654792786,
        75.68626928329468,
        69.3913643360138
      ]
    },
    "tau": 0.5
  },
  "LightGBM": {
    "losses": {
      "602_fri_c3_250_10": [
        0.10758242899370264,
        0.1478153249847354,
        0.14829454356810678,
        0.1351797025982897,
        0.0685121979917022
      ]
    },
    "coverage": {
      "602_fri_c3_250_10": [
        0.5,
        0.5,
        0.5,
        0.5,
        0.5
      ]
    },
    "time_all": {
      "602_fri_c3_250_10": [
        0.12950897216796875,
        0.15794038772583008,
        0.15997767448425293,
        0.15401911735534668,
        0.15690255165100098
      ]
    },
    "time_fit": {
      "602_fri_c3_250_10": [
        0.03156685829162598,
        0.03914237022399902,
        0.0398411750793457,
        0.03832268714904785,
        0.04123044013977051
      ]
    },
    "tau": 0.5
  },
  "DecisionTree": {
    "losses": {
      "602_fri_c3_250_10": [
        0.08310715454971863,
        0.09593101094097885,
        0.10372246815193388,
        0.09863963254047385,
        0.08288010917000116
      ]
    },
    "coverage": {
      "602_fri_c3_250_10": [
        0.3,
        0.25,
        0.25,
        0.5,
        0.5
      ]
    },
    "complexity": {
      "602_fri_c3_250_10": [
        33,
        31,
        75,
        71,
        31
      ]
    },
    "time_all": {
      "602_fri_c3_250_10": [
        0.032918691635131836,
        0.05089592933654785,
        0.053209543228149414,
        0.053333282470703125,
        0.05001640319824219
      ]
    },
    "time_fit": {
      "602_fri_c3_250_10": [
        0.0032172203063964844,
        0.004796743392944336,
        0.008125543594360352,
        0.007848739624023438,
        0.004790067672729492
      ]
    },
    "tau": 0.5
  },
  "LinearQuantile": {
    "losses": {
      "602_fri_c3_250_10": [
        0.12475446561237283,
        0.138445524989794,
        0.14909032049703863,
        0.12719641527208161,
        0.063387123857382
      ]
    },
    "coverage": {
      "602_fri_c3_250_10": [
        0.3,
        0.5,
        0.5,
        0.5,
        0.5
      ]
    },
    "complexity": {
      "602_fri_c3_250_10": [
        10,
        10,
        10,
        10,
        10
      ]
    },
    "time_all": {
      "602_fri_c3_250_10": [
        0.2887563705444336,
        0.21119141578674316,
        0.25769519805908203,
        0.758415937423706,
        0.2048952579498291
      ]
    },
    "time_fit": {
      "602_fri_c3_250_10": [
        0.023526430130004883,
        0.017976045608520508,
        0.02260112762451172,
        0.059990882873535156,
        0.01815629005432129
      ]
    },
    "tau": 0.5
  }
}