{
  "SQR": {
    "losses": {
      "4544_GeographicalOriginalofMusic": [
        0.030416270784609213,
        0.07765645855121443,
        0.05750438685541515,
        0.049149951281027775,
        0.04163096751305366
      ]
    },
    "coverage": {
      "4544_GeographicalOriginalofMusic": [
        0.021739130434782594,
        0.1842105263157895,
        0.23684210526315785,
        0.02941176470588236,
        0.38235294117647056
      ]
    },
    "complexity": {
      "4544_GeographicalOriginalofMusic": [
        5,
        3,
        3,
        5,
        2
      ]
    },
    "time_all": {
      "4544_GeographicalOriginalofMusic": [
        100.33636260032654,
        93.5207679271698,
        91.55397152900696,
        96.68289923667908,
        91.43181657791138
      ]
    },
    "time_fit": {
      "4544_GeographicalOriginalofMusic": [
        100.33636260032654,
        93.5207679271698,
        91.55397152900696,
        96.68289923667908,
        91.43181657791138
      ]
    },
    "tau": 0.5
  },
  "LightGBM": {
    "losses": {
      "4544_GeographicalOriginalofMusic": [
        0.06591274443175398,
        0.06111828264292811,
        0.06846454767048912,
        0.10032695396027141,
        0.06713745615053253
      ]
    },
    "coverage": {
      "4544_GeographicalOriginalofMusic": [
        0.19565217391304346,
        0.34210526315789475,
        0.4473684210526316,
        0.5,
        0.5
      ]
    },
    "time_all": {
      "4544_GeographicalOriginalofMusic": [
        0.5744547843933105,
        1.5249102115631104,
        0.5412821769714355,
        0.5256087779998779,
        0.5484135150909424
      ]
    },
    "time_fit": {
      "4544_GeographicalOriginalofMusic": [
        0.10198116302490234,
        0.09757828712463379,
        0.09862422943115234,
        0.09300470352172852,
        0.10120511054992676
      ]
    },
    "tau": 0.5
  },
  "DecisionTree": {
    "losses": {
      "4544_GeographicalOriginalofMusic": [
        0.06262796929019242,
        0.058549749525731276,
        0.06431067984530013,
        0.08512876939329692,
        0.034630973254773746
      ]
    },
    "coverage": {
      "4544_GeographicalOriginalofMusic": [
        0.19565217391304346,
        0.1842105263157895,
        0.2368421052631579,
        0.32352941176470584,
        0.08823529411764708
      ]
    },
    "complexity": {
      "4544_GeographicalOriginalofMusic": [
        125,
        309,
        25,
        33,
        129
      ]
    },
    "time_all": {
      "4544_GeographicalOriginalofMusic": [
        0.8901543617248535,
        0.9309382438659668,
        0.7716546058654785,
        0.8202552795410156,
        0.6893682479858398
      ]
    },
    "time_fit": {
      "4544_GeographicalOriginalofMusic": [
        0.09561371803283691,
        0.1275193691253662,
        0.04330945014953613,
        0.053992271423339844,
        0.062232017517089844
      ]
    },
    "tau": 0.5
  },
  "LinearQuantile": {
    "losses": {
      "4544_GeographicalOriginalofMusic": [
        0.03781362399917922,
        0.0508964337157822,
        0.03390460255651758,
        0.05325277029266472,
        0.024756736192694098
      ]
    },
    "coverage": {
      "4544_GeographicalOriginalofMusic": [
        0.19565217391304346,
        0.02631578947368418,
        0.1842105263157895,
        0.20588235294117646,
        0.2647058823529412
      ]
    },
    "complexity": {
      "4544_GeographicalOriginalofMusic": [
        117,
        117,
        117,
        117,
        117
      ]
    },
    "time_all": {
      "4544_GeographicalOriginalofMusic": [
        98.15612292289734,
        68.39464116096497,
        55.48984384536743,
        42.66590142250061,
        34.081977128982544
      ]
    },
    "time_fit": {
      "4544_GeographicalOriginalofMusic": [
        8.38968300819397,
        5.907656908035278,
        4.635464668273926,
        3.6802635192871094,
        2.7334282398223877
      ]
    },
    "tau": 0.5
  }
}