{
  "SQR": {
    "losses": {
      "591_fri_c1_100_10": [
        0.1755598551706482,
        0.03683688566064226,
        0.020108307574964096,
        0.008420322542807918,
        0.040388417313357565
      ]
    },
    "coverage": {
      "591_fri_c1_100_10": [
        0.9,
        0.5,
        0.5666666666666667,
        0.09999999999999998,
        0.9
      ]
    },
    "complexity": {
      "591_fri_c1_100_10": [
        9,
        14,
        14,
        15,
        12
      ]
    },
    "time_all": {
      "591_fri_c1_100_10": [
        82.89981865882874,
        68.67705821990967,
        68.8013916015625,
        68.81286072731018,
        69.4467670917511
      ]
    },
    "time_fit": {
      "591_fri_c1_100_10": [
        82.89981865882874,
        68.67705821990967,
        68.8013916015625,
        68.81286072731018,
        69.4467670917511
      ]
    },
    "tau": 0.9
  },
  "LightGBM": {
    "losses": {
      "591_fri_c1_100_10": [
        0.0020629681919054677,
        0.03442165604118331,
        0.009047014581314272,
        0.042708919495479954,
        0.16843833237428
      ]
    },
    "coverage": {
      "591_fri_c1_100_10": [
        0.09999999999999998,
        0.0,
        0.09999999999999998,
        0.09999999999999998,
        0.9
      ]
    },
    "time_all": {
      "591_fri_c1_100_10": [
        0.07639956474304199,
        0.06900215148925781,
        0.07646298408508301,
        0.08447790145874023,
        0.05861043930053711
      ]
    },
    "time_fit": {
      "591_fri_c1_100_10": [
        0.018385887145996094,
        0.014169454574584961,
        0.017188310623168945,
        0.02071857452392578,
        0.0039327144622802734
      ]
    },
    "tau": 0.9
  },
  "DecisionTree": {
    "losses": {
      "591_fri_c1_100_10": [
        0.0008507962340072646,
        0.03277343937958804,
        0.010662347912317691,
        0.018838276296298483,
        0.04744587775134616
      ]
    },
    "coverage": {
      "591_fri_c1_100_10": [
        0.09999999999999998,
        0.0,
        0.09999999999999998,
        0.09999999999999998,
        0.4
      ]
    },
    "complexity": {
      "591_fri_c1_100_10": [
        29,
        3,
        1,
        11,
        29
      ]
    },
    "time_all": {
      "591_fri_c1_100_10": [
        0.022550582885742188,
        0.031261444091796875,
        0.030910968780517578,
        0.03317451477050781,
        0.03323221206665039
      ]
    },
    "time_fit": {
      "591_fri_c1_100_10": [
        0.002473592758178711,
        0.0017633438110351562,
        0.0015263557434082031,
        0.002501249313354492,
        0.0038297176361083984
      ]
    },
    "tau": 0.9
  },
  "LinearQuantile": {
    "losses": {
      "591_fri_c1_100_10": [
        0.6060834965044419,
        0.23528649324591935,
        0.24545875924942304,
        0.1403714063141823,
        0.3459209562202077
      ]
    },
    "coverage": {
      "591_fri_c1_100_10": [
        0.9,
        0.6000000000000001,
        0.5666666666666667,
        0.7,
        0.9
      ]
    },
    "complexity": {
      "591_fri_c1_100_10": [
        10,
        10,
        10,
        10,
        10
      ]
    },
    "time_all": {
      "591_fri_c1_100_10": [
        0.06781578063964844,
        1.1450018882751465,
        0.21939587593078613,
        0.7412045001983643,
        0.8335444927215576
      ]
    },
    "time_fit": {
      "591_fri_c1_100_10": [
        0.0054340362548828125,
        0.08678174018859863,
        0.0195159912109375,
        0.0534825325012207,
        0.06020402908325195
      ]
    },
    "tau": 0.9
  }
}