{
  "SQR": {
    "losses": {
      "651_fri_c0_100_25": [
        0.012030413114001702,
        0.03626053500004864,
        0.007332718624422298,
        0.012603321447157059,
        0.01341986600314604
      ]
    },
    "coverage": {
      "651_fri_c0_100_25": [
        0.4,
        0.2333333333333334,
        0.09999999999999998,
        0.09999999999999998,
        0.09999999999999998
      ]
    },
    "complexity": {
      "651_fri_c0_100_25": [
        10,
        10,
        9,
        9,
        14
      ]
    },
    "time_all": {
      "651_fri_c0_100_25": [
        85.09363007545471,
        71.24170994758606,
        70.40145826339722,
        68.86546516418457,
        70.34209108352661
      ]
    },
    "time_fit": {
      "651_fri_c0_100_25": [
        85.09363007545471,
        71.24170994758606,
        70.40145826339722,
        68.86546516418457,
        70.34209108352661
      ]
    },
    "tau": 0.9
  },
  "LightGBM": {
    "losses": {
      "651_fri_c0_100_25": [
        0.11099504425117739,
        0.012613353978362836,
        0.03273319476471837,
        0.038647225963647634,
        0.09360636557752433
      ]
    },
    "coverage": {
      "651_fri_c0_100_25": [
        0.9,
        0.2333333333333334,
        0.09999999999999998,
        0.9,
        0.30000000000000004
      ]
    },
    "time_all": {
      "651_fri_c0_100_25": [
        0.06039786338806152,
        0.07088017463684082,
        0.07556605339050293,
        0.07469391822814941,
        0.07250142097473145
      ]
    },
    "time_fit": {
      "651_fri_c0_100_25": [
        0.0032007694244384766,
        0.004701137542724609,
        0.016071557998657227,
        0.017568588256835938,
        0.01682567596435547
      ]
    },
    "tau": 0.9
  },
  "DecisionTree": {
    "losses": {
      "651_fri_c0_100_25": [
        0.06229309031775382,
        0.007132821623569741,
        0.036269348167900874,
        0.014254654721034711,
        0.0825366254487376
      ]
    },
    "coverage": {
      "651_fri_c0_100_25": [
        0.4,
        0.09999999999999998,
        0.09999999999999998,
        0.09999999999999998,
        0.30000000000000004
      ]
    },
    "complexity": {
      "651_fri_c0_100_25": [
        29,
        3,
        1,
        13,
        11
      ]
    },
    "time_all": {
      "651_fri_c0_100_25": [
        0.023429393768310547,
        0.03478193283081055,
        0.03268241882324219,
        0.03368830680847168,
        0.03449583053588867
      ]
    },
    "time_fit": {
      "651_fri_c0_100_25": [
        0.0028612613677978516,
        0.0018870830535888672,
        0.0015099048614501953,
        0.002908945083618164,
        0.0029001235961914062
      ]
    },
    "tau": 0.9
  },
  "LinearQuantile": {
    "losses": {
      "651_fri_c0_100_25": [
        0.10715991452430217,
        0.08474940228217638,
        0.09421178783799887,
        0.17247107990257385,
        0.1806635894063097
      ]
    },
    "coverage": {
      "651_fri_c0_100_25": [
        0.9,
        0.5666666666666667,
        0.9,
        0.9,
        0.5
      ]
    },
    "complexity": {
      "651_fri_c0_100_25": [
        25,
        25,
        25,
        25,
        25
      ]
    },
    "time_all": {
      "651_fri_c0_100_25": [
        0.2602498531341553,
        1.1226563453674316,
        0.7385931015014648,
        0.7480757236480713,
        0.9992280006408691
      ]
    },
    "time_fit": {
      "651_fri_c0_100_25": [
        0.02283167839050293,
        0.08852219581604004,
        0.054256439208984375,
        0.05669856071472168,
        0.07607483863830566
      ]
    },
    "tau": 0.9
  }
}