{
  "SQR": {
    "losses": {
      "651_fri_c0_100_25": [
        0.03833686695315924,
        0.05385610694555079,
        0.060160781418021794,
        0.004479403788990728,
        0.02118896346916604
      ]
    },
    "coverage": {
      "651_fri_c0_100_25": [
        0.0,
        0.16666666666666669,
        0.5,
        0.5,
        0.09999999999999998
      ]
    },
    "complexity": {
      "651_fri_c0_100_25": [
        13,
        15,
        13,
        13,
        16
      ]
    },
    "time_all": {
      "651_fri_c0_100_25": [
        86.86126899719238,
        70.15343475341797,
        71.47242498397827,
        70.99170279502869,
        70.47364521026611
      ]
    },
    "time_fit": {
      "651_fri_c0_100_25": [
        86.86126899719238,
        70.15343475341797,
        71.47242498397827,
        70.99170279502869,
        70.47364521026611
      ]
    },
    "tau": 0.5
  },
  "LightGBM": {
    "losses": {
      "651_fri_c0_100_25": [
        0.15787400984812583,
        0.10434252686916248,
        0.030271023151641235,
        0.11654321659991275,
        0.1046224275933024
      ]
    },
    "coverage": {
      "651_fri_c0_100_25": [
        0.5,
        0.5,
        0.5,
        0.5,
        0.3
      ]
    },
    "time_all": {
      "651_fri_c0_100_25": [
        0.07567453384399414,
        0.07158303260803223,
        0.0591280460357666,
        0.07236599922180176,
        0.08369779586791992
      ]
    },
    "time_fit": {
      "651_fri_c0_100_25": [
        0.016496896743774414,
        0.014964818954467773,
        0.004140138626098633,
        0.015838623046875,
        0.01894402503967285
      ]
    },
    "tau": 0.5
  },
  "DecisionTree": {
    "losses": {
      "651_fri_c0_100_25": [
        0.0684420855351697,
        0.06575631376653154,
        0.030271023564977427,
        0.04029963712653653,
        0.09948689404186925
      ]
    },
    "coverage": {
      "651_fri_c0_100_25": [
        0.5,
        0.5,
        0.5,
        0.0,
        0.3
      ]
    },
    "complexity": {
      "651_fri_c0_100_25": [
        29,
        3,
        1,
        13,
        11
      ]
    },
    "time_all": {
      "651_fri_c0_100_25": [
        0.02487039566040039,
        0.035447120666503906,
        0.03293895721435547,
        0.03426790237426758,
        0.03421974182128906
      ]
    },
    "time_fit": {
      "651_fri_c0_100_25": [
        0.002949953079223633,
        0.001901388168334961,
        0.0015170574188232422,
        0.002995729446411133,
        0.0027837753295898438
      ]
    },
    "tau": 0.5
  },
  "LinearQuantile": {
    "losses": {
      "651_fri_c0_100_25": [
        0.06164189482085956,
        0.036088012862219875,
        0.015174720882473658,
        0.05141301011605078,
        0.10176009638560306
      ]
    },
    "coverage": {
      "651_fri_c0_100_25": [
        0.5,
        0.5,
        0.5,
        0.5,
        0.09999999999999998
      ]
    },
    "complexity": {
      "651_fri_c0_100_25": [
        25,
        25,
        25,
        25,
        25
      ]
    },
    "time_all": {
      "651_fri_c0_100_25": [
        0.9237728118896484,
        0.2503185272216797,
        2.0643205642700195,
        0.4589700698852539,
        0.8774778842926025
      ]
    },
    "time_fit": {
      "651_fri_c0_100_25": [
        0.08119940757751465,
        0.022278308868408203,
        0.1630105972290039,
        0.036534786224365234,
        0.06034493446350098
      ]
    },
    "tau": 0.5
  }
}