{
  "SQR": {
    "losses": {
      "643_fri_c2_500_25": [
        0.021205025427314346,
        0.025492820626641537,
        0.006443924874113677,
        0.02117317056930435,
        0.025142694797635923
      ]
    },
    "coverage": {
      "643_fri_c2_500_25": [
        0.4454545454545455,
        0.2571428571428571,
        0.09999999999999998,
        0.4,
        0.09999999999999998
      ]
    },
    "complexity": {
      "643_fri_c2_500_25": [
        16,
        15,
        19,
        9,
        11
      ]
    },
    "time_all": {
      "643_fri_c2_500_25": [
        111.99193811416626,
        98.12279391288757,
        85.98634552955627,
        79.58839988708496,
        84.97392249107361
      ]
    },
    "time_fit": {
      "643_fri_c2_500_25": [
        111.99193811416626,
        98.12279391288757,
        85.98634552955627,
        79.58839988708496,
        84.97392249107361
      ]
    },
    "tau": 0.9
  },
  "LightGBM": {
    "losses": {
      "643_fri_c2_500_25": [
        0.04996100887679816,
        0.03630687503407074,
        0.023461486218468164,
        0.036603073783443664,
        0.04331041092180375
      ]
    },
    "coverage": {
      "643_fri_c2_500_25": [
        0.3545454545454546,
        0.2571428571428571,
        0.09999999999999998,
        0.30000000000000004,
        0.6000000000000001
      ]
    },
    "time_all": {
      "643_fri_c2_500_25": [
        0.22701072692871094,
        0.21940398216247559,
        0.18874382972717285,
        0.20723509788513184,
        0.17958354949951172
      ]
    },
    "time_fit": {
      "643_fri_c2_500_25": [
        0.054573774337768555,
        0.04982566833496094,
        0.0436558723449707,
        0.048561811447143555,
        0.04405045509338379
      ]
    },
    "tau": 0.9
  },
  "DecisionTree": {
    "losses": {
      "643_fri_c2_500_25": [
        0.08471600657051137,
        0.04511420750394937,
        0.009679773882576691,
        0.09532775314054615,
        0.0665605733058958
      ]
    },
    "coverage": {
      "643_fri_c2_500_25": [
        0.5363636363636364,
        0.3285714285714286,
        0.09999999999999998,
        0.7,
        0.7
      ]
    },
    "complexity": {
      "643_fri_c2_500_25": [
        17,
        17,
        19,
        9,
        17
      ]
    },
    "time_all": {
      "643_fri_c2_500_25": [
        0.07870602607727051,
        0.11303019523620605,
        0.11314105987548828,
        0.11217021942138672,
        0.11704730987548828
      ]
    },
    "time_fit": {
      "643_fri_c2_500_25": [
        0.004805564880371094,
        0.0074040889739990234,
        0.0075528621673583984,
        0.005549430847167969,
        0.007757425308227539
      ]
    },
    "tau": 0.9
  },
  "LinearQuantile": {
    "losses": {
      "643_fri_c2_500_25": [
        0.3792401563014326,
        0.25467158204580104,
        0.14062260308594182,
        0.3814956181697779,
        0.39175928990419095
      ]
    },
    "coverage": {
      "643_fri_c2_500_25": [
        0.9,
        0.7571428571428571,
        0.65,
        0.9,
        0.9
      ]
    },
    "complexity": {
      "643_fri_c2_500_25": [
        25,
        25,
        25,
        25,
        25
      ]
    },
    "time_all": {
      "643_fri_c2_500_25": [
        0.26531434059143066,
        1.0830180644989014,
        1.3787307739257812,
        4.123088598251343,
        1.628641128540039
      ]
    },
    "time_fit": {
      "643_fri_c2_500_25": [
        0.019670486450195312,
        0.0926051139831543,
        0.09737563133239746,
        0.28102946281433105,
        0.12052273750305176
      ]
    },
    "tau": 0.9
  }
}