{
  "SQR": {
    "losses": {
      "597_fri_c2_500_5": [
        0.04746047013627018,
        0.03853400245602898,
        0.027271542893221735,
        0.08181664375741542,
        0.06107764523489635
      ]
    },
    "coverage": {
      "597_fri_c2_500_5": [
        0.3125,
        0.2142857142857143,
        0.125,
        0.25,
        0.16666666666666669
      ]
    },
    "complexity": {
      "597_fri_c2_500_5": [
        8,
        12,
        14,
        15,
        11
      ]
    },
    "time_all": {
      "597_fri_c2_500_5": [
        90.89703059196472,
        83.40400695800781,
        82.61365795135498,
        84.27340030670166,
        76.1340684890747
      ]
    },
    "time_fit": {
      "597_fri_c2_500_5": [
        90.89703059196472,
        83.40400695800781,
        82.61365795135498,
        84.27340030670166,
        76.1340684890747
      ]
    },
    "tau": 0.5
  },
  "LightGBM": {
    "losses": {
      "597_fri_c2_500_5": [
        0.06804070325245234,
        0.09389315998644344,
        0.05893923371738425,
        0.08716010424015727,
        0.08968685335287768
      ]
    },
    "coverage": {
      "597_fri_c2_500_5": [
        0.25,
        0.5,
        0.375,
        0.5,
        0.4166666666666667
      ]
    },
    "time_all": {
      "597_fri_c2_500_5": [
        0.24950861930847168,
        0.21526384353637695,
        0.2517995834350586,
        0.22367382049560547,
        0.2206571102142334
      ]
    },
    "time_fit": {
      "597_fri_c2_500_5": [
        0.0701601505279541,
        0.05982708930969238,
        0.06458759307861328,
        0.06274271011352539,
        0.06417989730834961
      ]
    },
    "tau": 0.5
  },
  "DecisionTree": {
    "losses": {
      "597_fri_c2_500_5": [
        0.04592326138175219,
        0.11318354916489683,
        0.0705105304847194,
        0.07318206864463045,
        0.08163922309989828
      ]
    },
    "coverage": {
      "597_fri_c2_500_5": [
        0.0625,
        0.5,
        0.375,
        0.5,
        0.5
      ]
    },
    "complexity": {
      "597_fri_c2_500_5": [
        145,
        137,
        29,
        145,
        145
      ]
    },
    "time_all": {
      "597_fri_c2_500_5": [
        0.07696533203125,
        0.07531094551086426,
        0.06707048416137695,
        0.07503342628479004,
        0.07508659362792969
      ]
    },
    "time_fit": {
      "597_fri_c2_500_5": [
        0.013553857803344727,
        0.012950658798217773,
        0.004739046096801758,
        0.013352394104003906,
        0.013364315032958984
      ]
    },
    "tau": 0.5
  },
  "LinearQuantile": {
    "losses": {
      "597_fri_c2_500_5": [
        0.1367405501994371,
        0.13878856584230226,
        0.12858988801135693,
        0.16137066454284216,
        0.1512239277061045
      ]
    },
    "coverage": {
      "597_fri_c2_500_5": [
        0.25,
        0.5,
        0.375,
        0.5,
        0.4166666666666667
      ]
    },
    "complexity": {
      "597_fri_c2_500_5": [
        5,
        5,
        5,
        5,
        5
      ]
    },
    "time_all": {
      "597_fri_c2_500_5": [
        0.15843510627746582,
        0.09670066833496094,
        0.21357345581054688,
        0.29567718505859375,
        0.1967167854309082
      ]
    },
    "time_fit": {
      "597_fri_c2_500_5": [
        0.013474464416503906,
        0.0081634521484375,
        0.018712997436523438,
        0.025301218032836914,
        0.01735663414001465
      ]
    },
    "tau": 0.5
  }
}