{
  "SQR": {
    "losses": {
      "561_cpu": [
        1.4925280624189372,
        0.00489614389709449,
        0.0012354671956808744,
        0.000708306506825838
      ]
    },
    "coverage": {
      "561_cpu": [
        0.9,
        0.4,
        0.15000000000000002,
        0.15000000000000002
      ]
    },
    "complexity": {
      "561_cpu": [
        15,
        13,
        14,
        7
      ]
    },
    "time_all": {
      "561_cpu": [
        98.15068554878235,
        78.35457825660706,
        79.35915350914001,
        78.14780402183533
      ]
    },
    "time_fit": {
      "561_cpu": [
        98.15068554878235,
        78.35457825660706,
        79.35915350914001,
        78.14780402183533
      ]
    },
    "tau": 0.9
  },
  "LightGBM": {
    "losses": {
      "561_cpu": [
        0.5264951951840044,
        0.11187990503692173,
        0.005738256902856804,
        0.006206633289957251
      ]
    },
    "coverage": {
      "561_cpu": [
        0.9,
        0.9,
        0.09999999999999998,
        0.09999999999999998
      ]
    },
    "time_all": {
      "561_cpu": [
        0.11580777168273926,
        0.10236978530883789,
        0.08678150177001953,
        0.09107851982116699
      ]
    },
    "time_fit": {
      "561_cpu": [
        0.023450136184692383,
        0.021211862564086914,
        0.01806473731994629,
        0.018378257751464844
      ]
    },
    "tau": 0.9
  },
  "DecisionTree": {
    "losses": {
      "561_cpu": [
        0.4834096484055601,
        0.03228536385936223,
        0.0001921504497138184,
        0.0003495502861815208
      ]
    },
    "coverage": {
      "561_cpu": [
        0.9,
        0.4,
        0.09999999999999998,
        0.09999999999999998
      ]
    },
    "complexity": {
      "561_cpu": [
        25,
        65,
        57,
        55
      ]
    },
    "time_all": {
      "561_cpu": [
        0.04365062713623047,
        0.043497323989868164,
        0.04226946830749512,
        0.041582345962524414
      ]
    },
    "time_fit": {
      "561_cpu": [
        0.0037856101989746094,
        0.006361722946166992,
        0.005858659744262695,
        0.005571842193603516
      ]
    },
    "tau": 0.9
  },
  "LinearQuantile": {
    "losses": {
      "561_cpu": [
        0.345676778875778,
        0.06116384371294059,
        0.004497356011704218,
        0.004658540569492909
      ]
    },
    "coverage": {
      "561_cpu": [
        0.9,
        0.9,
        0.09999999999999998,
        0.09999999999999998
      ]
    },
    "complexity": {
      "561_cpu": [
        7,
        7,
        7,
        7
      ]
    },
    "time_all": {
      "561_cpu": [
        1.494441270828247,
        0.6065034866333008,
        1.504025936126709,
        0.906522274017334
      ]
    },
    "time_fit": {
      "561_cpu": [
        0.11685442924499512,
        0.04627633094787598,
        0.0998835563659668,
        0.07333040237426758
      ]
    },
    "tau": 0.9
  }
}