{
  "SQR": {
    "losses": {
      "604_fri_c4_500_10": [
        0.04786709496936609,
        0.020359544484792717,
        0.01459428769843156,
        0.04120375634950574,
        0.04890209802634693
      ]
    },
    "coverage": {
      "604_fri_c4_500_10": [
        0.34615384615384615,
        0.07142857142857145,
        0.5,
        0.25,
        0.5
      ]
    },
    "complexity": {
      "604_fri_c4_500_10": [
        11,
        13,
        14,
        12,
        9
      ]
    },
    "time_all": {
      "604_fri_c4_500_10": [
        108.65276956558228,
        86.18632102012634,
        87.72068071365356,
        87.59280371665955,
        91.08320021629333
      ]
    },
    "time_fit": {
      "604_fri_c4_500_10": [
        108.65276956558228,
        86.18632102012634,
        87.72068071365356,
        87.59280371665955,
        91.08320021629333
      ]
    },
    "tau": 0.5
  },
  "LightGBM": {
    "losses": {
      "604_fri_c4_500_10": [
        0.09593467448919622,
        0.09801346611792866,
        0.08023652040664091,
        0.10685999679965563,
        0.09201634031095597
      ]
    },
    "coverage": {
      "604_fri_c4_500_10": [
        0.4230769230769231,
        0.4285714285714286,
        0.5,
        0.375,
        0.5
      ]
    },
    "time_all": {
      "604_fri_c4_500_10": [
        0.22988319396972656,
        0.22024011611938477,
        0.21031498908996582,
        0.2395937442779541,
        0.2311410903930664
      ]
    },
    "time_fit": {
      "604_fri_c4_500_10": [
        0.06611037254333496,
        0.05165362358093262,
        0.04784989356994629,
        0.050392866134643555,
        0.06837964057922363
      ]
    },
    "tau": 0.5
  },
  "DecisionTree": {
    "losses": {
      "604_fri_c4_500_10": [
        0.07373484371970883,
        0.08124732454592808,
        0.10313328710625,
        0.06774318157517165,
        0.050437229937651144
      ]
    },
    "coverage": {
      "604_fri_c4_500_10": [
        0.5,
        0.35714285714285715,
        0.35714285714285715,
        0.25,
        0.5
      ]
    },
    "complexity": {
      "604_fri_c4_500_10": [
        147,
        143,
        147,
        143,
        145
      ]
    },
    "time_all": {
      "604_fri_c4_500_10": [
        0.05795931816101074,
        0.08845019340515137,
        0.08893108367919922,
        0.08625674247741699,
        0.08760952949523926
      ]
    },
    "time_fit": {
      "604_fri_c4_500_10": [
        0.009736061096191406,
        0.015040397644042969,
        0.015329360961914062,
        0.014863967895507812,
        0.015032529830932617
      ]
    },
    "tau": 0.5
  },
  "LinearQuantile": {
    "losses": {
      "604_fri_c4_500_10": [
        0.131502817085937,
        0.1288021771538773,
        0.10694774503463929,
        0.12748397604877734,
        0.13025728969848996
      ]
    },
    "coverage": {
      "604_fri_c4_500_10": [
        0.34615384615384615,
        0.5,
        0.5,
        0.375,
        0.5
      ]
    },
    "complexity": {
      "604_fri_c4_500_10": [
        10,
        10,
        10,
        10,
        10
      ]
    },
    "time_all": {
      "604_fri_c4_500_10": [
        0.22023367881774902,
        1.2195301055908203,
        0.41745996475219727,
        0.16944050788879395,
        0.2991960048675537
      ]
    },
    "time_fit": {
      "604_fri_c4_500_10": [
        0.01776885986328125,
        0.07742094993591309,
        0.035146236419677734,
        0.014846086502075195,
        0.025928258895874023
      ]
    },
    "tau": 0.5
  }
}