{
  "SQR": {
    "losses": {
      "197_cpu_act": [
        0.15261417505182076,
        0.18459249448294984,
        0.1720536781928203,
        0.18814108936064963,
        0.16757862197319004
      ]
    },
    "coverage": {
      "197_cpu_act": [
        0.13636363636363635,
        0.19718309859154926,
        0.18613138686131392,
        0.18322981366459623,
        0.19801980198019797
      ]
    },
    "complexity": {
      "197_cpu_act": [
        5,
        6,
        6,
        5,
        6
      ]
    },
    "time_all": {
      "197_cpu_act": [
        371.3010060787201,
        391.2662000656128,
        396.8103244304657,
        397.3577296733856,
        366.4203224182129
      ]
    },
    "time_fit": {
      "197_cpu_act": [
        371.3010060787201,
        391.2662000656128,
        396.8103244304657,
        397.3577296733856,
        366.4203224182129
      ]
    },
    "tau": 0.5
  },
  "LightGBM": {
    "losses": {
      "197_cpu_act": [
        0.15305725723809618,
        0.18477652669845893,
        0.17340120591033834,
        0.1900937607591042,
        0.17080210238543655
      ]
    },
    "coverage": {
      "197_cpu_act": [
        0.20779220779220775,
        0.23943661971830987,
        0.26642335766423353,
        0.2639751552795031,
        0.2920792079207921
      ]
    },
    "time_all": {
      "197_cpu_act": [
        1.6842877864837646,
        1.7023932933807373,
        1.6611945629119873,
        1.725027322769165,
        1.6254692077636719
      ]
    },
    "time_fit": {
      "197_cpu_act": [
        0.25971412658691406,
        0.24743223190307617,
        0.22799468040466309,
        0.23160099983215332,
        0.21218109130859375
      ]
    },
    "tau": 0.5
  },
  "DecisionTree": {
    "losses": {
      "197_cpu_act": [
        0.15069526433162797,
        0.18180039834969414,
        0.17186463171864633,
        0.18657067570111047,
        0.16770427042704272
      ]
    },
    "coverage": {
      "197_cpu_act": [
        0.16883116883116878,
        0.24647887323943662,
        0.24452554744525545,
        0.23913043478260865,
        0.2722772277227723
      ]
    },
    "complexity": {
      "197_cpu_act": [
        291,
        1027,
        2391,
        1039,
        245
      ]
    },
    "time_all": {
      "197_cpu_act": [
        1.2539691925048828,
        1.2022600173950195,
        1.2774608135223389,
        1.2126975059509277,
        1.1429648399353027
      ]
    },
    "time_fit": {
      "197_cpu_act": [
        0.08323884010314941,
        0.13627982139587402,
        0.2116079330444336,
        0.13731098175048828,
        0.07840323448181152
      ]
    },
    "tau": 0.5
  },
  "LinearQuantile": {
    "losses": {
      "197_cpu_act": [
        0.5015737652932023,
        0.148657461037281,
        0.08315871752688715,
        0.06384563867218432,
        1.2353399734937376
      ]
    },
    "coverage": {
      "197_cpu_act": [
        0.3246753246753247,
        0.323943661971831,
        0.35401459854014594,
        0.24534161490683226,
        0.3910891089108911
      ]
    },
    "complexity": {
      "197_cpu_act": [
        21,
        21,
        21,
        21,
        21
      ]
    },
    "time_all": {
      "197_cpu_act": [
        43.02928972244263,
        50.17174220085144,
        49.77620077133179,
        45.9095561504364,
        50.91620469093323
      ]
    },
    "time_fit": {
      "197_cpu_act": [
        1.6553761959075928,
        4.73521089553833,
        5.680609941482544,
        1.7074568271636963,
        5.399601221084595
      ]
    },
    "tau": 0.5
  }
}