{
  "SQR": {
    "losses": {
      "228_elusage": [
        0.013000484263293722,
        0.02514543999122282,
        0.02545241093891509,
        0.013028274746445564
      ]
    },
    "coverage": {
      "228_elusage": [
        0.5,
        0.5,
        0.5,
        0.5
      ]
    },
    "complexity": {
      "228_elusage": [
        4,
        13,
        4,
        9
      ]
    },
    "time_all": {
      "228_elusage": [
        82.84358406066895,
        65.4307119846344,
        64.80380630493164,
        65.35522270202637
      ]
    },
    "time_fit": {
      "228_elusage": [
        82.84358406066895,
        65.4307119846344,
        64.80380630493164,
        65.35522270202637
      ]
    },
    "tau": 0.5
  },
  "LightGBM": {
    "losses": {
      "228_elusage": [
        0.09959888530709712,
        0.13733751944143696,
        0.1079334859070028,
        0.151354564255223
      ]
    },
    "coverage": {
      "228_elusage": [
        0.5,
        0.5,
        0.5,
        0.5
      ]
    },
    "time_all": {
      "228_elusage": [
        0.029710054397583008,
        0.035385847091674805,
        0.03603386878967285,
        0.035698890686035156
      ]
    },
    "time_fit": {
      "228_elusage": [
        0.0034995079040527344,
        0.004294157028198242,
        0.004480123519897461,
        0.0044155120849609375
      ]
    },
    "tau": 0.5
  },
  "DecisionTree": {
    "losses": {
      "228_elusage": [
        0.009449737699335787,
        0.037716716954939764,
        0.0037892054390140585,
        0.010770333984577706
      ]
    },
    "coverage": {
      "228_elusage": [
        0.5,
        0.5,
        0.25,
        0.5
      ]
    },
    "complexity": {
      "228_elusage": [
        15,
        7,
        5,
        15
      ]
    },
    "time_all": {
      "228_elusage": [
        0.02014303207397461,
        0.031064271926879883,
        0.027822256088256836,
        0.02851414680480957
      ]
    },
    "time_fit": {
      "228_elusage": [
        0.0017042160034179688,
        0.0022504329681396484,
        0.0017571449279785156,
        0.002470254898071289
      ]
    },
    "tau": 0.5
  },
  "LinearQuantile": {
    "losses": {
      "228_elusage": [
        0.0740367302034535,
        0.08709739266365743,
        0.1108771076722635,
        0.14356837572633166
      ]
    },
    "coverage": {
      "228_elusage": [
        0.5,
        0.5,
        0.5,
        0.5
      ]
    },
    "complexity": {
      "228_elusage": [
        2,
        2,
        2,
        2
      ]
    },
    "time_all": {
      "228_elusage": [
        0.1918954849243164,
        0.08631253242492676,
        0.06233096122741699,
        0.07217645645141602
      ]
    },
    "time_fit": {
      "228_elusage": [
        0.016383886337280273,
        0.007126569747924805,
        0.005049228668212891,
        0.005910634994506836
      ]
    },
    "tau": 0.5
  }
}