{
  "SQR": {
    "losses": {
      "608_fri_c3_1000_10": [
        0.016912449076621424,
        0.00686186645128058,
        0.005515230372171376,
        0.09301670121746308,
        0.007532238685762876
      ]
    },
    "coverage": {
      "608_fri_c3_1000_10": [
        0.054545454545454564,
        0.004761904761904745,
        0.004761904761904745,
        0.525,
        0.02857142857142858
      ]
    },
    "complexity": {
      "608_fri_c3_1000_10": [
        15,
        12,
        13,
        8,
        15
      ]
    },
    "time_all": {
      "608_fri_c3_1000_10": [
        121.86760902404785,
        106.93834185600281,
        101.12135004997253,
        100.60552382469177,
        99.2259430885315
      ]
    },
    "time_fit": {
      "608_fri_c3_1000_10": [
        121.86760902404785,
        106.93834185600281,
        101.12135004997253,
        100.60552382469177,
        99.2259430885315
      ]
    },
    "tau": 0.9
  },
  "LightGBM": {
    "losses": {
      "608_fri_c3_1000_10": [
        0.031031959039961247,
        0.038250260877069404,
        0.0411210136513438,
        0.06079059074290538,
        0.013791856637254478
      ]
    },
    "coverage": {
      "608_fri_c3_1000_10": [
        0.3545454545454546,
        0.3761904761904762,
        0.28095238095238095,
        0.4,
        0.04285714285714293
      ]
    },
    "time_all": {
      "608_fri_c3_1000_10": [
        0.31263184547424316,
        0.2960216999053955,
        0.2859377861022949,
        0.30328893661499023,
        0.3137855529785156
      ]
    },
    "time_fit": {
      "608_fri_c3_1000_10": [
        0.05788445472717285,
        0.06388616561889648,
        0.06463074684143066,
        0.06563758850097656,
        0.05740022659301758
      ]
    },
    "tau": 0.9
  },
  "DecisionTree": {
    "losses": {
      "608_fri_c3_1000_10": [
        0.06644396782612796,
        0.04789651283150774,
        0.04952308096977791,
        0.05226884520369655,
        0.026497424429349603
      ]
    },
    "coverage": {
      "608_fri_c3_1000_10": [
        0.4454545454545455,
        0.28095238095238095,
        0.28095238095238095,
        0.4416666666666667,
        0.2571428571428571
      ]
    },
    "complexity": {
      "608_fri_c3_1000_10": [
        25,
        33,
        293,
        57,
        35
      ]
    },
    "time_all": {
      "608_fri_c3_1000_10": [
        0.10089874267578125,
        0.15000271797180176,
        0.1721031665802002,
        0.15431880950927734,
        0.15057873725891113
      ]
    },
    "time_fit": {
      "608_fri_c3_1000_10": [
        0.005120277404785156,
        0.009028911590576172,
        0.030996084213256836,
        0.012106180191040039,
        0.009447574615478516
      ]
    },
    "tau": 0.9
  },
  "LinearQuantile": {
    "losses": {
      "608_fri_c3_1000_10": [
        0.23823332193939303,
        0.25845995468486144,
        0.25876813524142805,
        0.3399215296678316,
        0.24778082479279348
      ]
    },
    "coverage": {
      "608_fri_c3_1000_10": [
        0.8545454545454546,
        0.8523809523809525,
        0.8523809523809525,
        0.8166666666666667,
        0.9
      ]
    },
    "complexity": {
      "608_fri_c3_1000_10": [
        10,
        10,
        10,
        10,
        10
      ]
    },
    "time_all": {
      "608_fri_c3_1000_10": [
        0.2164158821105957,
        2.5114328861236572,
        0.5829789638519287,
        3.452590227127075,
        0.5676491260528564
      ]
    },
    "time_fit": {
      "608_fri_c3_1000_10": [
        0.017528772354125977,
        0.1946885585784912,
        0.04615640640258789,
        0.1667635440826416,
        0.0496213436126709
      ]
    },
    "tau": 0.9
  }
}