{
  "SQR": {
    "losses": {
      "560_bodyfat": [
        0.00040804605429678686,
        0.00020295201176868147,
        0.0437237812125386,
        0.00021410767946726514,
        0.0006004187142766544
      ]
    },
    "coverage": {
      "560_bodyfat": [
        0.25,
        0.25,
        0.09999999999999998,
        0.5,
        0.25
      ]
    },
    "complexity": {
      "560_bodyfat": [
        11,
        9,
        8,
        10,
        12
      ]
    },
    "time_all": {
      "560_bodyfat": [
        86.81366467475891,
        73.70849084854126,
        71.86472535133362,
        70.16500687599182,
        72.51985764503479
      ]
    },
    "time_fit": {
      "560_bodyfat": [
        86.81366467475891,
        73.70849084854126,
        71.86472535133362,
        70.16500687599182,
        72.51985764503479
      ]
    },
    "tau": 0.5
  },
  "LightGBM": {
    "losses": {
      "560_bodyfat": [
        0.06766013789342641,
        0.07590043886590457,
        0.06480625194789005,
        0.0734644764150327,
        0.06321256676608952
      ]
    },
    "coverage": {
      "560_bodyfat": [
        0.5,
        0.5,
        0.30000000000000004,
        0.5,
        0.5
      ]
    },
    "time_all": {
      "560_bodyfat": [
        0.1274712085723877,
        0.12059879302978516,
        0.12545132637023926,
        0.12444067001342773,
        0.12938618659973145
      ]
    },
    "time_fit": {
      "560_bodyfat": [
        0.027521848678588867,
        0.027533292770385742,
        0.029504060745239258,
        0.029016733169555664,
        0.03255653381347656
      ]
    },
    "tau": 0.5
  },
  "DecisionTree": {
    "losses": {
      "560_bodyfat": [
        0.02947368433600978,
        0.03842105426286396,
        0.04463157954968904,
        0.04060149990526356,
        0.024868421178115042
      ]
    },
    "coverage": {
      "560_bodyfat": [
        0.5,
        0.5,
        0.30000000000000004,
        0.5,
        0.5
      ]
    },
    "complexity": {
      "560_bodyfat": [
        73,
        75,
        71,
        71,
        75
      ]
    },
    "time_all": {
      "560_bodyfat": [
        0.053934574127197266,
        0.053299903869628906,
        0.05275583267211914,
        0.05293703079223633,
        0.053403377532958984
      ]
    },
    "time_fit": {
      "560_bodyfat": [
        0.008501291275024414,
        0.008272409439086914,
        0.007986068725585938,
        0.007936239242553711,
        0.008231639862060547
      ]
    },
    "tau": 0.5
  },
  "LinearQuantile": {
    "losses": {
      "560_bodyfat": [
        0.02382353100692266,
        0.027696580298523097,
        0.03311131410239516,
        0.043352803244017496,
        0.05475726389604294
      ]
    },
    "coverage": {
      "560_bodyfat": [
        0.5,
        0.0,
        0.3,
        0.3571428571428571,
        0.5
      ]
    },
    "complexity": {
      "560_bodyfat": [
        14,
        14,
        14,
        14,
        14
      ]
    },
    "time_all": {
      "560_bodyfat": [
        0.7144167423248291,
        0.8272075653076172,
        0.991910457611084,
        0.777998685836792,
        1.2061808109283447
      ]
    },
    "time_fit": {
      "560_bodyfat": [
        0.06263256072998047,
        0.058244943618774414,
        0.0662534236907959,
        0.05661749839782715,
        0.08943629264831543
      ]
    },
    "tau": 0.5
  }
}