{
  "SQR": {
    "losses": {
      "542_pollution": [
        8.340580765180518e-05,
        0.0026933320257616126,
        0.02472577995676362,
        0.02118558771944347
      ]
    },
    "coverage": {
      "542_pollution": [
        0.09999999999999998,
        0.09999999999999998,
        0.09999999999999998,
        0.09999999999999998
      ]
    },
    "complexity": {
      "542_pollution": [
        12,
        4,
        10,
        10
      ]
    },
    "time_all": {
      "542_pollution": [
        84.30457186698914,
        67.13354539871216,
        67.19553422927856,
        68.34975075721741
      ]
    },
    "time_fit": {
      "542_pollution": [
        84.30457186698914,
        67.13354539871216,
        67.19553422927856,
        68.34975075721741
      ]
    },
    "tau": 0.9
  },
  "LightGBM": {
    "losses": {
      "542_pollution": [
        0.04431291478722214,
        0.03485354407383212,
        0.021739782537291714,
        0.041182406400507056
      ]
    },
    "coverage": {
      "542_pollution": [
        0.09999999999999998,
        0.9,
        0.09999999999999998,
        0.09999999999999998
      ]
    },
    "time_all": {
      "542_pollution": [
        0.04348468780517578,
        0.04678153991699219,
        0.06768536567687988,
        0.056595563888549805
      ]
    },
    "time_fit": {
      "542_pollution": [
        0.010947942733764648,
        0.0044400691986083984,
        0.014383077621459961,
        0.01427316665649414
      ]
    },
    "tau": 0.9
  },
  "DecisionTree": {
    "losses": {
      "542_pollution": [
        0.03943639271651213,
        0.00019134593159894053,
        0.007881856570436501,
        0.0017646967513405853
      ]
    },
    "coverage": {
      "542_pollution": [
        0.09999999999999998,
        0.09999999999999998,
        0.09999999999999998,
        0.09999999999999998
      ]
    },
    "complexity": {
      "542_pollution": [
        15,
        3,
        7,
        17
      ]
    },
    "time_all": {
      "542_pollution": [
        0.01910400390625,
        0.02760004997253418,
        0.028892040252685547,
        0.02931523323059082
      ]
    },
    "time_fit": {
      "542_pollution": [
        0.0017478466033935547,
        0.0016374588012695312,
        0.002007722854614258,
        0.0027303695678710938
      ]
    },
    "tau": 0.9
  },
  "LinearQuantile": {
    "losses": {
      "542_pollution": [
        0.11025775414012927,
        0.12366794926268129,
        0.019998920418186655,
        1.0631882699049076
      ]
    },
    "coverage": {
      "542_pollution": [
        0.9,
        0.9,
        0.09999999999999998,
        0.9
      ]
    },
    "complexity": {
      "542_pollution": [
        15,
        15,
        15,
        15
      ]
    },
    "time_all": {
      "542_pollution": [
        0.18901395797729492,
        4.674220323562622,
        0.330916166305542,
        0.1519455909729004
      ]
    },
    "time_fit": {
      "542_pollution": [
        0.016316652297973633,
        0.17698216438293457,
        0.02721691131591797,
        0.012762784957885742
      ]
    },
    "tau": 0.9
  }
}