{
  "SQR": {
    "losses": {
      "615_fri_c4_250_10": [
        0.004676401188773438,
        0.013993761571730028,
        0.008400662107188189,
        0.009942440641772252,
        0.04761292227870964
      ]
    },
    "coverage": {
      "615_fri_c4_250_10": [
        0.09999999999999998,
        0.4555555555555556,
        0.09999999999999998,
        0.09999999999999998,
        0.2333333333333334
      ]
    },
    "complexity": {
      "615_fri_c4_250_10": [
        14,
        13,
        11,
        9,
        12
      ]
    },
    "time_all": {
      "615_fri_c4_250_10": [
        89.173574924469,
        75.77273082733154,
        73.23106479644775,
        72.56142091751099,
        76.02150630950928
      ]
    },
    "time_fit": {
      "615_fri_c4_250_10": [
        89.173574924469,
        75.77273082733154,
        73.23106479644775,
        72.56142091751099,
        76.02150630950928
      ]
    },
    "tau": 0.9
  },
  "LightGBM": {
    "losses": {
      "615_fri_c4_250_10": [
        0.016206977920948166,
        0.013420938763880237,
        0.030665748001807578,
        0.0005674757165755329,
        0.03796425602799852
      ]
    },
    "coverage": {
      "615_fri_c4_250_10": [
        0.15000000000000002,
        0.09999999999999998,
        0.18571428571428572,
        0.09999999999999998,
        0.2333333333333334
      ]
    },
    "time_all": {
      "615_fri_c4_250_10": [
        0.12340950965881348,
        0.11483931541442871,
        0.1174159049987793,
        0.12738609313964844,
        0.1228635311126709
      ]
    },
    "time_fit": {
      "615_fri_c4_250_10": [
        0.02149677276611328,
        0.02045583724975586,
        0.025960206985473633,
        0.02244091033935547,
        0.02609109878540039
      ]
    },
    "tau": 0.9
  },
  "DecisionTree": {
    "losses": {
      "615_fri_c4_250_10": [
        0.01116189770971897,
        0.015835544383992994,
        0.009784913958792685,
        0.0015338449034084415,
        0.021600811758434445
      ]
    },
    "coverage": {
      "615_fri_c4_250_10": [
        0.15000000000000002,
        0.011111111111111183,
        0.18571428571428572,
        0.09999999999999998,
        0.2333333333333334
      ]
    },
    "complexity": {
      "615_fri_c4_250_10": [
        29,
        5,
        29,
        13,
        73
      ]
    },
    "time_all": {
      "615_fri_c4_250_10": [
        0.05406808853149414,
        0.046647071838378906,
        0.04901313781738281,
        0.04784131050109863,
        0.051720380783081055
      ]
    },
    "time_fit": {
      "615_fri_c4_250_10": [
        0.005263090133666992,
        0.0022516250610351562,
        0.004813432693481445,
        0.0031502246856689453,
        0.007931947708129883
      ]
    },
    "tau": 0.9
  },
  "LinearQuantile": {
    "losses": {
      "615_fri_c4_250_10": [
        0.06542510405708656,
        0.07882757379056057,
        0.12128793108973672,
        0.133374387140554,
        0.15113012009778073
      ]
    },
    "coverage": {
      "615_fri_c4_250_10": [
        0.65,
        0.788888888888889,
        0.6142857142857143,
        0.9,
        0.5666666666666667
      ]
    },
    "complexity": {
      "615_fri_c4_250_10": [
        10,
        10,
        10,
        10,
        10
      ]
    },
    "time_all": {
      "615_fri_c4_250_10": [
        0.9044392108917236,
        1.3102056980133057,
        0.9020967483520508,
        0.3173198699951172,
        0.4467601776123047
      ]
    },
    "time_fit": {
      "615_fri_c4_250_10": [
        0.08008933067321777,
        0.0879061222076416,
        0.06413698196411133,
        0.027193546295166016,
        0.040001630783081055
      ]
    },
    "tau": 0.9
  }
}