{
  "SQR": {
    "losses": {
      "601_fri_c1_250_5": [
        0.06188532945976792,
        0.01757526991481525,
        0.09808484957491923,
        0.01516129413696726,
        0.007890301211479158
      ]
    },
    "coverage": {
      "601_fri_c1_250_5": [
        0.5,
        0.2333333333333334,
        0.7,
        0.09999999999999998,
        0.025000000000000022
      ]
    },
    "complexity": {
      "601_fri_c1_250_5": [
        13,
        13,
        14,
        17,
        17
      ]
    },
    "time_all": {
      "601_fri_c1_250_5": [
        92.41131925582886,
        76.2711534500122,
        75.81999373435974,
        75.05809497833252,
        76.52187156677246
      ]
    },
    "time_fit": {
      "601_fri_c1_250_5": [
        92.41131925582886,
        76.2711534500122,
        75.81999373435974,
        75.05809497833252,
        76.52187156677246
      ]
    },
    "tau": 0.9
  },
  "LightGBM": {
    "losses": {
      "601_fri_c1_250_5": [
        0.024669268107458238,
        0.07832367323995175,
        0.021818135883955148,
        0.027080529945572446,
        0.030345498735434726
      ]
    },
    "coverage": {
      "601_fri_c1_250_5": [
        0.30000000000000004,
        0.2333333333333334,
        0.30000000000000004,
        0.09999999999999998,
        0.275
      ]
    },
    "time_all": {
      "601_fri_c1_250_5": [
        0.11203932762145996,
        0.13987421989440918,
        0.12073945999145508,
        0.11928892135620117,
        0.10830211639404297
      ]
    },
    "time_fit": {
      "601_fri_c1_250_5": [
        0.019616127014160156,
        0.02999138832092285,
        0.02902674674987793,
        0.02723979949951172,
        0.017385482788085938
      ]
    },
    "tau": 0.9
  },
  "DecisionTree": {
    "losses": {
      "601_fri_c1_250_5": [
        0.11647243826882844,
        0.09432444257348542,
        0.04260355020280796,
        0.009830218040924583,
        0.08823734310632755
      ]
    },
    "coverage": {
      "601_fri_c1_250_5": [
        0.7,
        0.2333333333333334,
        0.7,
        0.09999999999999998,
        0.4
      ]
    },
    "complexity": {
      "601_fri_c1_250_5": [
        71,
        13,
        71,
        5,
        31
      ]
    },
    "time_all": {
      "601_fri_c1_250_5": [
        0.03228116035461426,
        0.0435943603515625,
        0.04756498336791992,
        0.04197072982788086,
        0.04462838172912598
      ]
    },
    "time_fit": {
      "601_fri_c1_250_5": [
        0.004605293273925781,
        0.002767801284790039,
        0.0070018768310546875,
        0.002057313919067383,
        0.004166841506958008
      ]
    },
    "tau": 0.9
  },
  "LinearQuantile": {
    "losses": {
      "601_fri_c1_250_5": [
        0.31419734869918625,
        0.277168512426312,
        0.29472169963408884,
        0.11758113319690164,
        0.3320310171234492
      ]
    },
    "coverage": {
      "601_fri_c1_250_5": [
        0.9,
        0.9,
        0.7,
        0.9,
        0.9
      ]
    },
    "complexity": {
      "601_fri_c1_250_5": [
        5,
        5,
        5,
        5,
        5
      ]
    },
    "time_all": {
      "601_fri_c1_250_5": [
        0.8492002487182617,
        0.12577080726623535,
        0.18421077728271484,
        0.6778621673583984,
        0.15913009643554688
      ]
    },
    "time_fit": {
      "601_fri_c1_250_5": [
        0.07633352279663086,
        0.011038064956665039,
        0.0160977840423584,
        0.05217385292053223,
        0.013870477676391602
      ]
    },
    "tau": 0.9
  }
}