{
  "SQR": {
    "losses": {
      "560_bodyfat": [
        0.00019085786519772765,
        0.00012531316108415437,
        0.07798571885028972,
        0.00011456650620436048,
        0.0002467754508808182
      ]
    },
    "coverage": {
      "560_bodyfat": [
        0.09999999999999998,
        0.09999999999999998,
        0.30000000000000004,
        0.09999999999999998,
        0.09999999999999998
      ]
    },
    "complexity": {
      "560_bodyfat": [
        14,
        4,
        13,
        10,
        8
      ]
    },
    "time_all": {
      "560_bodyfat": [
        93.04086637496948,
        75.79307770729065,
        79.26304984092712,
        75.30643558502197,
        73.3051290512085
      ]
    },
    "time_fit": {
      "560_bodyfat": [
        93.04086637496948,
        75.79307770729065,
        79.26304984092712,
        75.30643558502197,
        73.3051290512085
      ]
    },
    "tau": 0.9
  },
  "LightGBM": {
    "losses": {
      "560_bodyfat": [
        0.04335454927830371,
        0.04234326750797223,
        0.03734558508198412,
        0.04071369175115037,
        0.03944681603157215
      ]
    },
    "coverage": {
      "560_bodyfat": [
        0.09999999999999998,
        0.09999999999999998,
        0.09999999999999998,
        0.09999999999999998,
        0.09999999999999998
      ]
    },
    "time_all": {
      "560_bodyfat": [
        0.09241437911987305,
        0.09929704666137695,
        0.08268404006958008,
        0.08782482147216797,
        0.1000056266784668
      ]
    },
    "time_fit": {
      "560_bodyfat": [
        0.018039226531982422,
        0.020654678344726562,
        0.016122102737426758,
        0.016237497329711914,
        0.018915414810180664
      ]
    },
    "tau": 0.9
  },
  "DecisionTree": {
    "losses": {
      "560_bodyfat": [
        0.006105262982217887,
        0.007894736967588724,
        0.025221051667865948,
        0.00828872167615962,
        0.005815788695686737
      ]
    },
    "coverage": {
      "560_bodyfat": [
        0.09999999999999998,
        0.09999999999999998,
        0.09999999999999998,
        0.09999999999999998,
        0.09999999999999998
      ]
    },
    "complexity": {
      "560_bodyfat": [
        73,
        75,
        5,
        71,
        75
      ]
    },
    "time_all": {
      "560_bodyfat": [
        0.03734183311462402,
        0.05346202850341797,
        0.04625582695007324,
        0.0529327392578125,
        0.053629398345947266
      ]
    },
    "time_fit": {
      "560_bodyfat": [
        0.005541324615478516,
        0.00812983512878418,
        0.002272367477416992,
        0.007859468460083008,
        0.008192300796508789
      ]
    },
    "tau": 0.9
  },
  "LinearQuantile": {
    "losses": {
      "560_bodyfat": [
        0.015374446635475634,
        0.021718683961048847,
        0.016932843566654893,
        0.018057454530789316,
        0.01977355416606631
      ]
    },
    "coverage": {
      "560_bodyfat": [
        0.09999999999999998,
        0.09999999999999998,
        0.09999999999999998,
        0.09999999999999998,
        0.09999999999999998
      ]
    },
    "complexity": {
      "560_bodyfat": [
        14,
        14,
        14,
        14,
        14
      ]
    },
    "time_all": {
      "560_bodyfat": [
        0.23707318305969238,
        0.5886828899383545,
        3.3313052654266357,
        1.0593626499176025,
        0.9411609172821045
      ]
    },
    "time_fit": {
      "560_bodyfat": [
        0.019094228744506836,
        0.04782986640930176,
        0.15564966201782227,
        0.06984853744506836,
        0.06435060501098633
      ]
    },
    "tau": 0.9
  }
}