{
  "SQR": {
    "losses": {
      "646_fri_c3_500_10": [
        0.020708588202963465,
        0.024202795725724334,
        0.0460106723867766,
        0.013627196657399653,
        0.032837444084845485
      ]
    },
    "coverage": {
      "646_fri_c3_500_10": [
        0.31818181818181823,
        0.3181818181818182,
        0.08333333333333331,
        0.3,
        0.08333333333333331
      ]
    },
    "complexity": {
      "646_fri_c3_500_10": [
        15,
        14,
        12,
        9,
        14
      ]
    },
    "time_all": {
      "646_fri_c3_500_10": [
        107.64830875396729,
        90.21700739860535,
        91.21577072143555,
        88.26734948158264,
        90.69106364250183
      ]
    },
    "time_fit": {
      "646_fri_c3_500_10": [
        107.64830875396729,
        90.21700739860535,
        91.21577072143555,
        88.26734948158264,
        90.69106364250183
      ]
    },
    "tau": 0.5
  },
  "LightGBM": {
    "losses": {
      "646_fri_c3_500_10": [
        0.09690064413699537,
        0.1013527793849262,
        0.10811822851486114,
        0.07319719498609344,
        0.08896252597674556
      ]
    },
    "coverage": {
      "646_fri_c3_500_10": [
        0.40909090909090906,
        0.40909090909090906,
        0.5,
        0.3,
        0.33333333333333337
      ]
    },
    "time_all": {
      "646_fri_c3_500_10": [
        0.24025464057922363,
        0.24715614318847656,
        0.26572179794311523,
        0.26174473762512207,
        0.23423409461975098
      ]
    },
    "time_fit": {
      "646_fri_c3_500_10": [
        0.06802177429199219,
        0.04913640022277832,
        0.06736588478088379,
        0.06769919395446777,
        0.06582188606262207
      ]
    },
    "tau": 0.5
  },
  "DecisionTree": {
    "losses": {
      "646_fri_c3_500_10": [
        0.10945593869545993,
        0.04810897899031371,
        0.09431167694633961,
        0.08704871795471435,
        0.05975530104623014
      ]
    },
    "coverage": {
      "646_fri_c3_500_10": [
        0.5,
        0.40909090909090906,
        0.5,
        0.5,
        0.25
      ]
    },
    "complexity": {
      "646_fri_c3_500_10": [
        147,
        147,
        153,
        149,
        139
      ]
    },
    "time_all": {
      "646_fri_c3_500_10": [
        0.06296658515930176,
        0.08959627151489258,
        0.09044384956359863,
        0.08981943130493164,
        0.08962416648864746
      ]
    },
    "time_fit": {
      "646_fri_c3_500_10": [
        0.010618925094604492,
        0.015676021575927734,
        0.015973567962646484,
        0.015685558319091797,
        0.015453815460205078
      ]
    },
    "tau": 0.5
  },
  "LinearQuantile": {
    "losses": {
      "646_fri_c3_500_10": [
        0.1250491423964268,
        0.14176522816656506,
        0.11965487625080441,
        0.09323560543591822,
        0.10378811599482296
      ]
    },
    "coverage": {
      "646_fri_c3_500_10": [
        0.5,
        0.3181818181818182,
        0.5,
        0.5,
        0.33333333333333337
      ]
    },
    "complexity": {
      "646_fri_c3_500_10": [
        10,
        10,
        10,
        10,
        10
      ]
    },
    "time_all": {
      "646_fri_c3_500_10": [
        0.6714687347412109,
        0.9275577068328857,
        0.11687564849853516,
        0.4246826171875,
        0.3216404914855957
      ]
    },
    "time_fit": {
      "646_fri_c3_500_10": [
        0.0570063591003418,
        0.07961869239807129,
        0.010122060775756836,
        0.03443574905395508,
        0.028665542602539062
      ]
    },
    "tau": 0.5
  }
}