{
  "SQR": {
    "losses": {
      "582_fri_c1_500_25": [
        0.026314603895992536,
        0.02854090214055875,
        0.09872316158508132,
        0.02018959230967167,
        0.03234879243021085
      ]
    },
    "coverage": {
      "582_fri_c1_500_25": [
        0.5,
        0.31818181818181823,
        0.2777777777777778,
        0.2777777777777778,
        0.30000000000000004
      ]
    },
    "complexity": {
      "582_fri_c1_500_25": [
        11,
        13,
        11,
        11,
        13
      ]
    },
    "time_all": {
      "582_fri_c1_500_25": [
        98.64028239250183,
        86.21696138381958,
        84.85423350334167,
        87.98139262199402,
        84.36395215988159
      ]
    },
    "time_fit": {
      "582_fri_c1_500_25": [
        98.64028239250183,
        86.21696138381958,
        84.85423350334167,
        87.98139262199402,
        84.36395215988159
      ]
    },
    "tau": 0.5
  },
  "LightGBM": {
    "losses": {
      "582_fri_c1_500_25": [
        0.06629066989568533,
        0.05111986653756237,
        0.07717570862232963,
        0.04407118725057884,
        0.03735540956454428
      ]
    },
    "coverage": {
      "582_fri_c1_500_25": [
        0.35714285714285715,
        0.13636363636363635,
        0.2777777777777778,
        0.5,
        0.2
      ]
    },
    "time_all": {
      "582_fri_c1_500_25": [
        0.24980425834655762,
        0.2763402462005615,
        0.2528696060180664,
        0.24034810066223145,
        0.229248046875
      ]
    },
    "time_fit": {
      "582_fri_c1_500_25": [
        0.0556180477142334,
        0.06082415580749512,
        0.07201528549194336,
        0.053468942642211914,
        0.05417585372924805
      ]
    },
    "tau": 0.5
  },
  "DecisionTree": {
    "losses": {
      "582_fri_c1_500_25": [
        0.04859010531513409,
        0.03752003995960348,
        0.07661734937914708,
        0.03520534098922578,
        0.023065461640187676
      ]
    },
    "coverage": {
      "582_fri_c1_500_25": [
        0.07142857142857145,
        0.04545454545454547,
        0.05555555555555558,
        0.3888888888888889,
        0.0
      ]
    },
    "complexity": {
      "582_fri_c1_500_25": [
        143,
        11,
        61,
        29,
        143
      ]
    },
    "time_all": {
      "582_fri_c1_500_25": [
        0.07775354385375977,
        0.10958695411682129,
        0.11612153053283691,
        0.11429548263549805,
        0.1251671314239502
      ]
    },
    "time_fit": {
      "582_fri_c1_500_25": [
        0.012234687805175781,
        0.005872964859008789,
        0.013084888458251953,
        0.009083747863769531,
        0.01991438865661621
      ]
    },
    "tau": 0.5
  },
  "LinearQuantile": {
    "losses": {
      "582_fri_c1_500_25": [
        0.09631595936890734,
        0.06892500503654254,
        0.12953217276110704,
        0.06754683218175718,
        0.10165079754261025
      ]
    },
    "coverage": {
      "582_fri_c1_500_25": [
        0.0714285714285714,
        0.13636363636363635,
        0.3888888888888889,
        0.05555555555555558,
        0.19999999999999996
      ]
    },
    "complexity": {
      "582_fri_c1_500_25": [
        25,
        25,
        25,
        25,
        25
      ]
    },
    "time_all": {
      "582_fri_c1_500_25": [
        0.8669588565826416,
        1.155411720275879,
        0.3619849681854248,
        1.9611852169036865,
        0.6667017936706543
      ]
    },
    "time_fit": {
      "582_fri_c1_500_25": [
        0.07506656646728516,
        0.07532358169555664,
        0.03231382369995117,
        0.12962698936462402,
        0.049596309661865234
      ]
    },
    "tau": 0.5
  }
}