{
  "SQR": {
    "losses": {
      "628_fri_c3_1000_5": [
        0.024295910154759074,
        0.019657820832112715,
        0.024773128709888688,
        0.10338482534230567,
        0.028885342677547842
      ]
    },
    "coverage": {
      "628_fri_c3_1000_5": [
        0.19565217391304346,
        0.038461538461538436,
        0.04999999999999999,
        0.4545454545454546,
        0.25
      ]
    },
    "complexity": {
      "628_fri_c3_1000_5": [
        10,
        10,
        13,
        13,
        13
      ]
    },
    "time_all": {
      "628_fri_c3_1000_5": [
        110.25543308258057,
        100.49629592895508,
        93.42510390281677,
        98.76911640167236,
        95.4691834449768
      ]
    },
    "time_fit": {
      "628_fri_c3_1000_5": [
        110.25543308258057,
        100.49629592895508,
        93.42510390281677,
        98.76911640167236,
        95.4691834449768
      ]
    },
    "tau": 0.5
  },
  "LightGBM": {
    "losses": {
      "628_fri_c3_1000_5": [
        0.06044942719809238,
        0.053067100815291014,
        0.05269381434184923,
        0.06276796700274219,
        0.0715964759296739
      ]
    },
    "coverage": {
      "628_fri_c3_1000_5": [
        0.41304347826086957,
        0.4230769230769231,
        0.3,
        0.40909090909090906,
        0.3
      ]
    },
    "time_all": {
      "628_fri_c3_1000_5": [
        0.3581252098083496,
        0.4477415084838867,
        0.35083770751953125,
        0.39362239837646484,
        0.34600090980529785
      ]
    },
    "time_fit": {
      "628_fri_c3_1000_5": [
        0.07134628295898438,
        0.13451361656188965,
        0.07086491584777832,
        0.12381124496459961,
        0.06736493110656738
      ]
    },
    "tau": 0.5
  },
  "DecisionTree": {
    "losses": {
      "628_fri_c3_1000_5": [
        0.06888310799543843,
        0.07247332769324363,
        0.07013019317623673,
        0.04759350344183499,
        0.07384921220090514
      ]
    },
    "coverage": {
      "628_fri_c3_1000_5": [
        0.32608695652173914,
        0.34615384615384615,
        0.3,
        0.36363636363636365,
        0.35
      ]
    },
    "complexity": {
      "628_fri_c3_1000_5": [
        293,
        287,
        295,
        289,
        297
      ]
    },
    "time_all": {
      "628_fri_c3_1000_5": [
        0.13622784614562988,
        0.13457632064819336,
        0.13594460487365723,
        0.13585877418518066,
        0.13381648063659668
      ]
    },
    "time_fit": {
      "628_fri_c3_1000_5": [
        0.026305675506591797,
        0.026080608367919922,
        0.026417255401611328,
        0.02633523941040039,
        0.025775909423828125
      ]
    },
    "tau": 0.5
  },
  "LinearQuantile": {
    "losses": {
      "628_fri_c3_1000_5": [
        0.12966378197351028,
        0.10468613269039724,
        0.12380875585132814,
        0.11482259836432947,
        0.1292465118259537
      ]
    },
    "coverage": {
      "628_fri_c3_1000_5": [
        0.4565217391304348,
        0.4230769230769231,
        0.35,
        0.45454545454545453,
        0.25
      ]
    },
    "complexity": {
      "628_fri_c3_1000_5": [
        5,
        5,
        5,
        5,
        5
      ]
    },
    "time_all": {
      "628_fri_c3_1000_5": [
        0.24021363258361816,
        0.20397186279296875,
        0.12654709815979004,
        0.3742403984069824,
        0.5213727951049805
      ]
    },
    "time_fit": {
      "628_fri_c3_1000_5": [
        0.02087235450744629,
        0.017966508865356445,
        0.010707855224609375,
        0.030874967575073242,
        0.039875030517578125
      ]
    },
    "tau": 0.5
  }
}