{
  "SQR": {
    "losses": {
      "582_fri_c1_500_25": [
        0.004202867141871706,
        0.017157153497125932,
        0.13407333217475553,
        0.008246319798464295,
        0.016173244483062826
      ]
    },
    "coverage": {
      "582_fri_c1_500_25": [
        0.09999999999999998,
        0.3545454545454546,
        0.4714285714285715,
        0.09999999999999998,
        0.09999999999999998
      ]
    },
    "complexity": {
      "582_fri_c1_500_25": [
        15,
        16,
        10,
        13,
        11
      ]
    },
    "time_all": {
      "582_fri_c1_500_25": [
        110.93496203422546,
        90.6777708530426,
        85.44132566452026,
        90.93795084953308,
        85.76462125778198
      ]
    },
    "time_fit": {
      "582_fri_c1_500_25": [
        110.93496203422546,
        90.6777708530426,
        85.44132566452026,
        90.93795084953308,
        85.76462125778198
      ]
    },
    "tau": 0.9
  },
  "LightGBM": {
    "losses": {
      "582_fri_c1_500_25": [
        0.10911425202448523,
        0.02696616041698617,
        0.04240309221388666,
        0.02596274288128818,
        0.030061256947261954
      ]
    },
    "coverage": {
      "582_fri_c1_500_25": [
        0.525,
        0.08181818181818179,
        0.11428571428571432,
        0.2333333333333334,
        0.0
      ]
    },
    "time_all": {
      "582_fri_c1_500_25": [
        0.21395611763000488,
        0.20855450630187988,
        0.17457246780395508,
        0.17930245399475098,
        0.18246054649353027
      ]
    },
    "time_fit": {
      "582_fri_c1_500_25": [
        0.04873466491699219,
        0.044661760330200195,
        0.03405475616455078,
        0.037522077560424805,
        0.04129743576049805
      ]
    },
    "tau": 0.9
  },
  "DecisionTree": {
    "losses": {
      "582_fri_c1_500_25": [
        0.18334895986150032,
        0.02477129639914273,
        0.09007942108600714,
        0.009349735419645452,
        0.009304959451852567
      ]
    },
    "coverage": {
      "582_fri_c1_500_25": [
        0.775,
        0.17272727272727273,
        0.5428571428571429,
        0.12222222222222223,
        0.0
      ]
    },
    "complexity": {
      "582_fri_c1_500_25": [
        11,
        13,
        11,
        11,
        143
      ]
    },
    "time_all": {
      "582_fri_c1_500_25": [
        0.11930537223815918,
        0.11082983016967773,
        0.10761737823486328,
        0.11015725135803223,
        0.12448525428771973
      ]
    },
    "time_fit": {
      "582_fri_c1_500_25": [
        0.006690025329589844,
        0.006433248519897461,
        0.0060160160064697266,
        0.005925655364990234,
        0.0203859806060791
      ]
    },
    "tau": 0.9
  },
  "LinearQuantile": {
    "losses": {
      "582_fri_c1_500_25": [
        0.43367778855332734,
        0.09042104329349342,
        0.31417087394177573,
        0.0774696517792981,
        0.08009323540070243
      ]
    },
    "coverage": {
      "582_fri_c1_500_25": [
        0.9,
        0.3545454545454546,
        0.8285714285714286,
        0.34444444444444444,
        0.30000000000000004
      ]
    },
    "complexity": {
      "582_fri_c1_500_25": [
        25,
        25,
        25,
        25,
        25
      ]
    },
    "time_all": {
      "582_fri_c1_500_25": [
        8.352640390396118,
        1.6654205322265625,
        2.1824324131011963,
        1.033240556716919,
        8.324715375900269
      ]
    },
    "time_fit": {
      "582_fri_c1_500_25": [
        0.9590446949005127,
        0.11681008338928223,
        0.15040802955627441,
        0.08544707298278809,
        0.2706470489501953
      ]
    },
    "tau": 0.9
  }
}