{
  "SQR": {
    "losses": {
      "592_fri_c4_1000_25": [
        0.012939972173661309,
        0.010509683754928976,
        0.01125961140046155,
        0.00838579928616048,
        0.009626421076823257
      ]
    },
    "coverage": {
      "592_fri_c4_1000_25": [
        0.275,
        0.0052631578947368585,
        0.08181818181818179,
        0.06666666666666665,
        0.025000000000000022
      ]
    },
    "complexity": {
      "592_fri_c4_1000_25": [
        13,
        13,
        12,
        15,
        12
      ]
    },
    "time_all": {
      "592_fri_c4_1000_25": [
        127.12187314033508,
        111.75365114212036,
        109.49618721008301,
        99.13923478126526,
        111.10919308662415
      ]
    },
    "time_fit": {
      "592_fri_c4_1000_25": [
        127.12187314033508,
        111.75365114212036,
        109.49618721008301,
        99.13923478126526,
        111.10919308662415
      ]
    },
    "tau": 0.9
  },
  "LightGBM": {
    "losses": {
      "592_fri_c4_1000_25": [
        0.026291354737464797,
        0.05830839927885027,
        0.04351603301619976,
        0.04257701040291254,
        0.06245898590085126
      ]
    },
    "coverage": {
      "592_fri_c4_1000_25": [
        0.3375,
        0.42631578947368426,
        0.4,
        0.4555555555555556,
        0.5666666666666667
      ]
    },
    "time_all": {
      "592_fri_c4_1000_25": [
        0.2941865921020508,
        0.29503822326660156,
        0.30169105529785156,
        0.3095700740814209,
        0.3091566562652588
      ]
    },
    "time_fit": {
      "592_fri_c4_1000_25": [
        0.059928178787231445,
        0.056471824645996094,
        0.05945277214050293,
        0.061696529388427734,
        0.05709552764892578
      ]
    },
    "tau": 0.9
  },
  "DecisionTree": {
    "losses": {
      "592_fri_c4_1000_25": [
        0.03410492546754874,
        0.05204744390823067,
        0.04144186592007851,
        0.03923967205177978,
        0.03142301989447557
      ]
    },
    "coverage": {
      "592_fri_c4_1000_25": [
        0.4625,
        0.4789473684210527,
        0.4454545454545455,
        0.34444444444444444,
        0.19166666666666665
      ]
    },
    "complexity": {
      "592_fri_c4_1000_25": [
        25,
        121,
        35,
        121,
        125
      ]
    },
    "time_all": {
      "592_fri_c4_1000_25": [
        0.18143749237060547,
        0.2621631622314453,
        0.24549460411071777,
        0.2645387649536133,
        0.26494550704956055
      ]
    },
    "time_fit": {
      "592_fri_c4_1000_25": [
        0.01039433479309082,
        0.0297243595123291,
        0.017020225524902344,
        0.029719829559326172,
        0.030305147171020508
      ]
    },
    "tau": 0.9
  },
  "LinearQuantile": {
    "losses": {
      "592_fri_c4_1000_25": [
        0.2496934880177783,
        0.3069252994861838,
        0.2481617441824798,
        0.29021598301518764,
        0.2951688955910949
      ]
    },
    "coverage": {
      "592_fri_c4_1000_25": [
        0.9,
        0.8473684210526315,
        0.8545454545454546,
        0.8444444444444444,
        0.775
      ]
    },
    "complexity": {
      "592_fri_c4_1000_25": [
        25,
        25,
        25,
        25,
        25
      ]
    },
    "time_all": {
      "592_fri_c4_1000_25": [
        1.1727495193481445,
        1.56870698928833,
        3.1964809894561768,
        1.039149522781372,
        1.160438060760498
      ]
    },
    "time_fit": {
      "592_fri_c4_1000_25": [
        0.0999910831451416,
        0.09907817840576172,
        0.26160168647766113,
        0.07153201103210449,
        0.0813133716583252
      ]
    },
    "tau": 0.9
  }
}