{
  "SQR": {
    "losses": {
      "653_fri_c0_250_25": [
        0.02649290569137218,
        0.015434182703841757,
        0.01944161884169704,
        0.013722276253214137
      ]
    },
    "coverage": {
      "653_fri_c0_250_25": [
        0.16666666666666663,
        0.0714285714285714,
        0.0,
        0.125
      ]
    },
    "complexity": {
      "653_fri_c0_250_25": [
        11,
        11,
        19,
        12
      ]
    },
    "time_all": {
      "653_fri_c0_250_25": [
        95.28952145576477,
        79.84095931053162,
        80.01442790031433,
        76.93512320518494
      ]
    },
    "time_fit": {
      "653_fri_c0_250_25": [
        95.28952145576477,
        79.84095931053162,
        80.01442790031433,
        76.93512320518494
      ]
    },
    "tau": 0.5
  },
  "LightGBM": {
    "losses": {
      "653_fri_c0_250_25": [
        0.07211728952036803,
        0.09195326920510416,
        0.09016913333969624,
        0.09636999274575316
      ]
    },
    "coverage": {
      "653_fri_c0_250_25": [
        0.5,
        0.5,
        0.5,
        0.375
      ]
    },
    "time_all": {
      "653_fri_c0_250_25": [
        0.14859318733215332,
        0.14077019691467285,
        0.16617941856384277,
        0.13509225845336914
      ]
    },
    "time_fit": {
      "653_fri_c0_250_25": [
        0.0349736213684082,
        0.03186225891113281,
        0.03999447822570801,
        0.031699419021606445
      ]
    },
    "tau": 0.5
  },
  "DecisionTree": {
    "losses": {
      "653_fri_c0_250_25": [
        0.04815811617713559,
        0.06254529949339756,
        0.05590475459571532,
        0.07793777223368312
      ]
    },
    "coverage": {
      "653_fri_c0_250_25": [
        0.16666666666666669,
        0.5,
        0.33333333333333337,
        0.25
      ]
    },
    "complexity": {
      "653_fri_c0_250_25": [
        15,
        13,
        71,
        27
      ]
    },
    "time_all": {
      "653_fri_c0_250_25": [
        0.0392301082611084,
        0.058023929595947266,
        0.06424260139465332,
        0.058718204498291016
      ]
    },
    "time_fit": {
      "653_fri_c0_250_25": [
        0.0028967857360839844,
        0.004155397415161133,
        0.01002359390258789,
        0.005832195281982422
      ]
    },
    "tau": 0.5
  },
  "LinearQuantile": {
    "losses": {
      "653_fri_c0_250_25": [
        0.030020841411416907,
        0.03154486617943234,
        0.036713585465911795,
        0.06378148448301467
      ]
    },
    "coverage": {
      "653_fri_c0_250_25": [
        0.16666666666666663,
        0.2142857142857143,
        0.33333333333333337,
        0.25
      ]
    },
    "complexity": {
      "653_fri_c0_250_25": [
        25,
        25,
        25,
        25
      ]
    },
    "time_all": {
      "653_fri_c0_250_25": [
        0.937932014465332,
        0.39803075790405273,
        1.4247655868530273,
        0.6647591590881348
      ]
    },
    "time_fit": {
      "653_fri_c0_250_25": [
        0.08430147171020508,
        0.0331883430480957,
        0.09543728828430176,
        0.05258035659790039
      ]
    },
    "tau": 0.5
  }
}