{
  "SQR": {
    "losses": {
      "633_fri_c0_500_25": [
        0.010151509034974079,
        0.018626088327802555,
        0.00911147384874089,
        0.006409075022487712,
        0.006992869523057011
      ]
    },
    "coverage": {
      "633_fri_c0_500_25": [
        0.023076923076923106,
        0.2333333333333334,
        0.09999999999999998,
        0.09999999999999998,
        0.011111111111111183
      ]
    },
    "complexity": {
      "633_fri_c0_500_25": [
        13,
        9,
        11,
        12,
        13
      ]
    },
    "time_all": {
      "633_fri_c0_500_25": [
        103.65166449546814,
        88.22752976417542,
        87.60777497291565,
        88.64478707313538,
        91.04052829742432
      ]
    },
    "time_fit": {
      "633_fri_c0_500_25": [
        103.65166449546814,
        88.22752976417542,
        87.60777497291565,
        88.64478707313538,
        91.04052829742432
      ]
    },
    "tau": 0.9
  },
  "LightGBM": {
    "losses": {
      "633_fri_c0_500_25": [
        0.034913664523737745,
        0.03814478234045337,
        0.013555583601868171,
        0.0341696080878789,
        0.02727958650198451
      ]
    },
    "coverage": {
      "633_fri_c0_500_25": [
        0.20769230769230773,
        0.16666666666666674,
        0.06666666666666665,
        0.6142857142857143,
        0.34444444444444444
      ]
    },
    "time_all": {
      "633_fri_c0_500_25": [
        0.18452787399291992,
        0.1820507049560547,
        0.18628597259521484,
        0.186079740524292,
        0.2045609951019287
      ]
    },
    "time_fit": {
      "633_fri_c0_500_25": [
        0.03440737724304199,
        0.03644251823425293,
        0.04470348358154297,
        0.0441586971282959,
        0.04702448844909668
      ]
    },
    "tau": 0.9
  },
  "DecisionTree": {
    "losses": {
      "633_fri_c0_500_25": [
        0.023706964858920432,
        0.042003716714495896,
        0.008264756120105188,
        0.01376988636100498,
        0.0336839566402884
      ]
    },
    "coverage": {
      "633_fri_c0_500_25": [
        0.13076923076923075,
        0.5666666666666667,
        0.09999999999999998,
        0.4714285714285715,
        0.5666666666666667
      ]
    },
    "complexity": {
      "633_fri_c0_500_25": [
        23,
        15,
        27,
        143,
        17
      ]
    },
    "time_all": {
      "633_fri_c0_500_25": [
        0.08534693717956543,
        0.11135649681091309,
        0.11516094207763672,
        0.1227426528930664,
        0.10982131958007812
      ]
    },
    "time_fit": {
      "633_fri_c0_500_25": [
        0.006325960159301758,
        0.006886005401611328,
        0.009219169616699219,
        0.019884586334228516,
        0.007300615310668945
      ]
    },
    "tau": 0.9
  },
  "LinearQuantile": {
    "losses": {
      "633_fri_c0_500_25": [
        0.06463438125654629,
        0.08861362920596629,
        0.03428306360783419,
        0.02890881005018578,
        0.08056330132428575
      ]
    },
    "coverage": {
      "633_fri_c0_500_25": [
        0.5153846153846153,
        0.7666666666666667,
        0.4,
        0.6142857142857143,
        0.6777777777777778
      ]
    },
    "complexity": {
      "633_fri_c0_500_25": [
        25,
        25,
        25,
        25,
        25
      ]
    },
    "time_all": {
      "633_fri_c0_500_25": [
        0.3090991973876953,
        1.2134060859680176,
        1.4036121368408203,
        2.18761944770813,
        0.6394381523132324
      ]
    },
    "time_fit": {
      "633_fri_c0_500_25": [
        0.022886991500854492,
        0.1033475399017334,
        0.11164164543151855,
        0.12889909744262695,
        0.05741596221923828
      ]
    },
    "tau": 0.9
  }
}