{
  "SQR": {
    "losses": {
      "605_fri_c2_250_25": [
        0.00755258522434193,
        0.015095972118328886,
        0.017379978749564477,
        0.06261191827368066,
        0.008080550354247278
      ]
    },
    "coverage": {
      "605_fri_c2_250_25": [
        0.09999999999999998,
        0.09999999999999998,
        0.09999999999999998,
        0.9,
        0.09999999999999998
      ]
    },
    "complexity": {
      "605_fri_c2_250_25": [
        18,
        11,
        14,
        10,
        14
      ]
    },
    "time_all": {
      "605_fri_c2_250_25": [
        96.01938033103943,
        74.891428232193,
        75.19594049453735,
        71.02816581726074,
        74.25114822387695
      ]
    },
    "time_fit": {
      "605_fri_c2_250_25": [
        96.01938033103943,
        74.891428232193,
        75.19594049453735,
        71.02816581726074,
        74.25114822387695
      ]
    },
    "tau": 0.9
  },
  "LightGBM": {
    "losses": {
      "605_fri_c2_250_25": [
        0.03860954741678557,
        0.00902756468089653,
        0.0577796778533673,
        0.0015443281605617826,
        0.08249378457992532
      ]
    },
    "coverage": {
      "605_fri_c2_250_25": [
        0.09999999999999998,
        0.2333333333333334,
        0.30000000000000004,
        0.09999999999999998,
        0.4
      ]
    },
    "time_all": {
      "605_fri_c2_250_25": [
        0.14695453643798828,
        0.13325262069702148,
        0.14455103874206543,
        0.14830231666564941,
        0.12604618072509766
      ]
    },
    "time_fit": {
      "605_fri_c2_250_25": [
        0.033031463623046875,
        0.03573870658874512,
        0.03317594528198242,
        0.030889034271240234,
        0.028657913208007812
      ]
    },
    "tau": 0.9
  },
  "DecisionTree": {
    "losses": {
      "605_fri_c2_250_25": [
        0.01834405835563885,
        0.029506783252437566,
        0.17047821624002066,
        0.014626200641703163,
        0.1316771321720838
      ]
    },
    "coverage": {
      "605_fri_c2_250_25": [
        0.09999999999999998,
        0.5666666666666667,
        0.7,
        0.09999999999999998,
        0.4
      ]
    },
    "complexity": {
      "605_fri_c2_250_25": [
        9,
        11,
        5,
        31,
        5
      ]
    },
    "time_all": {
      "605_fri_c2_250_25": [
        0.04422450065612793,
        0.05786776542663574,
        0.06036853790283203,
        0.06127572059631348,
        0.05779838562011719
      ]
    },
    "time_fit": {
      "605_fri_c2_250_25": [
        0.0026040077209472656,
        0.00399327278137207,
        0.002891063690185547,
        0.006433010101318359,
        0.0028629302978515625
      ]
    },
    "tau": 0.9
  },
  "LinearQuantile": {
    "losses": {
      "605_fri_c2_250_25": [
        0.030433312882357618,
        0.240934932704139,
        0.3526465085012862,
        0.47748673080714604,
        0.27607652175610475
      ]
    },
    "coverage": {
      "605_fri_c2_250_25": [
        0.2333333333333334,
        0.9,
        0.8,
        0.9,
        0.65
      ]
    },
    "complexity": {
      "605_fri_c2_250_25": [
        25,
        25,
        25,
        25,
        25
      ]
    },
    "time_all": {
      "605_fri_c2_250_25": [
        1.0102767944335938,
        1.6041998863220215,
        0.5581021308898926,
        1.2041330337524414,
        0.5934548377990723
      ]
    },
    "time_fit": {
      "605_fri_c2_250_25": [
        0.09027409553527832,
        0.10676336288452148,
        0.05029416084289551,
        0.09735965728759766,
        0.04589438438415527
      ]
    },
    "tau": 0.9
  }
}