{
  "SQR": {
    "losses": {
      "659_sleuth_ex1714": [
        0.003363022344973186,
        0.015357367491645757,
        0.027562964501398272,
        0.03806493953587503
      ]
    },
    "coverage": {
      "659_sleuth_ex1714": [
        0.4,
        0.09999999999999998,
        0.09999999999999998,
        0.09999999999999998
      ]
    },
    "complexity": {
      "659_sleuth_ex1714": [
        8,
        18,
        9,
        18
      ]
    },
    "time_all": {
      "659_sleuth_ex1714": [
        78.66217398643494,
        66.02624559402466,
        64.9962215423584,
        64.2026960849762
      ]
    },
    "time_fit": {
      "659_sleuth_ex1714": [
        78.66217398643494,
        66.02624559402466,
        64.9962215423584,
        64.2026960849762
      ]
    },
    "tau": 0.9
  },
  "LightGBM": {
    "losses": {
      "659_sleuth_ex1714": [
        0.03365414858149336,
        0.030590677486318173,
        0.04603698811096432,
        0.001071896672721268
      ]
    },
    "coverage": {
      "659_sleuth_ex1714": [
        0.4,
        0.4,
        0.09999999999999998,
        0.09999999999999998
      ]
    },
    "time_all": {
      "659_sleuth_ex1714": [
        0.026197195053100586,
        0.03605175018310547,
        0.030488252639770508,
        0.03276419639587402
      ]
    },
    "time_fit": {
      "659_sleuth_ex1714": [
        0.0031185150146484375,
        0.004458189010620117,
        0.0036308765411376953,
        0.0039331912994384766
      ]
    },
    "tau": 0.9
  },
  "DecisionTree": {
    "losses": {
      "659_sleuth_ex1714": [
        0.014361200226457824,
        0.006628923696294898,
        0.011935585330565511,
        0.001071900358558216
      ]
    },
    "coverage": {
      "659_sleuth_ex1714": [
        0.09999999999999998,
        0.09999999999999998,
        0.09999999999999998,
        0.09999999999999998
      ]
    },
    "complexity": {
      "659_sleuth_ex1714": [
        13,
        13,
        13,
        1
      ]
    },
    "time_all": {
      "659_sleuth_ex1714": [
        0.01669144630432129,
        0.02820754051208496,
        0.024740219116210938,
        0.026366472244262695
      ]
    },
    "time_fit": {
      "659_sleuth_ex1714": [
        0.001379251480102539,
        0.002374887466430664,
        0.002161264419555664,
        0.001478433609008789
      ]
    },
    "tau": 0.9
  },
  "LinearQuantile": {
    "losses": {
      "659_sleuth_ex1714": [
        0.009833853140994811,
        0.009256424939331615,
        0.02390585128583147,
        0.02493846209747047
      ]
    },
    "coverage": {
      "659_sleuth_ex1714": [
        0.09999999999999998,
        0.09999999999999998,
        0.09999999999999998,
        0.09999999999999998
      ]
    },
    "complexity": {
      "659_sleuth_ex1714": [
        7,
        7,
        7,
        7
      ]
    },
    "time_all": {
      "659_sleuth_ex1714": [
        0.15322303771972656,
        0.09475493431091309,
        0.6875700950622559,
        0.141282320022583
      ]
    },
    "time_fit": {
      "659_sleuth_ex1714": [
        0.013047218322753906,
        0.007941722869873047,
        0.0493929386138916,
        0.012061357498168945
      ]
    },
    "tau": 0.9
  }
}