{
  "SQR": {
    "losses": {
      "643_fri_c2_500_25": [
        0.041715573308851873,
        0.03745847924504322,
        0.02756386021609511,
        0.06074724054712824,
        0.048383608663292055
      ]
    },
    "coverage": {
      "643_fri_c2_500_25": [
        0.14705882352941174,
        0.14285714285714285,
        0.25,
        0.31818181818181823,
        0.045454545454545414
      ]
    },
    "complexity": {
      "643_fri_c2_500_25": [
        10,
        14,
        13,
        7,
        10
      ]
    },
    "time_all": {
      "643_fri_c2_500_25": [
        100.8150987625122,
        87.35006427764893,
        81.41736364364624,
        79.12758350372314,
        88.7818591594696
      ]
    },
    "time_fit": {
      "643_fri_c2_500_25": [
        100.8150987625122,
        87.35006427764893,
        81.41736364364624,
        79.12758350372314,
        88.7818591594696
      ]
    },
    "tau": 0.5
  },
  "LightGBM": {
    "losses": {
      "643_fri_c2_500_25": [
        0.10556874168742897,
        0.06576339075951226,
        0.03809969290505773,
        0.062272069068909426,
        0.08284427379417447
      ]
    },
    "coverage": {
      "643_fri_c2_500_25": [
        0.38235294117647056,
        0.2857142857142857,
        0.25,
        0.40909090909090906,
        0.3181818181818182
      ]
    },
    "time_all": {
      "643_fri_c2_500_25": [
        0.24407076835632324,
        0.23134493827819824,
        0.23182344436645508,
        0.2422924041748047,
        0.27588605880737305
      ]
    },
    "time_fit": {
      "643_fri_c2_500_25": [
        0.06958222389221191,
        0.05417895317077637,
        0.054598331451416016,
        0.06708574295043945,
        0.0634317398071289
      ]
    },
    "tau": 0.5
  },
  "DecisionTree": {
    "losses": {
      "643_fri_c2_500_25": [
        0.1502403474562523,
        0.07026111989535926,
        0.02590735923532695,
        0.07320482990615508,
        0.06934059415970341
      ]
    },
    "coverage": {
      "643_fri_c2_500_25": [
        0.38235294117647056,
        0.2857142857142857,
        0.25,
        0.2272727272727273,
        0.3181818181818182
      ]
    },
    "complexity": {
      "643_fri_c2_500_25": [
        143,
        145,
        63,
        145,
        63
      ]
    },
    "time_all": {
      "643_fri_c2_500_25": [
        0.09073734283447266,
        0.12711358070373535,
        0.11860775947570801,
        0.1255500316619873,
        0.1237952709197998
      ]
    },
    "time_fit": {
      "643_fri_c2_500_25": [
        0.014476537704467773,
        0.020889759063720703,
        0.013303041458129883,
        0.020578861236572266,
        0.013688802719116211
      ]
    },
    "tau": 0.5
  },
  "LinearQuantile": {
    "losses": {
      "643_fri_c2_500_25": [
        0.14097715587421392,
        0.12020858793238218,
        0.07878007209104064,
        0.11642007708166618,
        0.16412489790844562
      ]
    },
    "coverage": {
      "643_fri_c2_500_25": [
        0.38235294117647056,
        0.2142857142857143,
        0.25,
        0.3181818181818182,
        0.3181818181818182
      ]
    },
    "complexity": {
      "643_fri_c2_500_25": [
        25,
        25,
        25,
        25,
        25
      ]
    },
    "time_all": {
      "643_fri_c2_500_25": [
        1.1901323795318604,
        1.413191795349121,
        0.4252145290374756,
        2.687126874923706,
        1.0844874382019043
      ]
    },
    "time_fit": {
      "643_fri_c2_500_25": [
        0.10248589515686035,
        0.09885096549987793,
        0.03577423095703125,
        0.16230463981628418,
        0.09381318092346191
      ]
    },
    "tau": 0.5
  }
}