{
  "SQR": {
    "losses": {
      "641_fri_c1_500_10": [
        0.03237300821893951,
        0.02012384229797818,
        0.015268734361607778,
        0.01456929734918361,
        0.05632295344309267
      ]
    },
    "coverage": {
      "641_fri_c1_500_10": [
        0.5,
        0.09999999999999998,
        0.009090909090909038,
        0.0,
        0.3285714285714286
      ]
    },
    "complexity": {
      "641_fri_c1_500_10": [
        11,
        14,
        7,
        10,
        11
      ]
    },
    "time_all": {
      "641_fri_c1_500_10": [
        102.22572875022888,
        85.61811065673828,
        81.13734531402588,
        89.92618346214294,
        79.54030632972717
      ]
    },
    "time_fit": {
      "641_fri_c1_500_10": [
        102.22572875022888,
        85.61811065673828,
        81.13734531402588,
        89.92618346214294,
        79.54030632972717
      ]
    },
    "tau": 0.9
  },
  "LightGBM": {
    "losses": {
      "641_fri_c1_500_10": [
        0.02430281326950441,
        0.01678594445561692,
        0.022608321422864373,
        0.027605167194012396,
        0.02817074287205469
      ]
    },
    "coverage": {
      "641_fri_c1_500_10": [
        0.09999999999999998,
        0.20000000000000007,
        0.26363636363636367,
        0.20000000000000007,
        0.11428571428571432
      ]
    },
    "time_all": {
      "641_fri_c1_500_10": [
        0.1645035743713379,
        0.17270421981811523,
        0.1727466583251953,
        0.17816829681396484,
        0.17089319229125977
      ]
    },
    "time_fit": {
      "641_fri_c1_500_10": [
        0.043561458587646484,
        0.03832578659057617,
        0.0431368350982666,
        0.045638084411621094,
        0.03497648239135742
      ]
    },
    "tau": 0.9
  },
  "DecisionTree": {
    "losses": {
      "641_fri_c1_500_10": [
        0.015301757517372179,
        0.019301237765054654,
        0.03959581243115511,
        0.08657755897534697,
        0.03380572646263446
      ]
    },
    "coverage": {
      "641_fri_c1_500_10": [
        0.09999999999999998,
        0.0,
        0.5363636363636364,
        0.6000000000000001,
        0.04285714285714293
      ]
    },
    "complexity": {
      "641_fri_c1_500_10": [
        15,
        11,
        9,
        25,
        29
      ]
    },
    "time_all": {
      "641_fri_c1_500_10": [
        0.05530095100402832,
        0.07661080360412598,
        0.07502961158752441,
        0.07853412628173828,
        0.07955241203308105
      ]
    },
    "time_fit": {
      "641_fri_c1_500_10": [
        0.0030002593994140625,
        0.003795623779296875,
        0.0035245418548583984,
        0.005593299865722656,
        0.00597834587097168
      ]
    },
    "tau": 0.9
  },
  "LinearQuantile": {
    "losses": {
      "641_fri_c1_500_10": [
        0.25780340857607126,
        0.26671135271630925,
        0.31163579229289884,
        0.29580597731219116,
        0.2959724811112123
      ]
    },
    "coverage": {
      "641_fri_c1_500_10": [
        0.9,
        0.8,
        0.9,
        0.8,
        0.8285714285714286
      ]
    },
    "complexity": {
      "641_fri_c1_500_10": [
        10,
        10,
        10,
        10,
        10
      ]
    },
    "time_all": {
      "641_fri_c1_500_10": [
        0.2250053882598877,
        0.14362001419067383,
        0.9701988697052002,
        0.9449224472045898,
        0.6792111396789551
      ]
    },
    "time_fit": {
      "641_fri_c1_500_10": [
        0.018215179443359375,
        0.012503623962402344,
        0.06859731674194336,
        0.06655240058898926,
        0.0522465705871582
      ]
    },
    "tau": 0.9
  }
}