{
  "SQR": {
    "losses": {
      "666_rmftsa_ladata": [
        0.142404423594079,
        0.07385139714017273,
        0.09805331080829613,
        0.052885555380316196,
        0.09562214047268507
      ]
    },
    "coverage": {
      "666_rmftsa_ladata": [
        0.5,
        0.375,
        0.375,
        0.5,
        0.5
      ]
    },
    "complexity": {
      "666_rmftsa_ladata": [
        2,
        2,
        2,
        2,
        2
      ]
    },
    "time_all": {
      "666_rmftsa_ladata": [
        103.06217336654663,
        82.68557596206665,
        85.88975954055786,
        85.58327460289001,
        86.62016916275024
      ]
    },
    "time_fit": {
      "666_rmftsa_ladata": [
        103.06217336654663,
        82.68557596206665,
        85.88975954055786,
        85.58327460289001,
        86.62016916275024
      ]
    },
    "tau": 0.5
  },
  "LightGBM": {
    "losses": {
      "666_rmftsa_ladata": [
        0.15442236718631175,
        0.08130394604436508,
        0.1074343869106731,
        0.06600804845575223,
        0.10412358987543588
      ]
    },
    "coverage": {
      "666_rmftsa_ladata": [
        0.5,
        0.375,
        0.375,
        0.5,
        0.5
      ]
    },
    "time_all": {
      "666_rmftsa_ladata": [
        0.20585417747497559,
        0.2525148391723633,
        0.22707676887512207,
        0.21384882926940918,
        0.23050975799560547
      ]
    },
    "time_fit": {
      "666_rmftsa_ladata": [
        0.045926809310913086,
        0.056630611419677734,
        0.04183626174926758,
        0.04420018196105957,
        0.04545712471008301
      ]
    },
    "tau": 0.5
  },
  "DecisionTree": {
    "losses": {
      "666_rmftsa_ladata": [
        0.11862633567249053,
        0.06877853164094852,
        0.0983399947798307,
        0.05297840745677112,
        0.08725741953078171
      ]
    },
    "coverage": {
      "666_rmftsa_ladata": [
        0.375,
        0.25,
        0.375,
        0.3181818181818182,
        0.4375
      ]
    },
    "complexity": {
      "666_rmftsa_ladata": [
        63,
        147,
        63,
        11,
        27
      ]
    },
    "time_all": {
      "666_rmftsa_ladata": [
        0.0567929744720459,
        0.08755302429199219,
        0.08367276191711426,
        0.07674169540405273,
        0.07923674583435059
      ]
    },
    "time_fit": {
      "666_rmftsa_ladata": [
        0.005902290344238281,
        0.015395641326904297,
        0.009028196334838867,
        0.0038251876831054688,
        0.005552768707275391
      ]
    },
    "tau": 0.5
  },
  "LinearQuantile": {
    "losses": {
      "666_rmftsa_ladata": [
        0.11524848848818746,
        0.05110945700862788,
        0.08045861353169032,
        0.045380636945911636,
        0.08296140334779588
      ]
    },
    "coverage": {
      "666_rmftsa_ladata": [
        0.5,
        0.375,
        0.375,
        0.40909090909090906,
        0.4375
      ]
    },
    "complexity": {
      "666_rmftsa_ladata": [
        10,
        10,
        10,
        10,
        10
      ]
    },
    "time_all": {
      "666_rmftsa_ladata": [
        0.5273594856262207,
        0.7616555690765381,
        0.3320300579071045,
        0.49001193046569824,
        0.23855805397033691
      ]
    },
    "time_fit": {
      "666_rmftsa_ladata": [
        0.04443025588989258,
        0.054689645767211914,
        0.028791189193725586,
        0.04161477088928223,
        0.02109241485595703
      ]
    },
    "tau": 0.5
  }
}