{
  "SQR": {
    "losses": {
      "542_pollution": [
        0.1987694883908312,
        0.026306709930824745,
        0.0728687836062868
      ]
    },
    "coverage": {
      "542_pollution": [
        0.16666666666666663,
        0.16666666666666669,
        0.5
      ]
    },
    "complexity": {
      "542_pollution": [
        8,
        6,
        9
      ]
    },
    "time_all": {
      "542_pollution": [
        81.06105732917786,
        66.79740166664124,
        68.36494660377502
      ]
    },
    "time_fit": {
      "542_pollution": [
        81.06105732917786,
        66.79740166664124,
        68.36494660377502
      ]
    },
    "tau": 0.5
  },
  "LightGBM": {
    "losses": {
      "542_pollution": [
        0.13778455147253205,
        0.11655056702177022,
        0.0835212475267021
      ]
    },
    "coverage": {
      "542_pollution": [
        0.5,
        0.5,
        0.5
      ]
    },
    "time_all": {
      "542_pollution": [
        0.04770088195800781,
        0.05647420883178711,
        0.05075860023498535
      ]
    },
    "time_fit": {
      "542_pollution": [
        0.013271331787109375,
        0.014385461807250977,
        0.012256383895874023
      ]
    },
    "tau": 0.5
  },
  "DecisionTree": {
    "losses": {
      "542_pollution": [
        0.11984614901168539,
        0.07828917466260325,
        0.06844422014322928
      ]
    },
    "coverage": {
      "542_pollution": [
        0.5,
        0.5,
        0.5
      ]
    },
    "complexity": {
      "542_pollution": [
        15,
        15,
        3
      ]
    },
    "time_all": {
      "542_pollution": [
        0.017655611038208008,
        0.027241945266723633,
        0.028454303741455078
      ]
    },
    "time_fit": {
      "542_pollution": [
        0.0015330314636230469,
        0.002410888671875,
        0.0017311573028564453
      ]
    },
    "tau": 0.5
  },
  "LinearQuantile": {
    "losses": {
      "542_pollution": [
        0.08951545059015142,
        0.04219559998092797,
        0.1756949944927452
      ]
    },
    "coverage": {
      "542_pollution": [
        0.16666666666666663,
        0.16666666666666669,
        0.5
      ]
    },
    "complexity": {
      "542_pollution": [
        15,
        15,
        15
      ]
    },
    "time_all": {
      "542_pollution": [
        0.7819933891296387,
        0.3215916156768799,
        0.5418713092803955
      ]
    },
    "time_fit": {
      "542_pollution": [
        0.07001113891601562,
        0.0260465145111084,
        0.044507741928100586
      ]
    },
    "tau": 0.5
  }
}