{
  "SQR": {
    "losses": {
      "612_fri_c1_1000_5": [
        0.011663165294356539,
        0.03281442862547697,
        0.08641545074523883,
        0.053275396567838855,
        0.013654326387372623
      ]
    },
    "coverage": {
      "612_fri_c1_1000_5": [
        0.13157894736842102,
        0.17857142857142855,
        0.5,
        0.08823529411764708,
        0.0714285714285714
      ]
    },
    "complexity": {
      "612_fri_c1_1000_5": [
        13,
        13,
        11,
        14,
        16
      ]
    },
    "time_all": {
      "612_fri_c1_1000_5": [
        124.34335255622864,
        95.00336241722107,
        97.31556224822998,
        100.97547554969788,
        98.17117094993591
      ]
    },
    "time_fit": {
      "612_fri_c1_1000_5": [
        124.34335255622864,
        95.00336241722107,
        97.31556224822998,
        100.97547554969788,
        98.17117094993591
      ]
    },
    "tau": 0.5
  },
  "LightGBM": {
    "losses": {
      "612_fri_c1_1000_5": [
        0.061319316204842815,
        0.05978653291763495,
        0.055348385659289547,
        0.056553749875641886,
        0.04726417378146648
      ]
    },
    "coverage": {
      "612_fri_c1_1000_5": [
        0.2894736842105263,
        0.17857142857142855,
        0.28260869565217395,
        0.32352941176470584,
        0.35714285714285715
      ]
    },
    "time_all": {
      "612_fri_c1_1000_5": [
        0.3928349018096924,
        0.4131200313568115,
        0.41977381706237793,
        0.41664958000183105,
        0.4147520065307617
      ]
    },
    "time_fit": {
      "612_fri_c1_1000_5": [
        0.12289667129516602,
        0.13222074508666992,
        0.13181734085083008,
        0.12210464477539062,
        0.12130999565124512
      ]
    },
    "tau": 0.5
  },
  "DecisionTree": {
    "losses": {
      "612_fri_c1_1000_5": [
        0.08206067482639522,
        0.0649215746112594,
        0.07833647870672167,
        0.07245993440440102,
        0.0531310589617713
      ]
    },
    "coverage": {
      "612_fri_c1_1000_5": [
        0.2368421052631579,
        0.3214285714285714,
        0.2391304347826087,
        0.2647058823529412,
        0.14285714285714285
      ]
    },
    "complexity": {
      "612_fri_c1_1000_5": [
        119,
        285,
        291,
        125,
        53
      ]
    },
    "time_all": {
      "612_fri_c1_1000_5": [
        0.08041763305664062,
        0.1368114948272705,
        0.13434696197509766,
        0.1245276927947998,
        0.11807084083557129
      ]
    },
    "time_fit": {
      "612_fri_c1_1000_5": [
        0.008701324462890625,
        0.026251554489135742,
        0.02590012550354004,
        0.014285564422607422,
        0.008566141128540039
      ]
    },
    "tau": 0.5
  },
  "LinearQuantile": {
    "losses": {
      "612_fri_c1_1000_5": [
        0.07992809422750376,
        0.08285770501501688,
        0.09041871881796286,
        0.08359449200975676,
        0.08776900293846336
      ]
    },
    "coverage": {
      "612_fri_c1_1000_5": [
        0.34210526315789475,
        0.2142857142857143,
        0.32608695652173914,
        0.32352941176470584,
        0.2857142857142857
      ]
    },
    "complexity": {
      "612_fri_c1_1000_5": [
        5,
        5,
        5,
        5,
        5
      ]
    },
    "time_all": {
      "612_fri_c1_1000_5": [
        0.06967473030090332,
        0.23989248275756836,
        0.3253958225250244,
        1.024259328842163,
        0.30102014541625977
      ]
    },
    "time_fit": {
      "612_fri_c1_1000_5": [
        0.005485057830810547,
        0.020010709762573242,
        0.02667403221130371,
        0.06755757331848145,
        0.025038957595825195
      ]
    },
    "tau": 0.5
  }
}