{
  "SQR": {
    "losses": {
      "644_fri_c4_250_25": [
        0.01255313404205638,
        0.04997711563840786,
        0.02865994601145058,
        0.042192717045794075,
        0.019314834287746236
      ]
    },
    "coverage": {
      "644_fri_c4_250_25": [
        0.25,
        0.33333333333333337,
        0.25,
        0.5,
        0.3
      ]
    },
    "complexity": {
      "644_fri_c4_250_25": [
        10,
        12,
        11,
        13,
        10
      ]
    },
    "time_all": {
      "644_fri_c4_250_25": [
        94.33158874511719,
        73.60483527183533,
        77.09601950645447,
        74.9559006690979,
        75.84883856773376
      ]
    },
    "time_fit": {
      "644_fri_c4_250_25": [
        94.33158874511719,
        73.60483527183533,
        77.09601950645447,
        74.9559006690979,
        75.84883856773376
      ]
    },
    "tau": 0.5
  },
  "LightGBM": {
    "losses": {
      "644_fri_c4_250_25": [
        0.09089523911861368,
        0.0732920602175076,
        0.16279469851573988,
        0.12252019711933185,
        0.13276394492328394
      ]
    },
    "coverage": {
      "644_fri_c4_250_25": [
        0.5,
        0.33333333333333337,
        0.25,
        0.5,
        0.3
      ]
    },
    "time_all": {
      "644_fri_c4_250_25": [
        0.1336345672607422,
        0.16629600524902344,
        0.15993666648864746,
        0.13582062721252441,
        0.1408398151397705
      ]
    },
    "time_fit": {
      "644_fri_c4_250_25": [
        0.03274369239807129,
        0.04084324836730957,
        0.03798675537109375,
        0.03199648857116699,
        0.03385758399963379
      ]
    },
    "tau": 0.5
  },
  "DecisionTree": {
    "losses": {
      "644_fri_c4_250_25": [
        0.10985271127568608,
        0.07879950579893712,
        0.14539592363184164,
        0.13714487914613432,
        0.09502253083192355
      ]
    },
    "coverage": {
      "644_fri_c4_250_25": [
        0.5,
        0.5,
        0.5,
        0.5,
        0.5
      ]
    },
    "complexity": {
      "644_fri_c4_250_25": [
        75,
        67,
        71,
        31,
        31
      ]
    },
    "time_all": {
      "644_fri_c4_250_25": [
        0.04598259925842285,
        0.06588625907897949,
        0.06642699241638184,
        0.06252455711364746,
        0.0620570182800293
      ]
    },
    "time_fit": {
      "644_fri_c4_250_25": [
        0.007056713104248047,
        0.009718179702758789,
        0.010077238082885742,
        0.006629467010498047,
        0.006392240524291992
      ]
    },
    "tau": 0.5
  },
  "LinearQuantile": {
    "losses": {
      "644_fri_c4_250_25": [
        0.0795243778513072,
        0.09058745933098139,
        0.1989900035506522,
        0.15156009492164269,
        0.14288428243177892
      ]
    },
    "coverage": {
      "644_fri_c4_250_25": [
        0.25,
        0.16666666666666669,
        0.25,
        0.33333333333333337,
        0.3
      ]
    },
    "complexity": {
      "644_fri_c4_250_25": [
        25,
        25,
        25,
        25,
        25
      ]
    },
    "time_all": {
      "644_fri_c4_250_25": [
        4.827006101608276,
        1.0672941207885742,
        0.733971357345581,
        1.2227330207824707,
        1.350252389907837
      ]
    },
    "time_fit": {
      "644_fri_c4_250_25": [
        0.46776676177978516,
        0.0780642032623291,
        0.05536293983459473,
        0.0943610668182373,
        0.09018468856811523
      ]
    },
    "tau": 0.5
  }
}