{
  "SQR": {
    "losses": {
      "647_fri_c1_250_10": [
        0.017375569697134382,
        0.0105557751509492,
        0.005959322581365234,
        0.018221734650943792,
        0.005518727714750201
      ]
    },
    "coverage": {
      "647_fri_c1_250_10": [
        0.09999999999999998,
        0.09999999999999998,
        0.09999999999999998,
        0.4,
        0.09999999999999998
      ]
    },
    "complexity": {
      "647_fri_c1_250_10": [
        11,
        13,
        15,
        12,
        18
      ]
    },
    "time_all": {
      "647_fri_c1_250_10": [
        96.01875925064087,
        78.2123441696167,
        80.5598771572113,
        79.82312750816345,
        82.30789422988892
      ]
    },
    "time_fit": {
      "647_fri_c1_250_10": [
        96.01875925064087,
        78.2123441696167,
        80.5598771572113,
        79.82312750816345,
        82.30789422988892
      ]
    },
    "tau": 0.9
  },
  "LightGBM": {
    "losses": {
      "647_fri_c1_250_10": [
        0.028318458585635562,
        0.03417266008134925,
        0.015969951664546757,
        0.013994319457658538,
        0.02688345828101082
      ]
    },
    "coverage": {
      "647_fri_c1_250_10": [
        0.09999999999999998,
        0.04285714285714293,
        0.09999999999999998,
        0.15000000000000002,
        0.18571428571428572
      ]
    },
    "time_all": {
      "647_fri_c1_250_10": [
        0.10901951789855957,
        0.14088892936706543,
        0.11050009727478027,
        0.11779260635375977,
        0.11754488945007324
      ]
    },
    "time_fit": {
      "647_fri_c1_250_10": [
        0.019536495208740234,
        0.032468318939208984,
        0.018585681915283203,
        0.027268648147583008,
        0.01966547966003418
      ]
    },
    "tau": 0.9
  },
  "DecisionTree": {
    "losses": {
      "647_fri_c1_250_10": [
        0.01686895995356817,
        0.03183146678481643,
        0.004720724075017028,
        0.03733807994778843,
        0.013881253688531405
      ]
    },
    "coverage": {
      "647_fri_c1_250_10": [
        0.09999999999999998,
        0.18571428571428572,
        0.09999999999999998,
        0.15000000000000002,
        0.18571428571428572
      ]
    },
    "complexity": {
      "647_fri_c1_250_10": [
        5,
        31,
        13,
        5,
        31
      ]
    },
    "time_all": {
      "647_fri_c1_250_10": [
        0.047480106353759766,
        0.05196094512939453,
        0.04718494415283203,
        0.04569554328918457,
        0.0493314266204834
      ]
    },
    "time_fit": {
      "647_fri_c1_250_10": [
        0.002186298370361328,
        0.0046939849853515625,
        0.003155231475830078,
        0.0022203922271728516,
        0.004698038101196289
      ]
    },
    "tau": 0.9
  },
  "LinearQuantile": {
    "losses": {
      "647_fri_c1_250_10": [
        0.00781936630348211,
        0.11378702374398464,
        0.011605280358038287,
        0.10356893794077215,
        0.12373373582214714
      ]
    },
    "coverage": {
      "647_fri_c1_250_10": [
        0.09999999999999998,
        0.4714285714285715,
        0.15000000000000002,
        0.9,
        0.4714285714285715
      ]
    },
    "complexity": {
      "647_fri_c1_250_10": [
        10,
        10,
        10,
        10,
        10
      ]
    },
    "time_all": {
      "647_fri_c1_250_10": [
        0.4716038703918457,
        0.2283189296722412,
        0.5489046573638916,
        0.3121914863586426,
        0.257948637008667
      ]
    },
    "time_fit": {
      "647_fri_c1_250_10": [
        0.041719913482666016,
        0.02097940444946289,
        0.04626274108886719,
        0.02704787254333496,
        0.022881507873535156
      ]
    },
    "tau": 0.9
  }
}