{
  "SQR": {
    "losses": {
      "588_fri_c4_1000_100": [
        0.03137771849437755,
        0.04599562383347618,
        0.022900030320521944,
        0.022638585391431185,
        0.02321436745181182
      ]
    },
    "coverage": {
      "588_fri_c4_1000_100": [
        0.40909090909090906,
        0.2142857142857143,
        0.07142857142857145,
        0.2727272727272727,
        0.2727272727272727
      ]
    },
    "complexity": {
      "588_fri_c4_1000_100": [
        11,
        10,
        14,
        17,
        11
      ]
    },
    "time_all": {
      "588_fri_c4_1000_100": [
        113.75651049613953,
        104.00342512130737,
        97.24166321754456,
        105.79434990882874,
        107.52944731712341
      ]
    },
    "time_fit": {
      "588_fri_c4_1000_100": [
        113.75651049613953,
        104.00342512130737,
        97.24166321754456,
        105.79434990882874,
        107.52944731712341
      ]
    },
    "tau": 0.5
  },
  "LightGBM": {
    "losses": {
      "588_fri_c4_1000_100": [
        0.07483439493464267,
        0.07164332812280745,
        0.06984405473274166,
        0.08026839542005877,
        0.07657894406481801
      ]
    },
    "coverage": {
      "588_fri_c4_1000_100": [
        0.3181818181818182,
        0.4523809523809524,
        0.35714285714285715,
        0.40909090909090906,
        0.5
      ]
    },
    "time_all": {
      "588_fri_c4_1000_100": [
        0.47845959663391113,
        0.4840357303619385,
        0.5338122844696045,
        0.49057722091674805,
        0.5014371871948242
      ]
    },
    "time_fit": {
      "588_fri_c4_1000_100": [
        0.09098052978515625,
        0.09164237976074219,
        0.09812164306640625,
        0.09134411811828613,
        0.09523820877075195
      ]
    },
    "tau": 0.5
  },
  "DecisionTree": {
    "losses": {
      "588_fri_c4_1000_100": [
        0.07325681631848183,
        0.054421176430633704,
        0.06628434667437583,
        0.0734372153871506,
        0.05089911387897596
      ]
    },
    "coverage": {
      "588_fri_c4_1000_100": [
        0.36363636363636365,
        0.2619047619047619,
        0.4285714285714286,
        0.2727272727272727,
        0.2272727272727273
      ]
    },
    "complexity": {
      "588_fri_c4_1000_100": [
        121,
        125,
        285,
        275,
        287
      ]
    },
    "time_all": {
      "588_fri_c4_1000_100": [
        0.43056607246398926,
        0.6796486377716064,
        0.7743880748748779,
        0.6769013404846191,
        0.6991722583770752
      ]
    },
    "time_fit": {
      "588_fri_c4_1000_100": [
        0.049332380294799805,
        0.06639623641967773,
        0.09597039222717285,
        0.08068323135375977,
        0.08304762840270996
      ]
    },
    "tau": 0.5
  },
  "LinearQuantile": {
    "losses": {
      "588_fri_c4_1000_100": [
        0.11553535532830247,
        0.10192259308290492,
        0.10527836503427852,
        0.09933156157727129,
        0.12038779214895756
      ]
    },
    "coverage": {
      "588_fri_c4_1000_100": [
        0.36363636363636365,
        0.35714285714285715,
        0.35714285714285715,
        0.36363636363636365,
        0.45454545454545453
      ]
    },
    "complexity": {
      "588_fri_c4_1000_100": [
        100,
        100,
        100,
        100,
        100
      ]
    },
    "time_all": {
      "588_fri_c4_1000_100": [
        27.71043586730957,
        20.57427430152893,
        36.41298699378967,
        63.40295362472534,
        18.27863121032715
      ]
    },
    "time_fit": {
      "588_fri_c4_1000_100": [
        2.6127851009368896,
        1.8544728755950928,
        3.1796212196350098,
        5.753175497055054,
        1.70621657371521
      ]
    },
    "tau": 0.5
  }
}