{
  "SQR": {
    "losses": {
      "712_chscase_geyser1": [
        0.06733852071136795,
        0.026727073016132863,
        0.05141074685534592,
        0.040690608685643344,
        0.07252590541007384
      ]
    },
    "coverage": {
      "712_chscase_geyser1": [
        0.25,
        0.0,
        0.5,
        0.5,
        0.5
      ]
    },
    "complexity": {
      "712_chscase_geyser1": [
        3,
        4,
        3,
        3,
        3
      ]
    },
    "time_all": {
      "712_chscase_geyser1": [
        92.9084198474884,
        75.29960036277771,
        74.08651685714722,
        70.88455533981323,
        75.02746939659119
      ]
    },
    "time_fit": {
      "712_chscase_geyser1": [
        92.9084198474884,
        75.29960036277771,
        74.08651685714722,
        70.88455533981323,
        75.02746939659119
      ]
    },
    "tau": 0.5
  },
  "LightGBM": {
    "losses": {
      "712_chscase_geyser1": [
        0.048548194593645705,
        0.06655468815550544,
        0.034404864957823925,
        0.010519031370131469,
        0.12116907510333659
      ]
    },
    "coverage": {
      "712_chscase_geyser1": [
        0.25,
        0.5,
        0.16666666666666669,
        0.5,
        0.5
      ]
    },
    "time_all": {
      "712_chscase_geyser1": [
        0.11781907081604004,
        0.1273665428161621,
        0.13913869857788086,
        0.1350858211517334,
        0.13585925102233887
      ]
    },
    "time_fit": {
      "712_chscase_geyser1": [
        0.026731252670288086,
        0.028388500213623047,
        0.03237175941467285,
        0.031366586685180664,
        0.0321354866027832
      ]
    },
    "tau": 0.5
  },
  "DecisionTree": {
    "losses": {
      "712_chscase_geyser1": [
        0.04716981132075472,
        0.02830188679245283,
        0.025157232704402514,
        0.0023584905660377358,
        0.06132075471698113
      ]
    },
    "coverage": {
      "712_chscase_geyser1": [
        0.25,
        0.5,
        0.5,
        0.25,
        0.5
      ]
    },
    "complexity": {
      "712_chscase_geyser1": [
        11,
        67,
        25,
        11,
        27
      ]
    },
    "time_all": {
      "712_chscase_geyser1": [
        0.025516748428344727,
        0.043229103088378906,
        0.03999590873718262,
        0.039136648178100586,
        0.03983020782470703
      ]
    },
    "time_fit": {
      "712_chscase_geyser1": [
        0.001474618911743164,
        0.006232261657714844,
        0.0032761096954345703,
        0.002306699752807617,
        0.0034551620483398438
      ]
    },
    "tau": 0.5
  },
  "LinearQuantile": {
    "losses": {
      "712_chscase_geyser1": [
        0.1047100981199413,
        0.07789385505880704,
        0.13374685768284297,
        0.10955032069043405,
        0.0030931568170092143
      ]
    },
    "coverage": {
      "712_chscase_geyser1": [
        0.25,
        0.5,
        0.5,
        0.5,
        0.5
      ]
    },
    "complexity": {
      "712_chscase_geyser1": [
        2,
        2,
        2,
        2,
        2
      ]
    },
    "time_all": {
      "712_chscase_geyser1": [
        0.04649090766906738,
        0.11845278739929199,
        2.745093584060669,
        0.4455068111419678,
        0.1061246395111084
      ]
    },
    "time_fit": {
      "712_chscase_geyser1": [
        0.003485441207885742,
        0.010051727294921875,
        0.12731504440307617,
        0.04008793830871582,
        0.009047269821166992
      ]
    },
    "tau": 0.5
  }
}