{
  "SQR": {
    "losses": {
      "595_fri_c0_1000_10": [
        0.0256641489307192,
        0.01978183558843886,
        0.020797620503169564,
        0.02048417901962694,
        0.023566469507399514
      ]
    },
    "coverage": {
      "595_fri_c0_1000_10": [
        0.09999999999999998,
        0.033333333333333326,
        0.04545454545454547,
        0.045454545454545414,
        0.02631578947368418
      ]
    },
    "complexity": {
      "595_fri_c0_1000_10": [
        11,
        11,
        14,
        16,
        17
      ]
    },
    "time_all": {
      "595_fri_c0_1000_10": [
        105.71938800811768,
        95.09439659118652,
        92.27399730682373,
        91.17260241508484,
        95.02158188819885
      ]
    },
    "time_fit": {
      "595_fri_c0_1000_10": [
        105.71938800811768,
        95.09439659118652,
        92.27399730682373,
        91.17260241508484,
        95.02158188819885
      ]
    },
    "tau": 0.5
  },
  "LightGBM": {
    "losses": {
      "595_fri_c0_1000_10": [
        0.05959082058142209,
        0.052047115497701836,
        0.049421151915631796,
        0.04375153728652397,
        0.050786182047526635
      ]
    },
    "coverage": {
      "595_fri_c0_1000_10": [
        0.42,
        0.43333333333333335,
        0.40909090909090906,
        0.36363636363636365,
        0.2894736842105263
      ]
    },
    "time_all": {
      "595_fri_c0_1000_10": [
        0.4012289047241211,
        0.36345696449279785,
        0.4253220558166504,
        0.3847007751464844,
        0.3616492748260498
      ]
    },
    "time_fit": {
      "595_fri_c0_1000_10": [
        0.06956124305725098,
        0.06833195686340332,
        0.06783366203308105,
        0.07220935821533203,
        0.06585693359375
      ]
    },
    "tau": 0.5
  },
  "DecisionTree": {
    "losses": {
      "595_fri_c0_1000_10": [
        0.04643902430648919,
        0.0369799543680208,
        0.03535217660632109,
        0.041149602348468095,
        0.04080067731955434
      ]
    },
    "coverage": {
      "595_fri_c0_1000_10": [
        0.26,
        0.16666666666666669,
        0.18181818181818182,
        0.13636363636363635,
        0.2894736842105263
      ]
    },
    "complexity": {
      "595_fri_c0_1000_10": [
        55,
        121,
        301,
        287,
        119
      ]
    },
    "time_all": {
      "595_fri_c0_1000_10": [
        0.16298341751098633,
        0.15364861488342285,
        0.16787981986999512,
        0.16646242141723633,
        0.1562972068786621
      ]
    },
    "time_fit": {
      "595_fri_c0_1000_10": [
        0.012766599655151367,
        0.017011165618896484,
        0.03063344955444336,
        0.029574871063232422,
        0.01726222038269043
      ]
    },
    "tau": 0.5
  },
  "LinearQuantile": {
    "losses": {
      "595_fri_c0_1000_10": [
        0.034657968629478175,
        0.026848640575076545,
        0.035368775483791116,
        0.038026705768991594,
        0.036136310411137795
      ]
    },
    "coverage": {
      "595_fri_c0_1000_10": [
        0.09999999999999998,
        0.033333333333333326,
        0.0,
        0.0,
        0.026315789473684237
      ]
    },
    "complexity": {
      "595_fri_c0_1000_10": [
        10,
        10,
        10,
        10,
        10
      ]
    },
    "time_all": {
      "595_fri_c0_1000_10": [
        0.26756834983825684,
        0.6152267456054688,
        0.47545361518859863,
        1.2062487602233887,
        0.3264932632446289
      ]
    },
    "time_fit": {
      "595_fri_c0_1000_10": [
        0.022916078567504883,
        0.04742145538330078,
        0.042677879333496094,
        0.0857851505279541,
        0.02764129638671875
      ]
    },
    "tau": 0.5
  }
}