{
  "SQR": {
    "losses": {
      "637_fri_c1_500_50": [
        0.046555644325791894,
        0.05276626943582912,
        0.0588116525199022,
        0.01300300264372869,
        0.027057863797114123
      ]
    },
    "coverage": {
      "637_fri_c1_500_50": [
        0.4,
        0.25,
        0.038461538461538436,
        0.25,
        0.3181818181818182
      ]
    },
    "complexity": {
      "637_fri_c1_500_50": [
        15,
        13,
        8,
        16,
        14
      ]
    },
    "time_all": {
      "637_fri_c1_500_50": [
        101.16855049133301,
        86.80619144439697,
        88.97358989715576,
        88.70428395271301,
        85.20615839958191
      ]
    },
    "time_fit": {
      "637_fri_c1_500_50": [
        101.16855049133301,
        86.80619144439697,
        88.97358989715576,
        88.70428395271301,
        85.20615839958191
      ]
    },
    "tau": 0.5
  },
  "LightGBM": {
    "losses": {
      "637_fri_c1_500_50": [
        0.10017345397727564,
        0.04058221657237868,
        0.09576867375648877,
        0.06460315276378989,
        0.10913891637166508
      ]
    },
    "coverage": {
      "637_fri_c1_500_50": [
        0.4,
        0.5,
        0.5,
        0.25,
        0.5
      ]
    },
    "time_all": {
      "637_fri_c1_500_50": [
        0.307481050491333,
        0.32270264625549316,
        0.2915775775909424,
        0.32388806343078613,
        0.29963064193725586
      ]
    },
    "time_fit": {
      "637_fri_c1_500_50": [
        0.08606505393981934,
        0.08857607841491699,
        0.08463501930236816,
        0.08786487579345703,
        0.0869905948638916
      ]
    },
    "tau": 0.5
  },
  "DecisionTree": {
    "losses": {
      "637_fri_c1_500_50": [
        0.1182489893817379,
        0.04468507922950626,
        0.09423458928292944,
        0.08190697039407714,
        0.11196928401963714
      ]
    },
    "coverage": {
      "637_fri_c1_500_50": [
        0.4,
        0.375,
        0.34615384615384615,
        0.5,
        0.40909090909090906
      ]
    },
    "complexity": {
      "637_fri_c1_500_50": [
        61,
        65,
        141,
        19,
        143
      ]
    },
    "time_all": {
      "637_fri_c1_500_50": [
        0.19621634483337402,
        0.18610286712646484,
        0.1922619342803955,
        0.17285490036010742,
        0.186204195022583
      ]
    },
    "time_fit": {
      "637_fri_c1_500_50": [
        0.02320098876953125,
        0.02150726318359375,
        0.030036211013793945,
        0.012239217758178711,
        0.029328346252441406
      ]
    },
    "tau": 0.5
  },
  "LinearQuantile": {
    "losses": {
      "637_fri_c1_500_50": [
        0.09038174261906556,
        0.04848910365339925,
        0.14417462400366063,
        0.08781642763147815,
        0.12619478790000682
      ]
    },
    "coverage": {
      "637_fri_c1_500_50": [
        0.3,
        0.0,
        0.4230769230769231,
        0.25,
        0.5
      ]
    },
    "complexity": {
      "637_fri_c1_500_50": [
        50,
        50,
        50,
        50,
        50
      ]
    },
    "time_all": {
      "637_fri_c1_500_50": [
        33.83390235900879,
        8.898704051971436,
        3.365219831466675,
        27.120405673980713,
        9.484742403030396
      ]
    },
    "time_fit": {
      "637_fri_c1_500_50": [
        1.85536789894104,
        0.7798168659210205,
        0.27424120903015137,
        2.4019968509674072,
        0.8289031982421875
      ]
    },
    "tau": 0.5
  }
}