{
  "SQR": {
    "losses": {
      "647_fri_c1_250_10": [
        0.06655132308648679,
        0.024779515290435445,
        0.1025418115294395,
        0.11204071310877352,
        0.018203063609987673
      ]
    },
    "coverage": {
      "647_fri_c1_250_10": [
        0.5,
        0.5,
        0.5,
        0.5,
        0.2142857142857143
      ]
    },
    "complexity": {
      "647_fri_c1_250_10": [
        13,
        8,
        10,
        14,
        17
      ]
    },
    "time_all": {
      "647_fri_c1_250_10": [
        90.84019804000854,
        73.57034158706665,
        75.69254851341248,
        76.93929743766785,
        77.8481764793396
      ]
    },
    "time_fit": {
      "647_fri_c1_250_10": [
        90.84019804000854,
        73.57034158706665,
        75.69254851341248,
        76.93929743766785,
        77.8481764793396
      ]
    },
    "tau": 0.5
  },
  "LightGBM": {
    "losses": {
      "647_fri_c1_250_10": [
        0.15211157142707477,
        0.005808329722597972,
        0.11272898939039037,
        0.15839625480466965,
        0.15100340303297077
      ]
    },
    "coverage": {
      "647_fri_c1_250_10": [
        0.5,
        0.5,
        0.5,
        0.5,
        0.5
      ]
    },
    "time_all": {
      "647_fri_c1_250_10": [
        0.1435866355895996,
        0.13045644760131836,
        0.16035866737365723,
        0.15823030471801758,
        0.13316130638122559
      ]
    },
    "time_fit": {
      "647_fri_c1_250_10": [
        0.03233194351196289,
        0.030245304107666016,
        0.03973793983459473,
        0.03983736038208008,
        0.032895803451538086
      ]
    },
    "tau": 0.5
  },
  "DecisionTree": {
    "losses": {
      "647_fri_c1_250_10": [
        0.1933536428555773,
        0.043363283243292854,
        0.06444407303526156,
        0.11690976130110092,
        0.10958115564455706
      ]
    },
    "coverage": {
      "647_fri_c1_250_10": [
        0.5,
        0.5,
        0.3,
        0.5,
        0.5
      ]
    },
    "complexity": {
      "647_fri_c1_250_10": [
        5,
        5,
        73,
        69,
        71
      ]
    },
    "time_all": {
      "647_fri_c1_250_10": [
        0.031223773956298828,
        0.04536080360412598,
        0.0525660514831543,
        0.052206993103027344,
        0.050340890884399414
      ]
    },
    "time_fit": {
      "647_fri_c1_250_10": [
        0.0014750957489013672,
        0.002290010452270508,
        0.007995843887329102,
        0.007629871368408203,
        0.007853031158447266
      ]
    },
    "tau": 0.5
  },
  "LinearQuantile": {
    "losses": {
      "647_fri_c1_250_10": [
        0.16976834403705812,
        0.04514654428525497,
        0.1734918501567672,
        0.15409334679946357,
        0.1565572246367247
      ]
    },
    "coverage": {
      "647_fri_c1_250_10": [
        0.5,
        0.5,
        0.5,
        0.5,
        0.5
      ]
    },
    "complexity": {
      "647_fri_c1_250_10": [
        10,
        10,
        10,
        10,
        10
      ]
    },
    "time_all": {
      "647_fri_c1_250_10": [
        0.17752289772033691,
        0.28452301025390625,
        0.3315854072570801,
        0.2604236602783203,
        0.871497631072998
      ]
    },
    "time_fit": {
      "647_fri_c1_250_10": [
        0.014400959014892578,
        0.02463984489440918,
        0.02794647216796875,
        0.02218914031982422,
        0.06576323509216309
      ]
    },
    "tau": 0.5
  }
}