{
  "SQR": {
    "losses": {
      "597_fri_c2_500_5": [
        0.03228176493394496,
        0.04655636607077783,
        0.007029681288181638,
        0.09823042078235904,
        0.04180877343589528
      ]
    },
    "coverage": {
      "597_fri_c2_500_5": [
        0.275,
        0.09999999999999998,
        0.025000000000000022,
        0.9,
        0.48333333333333334
      ]
    },
    "complexity": {
      "597_fri_c2_500_5": [
        15,
        14,
        15,
        8,
        13
      ]
    },
    "time_all": {
      "597_fri_c2_500_5": [
        101.1311731338501,
        79.62749123573303,
        97.30248618125916,
        83.7611711025238,
        83.5686297416687
      ]
    },
    "time_fit": {
      "597_fri_c2_500_5": [
        101.1311731338501,
        79.62749123573303,
        97.30248618125916,
        83.7611711025238,
        83.5686297416687
      ]
    },
    "tau": 0.9
  },
  "LightGBM": {
    "losses": {
      "597_fri_c2_500_5": [
        0.02439559877386912,
        0.049024446462179565,
        0.025103812123771888,
        0.02077381529183011,
        0.05521350755547059
      ]
    },
    "coverage": {
      "597_fri_c2_500_5": [
        0.15000000000000002,
        0.3285714285714286,
        0.4,
        0.525,
        0.31666666666666665
      ]
    },
    "time_all": {
      "597_fri_c2_500_5": [
        0.22028255462646484,
        0.18947315216064453,
        0.1963634490966797,
        0.22295403480529785,
        0.22687149047851562
      ]
    },
    "time_fit": {
      "597_fri_c2_500_5": [
        0.05866289138793945,
        0.03640174865722656,
        0.05130767822265625,
        0.05420875549316406,
        0.05834078788757324
      ]
    },
    "tau": 0.9
  },
  "DecisionTree": {
    "losses": {
      "597_fri_c2_500_5": [
        0.03934221240484509,
        0.07109345850949232,
        0.03080705345636398,
        0.036604175532869494,
        0.06773735347694321
      ]
    },
    "coverage": {
      "597_fri_c2_500_5": [
        0.15000000000000002,
        0.3285714285714286,
        0.15000000000000002,
        0.525,
        0.4
      ]
    },
    "complexity": {
      "597_fri_c2_500_5": [
        145,
        11,
        17,
        15,
        15
      ]
    },
    "time_all": {
      "597_fri_c2_500_5": [
        0.05352902412414551,
        0.06644248962402344,
        0.06709551811218262,
        0.06600761413574219,
        0.06653404235839844
      ]
    },
    "time_fit": {
      "597_fri_c2_500_5": [
        0.009266853332519531,
        0.0030791759490966797,
        0.00366973876953125,
        0.003457307815551758,
        0.0034630298614501953
      ]
    },
    "tau": 0.9
  },
  "LinearQuantile": {
    "losses": {
      "597_fri_c2_500_5": [
        0.31303807008395723,
        0.35513812116449495,
        0.3159595581807039,
        0.3909688806565144,
        0.33390237841702947
      ]
    },
    "coverage": {
      "597_fri_c2_500_5": [
        0.65,
        0.9,
        0.9,
        0.9,
        0.8166666666666667
      ]
    },
    "complexity": {
      "597_fri_c2_500_5": [
        5,
        5,
        5,
        5,
        5
      ]
    },
    "time_all": {
      "597_fri_c2_500_5": [
        0.3677365779876709,
        0.18343138694763184,
        0.10912299156188965,
        0.24952220916748047,
        0.18263697624206543
      ]
    },
    "time_fit": {
      "597_fri_c2_500_5": [
        0.028963804244995117,
        0.016204833984375,
        0.009345531463623047,
        0.02200913429260254,
        0.016027450561523438
      ]
    },
    "tau": 0.9
  }
}