{
  "SQR": {
    "losses": {
      "527_analcatdata_election2000": [
        0.0,
        0.0,
        0.0,
        0.0
      ]
    },
    "coverage": {
      "527_analcatdata_election2000": [
        0.09999999999999998,
        0.09999999999999998,
        0.09999999999999998,
        0.09999999999999998
      ]
    },
    "complexity": {
      "527_analcatdata_election2000": [
        16,
        16,
        15,
        19
      ]
    },
    "time_all": {
      "527_analcatdata_election2000": [
        82.261146068573,
        65.20703482627869,
        66.06234526634216,
        65.5617105960846
      ]
    },
    "time_fit": {
      "527_analcatdata_election2000": [
        82.261146068573,
        65.20703482627869,
        66.06234526634216,
        65.5617105960846
      ]
    },
    "tau": 0.9
  },
  "LightGBM": {
    "losses": {
      "527_analcatdata_election2000": [
        0.4172214147298773,
        0.12091206458359911,
        0.25772751373396924,
        0.25723159321224426
      ]
    },
    "coverage": {
      "527_analcatdata_election2000": [
        0.9,
        0.9,
        0.9,
        0.9
      ]
    },
    "time_all": {
      "527_analcatdata_election2000": [
        0.06290817260742188,
        0.06473922729492188,
        0.06980729103088379,
        0.06693863868713379
      ]
    },
    "time_fit": {
      "527_analcatdata_election2000": [
        0.013397455215454102,
        0.012757301330566406,
        0.014829874038696289,
        0.014334678649902344
      ]
    },
    "tau": 0.9
  },
  "DecisionTree": {
    "losses": {
      "527_analcatdata_election2000": [
        0.3616039846524771,
        0.07765436963679255,
        0.2207766053975579,
        0.01878669017188189
      ]
    },
    "coverage": {
      "527_analcatdata_election2000": [
        0.9,
        0.9,
        0.9,
        0.09999999999999998
      ]
    },
    "complexity": {
      "527_analcatdata_election2000": [
        19,
        19,
        17,
        17
      ]
    },
    "time_all": {
      "527_analcatdata_election2000": [
        0.020312070846557617,
        0.029705286026000977,
        0.030718326568603516,
        0.030106067657470703
      ]
    },
    "time_fit": {
      "527_analcatdata_election2000": [
        0.0019521713256835938,
        0.003009319305419922,
        0.0028727054595947266,
        0.002786874771118164
      ]
    },
    "tau": 0.9
  },
  "LinearQuantile": {
    "losses": {
      "527_analcatdata_election2000": [
        1.0947323622107599e-12,
        1.0788592946963443e-13,
        1.6383929412802434e-12,
        3.7420374693020785e-12
      ]
    },
    "coverage": {
      "527_analcatdata_election2000": [
        0.9,
        0.09999999999999998,
        0.4,
        0.9
      ]
    },
    "complexity": {
      "527_analcatdata_election2000": [
        14,
        14,
        14,
        14
      ]
    },
    "time_all": {
      "527_analcatdata_election2000": [
        0.0223844051361084,
        0.02942347526550293,
        0.028859853744506836,
        0.027835607528686523
      ]
    },
    "time_fit": {
      "527_analcatdata_election2000": [
        0.0013151168823242188,
        0.002079486846923828,
        0.0020360946655273438,
        0.00194549560546875
      ]
    },
    "tau": 0.9
  }
}