{
  "SQR": {
    "losses": {
      "522_pm10": [
        0.028015044395350373,
        0.019784510759073712,
        0.03242524705915208,
        0.02108824476368908,
        0.023385556539759208
      ]
    },
    "coverage": {
      "522_pm10": [
        0.06666666666666665,
        0.0,
        0.009090909090909038,
        0.09999999999999998,
        0.05384615384615388
      ]
    },
    "complexity": {
      "522_pm10": [
        6,
        8,
        5,
        6,
        12
      ]
    },
    "time_all": {
      "522_pm10": [
        91.63198971748352,
        80.86872386932373,
        83.87932085990906,
        77.56055736541748,
        76.49405002593994
      ]
    },
    "time_fit": {
      "522_pm10": [
        91.63198971748352,
        80.86872386932373,
        83.87932085990906,
        77.56055736541748,
        76.49405002593994
      ]
    },
    "tau": 0.9
  },
  "LightGBM": {
    "losses": {
      "522_pm10": [
        0.028347854448332963,
        0.014501479995304007,
        0.029730036643389704,
        0.013564596341797642,
        0.03631415202325997
      ]
    },
    "coverage": {
      "522_pm10": [
        0.15000000000000002,
        0.0,
        0.009090909090909038,
        0.09999999999999998,
        0.20769230769230773
      ]
    },
    "time_all": {
      "522_pm10": [
        0.20415544509887695,
        0.17804622650146484,
        0.18441534042358398,
        0.18187189102172852,
        0.17667293548583984
      ]
    },
    "time_fit": {
      "522_pm10": [
        0.04332900047302246,
        0.03730463981628418,
        0.038213253021240234,
        0.03413510322570801,
        0.036615848541259766
      ]
    },
    "tau": 0.9
  },
  "DecisionTree": {
    "losses": {
      "522_pm10": [
        0.020521473260957088,
        0.01752684839568734,
        0.03821013302998642,
        0.015523724881781088,
        0.028741857253188847
      ]
    },
    "coverage": {
      "522_pm10": [
        0.016666666666666607,
        0.09999999999999998,
        0.009090909090909038,
        0.09999999999999998,
        0.20769230769230773
      ]
    },
    "complexity": {
      "522_pm10": [
        19,
        11,
        13,
        11,
        15
      ]
    },
    "time_all": {
      "522_pm10": [
        0.04682278633117676,
        0.0676572322845459,
        0.06786847114562988,
        0.06589412689208984,
        0.06948518753051758
      ]
    },
    "time_fit": {
      "522_pm10": [
        0.0026412010192871094,
        0.0031211376190185547,
        0.0034008026123046875,
        0.003107786178588867,
        0.0036237239837646484
      ]
    },
    "tau": 0.9
  },
  "LinearQuantile": {
    "losses": {
      "522_pm10": [
        0.03343738796171698,
        0.02763325175171876,
        0.03553033917177323,
        0.02618257748801736,
        0.034956601643842136
      ]
    },
    "coverage": {
      "522_pm10": [
        0.09999999999999998,
        0.09999999999999998,
        0.009090909090909038,
        0.09999999999999998,
        0.023076923076923106
      ]
    },
    "complexity": {
      "522_pm10": [
        7,
        7,
        7,
        7,
        7
      ]
    },
    "time_all": {
      "522_pm10": [
        0.11907696723937988,
        0.1597003936767578,
        0.9573550224304199,
        0.3007314205169678,
        0.16178441047668457
      ]
    },
    "time_fit": {
      "522_pm10": [
        0.010038375854492188,
        0.013712167739868164,
        0.07888627052307129,
        0.0254971981048584,
        0.013870716094970703
      ]
    },
    "tau": 0.9
  }
}