{
  "SQR": {
    "losses": {
      "596_fri_c2_250_5": [
        0.06933964257772376,
        0.10131552455931324,
        0.13288824986761444,
        0.144391768762722,
        0.09554021199262572
      ]
    },
    "coverage": {
      "596_fri_c2_250_5": [
        0.33333333333333337,
        0.5,
        0.375,
        0.25,
        0.5
      ]
    },
    "complexity": {
      "596_fri_c2_250_5": [
        15,
        10,
        12,
        10,
        10
      ]
    },
    "time_all": {
      "596_fri_c2_250_5": [
        90.40493822097778,
        74.65573453903198,
        70.89141273498535,
        73.84654426574707,
        75.30162978172302
      ]
    },
    "time_fit": {
      "596_fri_c2_250_5": [
        90.40493822097778,
        74.65573453903198,
        70.89141273498535,
        73.84654426574707,
        75.30162978172302
      ]
    },
    "tau": 0.5
  },
  "LightGBM": {
    "losses": {
      "596_fri_c2_250_5": [
        0.12509188688676628,
        0.08059954721934319,
        0.1332072032484391,
        0.06493728955542642,
        0.11483287046452585
      ]
    },
    "coverage": {
      "596_fri_c2_250_5": [
        0.33333333333333337,
        0.5,
        0.375,
        0.0,
        0.5
      ]
    },
    "time_all": {
      "596_fri_c2_250_5": [
        0.12037301063537598,
        0.13520097732543945,
        0.15177106857299805,
        0.15726494789123535,
        0.13147783279418945
      ]
    },
    "time_fit": {
      "596_fri_c2_250_5": [
        0.02751922607421875,
        0.031896352767944336,
        0.036829471588134766,
        0.03863835334777832,
        0.030458450317382812
      ]
    },
    "tau": 0.5
  },
  "DecisionTree": {
    "losses": {
      "596_fri_c2_250_5": [
        0.0858697600476415,
        0.1493507267436308,
        0.0832297754656688,
        0.09125181231954654,
        0.04158350896483419
      ]
    },
    "coverage": {
      "596_fri_c2_250_5": [
        0.5,
        0.16666666666666669,
        0.25,
        0.25,
        0.3
      ]
    },
    "complexity": {
      "596_fri_c2_250_5": [
        73,
        71,
        71,
        13,
        71
      ]
    },
    "time_all": {
      "596_fri_c2_250_5": [
        0.03557085990905762,
        0.04892778396606445,
        0.049246788024902344,
        0.044821739196777344,
        0.04715442657470703
      ]
    },
    "time_fit": {
      "596_fri_c2_250_5": [
        0.005339145660400391,
        0.0071828365325927734,
        0.0070722103118896484,
        0.0027778148651123047,
        0.007113218307495117
      ]
    },
    "tau": 0.5
  },
  "LinearQuantile": {
    "losses": {
      "596_fri_c2_250_5": [
        0.13592465388905214,
        0.16512190930400863,
        0.14183063458842748,
        0.09416981707117517,
        0.16668150168288462
      ]
    },
    "coverage": {
      "596_fri_c2_250_5": [
        0.33333333333333337,
        0.5,
        0.375,
        0.5,
        0.5
      ]
    },
    "complexity": {
      "596_fri_c2_250_5": [
        5,
        5,
        5,
        5,
        5
      ]
    },
    "time_all": {
      "596_fri_c2_250_5": [
        0.09003758430480957,
        0.15460491180419922,
        0.10001087188720703,
        0.1805720329284668,
        0.19813251495361328
      ]
    },
    "time_fit": {
      "596_fri_c2_250_5": [
        0.007210969924926758,
        0.01330423355102539,
        0.008495569229125977,
        0.015844106674194336,
        0.017431974411010742
      ]
    },
    "tau": 0.5
  }
}