{
  "SQR": {
    "losses": {
      "561_cpu": [
        0.004025271289982386,
        0.10928150714708508,
        0.051406175407402985
      ]
    },
    "coverage": {
      "561_cpu": [
        0.5,
        0.5,
        0.5
      ]
    },
    "complexity": {
      "561_cpu": [
        14,
        13,
        10
      ]
    },
    "time_all": {
      "561_cpu": [
        91.82714438438416,
        79.43260312080383,
        80.91177463531494
      ]
    },
    "time_fit": {
      "561_cpu": [
        91.82714438438416,
        79.43260312080383,
        80.91177463531494
      ]
    },
    "tau": 0.5
  },
  "LightGBM": {
    "losses": {
      "561_cpu": [
        0.3506880470418421,
        0.30541571013725055,
        0.2114949043247348
      ]
    },
    "coverage": {
      "561_cpu": [
        0.5,
        0.5,
        0.5
      ]
    },
    "time_all": {
      "561_cpu": [
        0.12694120407104492,
        0.13671088218688965,
        0.11568188667297363
      ]
    },
    "time_fit": {
      "561_cpu": [
        0.028867244720458984,
        0.03148913383483887,
        0.02456808090209961
      ]
    },
    "tau": 0.5
  },
  "DecisionTree": {
    "losses": {
      "561_cpu": [
        0.2957890433360589,
        0.26042518397383485,
        0.15044971381847916
      ]
    },
    "coverage": {
      "561_cpu": [
        0.5,
        0.5,
        0.5
      ]
    },
    "complexity": {
      "561_cpu": [
        25,
        29,
        63
      ]
    },
    "time_all": {
      "561_cpu": [
        0.02755594253540039,
        0.04421639442443848,
        0.044074296951293945
      ]
    },
    "time_fit": {
      "561_cpu": [
        0.002338886260986328,
        0.003967761993408203,
        0.006345987319946289
      ]
    },
    "tau": 0.5
  },
  "LinearQuantile": {
    "losses": {
      "561_cpu": [
        0.22798485950994993,
        0.23674034853444564,
        0.1078911228163362
      ]
    },
    "coverage": {
      "561_cpu": [
        0.5,
        0.5,
        0.5
      ]
    },
    "complexity": {
      "561_cpu": [
        7,
        7,
        7
      ]
    },
    "time_all": {
      "561_cpu": [
        0.18603110313415527,
        0.11108160018920898,
        0.5834751129150391
      ]
    },
    "time_fit": {
      "561_cpu": [
        0.015120267868041992,
        0.009444475173950195,
        0.05190014839172363
      ]
    },
    "tau": 0.5
  }
}