{
  "SQR": {
    "losses": {
      "644_fri_c4_250_25": [
        0.005194165712872312,
        0.026248489305979852,
        0.017710915111668998,
        0.040016474083932344,
        0.012137971523007135
      ]
    },
    "coverage": {
      "644_fri_c4_250_25": [
        0.09999999999999998,
        0.09999999999999998,
        0.2333333333333334,
        0.43846153846153846,
        0.4
      ]
    },
    "complexity": {
      "644_fri_c4_250_25": [
        11,
        9,
        12,
        9,
        12
      ]
    },
    "time_all": {
      "644_fri_c4_250_25": [
        94.33650970458984,
        73.12094688415527,
        80.26589059829712,
        79.15987086296082,
        77.73934650421143
      ]
    },
    "time_fit": {
      "644_fri_c4_250_25": [
        94.33650970458984,
        73.12094688415527,
        80.26589059829712,
        79.15987086296082,
        77.73934650421143
      ]
    },
    "tau": 0.9
  },
  "LightGBM": {
    "losses": {
      "644_fri_c4_250_25": [
        0.011057179701749935,
        0.04274147160072116,
        0.019610608116995495,
        0.03519821290348814,
        0.006505895055902606
      ]
    },
    "coverage": {
      "644_fri_c4_250_25": [
        0.09999999999999998,
        0.09999999999999998,
        0.2333333333333334,
        0.20769230769230773,
        0.4
      ]
    },
    "time_all": {
      "644_fri_c4_250_25": [
        0.12996816635131836,
        0.12461233139038086,
        0.13744759559631348,
        0.12453675270080566,
        0.12146615982055664
      ]
    },
    "time_fit": {
      "644_fri_c4_250_25": [
        0.02262115478515625,
        0.026881694793701172,
        0.025362014770507812,
        0.028180599212646484,
        0.027130603790283203
      ]
    },
    "tau": 0.9
  },
  "DecisionTree": {
    "losses": {
      "644_fri_c4_250_25": [
        0.018341759140193217,
        0.0623135557461222,
        0.00420547964447557,
        0.03054894688539915,
        0.019240254122803797
      ]
    },
    "coverage": {
      "644_fri_c4_250_25": [
        0.2333333333333334,
        0.7,
        0.4,
        0.20769230769230773,
        0.4
      ]
    },
    "complexity": {
      "644_fri_c4_250_25": [
        5,
        69,
        33,
        31,
        35
      ]
    },
    "time_all": {
      "644_fri_c4_250_25": [
        0.06075429916381836,
        0.06490874290466309,
        0.0630948543548584,
        0.062233924865722656,
        0.06307792663574219
      ]
    },
    "time_fit": {
      "644_fri_c4_250_25": [
        0.003071308135986328,
        0.00978708267211914,
        0.006609678268432617,
        0.006551980972290039,
        0.006649017333984375
      ]
    },
    "tau": 0.9
  },
  "LinearQuantile": {
    "losses": {
      "644_fri_c4_250_25": [
        0.1964437113588489,
        0.19848490185393966,
        0.06947723496014065,
        0.20507931666472307,
        0.13817131588555165
      ]
    },
    "coverage": {
      "644_fri_c4_250_25": [
        0.9,
        0.7,
        0.4,
        0.7461538461538462,
        0.9
      ]
    },
    "complexity": {
      "644_fri_c4_250_25": [
        25,
        25,
        25,
        25,
        25
      ]
    },
    "time_all": {
      "644_fri_c4_250_25": [
        1.0038750171661377,
        0.8234939575195312,
        0.41089844703674316,
        1.5500226020812988,
        0.778663158416748
      ]
    },
    "time_fit": {
      "644_fri_c4_250_25": [
        0.0885779857635498,
        0.05801248550415039,
        0.03444218635559082,
        0.10948681831359863,
        0.05912590026855469
      ]
    },
    "tau": 0.9
  }
}