{
  "SQR": {
    "losses": {
      "banana": [
        0.18364834136481306,
        0.1708224577037343,
        0.1512838530577425,
        0.18303571428571427,
        0.16257432740444996
      ]
    },
    "coverage": {
      "banana": [
        0.03398058252427183,
        0.021739130434782594,
        0.16346153846153844,
        0.1339285714285714,
        0.10526315789473684
      ]
    },
    "complexity": {
      "banana": [
        11,
        8,
        7,
        8,
        8
      ]
    },
    "time_all": {
      "banana": [
        296.66786789894104,
        300.12849521636963,
        290.14821124076843,
        226.92351365089417,
        267.6807973384857
      ]
    },
    "time_fit": {
      "banana": [
        296.66786789894104,
        300.12849521636963,
        290.14821124076843,
        226.92351365089417,
        267.6807973384857
      ]
    },
    "tau": 0.5
  },
  "LightGBM": {
    "losses": {
      "banana": [
        0.2067412268091821,
        0.18961995544738378,
        0.134578667907983,
        0.1749831736944814,
        0.1578120813062245
      ]
    },
    "coverage": {
      "banana": [
        0.03398058252427183,
        0.021739130434782594,
        0.16346153846153844,
        0.1339285714285714,
        0.10526315789473684
      ]
    },
    "time_all": {
      "banana": [
        0.6454370021820068,
        0.9475820064544678,
        0.8412244319915771,
        0.6687250137329102,
        0.6444578170776367
      ]
    },
    "time_fit": {
      "banana": [
        0.09206986427307129,
        0.362459659576416,
        0.2891049385070801,
        0.08729743957519531,
        0.0889275074005127
      ]
    },
    "tau": 0.5
  },
  "DecisionTree": {
    "losses": {
      "banana": [
        0.16990291262135923,
        0.14673913043478262,
        0.1201923076923077,
        0.15178571428571427,
        0.14912280701754385
      ]
    },
    "coverage": {
      "banana": [
        0.28640776699029125,
        0.25,
        0.2596153846153846,
        0.2142857142857143,
        0.3157894736842105
      ]
    },
    "complexity": {
      "banana": [
        435,
        151,
        161,
        241,
        255
      ]
    },
    "time_all": {
      "banana": [
        0.15902018547058105,
        0.2730681896209717,
        0.18479394912719727,
        0.21198701858520508,
        0.2847719192504883
      ]
    },
    "time_fit": {
      "banana": [
        0.023670196533203125,
        0.021343708038330078,
        0.014823436737060547,
        0.0212099552154541,
        0.030198335647583008
      ]
    },
    "tau": 0.5
  },
  "LinearQuantile": {
    "losses": {
      "banana": [
        0.2330099853077447,
        0.23913062815235372,
        0.16826950476139096,
        0.18303589527607061,
        0.19736872729156354
      ]
    },
    "coverage": {
      "banana": [
        0.5,
        0.5,
        0.5,
        0.5,
        0.5
      ]
    },
    "complexity": {
      "banana": [
        2,
        2,
        2,
        2,
        2
      ]
    },
    "time_all": {
      "banana": [
        0.04351067543029785,
        0.06603884696960449,
        0.043808937072753906,
        0.05062460899353027,
        0.06889152526855469
      ]
    },
    "time_fit": {
      "banana": [
        0.003175020217895508,
        0.0053517818450927734,
        0.003538846969604492,
        0.004090785980224609,
        0.005656003952026367
      ]
    },
    "tau": 0.5
  }
}