{
  "SQR": {
    "losses": {
      "627_fri_c2_500_10": [
        0.014193540188489884,
        0.058685332073622226,
        0.027213680860617498,
        0.024264753289944863,
        0.10062054809237628
      ]
    },
    "coverage": {
      "627_fri_c2_500_10": [
        0.05555555555555558,
        0.07142857142857145,
        0.0714285714285714,
        0.16666666666666669,
        0.33333333333333337
      ]
    },
    "complexity": {
      "627_fri_c2_500_10": [
        11,
        13,
        17,
        19,
        16
      ]
    },
    "time_all": {
      "627_fri_c2_500_10": [
        103.65041041374207,
        88.76184391975403,
        90.06932783126831,
        85.74230813980103,
        91.10482239723206
      ]
    },
    "time_fit": {
      "627_fri_c2_500_10": [
        103.65041041374207,
        88.76184391975403,
        90.06932783126831,
        85.74230813980103,
        91.10482239723206
      ]
    },
    "tau": 0.5
  },
  "LightGBM": {
    "losses": {
      "627_fri_c2_500_10": [
        0.08138264960015337,
        0.07158210846261098,
        0.060446800548412276,
        0.07339708350596087,
        0.10066536529846734
      ]
    },
    "coverage": {
      "627_fri_c2_500_10": [
        0.2777777777777778,
        0.35714285714285715,
        0.35714285714285715,
        0.2777777777777778,
        0.33333333333333337
      ]
    },
    "time_all": {
      "627_fri_c2_500_10": [
        0.2533688545227051,
        0.24089431762695312,
        0.26490235328674316,
        0.24164581298828125,
        0.2344527244567871
      ]
    },
    "time_fit": {
      "627_fri_c2_500_10": [
        0.06680440902709961,
        0.06702995300292969,
        0.06870651245117188,
        0.06921696662902832,
        0.06724143028259277
      ]
    },
    "tau": 0.5
  },
  "DecisionTree": {
    "losses": {
      "627_fri_c2_500_10": [
        0.08255985381514568,
        0.08327836102634766,
        0.08086925265088168,
        0.05840958654130552,
        0.10669019887405247
      ]
    },
    "coverage": {
      "627_fri_c2_500_10": [
        0.2777777777777778,
        0.35714285714285715,
        0.5,
        0.3888888888888889,
        0.4444444444444444
      ]
    },
    "complexity": {
      "627_fri_c2_500_10": [
        147,
        139,
        67,
        59,
        63
      ]
    },
    "time_all": {
      "627_fri_c2_500_10": [
        0.09329676628112793,
        0.09116387367248535,
        0.08507633209228516,
        0.08314251899719238,
        0.08322954177856445
      ]
    },
    "time_fit": {
      "627_fri_c2_500_10": [
        0.01621866226196289,
        0.015390634536743164,
        0.009410619735717773,
        0.008927106857299805,
        0.008978605270385742
      ]
    },
    "tau": 0.5
  },
  "LinearQuantile": {
    "losses": {
      "627_fri_c2_500_10": [
        0.13479433135259938,
        0.16850257915735672,
        0.08286006878782763,
        0.12840980449371697,
        0.11605607821729316
      ]
    },
    "coverage": {
      "627_fri_c2_500_10": [
        0.3888888888888889,
        0.5,
        0.35714285714285715,
        0.2777777777777778,
        0.2222222222222222
      ]
    },
    "complexity": {
      "627_fri_c2_500_10": [
        10,
        10,
        10,
        10,
        10
      ]
    },
    "time_all": {
      "627_fri_c2_500_10": [
        0.4345853328704834,
        0.5281026363372803,
        0.1705307960510254,
        0.4087507724761963,
        0.7474329471588135
      ]
    },
    "time_fit": {
      "627_fri_c2_500_10": [
        0.03824448585510254,
        0.04685378074645996,
        0.014669656753540039,
        0.03651928901672363,
        0.0657954216003418
      ]
    },
    "tau": 0.5
  }
}