{
  "SQR": {
    "losses": {
      "633_fri_c0_500_25": [
        0.026340126155594966,
        0.03145957844139328,
        0.025617109101442236,
        0.015744060973117466,
        0.04388127579188914
      ]
    },
    "coverage": {
      "633_fri_c0_500_25": [
        0.038461538461538436,
        0.16666666666666663,
        0.16666666666666663,
        0.2142857142857143,
        0.16666666666666663
      ]
    },
    "complexity": {
      "633_fri_c0_500_25": [
        11,
        12,
        11,
        12,
        11
      ]
    },
    "time_all": {
      "633_fri_c0_500_25": [
        106.38128685951233,
        88.63187670707703,
        89.47237420082092,
        89.60548233985901,
        94.81611585617065
      ]
    },
    "time_fit": {
      "633_fri_c0_500_25": [
        106.38128685951233,
        88.63187670707703,
        89.47237420082092,
        89.60548233985901,
        94.81611585617065
      ]
    },
    "tau": 0.5
  },
  "LightGBM": {
    "losses": {
      "633_fri_c0_500_25": [
        0.052173209612738046,
        0.07541818258210714,
        0.051689960369014236,
        0.0639187482731509,
        0.07586268200062705
      ]
    },
    "coverage": {
      "633_fri_c0_500_25": [
        0.5,
        0.43333333333333335,
        0.5,
        0.2142857142857143,
        0.2777777777777778
      ]
    },
    "time_all": {
      "633_fri_c0_500_25": [
        0.2165977954864502,
        0.2680516242980957,
        0.20214247703552246,
        0.23121190071105957,
        0.2613048553466797
      ]
    },
    "time_fit": {
      "633_fri_c0_500_25": [
        0.049825191497802734,
        0.050672054290771484,
        0.03827214241027832,
        0.050452232360839844,
        0.0515437126159668
      ]
    },
    "tau": 0.5
  },
  "DecisionTree": {
    "losses": {
      "633_fri_c0_500_25": [
        0.03448257834200678,
        0.07877917876545248,
        0.02532279875991422,
        0.023390637955850408,
        0.0628279272139095
      ]
    },
    "coverage": {
      "633_fri_c0_500_25": [
        0.2692307692307692,
        0.3666666666666667,
        0.33333333333333337,
        0.35714285714285715,
        0.05555555555555558
      ]
    },
    "complexity": {
      "633_fri_c0_500_25": [
        141,
        25,
        19,
        143,
        143
      ]
    },
    "time_all": {
      "633_fri_c0_500_25": [
        0.08046150207519531,
        0.11344218254089355,
        0.11467218399047852,
        0.12402057647705078,
        0.12327933311462402
      ]
    },
    "time_fit": {
      "633_fri_c0_500_25": [
        0.012538909912109375,
        0.008631229400634766,
        0.007756948471069336,
        0.019939661026000977,
        0.01975727081298828
      ]
    },
    "tau": 0.5
  },
  "LinearQuantile": {
    "losses": {
      "633_fri_c0_500_25": [
        0.05632490007868161,
        0.03430416792862788,
        0.03216142806139552,
        0.029577615734930868,
        0.050051123977696205
      ]
    },
    "coverage": {
      "633_fri_c0_500_25": [
        0.11538461538461536,
        0.16666666666666669,
        0.33333333333333337,
        0.07142857142857145,
        0.16666666666666669
      ]
    },
    "complexity": {
      "633_fri_c0_500_25": [
        25,
        25,
        25,
        25,
        25
      ]
    },
    "time_all": {
      "633_fri_c0_500_25": [
        1.2359538078308105,
        1.157825231552124,
        0.35468173027038574,
        0.9970910549163818,
        1.4741733074188232
      ]
    },
    "time_fit": {
      "633_fri_c0_500_25": [
        0.10797667503356934,
        0.09021377563476562,
        0.03142738342285156,
        0.06771588325500488,
        0.09088802337646484
      ]
    },
    "tau": 0.5
  }
}