{
  "SQR": {
    "losses": {
      "637_fri_c1_500_50": [
        0.015505337645116916,
        0.016542447022516216,
        0.018418234436689784,
        0.03165937722059125,
        0.038385748219906514
      ]
    },
    "coverage": {
      "637_fri_c1_500_50": [
        0.20000000000000007,
        0.09999999999999998,
        0.05384615384615388,
        0.4,
        0.6272727272727273
      ]
    },
    "complexity": {
      "637_fri_c1_500_50": [
        14,
        8,
        13,
        10,
        11
      ]
    },
    "time_all": {
      "637_fri_c1_500_50": [
        119.42745733261108,
        85.45293092727661,
        94.46126008033752,
        81.38397192955017,
        82.29440784454346
      ]
    },
    "time_fit": {
      "637_fri_c1_500_50": [
        119.42745733261108,
        85.45293092727661,
        94.46126008033752,
        81.38397192955017,
        82.29440784454346
      ]
    },
    "tau": 0.9
  },
  "LightGBM": {
    "losses": {
      "637_fri_c1_500_50": [
        0.020500996146110905,
        0.038107226115988435,
        0.04107677932722206,
        0.01354860921378201,
        0.034900654728031784
      ]
    },
    "coverage": {
      "637_fri_c1_500_50": [
        0.09999999999999998,
        0.09999999999999998,
        0.3615384615384616,
        0.09999999999999998,
        0.5363636363636364
      ]
    },
    "time_all": {
      "637_fri_c1_500_50": [
        0.19994544982910156,
        0.20838522911071777,
        0.2162952423095703,
        0.23364496231079102,
        0.1999056339263916
      ]
    },
    "time_fit": {
      "637_fri_c1_500_50": [
        0.04124093055725098,
        0.0497438907623291,
        0.057173967361450195,
        0.042694091796875,
        0.04444003105163574
      ]
    },
    "tau": 0.9
  },
  "DecisionTree": {
    "losses": {
      "637_fri_c1_500_50": [
        0.056426187846088535,
        0.010451814714190577,
        0.06678130265431116,
        0.035020948763826366,
        0.09088026864542599
      ]
    },
    "coverage": {
      "637_fri_c1_500_50": [
        0.5,
        0.09999999999999998,
        0.5923076923076923,
        0.275,
        0.6272727272727273
      ]
    },
    "complexity": {
      "637_fri_c1_500_50": [
        13,
        29,
        15,
        15,
        27
      ]
    },
    "time_all": {
      "637_fri_c1_500_50": [
        0.11393475532531738,
        0.17369771003723145,
        0.17756986618041992,
        0.1738736629486084,
        0.1733379364013672
      ]
    },
    "time_fit": {
      "637_fri_c1_500_50": [
        0.006685733795166016,
        0.014812231063842773,
        0.011204719543457031,
        0.010955333709716797,
        0.014477729797363281
      ]
    },
    "tau": 0.9
  },
  "LinearQuantile": {
    "losses": {
      "637_fri_c1_500_50": [
        0.20331222756422013,
        0.07806089265659448,
        0.32121431588067967,
        0.2180955678693493,
        0.3009656311312945
      ]
    },
    "coverage": {
      "637_fri_c1_500_50": [
        0.8,
        0.30000000000000004,
        0.823076923076923,
        0.775,
        0.9
      ]
    },
    "complexity": {
      "637_fri_c1_500_50": [
        50,
        50,
        50,
        50,
        50
      ]
    },
    "time_all": {
      "637_fri_c1_500_50": [
        8.376800537109375,
        12.593442678451538,
        5.061729669570923,
        4.411863803863525,
        11.17506194114685
      ]
    },
    "time_fit": {
      "637_fri_c1_500_50": [
        0.7461819648742676,
        1.0822319984436035,
        0.4230079650878906,
        0.36527538299560547,
        0.9775600433349609
      ]
    },
    "tau": 0.9
  }
}