{
  "SQR": {
    "losses": {
      "529_pollen": [
        0.03093974447468318,
        0.03512436182931316,
        0.03431334352580845,
        0.03494278454469259,
        0.02617864439489385
      ]
    },
    "coverage": {
      "529_pollen": [
        0.07303370786516855,
        0.018518518518518545,
        0.22580645161290325,
        0.12857142857142856,
        0.154320987654321
      ]
    },
    "complexity": {
      "529_pollen": [
        4,
        4,
        4,
        4,
        6
      ]
    },
    "time_all": {
      "529_pollen": [
        211.5199797153473,
        204.02817940711975,
        232.90705609321594,
        194.57321286201477,
        203.1937804222107
      ]
    },
    "time_fit": {
      "529_pollen": [
        211.5199797153473,
        204.02817940711975,
        232.90705609321594,
        194.57321286201477,
        203.1937804222107
      ]
    },
    "tau": 0.5
  },
  "LightGBM": {
    "losses": {
      "529_pollen": [
        0.05940728112220895,
        0.055549242396457664,
        0.0526979664786285,
        0.05824296114349642,
        0.051124835287883565
      ]
    },
    "coverage": {
      "529_pollen": [
        0.4325842696629213,
        0.2777777777777778,
        0.20967741935483875,
        0.4,
        0.38888888888888884
      ]
    },
    "time_all": {
      "529_pollen": [
        0.8405075073242188,
        0.8570675849914551,
        0.8292717933654785,
        0.8245398998260498,
        0.8200860023498535
      ]
    },
    "time_fit": {
      "529_pollen": [
        0.10717892646789551,
        0.1139366626739502,
        0.11034107208251953,
        0.1093754768371582,
        0.10982012748718262
      ]
    },
    "tau": 0.5
  },
  "DecisionTree": {
    "losses": {
      "529_pollen": [
        0.04879446946855526,
        0.05471741604858149,
        0.052387229779023284,
        0.057052864425455825,
        0.05416056091189475
      ]
    },
    "coverage": {
      "529_pollen": [
        0.2415730337078652,
        0.21604938271604934,
        0.24193548387096775,
        0.30000000000000004,
        0.2901234567901234
      ]
    },
    "complexity": {
      "529_pollen": [
        1135,
        483,
        109,
        211,
        221
      ]
    },
    "time_all": {
      "529_pollen": [
        0.2710721492767334,
        0.43283843994140625,
        0.3415517807006836,
        0.358539342880249,
        0.37881898880004883
      ]
    },
    "time_fit": {
      "529_pollen": [
        0.053243160247802734,
        0.0518803596496582,
        0.017219066619873047,
        0.02471756935119629,
        0.026638507843017578
      ]
    },
    "tau": 0.5
  },
  "LinearQuantile": {
    "losses": {
      "529_pollen": [
        0.025503268617867142,
        0.025756727250341484,
        0.02749573569878297,
        0.024733101092322914,
        0.024087679203247836
      ]
    },
    "coverage": {
      "529_pollen": [
        0.005617977528089901,
        0.006172839506172867,
        0.08064516129032256,
        0.01428571428571429,
        0.1049382716049383
      ]
    },
    "complexity": {
      "529_pollen": [
        4,
        4,
        4,
        4,
        4
      ]
    },
    "time_all": {
      "529_pollen": [
        0.2819182872772217,
        0.2565040588378906,
        0.16695761680603027,
        0.12407875061035156,
        0.24666690826416016
      ]
    },
    "time_fit": {
      "529_pollen": [
        0.0230255126953125,
        0.021468400955200195,
        0.013946056365966797,
        0.010393142700195312,
        0.020259380340576172
      ]
    },
    "tau": 0.5
  }
}