{
  "SQR": {
    "losses": {
      "601_fri_c1_250_5": [
        0.061779452998556916,
        0.04452440776827506,
        0.06247208590575412,
        0.017918023493663924,
        0.0513948116367142
      ]
    },
    "coverage": {
      "601_fri_c1_250_5": [
        0.30000000000000004,
        0.16666666666666663,
        0.5,
        0.3,
        0.5
      ]
    },
    "complexity": {
      "601_fri_c1_250_5": [
        14,
        17,
        15,
        14,
        17
      ]
    },
    "time_all": {
      "601_fri_c1_250_5": [
        95.09923529624939,
        75.39608597755432,
        76.57057785987854,
        77.13552737236023,
        75.79432368278503
      ]
    },
    "time_fit": {
      "601_fri_c1_250_5": [
        95.09923529624939,
        75.39608597755432,
        76.57057785987854,
        77.13552737236023,
        75.79432368278503
      ]
    },
    "tau": 0.5
  },
  "LightGBM": {
    "losses": {
      "601_fri_c1_250_5": [
        0.13733697773623815,
        0.09904338528381572,
        0.12350691728835103,
        0.04425481324135257,
        0.12610481346550828
      ]
    },
    "coverage": {
      "601_fri_c1_250_5": [
        0.3,
        0.16666666666666669,
        0.3,
        0.3,
        0.25
      ]
    },
    "time_all": {
      "601_fri_c1_250_5": [
        0.12840914726257324,
        0.1320633888244629,
        0.1435074806213379,
        0.1288909912109375,
        0.13889265060424805
      ]
    },
    "time_fit": {
      "601_fri_c1_250_5": [
        0.030779600143432617,
        0.03211617469787598,
        0.03230404853820801,
        0.03154706954956055,
        0.032663822174072266
      ]
    },
    "tau": 0.5
  },
  "DecisionTree": {
    "losses": {
      "601_fri_c1_250_5": [
        0.10668467644068699,
        0.07459843314194688,
        0.07977217252957956,
        0.06168946441692631,
        0.10685189439977108
      ]
    },
    "coverage": {
      "601_fri_c1_250_5": [
        0.3,
        0.5,
        0.5,
        0.3,
        0.5
      ]
    },
    "complexity": {
      "601_fri_c1_250_5": [
        71,
        73,
        71,
        5,
        73
      ]
    },
    "time_all": {
      "601_fri_c1_250_5": [
        0.0348360538482666,
        0.048278093338012695,
        0.04744768142700195,
        0.041820526123046875,
        0.04755568504333496
      ]
    },
    "time_fit": {
      "601_fri_c1_250_5": [
        0.005094051361083984,
        0.007210254669189453,
        0.007035493850708008,
        0.0020253658294677734,
        0.00716090202331543
      ]
    },
    "tau": 0.5
  },
  "LinearQuantile": {
    "losses": {
      "601_fri_c1_250_5": [
        0.12084978586846659,
        0.1119429168031159,
        0.12810981894425139,
        0.0312932151589403,
        0.1055439292522194
      ]
    },
    "coverage": {
      "601_fri_c1_250_5": [
        0.5,
        0.5,
        0.3,
        0.09999999999999998,
        0.25
      ]
    },
    "complexity": {
      "601_fri_c1_250_5": [
        5,
        5,
        5,
        5,
        5
      ]
    },
    "time_all": {
      "601_fri_c1_250_5": [
        0.12041592597961426,
        0.10942864418029785,
        0.14091181755065918,
        0.09433650970458984,
        0.8050992488861084
      ]
    },
    "time_fit": {
      "601_fri_c1_250_5": [
        0.009762287139892578,
        0.009243965148925781,
        0.01219797134399414,
        0.007999658584594727,
        0.06582427024841309
      ]
    },
    "tau": 0.5
  }
}