{
  "SQR": {
    "losses": {
      "564_fried": [
        0.02148999273755776,
        0.015981405874426202,
        0.015535418786471118,
        0.016553646625341104,
        0.01582324002985825
      ]
    },
    "coverage": {
      "564_fried": [
        0.021327014218009532,
        0.0606435643564357,
        0.05583126550868489,
        0.06658291457286436,
        0.12107904642409029
      ]
    },
    "complexity": {
      "564_fried": [
        13,
        10,
        11,
        10,
        14
      ]
    },
    "time_all": {
      "564_fried": [
        583.6021292209625,
        562.4863998889923,
        552.6398360729218,
        540.2695174217224,
        481.5986955165863
      ]
    },
    "time_fit": {
      "564_fried": [
        583.6021292209625,
        562.4863998889923,
        552.6398360729218,
        540.2695174217224,
        481.5986955165863
      ]
    },
    "tau": 0.5
  },
  "LightGBM": {
    "losses": {
      "564_fried": [
        0.03811740583988221,
        0.03906632714362066,
        0.03929180677968525,
        0.039203895270881764,
        0.03906398083002127
      ]
    },
    "coverage": {
      "564_fried": [
        0.3803317535545024,
        0.38985148514851486,
        0.38957816377171217,
        0.385678391959799,
        0.39962358845671264
      ]
    },
    "time_all": {
      "564_fried": [
        2.035839319229126,
        2.0510311126708984,
        1.9758415222167969,
        1.9637079238891602,
        2.006620168685913
      ]
    },
    "time_fit": {
      "564_fried": [
        0.5353775024414062,
        0.49932241439819336,
        0.483151912689209,
        0.48194241523742676,
        0.5052447319030762
      ]
    },
    "tau": 0.5
  },
  "DecisionTree": {
    "losses": {
      "564_fried": [
        0.02573112707351842,
        0.02610890198917451,
        0.02641052397897181,
        0.026766598800243752,
        0.025512502784025958
      ]
    },
    "coverage": {
      "564_fried": [
        0.19549763033175355,
        0.1782178217821782,
        0.22952853598014888,
        0.21356783919597988,
        0.20012547051442908
      ]
    },
    "complexity": {
      "564_fried": [
        5055,
        5105,
        5083,
        5095,
        11917
      ]
    },
    "time_all": {
      "564_fried": [
        4.587885856628418,
        4.60711669921875,
        4.610699892044067,
        4.611426115036011,
        4.919595718383789
      ]
    },
    "time_fit": {
      "564_fried": [
        0.5196654796600342,
        0.5237770080566406,
        0.5238900184631348,
        0.523712158203125,
        0.8510115146636963
      ]
    },
    "tau": 0.5
  },
  "LinearQuantile": {
    "losses": {
      "564_fried": [
        0.03195864852851985,
        0.03250206377384125,
        0.03146907724729977,
        0.032554781419920874,
        0.03203555582177695
      ]
    },
    "coverage": {
      "564_fried": [
        0.016587677725118488,
        0.017326732673267342,
        0.007444168734491274,
        0.035175879396984966,
        0.013174404015056485
      ]
    },
    "complexity": {
      "564_fried": [
        10,
        10,
        10,
        10,
        10
      ]
    },
    "time_all": {
      "564_fried": [
        3.0819671154022217,
        3.2678885459899902,
        10.732265949249268,
        4.0527143478393555,
        8.64703106880188
      ]
    },
    "time_fit": {
      "564_fried": [
        0.25742554664611816,
        0.2676072120666504,
        0.9078185558319092,
        0.351809024810791,
        0.7052278518676758
      ]
    },
    "tau": 0.5
  }
}