{
  "SQR": {
    "losses": {
      "599_fri_c2_1000_5": [
        0.010834964809533046,
        0.02469286685898466,
        0.014590148623099085,
        0.007263786951884307,
        0.01517259991949168
      ]
    },
    "coverage": {
      "599_fri_c2_1000_5": [
        0.11428571428571432,
        0.30000000000000004,
        0.04285714285714293,
        0.09999999999999998,
        0.2333333333333334
      ]
    },
    "complexity": {
      "599_fri_c2_1000_5": [
        13,
        17,
        15,
        15,
        14
      ]
    },
    "time_all": {
      "599_fri_c2_1000_5": [
        112.67317819595337,
        101.54643988609314,
        108.4121606349945,
        101.8257520198822,
        91.61010670661926
      ]
    },
    "time_fit": {
      "599_fri_c2_1000_5": [
        112.67317819595337,
        101.54643988609314,
        108.4121606349945,
        101.8257520198822,
        91.61010670661926
      ]
    },
    "tau": 0.9
  },
  "LightGBM": {
    "losses": {
      "599_fri_c2_1000_5": [
        0.028959763886318525,
        0.019167018051175086,
        0.018237664233360158,
        0.01916128023843153,
        0.025011416055495377
      ]
    },
    "coverage": {
      "599_fri_c2_1000_5": [
        0.2571428571428571,
        0.0714285714285714,
        0.2333333333333334,
        0.2333333333333334,
        0.13809523809523816
      ]
    },
    "time_all": {
      "599_fri_c2_1000_5": [
        0.3360331058502197,
        0.27653980255126953,
        0.31637096405029297,
        0.2715597152709961,
        0.3137943744659424
      ]
    },
    "time_fit": {
      "599_fri_c2_1000_5": [
        0.09139156341552734,
        0.06075620651245117,
        0.10024642944335938,
        0.0576479434967041,
        0.06218695640563965
      ]
    },
    "tau": 0.9
  },
  "DecisionTree": {
    "losses": {
      "599_fri_c2_1000_5": [
        0.05903371342161908,
        0.026668499404521904,
        0.029902576056888234,
        0.012663888497929784,
        0.01965748584735411
      ]
    },
    "coverage": {
      "599_fri_c2_1000_5": [
        0.3285714285714286,
        0.24285714285714288,
        0.13809523809523816,
        0.2333333333333334,
        0.04285714285714293
      ]
    },
    "complexity": {
      "599_fri_c2_1000_5": [
        29,
        57,
        21,
        125,
        35
      ]
    },
    "time_all": {
      "599_fri_c2_1000_5": [
        0.12666726112365723,
        0.1233980655670166,
        0.11464166641235352,
        0.12584781646728516,
        0.11976504325866699
      ]
    },
    "time_fit": {
      "599_fri_c2_1000_5": [
        0.0071048736572265625,
        0.00929403305053711,
        0.005326509475708008,
        0.014213323593139648,
        0.006935596466064453
      ]
    },
    "tau": 0.9
  },
  "LinearQuantile": {
    "losses": {
      "599_fri_c2_1000_5": [
        0.30857907398102935,
        0.28774114219343294,
        0.3172840574428428,
        0.25631332534398615,
        0.32680217895470853
      ]
    },
    "coverage": {
      "599_fri_c2_1000_5": [
        0.9,
        0.8142857142857143,
        0.8523809523809525,
        0.9,
        0.9
      ]
    },
    "complexity": {
      "599_fri_c2_1000_5": [
        5,
        5,
        5,
        5,
        5
      ]
    },
    "time_all": {
      "599_fri_c2_1000_5": [
        0.190507173538208,
        0.12629985809326172,
        0.5071601867675781,
        0.2997620105743408,
        0.4091198444366455
      ]
    },
    "time_fit": {
      "599_fri_c2_1000_5": [
        0.015530824661254883,
        0.010882854461669922,
        0.04108381271362305,
        0.025941133499145508,
        0.03666806221008301
      ]
    },
    "tau": 0.9
  }
}