{
  "SQR": {
    "losses": {
      "581_fri_c3_500_25": [
        0.011344760146681334,
        0.06275224691343984,
        0.0515253932062063,
        0.00782247860729715,
        0.02925994995011057
      ]
    },
    "coverage": {
      "581_fri_c3_500_25": [
        0.033333333333333326,
        0.4714285714285715,
        0.30000000000000004,
        0.13076923076923075,
        0.7333333333333334
      ]
    },
    "complexity": {
      "581_fri_c3_500_25": [
        15,
        8,
        8,
        14,
        13
      ]
    },
    "time_all": {
      "581_fri_c3_500_25": [
        100.78023791313171,
        83.37556743621826,
        83.11191511154175,
        82.01049327850342,
        82.73142790794373
      ]
    },
    "time_fit": {
      "581_fri_c3_500_25": [
        100.78023791313171,
        83.37556743621826,
        83.11191511154175,
        82.01049327850342,
        82.73142790794373
      ]
    },
    "tau": 0.9
  },
  "LightGBM": {
    "losses": {
      "581_fri_c3_500_25": [
        0.05078927233295028,
        0.15132596540043955,
        0.057805334991289765,
        0.050075650037598105,
        0.02455219751491738
      ]
    },
    "coverage": {
      "581_fri_c3_500_25": [
        0.43333333333333335,
        0.7571428571428571,
        0.30000000000000004,
        0.43846153846153846,
        0.2333333333333334
      ]
    },
    "time_all": {
      "581_fri_c3_500_25": [
        0.18735671043395996,
        0.18212151527404785,
        0.20305252075195312,
        0.17168354988098145,
        0.2325139045715332
      ]
    },
    "time_fit": {
      "581_fri_c3_500_25": [
        0.045264482498168945,
        0.040699005126953125,
        0.04702401161193848,
        0.03345155715942383,
        0.06084251403808594
      ]
    },
    "tau": 0.9
  },
  "DecisionTree": {
    "losses": {
      "581_fri_c3_500_25": [
        0.04279442794511793,
        0.06963250442843787,
        0.048327786652452104,
        0.1132539825039156,
        0.0288392256366608
      ]
    },
    "coverage": {
      "581_fri_c3_500_25": [
        0.2333333333333334,
        0.4714285714285715,
        0.6000000000000001,
        0.7461538461538462,
        0.2333333333333334
      ]
    },
    "complexity": {
      "581_fri_c3_500_25": [
        29,
        63,
        61,
        27,
        15
      ]
    },
    "time_all": {
      "581_fri_c3_500_25": [
        0.08764028549194336,
        0.12571501731872559,
        0.12355899810791016,
        0.11983203887939453,
        0.11678647994995117
      ]
    },
    "time_fit": {
      "581_fri_c3_500_25": [
        0.007002115249633789,
        0.014222383499145508,
        0.014089345932006836,
        0.009609460830688477,
        0.006834268569946289
      ]
    },
    "tau": 0.9
  },
  "LinearQuantile": {
    "losses": {
      "581_fri_c3_500_25": [
        0.27372979812307896,
        0.4841035981249953,
        0.319166549127277,
        0.3252141008390174,
        0.1969894621073604
      ]
    },
    "coverage": {
      "581_fri_c3_500_25": [
        0.8333333333333334,
        0.9,
        0.9,
        0.7461538461538462,
        0.9
      ]
    },
    "complexity": {
      "581_fri_c3_500_25": [
        25,
        25,
        25,
        25,
        25
      ]
    },
    "time_all": {
      "581_fri_c3_500_25": [
        1.488067626953125,
        0.7654576301574707,
        1.1994054317474365,
        1.11930513381958,
        1.194709300994873
      ]
    },
    "time_fit": {
      "581_fri_c3_500_25": [
        0.12784719467163086,
        0.058556556701660156,
        0.08360433578491211,
        0.10097074508666992,
        0.10061383247375488
      ]
    },
    "tau": 0.9
  }
}