{
  "SQR": {
    "losses": {
      "1030_ERA": [
        0.1251621768421053,
        0.0948377995,
        0.06967727330882353,
        0.06401821256578949,
        0.08433828999999997
      ]
    },
    "coverage": {
      "1030_ERA": [
        0.13157894736842107,
        0.26,
        0.20588235294117646,
        0.026315789473684237,
        0.07142857142857145
      ]
    },
    "complexity": {
      "1030_ERA": [
        4,
        3,
        4,
        4,
        3
      ]
    },
    "time_all": {
      "1030_ERA": [
        101.13935589790344,
        92.45069074630737,
        88.35511898994446,
        91.80659484863281,
        93.77326107025146
      ]
    },
    "time_fit": {
      "1030_ERA": [
        101.13935589790344,
        92.45069074630737,
        88.35511898994446,
        91.80659484863281,
        93.77326107025146
      ]
    },
    "tau": 0.5
  },
  "LightGBM": {
    "losses": {
      "1030_ERA": [
        0.12864531664563514,
        0.08625782784100584,
        0.08840805633842568,
        0.06334234917179547,
        0.0794583023055464
      ]
    },
    "coverage": {
      "1030_ERA": [
        0.1842105263157895,
        0.06,
        0.02941176470588236,
        0.07894736842105265,
        0.14285714285714285
      ]
    },
    "time_all": {
      "1030_ERA": [
        0.28516697883605957,
        0.28582191467285156,
        0.27164411544799805,
        0.28273844718933105,
        0.2818915843963623
      ]
    },
    "time_fit": {
      "1030_ERA": [
        0.05227327346801758,
        0.05582857131958008,
        0.05030655860900879,
        0.06275796890258789,
        0.054204702377319336
      ]
    },
    "tau": 0.5
  },
  "DecisionTree": {
    "losses": {
      "1030_ERA": [
        0.13815789473684212,
        0.1225,
        0.08455882352941177,
        0.06907894736842106,
        0.08928571428571429
      ]
    },
    "coverage": {
      "1030_ERA": [
        0.1842105263157895,
        0.18,
        0.02941176470588236,
        0.13157894736842102,
        0.14285714285714285
      ]
    },
    "complexity": {
      "1030_ERA": [
        19,
        47,
        79,
        21,
        19
      ]
    },
    "time_all": {
      "1030_ERA": [
        0.044527530670166016,
        0.0649263858795166,
        0.06772518157958984,
        0.06322431564331055,
        0.06277108192443848
      ]
    },
    "time_fit": {
      "1030_ERA": [
        0.0022161006927490234,
        0.0052759647369384766,
        0.007668972015380859,
        0.0033783912658691406,
        0.003238201141357422
      ]
    },
    "tau": 0.5
  },
  "LinearQuantile": {
    "losses": {
      "1030_ERA": [
        0.1273067995583324,
        0.09696564250890496,
        0.0847045383545472,
        0.0631805711909551,
        0.0836532499084471
      ]
    },
    "coverage": {
      "1030_ERA": [
        0.13157894736842107,
        0.26,
        0.08823529411764708,
        0.1842105263157895,
        0.14285714285714285
      ]
    },
    "complexity": {
      "1030_ERA": [
        4,
        4,
        4,
        4,
        4
      ]
    },
    "time_all": {
      "1030_ERA": [
        0.11959338188171387,
        0.22405433654785156,
        0.0834343433380127,
        0.0788109302520752,
        0.0746004581451416
      ]
    },
    "time_fit": {
      "1030_ERA": [
        0.009704828262329102,
        0.01976323127746582,
        0.007026195526123047,
        0.006570100784301758,
        0.0062103271484375
      ]
    },
    "tau": 0.5
  }
}