{
  "SQR": {
    "losses": {
      "641_fri_c1_500_10": [
        0.04266093377833919,
        0.02562514730904613,
        0.11887211618877663,
        0.0091259757602143,
        0.07758178846779318
      ]
    },
    "coverage": {
      "641_fri_c1_500_10": [
        0.3,
        0.3,
        0.5,
        0.09999999999999998,
        0.14285714285714285
      ]
    },
    "complexity": {
      "641_fri_c1_500_10": [
        11,
        16,
        13,
        14,
        14
      ]
    },
    "time_all": {
      "641_fri_c1_500_10": [
        99.00478744506836,
        90.35676264762878,
        84.72517704963684,
        90.13137149810791,
        89.95459151268005
      ]
    },
    "time_fit": {
      "641_fri_c1_500_10": [
        99.00478744506836,
        90.35676264762878,
        84.72517704963684,
        90.13137149810791,
        89.95459151268005
      ]
    },
    "tau": 0.5
  },
  "LightGBM": {
    "losses": {
      "641_fri_c1_500_10": [
        0.07935130909198417,
        0.0690203140508245,
        0.07553673228044265,
        0.09618481722579694,
        0.08342151747617718
      ]
    },
    "coverage": {
      "641_fri_c1_500_10": [
        0.5,
        0.4,
        0.40909090909090906,
        0.3,
        0.2857142857142857
      ]
    },
    "time_all": {
      "641_fri_c1_500_10": [
        0.2523634433746338,
        0.26238584518432617,
        0.23366904258728027,
        0.22591495513916016,
        0.22693204879760742
      ]
    },
    "time_fit": {
      "641_fri_c1_500_10": [
        0.06605195999145508,
        0.06766366958618164,
        0.06636428833007812,
        0.06379151344299316,
        0.06380462646484375
      ]
    },
    "tau": 0.5
  },
  "DecisionTree": {
    "losses": {
      "641_fri_c1_500_10": [
        0.07888104419295562,
        0.08855766987756258,
        0.10488967395586984,
        0.09274342275023367,
        0.07528025198388894
      ]
    },
    "coverage": {
      "641_fri_c1_500_10": [
        0.5,
        0.2,
        0.3181818181818182,
        0.4,
        0.07142857142857145
      ]
    },
    "complexity": {
      "641_fri_c1_500_10": [
        15,
        147,
        145,
        151,
        149
      ]
    },
    "time_all": {
      "641_fri_c1_500_10": [
        0.08237290382385254,
        0.08850812911987305,
        0.0868837833404541,
        0.08849215507507324,
        0.08935666084289551
      ]
    },
    "time_fit": {
      "641_fri_c1_500_10": [
        0.004317283630371094,
        0.015435934066772461,
        0.01496744155883789,
        0.015457630157470703,
        0.015476226806640625
      ]
    },
    "tau": 0.5
  },
  "LinearQuantile": {
    "losses": {
      "641_fri_c1_500_10": [
        0.1089416650248722,
        0.11976765481481028,
        0.11002344069507877,
        0.14025427666970547,
        0.1296236271339646
      ]
    },
    "coverage": {
      "641_fri_c1_500_10": [
        0.5,
        0.4,
        0.5,
        0.4,
        0.4285714285714286
      ]
    },
    "complexity": {
      "641_fri_c1_500_10": [
        10,
        10,
        10,
        10,
        10
      ]
    },
    "time_all": {
      "641_fri_c1_500_10": [
        0.33892226219177246,
        0.4845144748687744,
        0.2294166088104248,
        0.3346381187438965,
        0.8720815181732178
      ]
    },
    "time_fit": {
      "641_fri_c1_500_10": [
        0.028738021850585938,
        0.03910636901855469,
        0.01992654800415039,
        0.02856922149658203,
        0.06331300735473633
      ]
    },
    "tau": 0.5
  }
}