{
  "SQR": {
    "losses": {
      "628_fri_c3_1000_5": [
        0.013134766905728047,
        0.00893668617338074,
        0.03839563476381069,
        0.010072204002504321,
        0.005960461528019066
      ]
    },
    "coverage": {
      "628_fri_c3_1000_5": [
        0.20434782608695656,
        0.13076923076923075,
        0.35,
        0.17272727272727273,
        0.09999999999999998
      ]
    },
    "complexity": {
      "628_fri_c3_1000_5": [
        13,
        11,
        13,
        13,
        16
      ]
    },
    "time_all": {
      "628_fri_c3_1000_5": [
        111.51946806907654,
        99.37291288375854,
        105.75737261772156,
        102.57064199447632,
        107.45029950141907
      ]
    },
    "time_fit": {
      "628_fri_c3_1000_5": [
        111.51946806907654,
        99.37291288375854,
        105.75737261772156,
        102.57064199447632,
        107.45029950141907
      ]
    },
    "tau": 0.9
  },
  "LightGBM": {
    "losses": {
      "628_fri_c3_1000_5": [
        0.03728177752390479,
        0.027603962955986973,
        0.0495415945215275,
        0.031874010281088154,
        0.06470277382163374
      ]
    },
    "coverage": {
      "628_fri_c3_1000_5": [
        0.4217391304347826,
        0.20769230769230773,
        0.30000000000000004,
        0.26363636363636367,
        0.4
      ]
    },
    "time_all": {
      "628_fri_c3_1000_5": [
        0.258833646774292,
        0.2621145248413086,
        0.27609944343566895,
        0.29616379737854004,
        0.2506866455078125
      ]
    },
    "time_fit": {
      "628_fri_c3_1000_5": [
        0.04799962043762207,
        0.04992103576660156,
        0.04820060729980469,
        0.09077310562133789,
        0.048369407653808594
      ]
    },
    "tau": 0.9
  },
  "DecisionTree": {
    "losses": {
      "628_fri_c3_1000_5": [
        0.06223266787467649,
        0.06268302333509312,
        0.0622509503882103,
        0.02091496998054896,
        0.08165968838454231
      ]
    },
    "coverage": {
      "628_fri_c3_1000_5": [
        0.6391304347826088,
        0.5923076923076923,
        0.55,
        0.21818181818181825,
        0.65
      ]
    },
    "complexity": {
      "628_fri_c3_1000_5": [
        293,
        25,
        21,
        289,
        35
      ]
    },
    "time_all": {
      "628_fri_c3_1000_5": [
        0.09502744674682617,
        0.1160590648651123,
        0.11597990989685059,
        0.13719797134399414,
        0.1181643009185791
      ]
    },
    "time_fit": {
      "628_fri_c3_1000_5": [
        0.017840862274169922,
        0.005605936050415039,
        0.005216121673583984,
        0.026639223098754883,
        0.006751537322998047
      ]
    },
    "tau": 0.9
  },
  "LinearQuantile": {
    "losses": {
      "628_fri_c3_1000_5": [
        0.28857557216805485,
        0.2384742503526813,
        0.2617098461103512,
        0.2598128953180687,
        0.28748503661210234
      ]
    },
    "coverage": {
      "628_fri_c3_1000_5": [
        0.9,
        0.823076923076923,
        0.75,
        0.8545454545454546,
        0.85
      ]
    },
    "complexity": {
      "628_fri_c3_1000_5": [
        5,
        5,
        5,
        5,
        5
      ]
    },
    "time_all": {
      "628_fri_c3_1000_5": [
        0.22013449668884277,
        0.2345414161682129,
        0.19916915893554688,
        0.15144848823547363,
        0.5868315696716309
      ]
    },
    "time_fit": {
      "628_fri_c3_1000_5": [
        0.01770615577697754,
        0.020734310150146484,
        0.017541170120239258,
        0.013132333755493164,
        0.0477144718170166
      ]
    },
    "tau": 0.9
  }
}