{
  "SQR": {
    "losses": {
      "626_fri_c2_500_50": [
        0.10782744194886333,
        0.04400040452997004,
        0.12516221853985043,
        0.112297283981427,
        0.03472885732599689
      ]
    },
    "coverage": {
      "626_fri_c2_500_50": [
        0.5,
        0.1875,
        0.13636363636363635,
        0.0714285714285714,
        0.3
      ]
    },
    "complexity": {
      "626_fri_c2_500_50": [
        9,
        13,
        11,
        9,
        11
      ]
    },
    "time_all": {
      "626_fri_c2_500_50": [
        91.35279297828674,
        82.99469256401062,
        82.72270798683167,
        72.64727425575256,
        85.9859676361084
      ]
    },
    "time_fit": {
      "626_fri_c2_500_50": [
        91.35279297828674,
        82.99469256401062,
        82.72270798683167,
        72.64727425575256,
        85.9859676361084
      ]
    },
    "tau": 0.5
  },
  "LightGBM": {
    "losses": {
      "626_fri_c2_500_50": [
        0.09931141455348445,
        0.10880264716302733,
        0.12465402761589617,
        0.08768796325123591,
        0.14586924487667238
      ]
    },
    "coverage": {
      "626_fri_c2_500_50": [
        0.5,
        0.375,
        0.5,
        0.35714285714285715,
        0.3
      ]
    },
    "time_all": {
      "626_fri_c2_500_50": [
        0.29889583587646484,
        0.30309581756591797,
        0.32186007499694824,
        0.31116509437561035,
        0.2960624694824219
      ]
    },
    "time_fit": {
      "626_fri_c2_500_50": [
        0.08155322074890137,
        0.07980847358703613,
        0.08621358871459961,
        0.08044219017028809,
        0.08215594291687012
      ]
    },
    "tau": 0.5
  },
  "DecisionTree": {
    "losses": {
      "626_fri_c2_500_50": [
        0.06008800411940558,
        0.14707720007268746,
        0.09736878521121292,
        0.095086627067364,
        0.11679600289278133
      ]
    },
    "coverage": {
      "626_fri_c2_500_50": [
        0.3888888888888889,
        0.5,
        0.40909090909090906,
        0.5,
        0.5
      ]
    },
    "complexity": {
      "626_fri_c2_500_50": [
        149,
        61,
        145,
        141,
        145
      ]
    },
    "time_all": {
      "626_fri_c2_500_50": [
        0.19985342025756836,
        0.19768929481506348,
        0.20153379440307617,
        0.19626903533935547,
        0.2058544158935547
      ]
    },
    "time_fit": {
      "626_fri_c2_500_50": [
        0.03061223030090332,
        0.022455215454101562,
        0.03048396110534668,
        0.029267549514770508,
        0.032009124755859375
      ]
    },
    "tau": 0.5
  },
  "LinearQuantile": {
    "losses": {
      "626_fri_c2_500_50": [
        0.1617558330547363,
        0.13974735282210266,
        0.17838911881507172,
        0.13602062676027873,
        0.15658827942193684
      ]
    },
    "coverage": {
      "626_fri_c2_500_50": [
        0.5,
        0.4375,
        0.5,
        0.35714285714285715,
        0.2
      ]
    },
    "complexity": {
      "626_fri_c2_500_50": [
        50,
        50,
        50,
        50,
        50
      ]
    },
    "time_all": {
      "626_fri_c2_500_50": [
        1.9527781009674072,
        17.421051263809204,
        9.721059560775757,
        22.510050058364868,
        11.536283493041992
      ]
    },
    "time_fit": {
      "626_fri_c2_500_50": [
        0.14667677879333496,
        1.5579535961151123,
        0.8601040840148926,
        2.012848138809204,
        0.9986555576324463
      ]
    },
    "tau": 0.5
  }
}