{
  "SQR": {
    "losses": {
      "612_fri_c1_1000_5": [
        0.052958240215830725,
        0.01754669254877885,
        0.028763787260791804,
        0.004383064467161352,
        0.05948302599310875
      ]
    },
    "coverage": {
      "612_fri_c1_1000_5": [
        0.6894736842105263,
        0.09999999999999998,
        0.09999999999999998,
        0.04117647058823526,
        0.02857142857142858
      ]
    },
    "complexity": {
      "612_fri_c1_1000_5": [
        12,
        7,
        11,
        15,
        15
      ]
    },
    "time_all": {
      "612_fri_c1_1000_5": [
        109.20023846626282,
        94.22760820388794,
        96.8401951789856,
        101.99350237846375,
        96.41362428665161
      ]
    },
    "time_fit": {
      "612_fri_c1_1000_5": [
        109.20023846626282,
        94.22760820388794,
        96.8401951789856,
        101.99350237846375,
        96.41362428665161
      ]
    },
    "tau": 0.9
  },
  "LightGBM": {
    "losses": {
      "612_fri_c1_1000_5": [
        0.013050012119173487,
        0.021359896227084334,
        0.019678311290773284,
        0.019393234124215078,
        0.018699050515879622
      ]
    },
    "coverage": {
      "612_fri_c1_1000_5": [
        0.05789473684210533,
        0.07857142857142863,
        0.20434782608695656,
        0.1352941176470589,
        0.02857142857142858
      ]
    },
    "time_all": {
      "612_fri_c1_1000_5": [
        0.2913243770599365,
        0.2706272602081299,
        0.29741954803466797,
        0.31261587142944336,
        0.27569127082824707
      ]
    },
    "time_fit": {
      "612_fri_c1_1000_5": [
        0.05172252655029297,
        0.056050777435302734,
        0.05288553237915039,
        0.06462860107421875,
        0.06603574752807617
      ]
    },
    "tau": 0.9
  },
  "DecisionTree": {
    "losses": {
      "612_fri_c1_1000_5": [
        0.07678377038839286,
        0.062394579039068504,
        0.06335633831924466,
        0.03734363096106298,
        0.04576700652851304
      ]
    },
    "coverage": {
      "612_fri_c1_1000_5": [
        0.4789473684210527,
        0.2571428571428571,
        0.46521739130434786,
        0.2529411764705882,
        0.4
      ]
    },
    "complexity": {
      "612_fri_c1_1000_5": [
        55,
        21,
        21,
        25,
        121
      ]
    },
    "time_all": {
      "612_fri_c1_1000_5": [
        0.0803532600402832,
        0.11404657363891602,
        0.11243152618408203,
        0.11437606811523438,
        0.12154006958007812
      ]
    },
    "time_fit": {
      "612_fri_c1_1000_5": [
        0.005654573440551758,
        0.005365848541259766,
        0.005327701568603516,
        0.005734920501708984,
        0.013857126235961914
      ]
    },
    "tau": 0.9
  },
  "LinearQuantile": {
    "losses": {
      "612_fri_c1_1000_5": [
        0.2205121614725598,
        0.22321899513603835,
        0.25600032235970754,
        0.2301150924819719,
        0.21268296850471802
      ]
    },
    "coverage": {
      "612_fri_c1_1000_5": [
        0.9,
        0.8285714285714286,
        0.8130434782608695,
        0.9,
        0.7571428571428571
      ]
    },
    "complexity": {
      "612_fri_c1_1000_5": [
        5,
        5,
        5,
        5,
        5
      ]
    },
    "time_all": {
      "612_fri_c1_1000_5": [
        0.5968677997589111,
        0.2423686981201172,
        0.47377490997314453,
        0.6069540977478027,
        0.20676660537719727
      ]
    },
    "time_fit": {
      "612_fri_c1_1000_5": [
        0.05098891258239746,
        0.02130913734436035,
        0.0383458137512207,
        0.0546572208404541,
        0.018077373504638672
      ]
    },
    "tau": 0.9
  }
}