{
  "SQR": {
    "losses": {
      "687_sleuth_ex1605": [
        0.029843695665841375,
        0.03117446851860889,
        0.13172515001955823,
        0.14858092863012215
      ]
    },
    "coverage": {
      "687_sleuth_ex1605": [
        0.5,
        0.5,
        0.5,
        0.5
      ]
    },
    "complexity": {
      "687_sleuth_ex1605": [
        14,
        11,
        6,
        6
      ]
    },
    "time_all": {
      "687_sleuth_ex1605": [
        78.23402667045593,
        61.58305025100708,
        62.87572693824768,
        64.18016982078552
      ]
    },
    "time_fit": {
      "687_sleuth_ex1605": [
        78.23402667045593,
        61.58305025100708,
        62.87572693824768,
        64.18016982078552
      ]
    },
    "tau": 0.5
  },
  "LightGBM": {
    "losses": {
      "687_sleuth_ex1605": [
        0.0431297472149578,
        0.13383838383838384,
        0.10917139914060142,
        0.003558997994620443
      ]
    },
    "coverage": {
      "687_sleuth_ex1605": [
        0.5,
        0.5,
        0.5,
        0.5
      ]
    },
    "time_all": {
      "687_sleuth_ex1605": [
        0.04722332954406738,
        0.04510164260864258,
        0.06264209747314453,
        0.05771517753601074
      ]
    },
    "time_fit": {
      "687_sleuth_ex1605": [
        0.01212000846862793,
        0.0043146610260009766,
        0.01205587387084961,
        0.011250495910644531
      ]
    },
    "tau": 0.5
  },
  "DecisionTree": {
    "losses": {
      "687_sleuth_ex1605": [
        0.015151515151515152,
        0.06060606060606061,
        0.015151515151515152,
        0.011363636363636364
      ]
    },
    "coverage": {
      "687_sleuth_ex1605": [
        0.5,
        0.16666666666666663,
        0.0,
        0.5
      ]
    },
    "complexity": {
      "687_sleuth_ex1605": [
        5,
        15,
        7,
        3
      ]
    },
    "time_all": {
      "687_sleuth_ex1605": [
        0.015993595123291016,
        0.029152631759643555,
        0.028626203536987305,
        0.02677631378173828
      ]
    },
    "time_fit": {
      "687_sleuth_ex1605": [
        0.0009965896606445312,
        0.002632617950439453,
        0.0020194053649902344,
        0.0016124248504638672
      ]
    },
    "tau": 0.5
  },
  "LinearQuantile": {
    "losses": {
      "687_sleuth_ex1605": [
        0.006611860762031042,
        0.059634788074778844,
        0.14681920029038184,
        0.07906146332573562
      ]
    },
    "coverage": {
      "687_sleuth_ex1605": [
        0.5,
        0.5,
        0.5,
        0.5
      ]
    },
    "complexity": {
      "687_sleuth_ex1605": [
        5,
        5,
        5,
        5
      ]
    },
    "time_all": {
      "687_sleuth_ex1605": [
        0.20795440673828125,
        0.08586406707763672,
        0.2530660629272461,
        0.15950918197631836
      ]
    },
    "time_fit": {
      "687_sleuth_ex1605": [
        0.018013954162597656,
        0.007245063781738281,
        0.022379159927368164,
        0.013451337814331055
      ]
    },
    "tau": 0.5
  }
}