{
  "SQR": {
    "losses": {
      "595_fri_c0_1000_10": [
        0.013915595200556304,
        0.007112324650192704,
        0.007367945576338408,
        0.010247399354623871,
        0.011446796444579695
      ]
    },
    "coverage": {
      "595_fri_c0_1000_10": [
        0.06000000000000005,
        0.033333333333333326,
        0.009090909090909038,
        0.054545454545454564,
        0.047368421052631504
      ]
    },
    "complexity": {
      "595_fri_c0_1000_10": [
        9,
        13,
        16,
        9,
        9
      ]
    },
    "time_all": {
      "595_fri_c0_1000_10": [
        109.20580005645752,
        91.59375286102295,
        90.46115732192993,
        89.45501613616943,
        91.13896107673645
      ]
    },
    "time_fit": {
      "595_fri_c0_1000_10": [
        109.20580005645752,
        91.59375286102295,
        90.46115732192993,
        89.45501613616943,
        91.13896107673645
      ]
    },
    "tau": 0.9
  },
  "LightGBM": {
    "losses": {
      "595_fri_c0_1000_10": [
        0.0411353847872305,
        0.0233202792582964,
        0.017691300827117337,
        0.01780586926660263,
        0.024996044089200677
      ]
    },
    "coverage": {
      "595_fri_c0_1000_10": [
        0.46,
        0.2333333333333334,
        0.21818181818181825,
        0.26363636363636367,
        0.16315789473684217
      ]
    },
    "time_all": {
      "595_fri_c0_1000_10": [
        0.33583664894104004,
        0.3354480266571045,
        0.31934356689453125,
        0.286517858505249,
        0.28580808639526367
      ]
    },
    "time_fit": {
      "595_fri_c0_1000_10": [
        0.07360506057739258,
        0.06482505798339844,
        0.09188413619995117,
        0.06287431716918945,
        0.06429147720336914
      ]
    },
    "tau": 0.9
  },
  "DecisionTree": {
    "losses": {
      "595_fri_c0_1000_10": [
        0.026562738763144807,
        0.030207695210536206,
        0.02494452528549426,
        0.022158966037190735,
        0.028667447972996106
      ]
    },
    "coverage": {
      "595_fri_c0_1000_10": [
        0.14,
        0.2333333333333334,
        0.21818181818181825,
        0.26363636363636367,
        0.32105263157894737
      ]
    },
    "complexity": {
      "595_fri_c0_1000_10": [
        25,
        121,
        121,
        31,
        119
      ]
    },
    "time_all": {
      "595_fri_c0_1000_10": [
        0.16269469261169434,
        0.1541290283203125,
        0.15483736991882324,
        0.14632034301757812,
        0.15655946731567383
      ]
    },
    "time_fit": {
      "595_fri_c0_1000_10": [
        0.008795738220214844,
        0.01728963851928711,
        0.017279863357543945,
        0.008932352066040039,
        0.017483949661254883
      ]
    },
    "tau": 0.9
  },
  "LinearQuantile": {
    "losses": {
      "595_fri_c0_1000_10": [
        0.05962511323333472,
        0.039007624864142686,
        0.03955869511370443,
        0.04524023191118195,
        0.04807608919913423
      ]
    },
    "coverage": {
      "595_fri_c0_1000_10": [
        0.62,
        0.6333333333333333,
        0.5818181818181818,
        0.4909090909090909,
        0.4789473684210527
      ]
    },
    "complexity": {
      "595_fri_c0_1000_10": [
        10,
        10,
        10,
        10,
        10
      ]
    },
    "time_all": {
      "595_fri_c0_1000_10": [
        0.7390680313110352,
        0.13434839248657227,
        0.8081295490264893,
        0.4064779281616211,
        0.27462005615234375
      ]
    },
    "time_fit": {
      "595_fri_c0_1000_10": [
        0.06535458564758301,
        0.011695623397827148,
        0.05829286575317383,
        0.036371469497680664,
        0.024380922317504883
      ]
    },
    "tau": 0.9
  }
}