{
  "SQR": {
    "losses": {
      "592_fri_c4_1000_25": [
        0.035367661005544886,
        0.05555816617183405,
        0.07718707143803992,
        0.11994732126077998,
        0.03444812773436583
      ]
    },
    "coverage": {
      "592_fri_c4_1000_25": [
        0.1875,
        0.13157894736842107,
        0.4545454545454546,
        0.4444444444444444,
        0.125
      ]
    },
    "complexity": {
      "592_fri_c4_1000_25": [
        10,
        10,
        14,
        9,
        9
      ]
    },
    "time_all": {
      "592_fri_c4_1000_25": [
        111.65709710121155,
        95.29054856300354,
        99.22342610359192,
        97.88390278816223,
        106.57489204406738
      ]
    },
    "time_fit": {
      "592_fri_c4_1000_25": [
        111.65709710121155,
        95.29054856300354,
        99.22342610359192,
        97.88390278816223,
        106.57489204406738
      ]
    },
    "tau": 0.5
  },
  "LightGBM": {
    "losses": {
      "592_fri_c4_1000_25": [
        0.06106570111218903,
        0.08325898949720376,
        0.05748895254005585,
        0.07461903462192519,
        0.08538310285910349
      ]
    },
    "coverage": {
      "592_fri_c4_1000_25": [
        0.5,
        0.5,
        0.5,
        0.3888888888888889,
        0.375
      ]
    },
    "time_all": {
      "592_fri_c4_1000_25": [
        0.4238772392272949,
        0.42423200607299805,
        0.4121401309967041,
        0.4991891384124756,
        0.43985509872436523
      ]
    },
    "time_fit": {
      "592_fri_c4_1000_25": [
        0.0832676887512207,
        0.0741262435913086,
        0.07739758491516113,
        0.15015029907226562,
        0.07665157318115234
      ]
    },
    "tau": 0.5
  },
  "DecisionTree": {
    "losses": {
      "592_fri_c4_1000_25": [
        0.07090493099092658,
        0.0739711046196098,
        0.059765078046066546,
        0.054665786311142675,
        0.06483771903388884
      ]
    },
    "coverage": {
      "592_fri_c4_1000_25": [
        0.375,
        0.4473684210526316,
        0.45454545454545453,
        0.3888888888888889,
        0.25
      ]
    },
    "complexity": {
      "592_fri_c4_1000_25": [
        283,
        287,
        293,
        283,
        125
      ]
    },
    "time_all": {
      "592_fri_c4_1000_25": [
        0.17077016830444336,
        0.2700622081756592,
        0.2677741050720215,
        0.2754702568054199,
        0.23140835762023926
      ]
    },
    "time_fit": {
      "592_fri_c4_1000_25": [
        0.025885343551635742,
        0.042206525802612305,
        0.04232525825500488,
        0.0439605712890625,
        0.02473139762878418
      ]
    },
    "tau": 0.5
  },
  "LinearQuantile": {
    "losses": {
      "592_fri_c4_1000_25": [
        0.10919932757037946,
        0.14713757107971437,
        0.10687630410213547,
        0.12100433487574647,
        0.13029189659667237
      ]
    },
    "coverage": {
      "592_fri_c4_1000_25": [
        0.5,
        0.4473684210526316,
        0.40909090909090906,
        0.3888888888888889,
        0.29166666666666663
      ]
    },
    "complexity": {
      "592_fri_c4_1000_25": [
        25,
        25,
        25,
        25,
        25
      ]
    },
    "time_all": {
      "592_fri_c4_1000_25": [
        0.5898585319519043,
        1.5001354217529297,
        4.067914724349976,
        2.069990634918213,
        0.9762673377990723
      ]
    },
    "time_fit": {
      "592_fri_c4_1000_25": [
        0.05042624473571777,
        0.11763739585876465,
        0.3543827533721924,
        0.14762115478515625,
        0.07955551147460938
      ]
    },
    "tau": 0.5
  }
}