{
  "SQR": {
    "losses": {
      "598_fri_c0_1000_25": [
        0.006908311553127787,
        0.007088403885871909,
        0.006607670684967744,
        0.011875733541419648,
        0.015267114975324457
      ]
    },
    "coverage": {
      "598_fri_c0_1000_25": [
        0.09999999999999998,
        0.052380952380952306,
        0.047368421052631504,
        0.18000000000000005,
        0.1777777777777778
      ]
    },
    "complexity": {
      "598_fri_c0_1000_25": [
        12,
        15,
        12,
        12,
        8
      ]
    },
    "time_all": {
      "598_fri_c0_1000_25": [
        107.31375074386597,
        95.56244444847107,
        91.88380432128906,
        92.53134894371033,
        95.23955392837524
      ]
    },
    "time_fit": {
      "598_fri_c0_1000_25": [
        107.31375074386597,
        95.56244444847107,
        91.88380432128906,
        92.53134894371033,
        95.23955392837524
      ]
    },
    "tau": 0.9
  },
  "LightGBM": {
    "losses": {
      "598_fri_c0_1000_25": [
        0.02585053706226639,
        0.02121490201361439,
        0.014280703460136733,
        0.024012561162620443,
        0.03587464299473689
      ]
    },
    "coverage": {
      "598_fri_c0_1000_25": [
        0.1352941176470589,
        0.09047619047619049,
        0.21578947368421053,
        0.33999999999999997,
        0.12222222222222223
      ]
    },
    "time_all": {
      "598_fri_c0_1000_25": [
        0.31995344161987305,
        0.3085949420928955,
        0.31525373458862305,
        0.3480336666107178,
        0.35006070137023926
      ]
    },
    "time_fit": {
      "598_fri_c0_1000_25": [
        0.05997753143310547,
        0.06371474266052246,
        0.06790041923522949,
        0.07072973251342773,
        0.06851577758789062
      ]
    },
    "tau": 0.9
  },
  "DecisionTree": {
    "losses": {
      "598_fri_c0_1000_25": [
        0.018839888269797468,
        0.024639190779658593,
        0.02284635858813308,
        0.02669317616361304,
        0.020830489024057902
      ]
    },
    "coverage": {
      "598_fri_c0_1000_25": [
        0.2529411764705882,
        0.09047619047619049,
        0.05789473684210533,
        0.18000000000000005,
        0.28888888888888886
      ]
    },
    "complexity": {
      "598_fri_c0_1000_25": [
        53,
        53,
        55,
        35,
        23
      ]
    },
    "time_all": {
      "598_fri_c0_1000_25": [
        0.15421366691589355,
        0.2515220642089844,
        0.24739861488342285,
        0.24086809158325195,
        0.23990535736083984
      ]
    },
    "time_fit": {
      "598_fri_c0_1000_25": [
        0.01164698600769043,
        0.020910978317260742,
        0.02046513557434082,
        0.01695561408996582,
        0.01411294937133789
      ]
    },
    "tau": 0.9
  },
  "LinearQuantile": {
    "losses": {
      "598_fri_c0_1000_25": [
        0.07342669287037999,
        0.057894795514812546,
        0.06378472004224069,
        0.045858935092686993,
        0.04099287989145313
      ]
    },
    "coverage": {
      "598_fri_c0_1000_25": [
        0.6647058823529413,
        0.5666666666666667,
        0.6894736842105263,
        0.62,
        0.34444444444444444
      ]
    },
    "complexity": {
      "598_fri_c0_1000_25": [
        25,
        25,
        25,
        25,
        25
      ]
    },
    "time_all": {
      "598_fri_c0_1000_25": [
        5.053623199462891,
        0.9483921527862549,
        1.137406349182129,
        1.7135388851165771,
        3.7493085861206055
      ]
    },
    "time_fit": {
      "598_fri_c0_1000_25": [
        0.4841880798339844,
        0.07166504859924316,
        0.07577800750732422,
        0.10516095161437988,
        0.3154435157775879
      ]
    },
    "tau": 0.9
  }
}