{
  "SQR": {
    "losses": {
      "522_pm10": [
        0.05119590890897159,
        0.06986407059827424,
        0.08347910451168615,
        0.06667807000326716,
        0.050414835987286334
      ]
    },
    "coverage": {
      "522_pm10": [
        0.16666666666666663,
        0.3,
        0.05555555555555558,
        0.16666666666666669,
        0.038461538461538436
      ]
    },
    "complexity": {
      "522_pm10": [
        9,
        5,
        5,
        8,
        8
      ]
    },
    "time_all": {
      "522_pm10": [
        100.99841570854187,
        79.86084270477295,
        83.19143319129944,
        74.86717629432678,
        80.40407061576843
      ]
    },
    "time_fit": {
      "522_pm10": [
        100.99841570854187,
        79.86084270477295,
        83.19143319129944,
        74.86717629432678,
        80.40407061576843
      ]
    },
    "tau": 0.5
  },
  "LightGBM": {
    "losses": {
      "522_pm10": [
        0.04664354684075724,
        0.052193423308465554,
        0.07625304054008689,
        0.06396214939919179,
        0.055686059315674004
      ]
    },
    "coverage": {
      "522_pm10": [
        0.08333333333333337,
        0.2,
        0.05555555555555558,
        0.16666666666666669,
        0.1923076923076923
      ]
    },
    "time_all": {
      "522_pm10": [
        0.22532010078430176,
        0.1980745792388916,
        0.2146742343902588,
        0.1952528953552246,
        0.20644044876098633
      ]
    },
    "time_fit": {
      "522_pm10": [
        0.05780649185180664,
        0.04274916648864746,
        0.03603172302246094,
        0.03545212745666504,
        0.04121541976928711
      ]
    },
    "tau": 0.5
  },
  "DecisionTree": {
    "losses": {
      "522_pm10": [
        0.04443180884576754,
        0.05747605003433318,
        0.07323081882665344,
        0.05674598461164399,
        0.05972515815972089
      ]
    },
    "coverage": {
      "522_pm10": [
        0.16666666666666663,
        0.0,
        0.16666666666666669,
        0.16666666666666669,
        0.1923076923076923
      ]
    },
    "complexity": {
      "522_pm10": [
        19,
        13,
        27,
        13,
        15
      ]
    },
    "time_all": {
      "522_pm10": [
        0.07055449485778809,
        0.06763172149658203,
        0.07051324844360352,
        0.06624507904052734,
        0.06887030601501465
      ]
    },
    "time_fit": {
      "522_pm10": [
        0.004234790802001953,
        0.0033113956451416016,
        0.004854440689086914,
        0.0033516883850097656,
        0.003612995147705078
      ]
    },
    "tau": 0.5
  },
  "LinearQuantile": {
    "losses": {
      "522_pm10": [
        0.06515266760934219,
        0.05654338421672873,
        0.11195301846267691,
        0.08420570500067379,
        0.059479624367858336
      ]
    },
    "coverage": {
      "522_pm10": [
        0.25,
        0.09999999999999998,
        0.2777777777777778,
        0.16666666666666669,
        0.038461538461538436
      ]
    },
    "complexity": {
      "522_pm10": [
        7,
        7,
        7,
        7,
        7
      ]
    },
    "time_all": {
      "522_pm10": [
        0.2514941692352295,
        0.12049436569213867,
        0.29962921142578125,
        0.46201419830322266,
        0.36422228813171387
      ]
    },
    "time_fit": {
      "522_pm10": [
        0.020694971084594727,
        0.01032876968383789,
        0.025559425354003906,
        0.0413661003112793,
        0.03245258331298828
      ]
    },
    "tau": 0.5
  }
}