{
  "SQR": {
    "losses": {
      "1030_ERA": [
        0.03486762434210526,
        0.04787317272,
        0.02082081978529411,
        0.030716673157894732,
        0.035747665272321434
      ]
    },
    "coverage": {
      "1030_ERA": [
        0.05789473684210533,
        0.09999999999999998,
        0.09999999999999998,
        0.0052631578947368585,
        0.18571428571428572
      ]
    },
    "complexity": {
      "1030_ERA": [
        4,
        4,
        4,
        6,
        4
      ]
    },
    "time_all": {
      "1030_ERA": [
        100.57617354393005,
        93.27040147781372,
        86.86927962303162,
        85.5484573841095,
        90.43637037277222
      ]
    },
    "time_fit": {
      "1030_ERA": [
        100.57617354393005,
        93.27040147781372,
        86.86927962303162,
        85.5484573841095,
        90.43637037277222
      ]
    },
    "tau": 0.9
  },
  "LightGBM": {
    "losses": {
      "1030_ERA": [
        0.036934343349913114,
        0.036595908891277486,
        0.03453437628255505,
        0.027071190049760722,
        0.027384041884612638
      ]
    },
    "coverage": {
      "1030_ERA": [
        0.0052631578947368585,
        0.020000000000000018,
        0.07647058823529418,
        0.05789473684210533,
        0.04285714285714293
      ]
    },
    "time_all": {
      "1030_ERA": [
        0.2776668071746826,
        0.26117587089538574,
        0.27696943283081055,
        0.3008115291595459,
        0.30683016777038574
      ]
    },
    "time_fit": {
      "1030_ERA": [
        0.05536460876464844,
        0.05932283401489258,
        0.044849395751953125,
        0.09492945671081543,
        0.08544301986694336
      ]
    },
    "tau": 0.9
  },
  "DecisionTree": {
    "losses": {
      "1030_ERA": [
        0.03421052631578947,
        0.0665,
        0.027941176470588233,
        0.02434210526315789,
        0.026785714285714277
      ]
    },
    "coverage": {
      "1030_ERA": [
        0.0052631578947368585,
        0.18000000000000005,
        0.01764705882352946,
        0.09999999999999998,
        0.02857142857142858
      ]
    },
    "complexity": {
      "1030_ERA": [
        19,
        47,
        79,
        21,
        19
      ]
    },
    "time_all": {
      "1030_ERA": [
        0.04266929626464844,
        0.06323957443237305,
        0.06667256355285645,
        0.062491416931152344,
        0.06176638603210449
      ]
    },
    "time_fit": {
      "1030_ERA": [
        0.0021409988403320312,
        0.005155801773071289,
        0.007421731948852539,
        0.003341197967529297,
        0.0031766891479492188
      ]
    },
    "tau": 0.9
  },
  "LinearQuantile": {
    "losses": {
      "1030_ERA": [
        0.03691030613514633,
        0.04643998973145527,
        0.025154036296554442,
        0.030594533457314006,
        0.029292241385032152
      ]
    },
    "coverage": {
      "1030_ERA": [
        0.05789473684210533,
        0.14,
        0.04117647058823526,
        0.047368421052631504,
        0.04285714285714293
      ]
    },
    "complexity": {
      "1030_ERA": [
        4,
        4,
        4,
        4,
        4
      ]
    },
    "time_all": {
      "1030_ERA": [
        0.13306951522827148,
        0.13211297988891602,
        0.41710376739501953,
        0.16102242469787598,
        0.16726326942443848
      ]
    },
    "time_fit": {
      "1030_ERA": [
        0.010869026184082031,
        0.011398077011108398,
        0.037212371826171875,
        0.014050722122192383,
        0.014600276947021484
      ]
    },
    "tau": 0.9
  }
}