{
  "SQR": {
    "losses": {
      "659_sleuth_ex1714": [
        0.5423965709726355,
        0.02420299913847747,
        0.10344165715133014,
        0.05958822262027074
      ]
    },
    "coverage": {
      "659_sleuth_ex1714": [
        0.0,
        0.5,
        0.5,
        0.5
      ]
    },
    "complexity": {
      "659_sleuth_ex1714": [
        14,
        10,
        11,
        8
      ]
    },
    "time_all": {
      "659_sleuth_ex1714": [
        81.28087878227234,
        67.29004788398743,
        67.41408729553223,
        65.96240592002869
      ]
    },
    "time_fit": {
      "659_sleuth_ex1714": [
        81.28087878227234,
        67.29004788398743,
        67.41408729553223,
        65.96240592002869
      ]
    },
    "tau": 0.5
  },
  "LightGBM": {
    "losses": {
      "659_sleuth_ex1714": [
        0.05239982386613826,
        0.05784110209473486,
        0.14540479335723722,
        0.07010756746555954
      ]
    },
    "coverage": {
      "659_sleuth_ex1714": [
        0.0,
        0.5,
        0.5,
        0.5
      ]
    },
    "time_all": {
      "659_sleuth_ex1714": [
        0.02573680877685547,
        0.03319239616394043,
        0.03293180465698242,
        0.03125905990600586
      ]
    },
    "time_fit": {
      "659_sleuth_ex1714": [
        0.0031752586364746094,
        0.003874063491821289,
        0.003980398178100586,
        0.0038194656372070312
      ]
    },
    "tau": 0.5
  },
  "DecisionTree": {
    "losses": {
      "659_sleuth_ex1714": [
        0.013964899037554256,
        0.0013839089136315028,
        0.056048311002075864,
        0.01755048122287224
      ]
    },
    "coverage": {
      "659_sleuth_ex1714": [
        0.5,
        0.5,
        0.5,
        0.5
      ]
    },
    "complexity": {
      "659_sleuth_ex1714": [
        13,
        13,
        13,
        5
      ]
    },
    "time_all": {
      "659_sleuth_ex1714": [
        0.02881479263305664,
        0.027414798736572266,
        0.02768540382385254,
        0.025231361389160156
      ]
    },
    "time_fit": {
      "659_sleuth_ex1714": [
        0.0024733543395996094,
        0.0024368762969970703,
        0.002447843551635742,
        0.0017254352569580078
      ]
    },
    "tau": 0.5
  },
  "LinearQuantile": {
    "losses": {
      "659_sleuth_ex1714": [
        0.026925924351256975,
        0.044028103251277734,
        0.062021786913866256,
        0.03325652959075448
      ]
    },
    "coverage": {
      "659_sleuth_ex1714": [
        0.5,
        0.0,
        0.5,
        0.5
      ]
    },
    "complexity": {
      "659_sleuth_ex1714": [
        7,
        7,
        7,
        7
      ]
    },
    "time_all": {
      "659_sleuth_ex1714": [
        0.28377461433410645,
        0.2689197063446045,
        0.10509991645812988,
        0.15789437294006348
      ]
    },
    "time_fit": {
      "659_sleuth_ex1714": [
        0.02406907081604004,
        0.02357959747314453,
        0.008907079696655273,
        0.01314997673034668
      ]
    },
    "tau": 0.5
  }
}