{
  "SQR": {
    "losses": {
      "613_fri_c3_250_5": [
        0.010949092553761334,
        0.02658290977670305,
        0.024208465009301478,
        0.04168491598400826,
        0.008407298774828511
      ]
    },
    "coverage": {
      "613_fri_c3_250_5": [
        0.5666666666666667,
        0.30000000000000004,
        0.12222222222222223,
        0.2333333333333334,
        0.09999999999999998
      ]
    },
    "complexity": {
      "613_fri_c3_250_5": [
        12,
        15,
        13,
        10,
        12
      ]
    },
    "time_all": {
      "613_fri_c3_250_5": [
        94.68923997879028,
        76.38006854057312,
        76.38702392578125,
        72.42538547515869,
        75.75446343421936
      ]
    },
    "time_fit": {
      "613_fri_c3_250_5": [
        94.68923997879028,
        76.38006854057312,
        76.38702392578125,
        72.42538547515869,
        75.75446343421936
      ]
    },
    "tau": 0.9
  },
  "LightGBM": {
    "losses": {
      "613_fri_c3_250_5": [
        0.04642357014124715,
        0.06627869546275163,
        0.02435654952671433,
        0.04451131313304401,
        0.0312914733437948
      ]
    },
    "coverage": {
      "613_fri_c3_250_5": [
        0.2333333333333334,
        0.30000000000000004,
        0.34444444444444444,
        0.2333333333333334,
        0.2333333333333334
      ]
    },
    "time_all": {
      "613_fri_c3_250_5": [
        0.1238565444946289,
        0.13124799728393555,
        0.12313985824584961,
        0.1210944652557373,
        0.11857342720031738
      ]
    },
    "time_fit": {
      "613_fri_c3_250_5": [
        0.019109487533569336,
        0.01998138427734375,
        0.027198076248168945,
        0.028477191925048828,
        0.02046370506286621
      ]
    },
    "tau": 0.9
  },
  "DecisionTree": {
    "losses": {
      "613_fri_c3_250_5": [
        0.07862061386416486,
        0.09454559626296365,
        0.031107988335907732,
        0.08567802482833518,
        0.06360948419064037
      ]
    },
    "coverage": {
      "613_fri_c3_250_5": [
        0.5666666666666667,
        0.9,
        0.34444444444444444,
        0.7333333333333334,
        0.4
      ]
    },
    "complexity": {
      "613_fri_c3_250_5": [
        11,
        13,
        7,
        33,
        5
      ]
    },
    "time_all": {
      "613_fri_c3_250_5": [
        0.030437707901000977,
        0.0447545051574707,
        0.04135298728942871,
        0.04543805122375488,
        0.04315662384033203
      ]
    },
    "time_fit": {
      "613_fri_c3_250_5": [
        0.0017588138580322266,
        0.0028378963470458984,
        0.0022330284118652344,
        0.004338979721069336,
        0.002048015594482422
      ]
    },
    "tau": 0.9
  },
  "LinearQuantile": {
    "losses": {
      "613_fri_c3_250_5": [
        0.25330248949169726,
        0.31320382842210365,
        0.09926217576474769,
        0.2906466588775548,
        0.21722406879552192
      ]
    },
    "coverage": {
      "613_fri_c3_250_5": [
        0.9,
        0.9,
        0.5666666666666667,
        0.9,
        0.7333333333333334
      ]
    },
    "complexity": {
      "613_fri_c3_250_5": [
        5,
        5,
        5,
        5,
        5
      ]
    },
    "time_all": {
      "613_fri_c3_250_5": [
        0.11364579200744629,
        0.26816630363464355,
        0.15139460563659668,
        0.6663041114807129,
        0.2015702724456787
      ]
    },
    "time_fit": {
      "613_fri_c3_250_5": [
        0.009426593780517578,
        0.02281951904296875,
        0.013028621673583984,
        0.04967546463012695,
        0.017511606216430664
      ]
    },
    "tau": 0.9
  }
}