{
  "SQR": {
    "losses": {
      "192_vineyard": [
        0.012554054572461235,
        0.008120609101740228,
        0.01888691737643981,
        0.040414593889128096
      ]
    },
    "coverage": {
      "192_vineyard": [
        0.09999999999999998,
        0.09999999999999998,
        0.09999999999999998,
        0.09999999999999998
      ]
    },
    "complexity": {
      "192_vineyard": [
        15,
        8,
        3,
        7
      ]
    },
    "time_all": {
      "192_vineyard": [
        74.85729503631592,
        65.14005851745605,
        63.90226650238037,
        64.31740641593933
      ]
    },
    "time_fit": {
      "192_vineyard": [
        74.85729503631592,
        65.14005851745605,
        63.90226650238037,
        64.31740641593933
      ]
    },
    "tau": 0.9
  },
  "LightGBM": {
    "losses": {
      "192_vineyard": [
        0.013049649177713596,
        0.03829787234042553,
        0.008510638297872339,
        0.0
      ]
    },
    "coverage": {
      "192_vineyard": [
        0.2333333333333334,
        0.9,
        0.09999999999999998,
        0.09999999999999998
      ]
    },
    "time_all": {
      "192_vineyard": [
        0.03240394592285156,
        0.035103559494018555,
        0.03541159629821777,
        0.032056570053100586
      ]
    },
    "time_fit": {
      "192_vineyard": [
        0.0037300586700439453,
        0.004182338714599609,
        0.004347324371337891,
        0.0037717819213867188
      ]
    },
    "tau": 0.9
  },
  "DecisionTree": {
    "losses": {
      "192_vineyard": [
        0.007092198581560282,
        0.03829787234042553,
        0.008510638297872339,
        0.0
      ]
    },
    "coverage": {
      "192_vineyard": [
        0.09999999999999998,
        0.9,
        0.09999999999999998,
        0.09999999999999998
      ]
    },
    "complexity": {
      "192_vineyard": [
        5,
        1,
        1,
        1
      ]
    },
    "time_all": {
      "192_vineyard": [
        0.020869970321655273,
        0.029261350631713867,
        0.025315284729003906,
        0.02610325813293457
      ]
    },
    "time_fit": {
      "192_vineyard": [
        0.0013031959533691406,
        0.001691579818725586,
        0.0013535022735595703,
        0.0014796257019042969
      ]
    },
    "tau": 0.9
  },
  "LinearQuantile": {
    "losses": {
      "192_vineyard": [
        0.03920562645215039,
        0.006723407271936912,
        0.03457438671014984,
        0.003404337516095871
      ]
    },
    "coverage": {
      "192_vineyard": [
        0.09999999999999998,
        0.09999999999999998,
        0.09999999999999998,
        0.09999999999999998
      ]
    },
    "complexity": {
      "192_vineyard": [
        2,
        2,
        2,
        2
      ]
    },
    "time_all": {
      "192_vineyard": [
        0.09479284286499023,
        0.08573246002197266,
        0.48287200927734375,
        0.29341793060302734
      ]
    },
    "time_fit": {
      "192_vineyard": [
        0.00763392448425293,
        0.006796598434448242,
        0.037088632583618164,
        0.024074077606201172
      ]
    },
    "tau": 0.9
  }
}