{
  "SQR": {
    "losses": {
      "294_satellite_image": [
        0.05851417569590408,
        0.060375651170036876,
        0.025077228881780957,
        0.059689584154938885,
        0.04811702408802899
      ]
    },
    "coverage": {
      "294_satellite_image": [
        0.04999999999999993,
        0.09999999999999998,
        0.06261682242990652,
        0.09056603773584904,
        0.08019801980198016
      ]
    },
    "complexity": {
      "294_satellite_image": [
        11,
        4,
        10,
        4,
        3
      ]
    },
    "time_all": {
      "294_satellite_image": [
        272.72201561927795,
        345.5369658470154,
        341.5629987716675,
        304.02890944480896,
        313.34596371650696
      ]
    },
    "time_fit": {
      "294_satellite_image": [
        272.72201561927795,
        345.5369658470154,
        341.5629987716675,
        304.02890944480896,
        313.34596371650696
      ]
    },
    "tau": 0.9
  },
  "LightGBM": {
    "losses": {
      "294_satellite_image": [
        0.06333333333333331,
        0.01874472165185286,
        0.017926117402933334,
        0.0160052950913348,
        0.030430013702427008
      ]
    },
    "coverage": {
      "294_satellite_image": [
        0.09999999999999998,
        0.05652173913043479,
        0.03457943925233642,
        0.04339622641509433,
        0.08019801980198016
      ]
    },
    "time_all": {
      "294_satellite_image": [
        0.189924955368042,
        0.3943052291870117,
        0.3299834728240967,
        0.4023160934448242,
        0.6205556392669678
      ]
    },
    "time_fit": {
      "294_satellite_image": [
        0.04241609573364258,
        0.08781886100769043,
        0.07725214958190918,
        0.0821380615234375,
        0.18688082695007324
      ]
    },
    "tau": 0.9
  },
  "DecisionTree": {
    "losses": {
      "294_satellite_image": [
        0.006483333333333333,
        0.007492753623188405,
        0.006978193146417444,
        0.010471698113207547,
        0.012937293729372934
      ]
    },
    "coverage": {
      "294_satellite_image": [
        0.08999999999999997,
        0.08260869565217388,
        0.08130841121495325,
        0.09056603773584904,
        0.07029702970297025
      ]
    },
    "complexity": {
      "294_satellite_image": [
        355,
        345,
        547,
        121,
        353
      ]
    },
    "time_all": {
      "294_satellite_image": [
        0.783043384552002,
        1.1379501819610596,
        1.1889302730560303,
        1.1149001121520996,
        1.0033984184265137
      ]
    },
    "time_fit": {
      "294_satellite_image": [
        0.06979727745056152,
        0.1118154525756836,
        0.12379264831542969,
        0.07262158393859863,
        0.07999348640441895
      ]
    },
    "tau": 0.9
  },
  "LinearQuantile": {
    "losses": {
      "294_satellite_image": [
        0.08332449705231536,
        0.085010450471017,
        0.08404687090793649,
        0.08375856189110169,
        0.06160200217936929
      ]
    },
    "coverage": {
      "294_satellite_image": [
        0.09999999999999998,
        0.09999999999999998,
        0.09999999999999998,
        0.09999999999999998,
        0.008910891089108919
      ]
    },
    "complexity": {
      "294_satellite_image": [
        36,
        36,
        36,
        36,
        36
      ]
    },
    "time_all": {
      "294_satellite_image": [
        7.126636028289795,
        2.6701583862304688,
        2.982485294342041,
        6.518816232681274,
        12.489386320114136
      ]
    },
    "time_fit": {
      "294_satellite_image": [
        0.7212896347045898,
        0.18257927894592285,
        0.2536494731903076,
        0.5983200073242188,
        0.9406983852386475
      ]
    },
    "tau": 0.9
  }
}