{
  "SQR": {
    "losses": {
      "653_fri_c0_250_25": [
        0.009936614425702772,
        0.008353313809884126,
        0.01020206084292873,
        0.018507852741728184,
        0.017617333610490567
      ]
    },
    "coverage": {
      "653_fri_c0_250_25": [
        0.06666666666666665,
        0.09999999999999998,
        0.09999999999999998,
        0.09999999999999998,
        0.09999999999999998
      ]
    },
    "complexity": {
      "653_fri_c0_250_25": [
        12,
        11,
        10,
        9,
        9
      ]
    },
    "time_all": {
      "653_fri_c0_250_25": [
        94.31583547592163,
        77.10837411880493,
        77.53056621551514,
        78.46379208564758,
        76.95452308654785
      ]
    },
    "time_fit": {
      "653_fri_c0_250_25": [
        94.31583547592163,
        77.10837411880493,
        77.53056621551514,
        78.46379208564758,
        76.95452308654785
      ]
    },
    "tau": 0.9
  },
  "LightGBM": {
    "losses": {
      "653_fri_c0_250_25": [
        0.05370998424880322,
        0.03292431523077113,
        0.03013869330910894,
        0.016712620276310992,
        0.020771986380587543
      ]
    },
    "coverage": {
      "653_fri_c0_250_25": [
        0.4,
        0.7571428571428571,
        0.4,
        0.09999999999999998,
        0.09999999999999998
      ]
    },
    "time_all": {
      "653_fri_c0_250_25": [
        0.13303232192993164,
        0.14142203330993652,
        0.12728333473205566,
        0.1397693157196045,
        0.10764908790588379
      ]
    },
    "time_fit": {
      "653_fri_c0_250_25": [
        0.02249932289123535,
        0.0246884822845459,
        0.02743220329284668,
        0.03193187713623047,
        0.01933121681213379
      ]
    },
    "tau": 0.9
  },
  "DecisionTree": {
    "losses": {
      "653_fri_c0_250_25": [
        0.03598874772259132,
        0.01929875016041625,
        0.029447919886569404,
        0.009774656984180155,
        0.027458141826040037
      ]
    },
    "coverage": {
      "653_fri_c0_250_25": [
        0.4,
        0.4714285714285715,
        0.5666666666666667,
        0.09999999999999998,
        0.016666666666666607
      ]
    },
    "complexity": {
      "653_fri_c0_250_25": [
        29,
        13,
        5,
        75,
        5
      ]
    },
    "time_all": {
      "653_fri_c0_250_25": [
        0.04205608367919922,
        0.05894613265991211,
        0.05665087699890137,
        0.06438255310058594,
        0.058716535568237305
      ]
    },
    "time_fit": {
      "653_fri_c0_250_25": [
        0.0040132999420166016,
        0.004126310348510742,
        0.0027892589569091797,
        0.009748220443725586,
        0.002797365188598633
      ]
    },
    "tau": 0.9
  },
  "LinearQuantile": {
    "losses": {
      "653_fri_c0_250_25": [
        0.05589354591351073,
        0.051192160656274736,
        0.07762532673981211,
        0.031590114617959686,
        0.030849285784007786
      ]
    },
    "coverage": {
      "653_fri_c0_250_25": [
        0.5666666666666667,
        0.7571428571428571,
        0.7333333333333334,
        0.4,
        0.5666666666666667
      ]
    },
    "complexity": {
      "653_fri_c0_250_25": [
        25,
        25,
        25,
        25,
        25
      ]
    },
    "time_all": {
      "653_fri_c0_250_25": [
        2.0413613319396973,
        1.9447920322418213,
        0.4188194274902344,
        0.6098434925079346,
        1.4140675067901611
      ]
    },
    "time_fit": {
      "653_fri_c0_250_25": [
        0.18189024925231934,
        0.14284706115722656,
        0.03754568099975586,
        0.045850276947021484,
        0.09612011909484863
      ]
    },
    "tau": 0.9
  }
}