{
  "SQR": {
    "losses": {
      "607_fri_c4_1000_50": [
        0.07498354906892539,
        0.09202274807049582,
        0.02125668801185996,
        0.021064384977245814,
        0.024168157515305322
      ]
    },
    "coverage": {
      "607_fri_c4_1000_50": [
        0.4444444444444444,
        0.45454545454545453,
        0.06000000000000005,
        0.1923076923076923,
        0.07142857142857145
      ]
    },
    "complexity": {
      "607_fri_c4_1000_50": [
        13,
        8,
        14,
        15,
        13
      ]
    },
    "time_all": {
      "607_fri_c4_1000_50": [
        110.93647360801697,
        96.34364199638367,
        101.49438142776489,
        101.54389595985413,
        98.31665778160095
      ]
    },
    "time_fit": {
      "607_fri_c4_1000_50": [
        110.93647360801697,
        96.34364199638367,
        101.49438142776489,
        101.54389595985413,
        98.31665778160095
      ]
    },
    "tau": 0.5
  },
  "LightGBM": {
    "losses": {
      "607_fri_c4_1000_50": [
        0.05364201351645355,
        0.07432509008243895,
        0.0744884309890898,
        0.05792891991073303,
        0.06193995358794344
      ]
    },
    "coverage": {
      "607_fri_c4_1000_50": [
        0.33333333333333337,
        0.3181818181818182,
        0.46,
        0.4230769230769231,
        0.35714285714285715
      ]
    },
    "time_all": {
      "607_fri_c4_1000_50": [
        0.502049446105957,
        0.5558137893676758,
        0.5460705757141113,
        0.4447309970855713,
        0.47202038764953613
      ]
    },
    "time_fit": {
      "607_fri_c4_1000_50": [
        0.08912062644958496,
        0.15706372261047363,
        0.15688133239746094,
        0.08201766014099121,
        0.08249354362487793
      ]
    },
    "tau": 0.5
  },
  "DecisionTree": {
    "losses": {
      "607_fri_c4_1000_50": [
        0.05038189485740114,
        0.06955567911289111,
        0.06773776216508241,
        0.04520959483871765,
        0.056900964588492406
      ]
    },
    "coverage": {
      "607_fri_c4_1000_50": [
        0.33333333333333337,
        0.36363636363636365,
        0.3,
        0.2692307692307692,
        0.30952380952380953
      ]
    },
    "complexity": {
      "607_fri_c4_1000_50": [
        295,
        289,
        127,
        287,
        123
      ]
    },
    "time_all": {
      "607_fri_c4_1000_50": [
        0.47310686111450195,
        0.3834569454193115,
        0.43891453742980957,
        0.39834046363830566,
        0.44160962104797363
      ]
    },
    "time_fit": {
      "607_fri_c4_1000_50": [
        0.06842613220214844,
        0.052846670150756836,
        0.04936981201171875,
        0.05519247055053711,
        0.0510404109954834
      ]
    },
    "tau": 0.5
  },
  "LinearQuantile": {
    "losses": {
      "607_fri_c4_1000_50": [
        0.09336686185882603,
        0.12224005587748497,
        0.10483319760854172,
        0.11705731461402172,
        0.10865080010956324
      ]
    },
    "coverage": {
      "607_fri_c4_1000_50": [
        0.33333333333333337,
        0.45454545454545453,
        0.46,
        0.4230769230769231,
        0.35714285714285715
      ]
    },
    "complexity": {
      "607_fri_c4_1000_50": [
        50,
        50,
        50,
        50,
        50
      ]
    },
    "time_all": {
      "607_fri_c4_1000_50": [
        19.50403094291687,
        5.117063522338867,
        9.60617470741272,
        4.749902725219727,
        21.15544080734253
      ]
    },
    "time_fit": {
      "607_fri_c4_1000_50": [
        1.7721927165985107,
        0.44577574729919434,
        0.838273286819458,
        0.39838266372680664,
        1.9015100002288818
      ]
    },
    "tau": 0.5
  }
}