{
  "SQR": {
    "losses": {
      "527_analcatdata_election2000": [
        0.0,
        0.0,
        0.0
      ]
    },
    "coverage": {
      "527_analcatdata_election2000": [
        0.5,
        0.5,
        0.5
      ]
    },
    "complexity": {
      "527_analcatdata_election2000": [
        14,
        16,
        18
      ]
    },
    "time_all": {
      "527_analcatdata_election2000": [
        81.81771898269653,
        66.45643019676208,
        67.09439325332642
      ]
    },
    "time_fit": {
      "527_analcatdata_election2000": [
        81.81771898269653,
        66.45643019676208,
        67.09439325332642
      ]
    },
    "tau": 0.5
  },
  "LightGBM": {
    "losses": {
      "527_analcatdata_election2000": [
        0.28577642685223786,
        0.19665081654755698,
        0.1410450072138536
      ]
    },
    "coverage": {
      "527_analcatdata_election2000": [
        0.5,
        0.5,
        0.5
      ]
    },
    "time_all": {
      "527_analcatdata_election2000": [
        0.054624080657958984,
        0.05994844436645508,
        0.0693962574005127
      ]
    },
    "time_fit": {
      "527_analcatdata_election2000": [
        0.01143789291381836,
        0.012432575225830078,
        0.014837980270385742
      ]
    },
    "tau": 0.5
  },
  "DecisionTree": {
    "losses": {
      "527_analcatdata_election2000": [
        0.2249990278173852,
        0.14186607212298757,
        0.08218572576672802
      ]
    },
    "coverage": {
      "527_analcatdata_election2000": [
        0.5,
        0.5,
        0.0
      ]
    },
    "complexity": {
      "527_analcatdata_election2000": [
        19,
        17,
        19
      ]
    },
    "time_all": {
      "527_analcatdata_election2000": [
        0.020553112030029297,
        0.028184890747070312,
        0.03253650665283203
      ]
    },
    "time_fit": {
      "527_analcatdata_election2000": [
        0.002023458480834961,
        0.002691984176635742,
        0.0030281543731689453
      ]
    },
    "tau": 0.5
  },
  "LinearQuantile": {
    "losses": {
      "527_analcatdata_election2000": [
        1.195162759969078e-12,
        3.157448331833572e-13,
        3.761247370617207e-14
      ]
    },
    "coverage": {
      "527_analcatdata_election2000": [
        0.5,
        0.0,
        0.5
      ]
    },
    "complexity": {
      "527_analcatdata_election2000": [
        14,
        14,
        14
      ]
    },
    "time_all": {
      "527_analcatdata_election2000": [
        0.02286219596862793,
        0.02704787254333496,
        0.029451847076416016
      ]
    },
    "time_fit": {
      "527_analcatdata_election2000": [
        0.001344919204711914,
        0.001889944076538086,
        0.002054929733276367
      ]
    },
    "tau": 0.5
  }
}