{
  "SQR": {
    "losses": {
      "648_fri_c1_250_50": [
        0.0465324723169259,
        0.04374752130416946,
        0.044213853335965315,
        0.03400858243460907,
        0.016314826145777308
      ]
    },
    "coverage": {
      "648_fri_c1_250_50": [
        0.5,
        0.16666666666666663,
        0.16666666666666669,
        0.09999999999999998,
        0.5
      ]
    },
    "complexity": {
      "648_fri_c1_250_50": [
        15,
        8,
        13,
        15,
        16
      ]
    },
    "time_all": {
      "648_fri_c1_250_50": [
        93.02999258041382,
        74.24666261672974,
        75.05657243728638,
        74.10480856895447,
        73.97914528846741
      ]
    },
    "time_fit": {
      "648_fri_c1_250_50": [
        93.02999258041382,
        74.24666261672974,
        75.05657243728638,
        74.10480856895447,
        73.97914528846741
      ]
    },
    "tau": 0.5
  },
  "LightGBM": {
    "losses": {
      "648_fri_c1_250_50": [
        0.078354236265371,
        0.12151422364397849,
        0.11103461265918343,
        0.12957865526028972,
        0.1402224216460311
      ]
    },
    "coverage": {
      "648_fri_c1_250_50": [
        0.375,
        0.16666666666666669,
        0.5,
        0.5,
        0.5
      ]
    },
    "time_all": {
      "648_fri_c1_250_50": [
        0.1817338466644287,
        0.1521894931793213,
        0.14911413192749023,
        0.1441969871520996,
        0.14697265625
      ]
    },
    "time_fit": {
      "648_fri_c1_250_50": [
        0.04432249069213867,
        0.035997867584228516,
        0.03542184829711914,
        0.036220550537109375,
        0.03709840774536133
      ]
    },
    "tau": 0.5
  },
  "DecisionTree": {
    "losses": {
      "648_fri_c1_250_50": [
        0.0757566874974336,
        0.05013811358623269,
        0.1280797366395596,
        0.06120753148658176,
        0.018535096645741912
      ]
    },
    "coverage": {
      "648_fri_c1_250_50": [
        0.5,
        0.33333333333333337,
        0.5,
        0.09999999999999998,
        0.5
      ]
    },
    "complexity": {
      "648_fri_c1_250_50": [
        69,
        65,
        71,
        29,
        29
      ]
    },
    "time_all": {
      "648_fri_c1_250_50": [
        0.09162545204162598,
        0.08484268188476562,
        0.08523035049438477,
        0.08149170875549316,
        0.07878732681274414
      ]
    },
    "time_fit": {
      "648_fri_c1_250_50": [
        0.013542413711547852,
        0.013274192810058594,
        0.013635873794555664,
        0.00883030891418457,
        0.008683919906616211
      ]
    },
    "tau": 0.5
  },
  "LinearQuantile": {
    "losses": {
      "648_fri_c1_250_50": [
        0.0792678826520632,
        0.16777683890435832,
        0.1258356371169778,
        0.10634574318761195,
        0.1414742934249967
      ]
    },
    "coverage": {
      "648_fri_c1_250_50": [
        0.375,
        0.16666666666666669,
        0.5,
        0.5,
        0.5
      ]
    },
    "complexity": {
      "648_fri_c1_250_50": [
        50,
        50,
        50,
        50,
        50
      ]
    },
    "time_all": {
      "648_fri_c1_250_50": [
        5.747310400009155,
        8.30725908279419,
        6.38188910484314,
        3.570591926574707,
        2.714085102081299
      ]
    },
    "time_fit": {
      "648_fri_c1_250_50": [
        0.4733562469482422,
        0.7148561477661133,
        0.5578625202178955,
        0.30806493759155273,
        0.22037410736083984
      ]
    },
    "tau": 0.5
  }
}