{
  "SQR": {
    "losses": {
      "574_house_16H": [
        0.06991067115287161,
        0.07081947942311892,
        0.06210896731415512,
        0.05809828003825176,
        0.039275314028869114
      ]
    },
    "coverage": {
      "574_house_16H": [
        0.5377440347071584,
        0.5137339055793992,
        0.40963597430406856,
        0.37245762711864405,
        0.11813725490196081
      ]
    },
    "complexity": {
      "574_house_16H": [
        4,
        4,
        5,
        5,
        6
      ]
    },
    "time_all": {
      "574_house_16H": [
        514.9550197124481,
        565.6595368385315,
        583.8133554458618,
        578.2302570343018,
        475.90686774253845
      ]
    },
    "time_fit": {
      "574_house_16H": [
        514.9550197124481,
        565.6595368385315,
        583.8133554458618,
        578.2302570343018,
        475.90686774253845
      ]
    },
    "tau": 0.9
  },
  "LightGBM": {
    "losses": {
      "574_house_16H": [
        0.02907744627979686,
        0.034035237451748836,
        0.026262400352981167,
        0.029100498181335546,
        0.032678954621436454
      ]
    },
    "coverage": {
      "574_house_16H": [
        0.15379609544468553,
        0.14248927038626613,
        0.13554603854389724,
        0.11610169491525424,
        0.1622549019607843
      ]
    },
    "time_all": {
      "574_house_16H": [
        1.4408478736877441,
        1.4354369640350342,
        1.4901607036590576,
        1.4406044483184814,
        1.4790019989013672
      ]
    },
    "time_fit": {
      "574_house_16H": [
        0.3832383155822754,
        0.37355470657348633,
        0.38245701789855957,
        0.3736720085144043,
        0.3830223083496094
      ]
    },
    "tau": 0.9
  },
  "DecisionTree": {
    "losses": {
      "574_house_16H": [
        0.028816002845217736,
        0.035676341093669746,
        0.02811418916776727,
        0.029563658711665625,
        0.0341209283267708
      ]
    },
    "coverage": {
      "574_house_16H": [
        0.15162689804772234,
        0.13819742489270392,
        0.1462526766595289,
        0.12881355932203387,
        0.17696078431372553
      ]
    },
    "complexity": {
      "574_house_16H": [
        811,
        527,
        527,
        521,
        821
      ]
    },
    "time_all": {
      "574_house_16H": [
        3.645159959793091,
        3.6876254081726074,
        3.7295706272125244,
        3.735463857650757,
        3.751944065093994
      ]
    },
    "time_fit": {
      "574_house_16H": [
        0.2788424491882324,
        0.2554202079772949,
        0.26236581802368164,
        0.2487943172454834,
        0.2876307964324951
      ]
    },
    "tau": 0.9
  },
  "LinearQuantile": {
    "losses": {
      "574_house_16H": [
        0.031212153375489674,
        0.035667095201761895,
        0.03178776748742525,
        0.03384230878849315,
        0.03237229523245162
      ]
    },
    "coverage": {
      "574_house_16H": [
        0.02581344902386118,
        0.020171673819742497,
        0.011349036402569568,
        0.0025423728813559476,
        0.022549019607843168
      ]
    },
    "complexity": {
      "574_house_16H": [
        16,
        16,
        16,
        16,
        16
      ]
    },
    "time_all": {
      "574_house_16H": [
        88.06386303901672,
        81.80995035171509,
        90.00092220306396,
        90.62862944602966,
        79.9341070652008
      ]
    },
    "time_fit": {
      "574_house_16H": [
        11.844891786575317,
        3.039722204208374,
        9.880390644073486,
        10.11864423751831,
        3.0234453678131104
      ]
    },
    "tau": 0.9
  }
}