{
  "SQR": {
    "losses": {
      "623_fri_c4_1000_10": [
        0.016763242952964347,
        0.00814456725241585,
        0.007872712600254652,
        0.006562479227875742,
        0.0632336737687674
      ]
    },
    "coverage": {
      "623_fri_c4_1000_10": [
        0.25,
        0.07647058823529418,
        0.21578947368421053,
        0.04285714285714293,
        0.3583333333333334
      ]
    },
    "complexity": {
      "623_fri_c4_1000_10": [
        15,
        14,
        9,
        15,
        8
      ]
    },
    "time_all": {
      "623_fri_c4_1000_10": [
        110.2544584274292,
        99.15143132209778,
        95.19381928443909,
        97.39537119865417,
        97.59594082832336
      ]
    },
    "time_fit": {
      "623_fri_c4_1000_10": [
        110.2544584274292,
        99.15143132209778,
        95.19381928443909,
        97.39537119865417,
        97.59594082832336
      ]
    },
    "tau": 0.9
  },
  "LightGBM": {
    "losses": {
      "623_fri_c4_1000_10": [
        0.03784610813398227,
        0.02075878831226881,
        0.041369805701032124,
        0.03872383388682775,
        0.04234900767514334
      ]
    },
    "coverage": {
      "623_fri_c4_1000_10": [
        0.45,
        0.2529411764705882,
        0.37368421052631584,
        0.4714285714285715,
        0.4
      ]
    },
    "time_all": {
      "623_fri_c4_1000_10": [
        0.3036007881164551,
        0.3013029098510742,
        0.29659080505371094,
        0.28569555282592773,
        0.324146032333374
      ]
    },
    "time_fit": {
      "623_fri_c4_1000_10": [
        0.05510210990905762,
        0.06039285659790039,
        0.061689138412475586,
        0.0548856258392334,
        0.059334516525268555
      ]
    },
    "tau": 0.9
  },
  "DecisionTree": {
    "losses": {
      "623_fri_c4_1000_10": [
        0.07506873403400183,
        0.04465530078578111,
        0.0534716571743862,
        0.03679806295770258,
        0.06645436802453898
      ]
    },
    "coverage": {
      "623_fri_c4_1000_10": [
        0.55,
        0.5470588235294118,
        0.32105263157894737,
        0.5666666666666667,
        0.6083333333333334
      ]
    },
    "complexity": {
      "623_fri_c4_1000_10": [
        25,
        29,
        23,
        37,
        123
      ]
    },
    "time_all": {
      "623_fri_c4_1000_10": [
        0.09822583198547363,
        0.14960360527038574,
        0.15049314498901367,
        0.14934015274047852,
        0.1586306095123291
      ]
    },
    "time_fit": {
      "623_fri_c4_1000_10": [
        0.004940509796142578,
        0.008380889892578125,
        0.007602691650390625,
        0.009529590606689453,
        0.017923355102539062
      ]
    },
    "tau": 0.9
  },
  "LinearQuantile": {
    "losses": {
      "623_fri_c4_1000_10": [
        0.2303396204025956,
        0.23090343489885393,
        0.20955120381763512,
        0.219731540265449,
        0.27207171237042
      ]
    },
    "coverage": {
      "623_fri_c4_1000_10": [
        0.8,
        0.9,
        0.7947368421052632,
        0.8523809523809525,
        0.9
      ]
    },
    "complexity": {
      "623_fri_c4_1000_10": [
        10,
        10,
        10,
        10,
        10
      ]
    },
    "time_all": {
      "623_fri_c4_1000_10": [
        0.13335657119750977,
        0.30043482780456543,
        0.6446027755737305,
        0.2570617198944092,
        0.3595466613769531
      ]
    },
    "time_fit": {
      "623_fri_c4_1000_10": [
        0.010906219482421875,
        0.026669979095458984,
        0.048807621002197266,
        0.022226810455322266,
        0.0319371223449707
      ]
    },
    "tau": 0.9
  }
}