{
  "SQR": {
    "losses": {
      "658_fri_c3_250_25": [
        0.0039059515939611827,
        0.012067050070175394,
        0.021241916779600828,
        0.014177485133797544,
        0.0028764288086989558
      ]
    },
    "coverage": {
      "658_fri_c3_250_25": [
        0.09999999999999998,
        0.09999999999999998,
        0.4,
        0.025000000000000022,
        0.04285714285714293
      ]
    },
    "complexity": {
      "658_fri_c3_250_25": [
        12,
        14,
        11,
        14,
        13
      ]
    },
    "time_all": {
      "658_fri_c3_250_25": [
        92.92690944671631,
        78.00576162338257,
        75.443523645401,
        79.94261074066162,
        75.04972410202026
      ]
    },
    "time_fit": {
      "658_fri_c3_250_25": [
        92.92690944671631,
        78.00576162338257,
        75.443523645401,
        79.94261074066162,
        75.04972410202026
      ]
    },
    "tau": 0.9
  },
  "LightGBM": {
    "losses": {
      "658_fri_c3_250_25": [
        0.015358909181214499,
        0.02111197654635047,
        0.0742881252016846,
        0.07858443580253346,
        0.02495275140580942
      ]
    },
    "coverage": {
      "658_fri_c3_250_25": [
        0.04285714285714293,
        0.5666666666666667,
        0.4,
        0.275,
        0.3285714285714286
      ]
    },
    "time_all": {
      "658_fri_c3_250_25": [
        0.14140677452087402,
        0.13896703720092773,
        0.11656856536865234,
        0.12570428848266602,
        0.11808466911315918
      ]
    },
    "time_fit": {
      "658_fri_c3_250_25": [
        0.03284740447998047,
        0.024765729904174805,
        0.019181013107299805,
        0.026289939880371094,
        0.026105403900146484
      ]
    },
    "tau": 0.9
  },
  "DecisionTree": {
    "losses": {
      "658_fri_c3_250_25": [
        0.011705998487202341,
        0.012250988529962377,
        0.07805076549400382,
        0.10643058607888971,
        0.04642464662359527
      ]
    },
    "coverage": {
      "658_fri_c3_250_25": [
        0.18571428571428572,
        0.5666666666666667,
        0.9,
        0.525,
        0.4714285714285715
      ]
    },
    "complexity": {
      "658_fri_c3_250_25": [
        9,
        9,
        15,
        29,
        29
      ]
    },
    "time_all": {
      "658_fri_c3_250_25": [
        0.04209184646606445,
        0.05890798568725586,
        0.060775041580200195,
        0.06154942512512207,
        0.06141304969787598
      ]
    },
    "time_fit": {
      "658_fri_c3_250_25": [
        0.0024421215057373047,
        0.0036013126373291016,
        0.004557371139526367,
        0.006151437759399414,
        0.006185054779052734
      ]
    },
    "tau": 0.9
  },
  "LinearQuantile": {
    "losses": {
      "658_fri_c3_250_25": [
        0.07074177498978301,
        0.10753505512280236,
        0.1774245847240677,
        0.31664279616874347,
        0.2643363126086126
      ]
    },
    "coverage": {
      "658_fri_c3_250_25": [
        0.3285714285714286,
        0.5666666666666667,
        0.4,
        0.9,
        0.9
      ]
    },
    "complexity": {
      "658_fri_c3_250_25": [
        25,
        25,
        25,
        25,
        25
      ]
    },
    "time_all": {
      "658_fri_c3_250_25": [
        1.2768263816833496,
        0.44941186904907227,
        1.4782562255859375,
        0.5803189277648926,
        0.8140077590942383
      ]
    },
    "time_fit": {
      "658_fri_c3_250_25": [
        0.11473822593688965,
        0.03668475151062012,
        0.1058201789855957,
        0.05225205421447754,
        0.06039619445800781
      ]
    },
    "tau": 0.9
  }
}