{
  "SQR": {
    "losses": {
      "605_fri_c2_250_25": [
        0.028066716360568202,
        0.09004557782703199,
        0.020931161583108242,
        0.06318189822806186,
        0.07967771276403741
      ]
    },
    "coverage": {
      "605_fri_c2_250_25": [
        0.33333333333333337,
        0.16666666666666663,
        0.0,
        0.5,
        0.5
      ]
    },
    "complexity": {
      "605_fri_c2_250_25": [
        14,
        17,
        14,
        17,
        12
      ]
    },
    "time_all": {
      "605_fri_c2_250_25": [
        91.36143779754639,
        75.8721969127655,
        73.32517218589783,
        73.45952367782593,
        74.6687023639679
      ]
    },
    "time_fit": {
      "605_fri_c2_250_25": [
        91.36143779754639,
        75.8721969127655,
        73.32517218589783,
        73.45952367782593,
        74.6687023639679
      ]
    },
    "tau": 0.5
  },
  "LightGBM": {
    "losses": {
      "605_fri_c2_250_25": [
        0.1262854216761383,
        0.08299369008546638,
        0.1389871377691734,
        0.1381324394470741,
        0.10616259552175733
      ]
    },
    "coverage": {
      "605_fri_c2_250_25": [
        0.33333333333333337,
        0.5,
        0.3,
        0.5,
        0.0
      ]
    },
    "time_all": {
      "605_fri_c2_250_25": [
        0.12803292274475098,
        0.16566109657287598,
        0.1382279396057129,
        0.14481830596923828,
        0.15752696990966797
      ]
    },
    "time_fit": {
      "605_fri_c2_250_25": [
        0.030106067657470703,
        0.03973889350891113,
        0.03198099136352539,
        0.023377656936645508,
        0.03337430953979492
      ]
    },
    "tau": 0.5
  },
  "DecisionTree": {
    "losses": {
      "605_fri_c2_250_25": [
        0.09195170309324006,
        0.07628999745880859,
        0.14619191411452734,
        0.03518366809358793,
        0.13712550054294595
      ]
    },
    "coverage": {
      "605_fri_c2_250_25": [
        0.33333333333333337,
        0.5,
        0.3,
        0.5,
        0.5
      ]
    },
    "complexity": {
      "605_fri_c2_250_25": [
        73,
        69,
        77,
        73,
        31
      ]
    },
    "time_all": {
      "605_fri_c2_250_25": [
        0.04420804977416992,
        0.06331324577331543,
        0.06544947624206543,
        0.06621360778808594,
        0.060720205307006836
      ]
    },
    "time_fit": {
      "605_fri_c2_250_25": [
        0.006676912307739258,
        0.009372472763061523,
        0.010335206985473633,
        0.010146379470825195,
        0.006291866302490234
      ]
    },
    "tau": 0.5
  },
  "LinearQuantile": {
    "losses": {
      "605_fri_c2_250_25": [
        0.13589987701488526,
        0.08987049277916509,
        0.16367356609942774,
        0.22333236296430256,
        0.1539440247589445
      ]
    },
    "coverage": {
      "605_fri_c2_250_25": [
        0.33333333333333337,
        0.16666666666666669,
        0.3,
        0.5,
        0.0
      ]
    },
    "complexity": {
      "605_fri_c2_250_25": [
        25,
        25,
        25,
        25,
        25
      ]
    },
    "time_all": {
      "605_fri_c2_250_25": [
        1.141542911529541,
        0.6693012714385986,
        1.0915172100067139,
        0.42345118522644043,
        2.417607545852661
      ]
    },
    "time_fit": {
      "605_fri_c2_250_25": [
        0.10046076774597168,
        0.049233436584472656,
        0.07841730117797852,
        0.037932395935058594,
        0.1926577091217041
      ]
    },
    "tau": 0.5
  }
}