{
  "SQR": {
    "losses": {
      "294_satellite_image": [
        0.3893367742017166,
        0.1694367541563803,
        0.36225364194871806,
        0.37844027353603615,
        0.3725095763422392
      ]
    },
    "coverage": {
      "294_satellite_image": [
        0.5,
        0.49,
        0.5,
        0.5,
        0.5
      ]
    },
    "complexity": {
      "294_satellite_image": [
        3,
        6,
        4,
        3,
        4
      ]
    },
    "time_all": {
      "294_satellite_image": [
        281.3433699607849,
        245.3489875793457,
        287.58149933815,
        287.67487716674805,
        271.8466258049011
      ]
    },
    "time_fit": {
      "294_satellite_image": [
        281.3433699607849,
        245.3489875793457,
        287.58149933815,
        287.67487716674805,
        271.8466258049011
      ]
    },
    "tau": 0.5
  },
  "LightGBM": {
    "losses": {
      "294_satellite_image": [
        0.015623595511903279,
        0.014749418939464362,
        0.02313479737144718,
        0.010825683507278394,
        0.010221402546951412
      ]
    },
    "coverage": {
      "294_satellite_image": [
        0.2583333333333333,
        0.44999999999999996,
        0.4,
        0.2635135135135135,
        0.24809160305343514
      ]
    },
    "time_all": {
      "294_satellite_image": [
        0.9188103675842285,
        1.1200857162475586,
        0.9703176021575928,
        1.1296799182891846,
        0.8922240734100342
      ]
    },
    "time_fit": {
      "294_satellite_image": [
        0.22344350814819336,
        0.3911271095275879,
        0.21979856491088867,
        0.3931465148925781,
        0.12193751335144043
      ]
    },
    "tau": 0.5
  },
  "DecisionTree": {
    "losses": {
      "294_satellite_image": [
        0.003472222222222222,
        0.0016666666666666668,
        0.010897435897435899,
        0.003096846846846847,
        0.003816793893129771
      ]
    },
    "coverage": {
      "294_satellite_image": [
        0.5,
        0.5,
        0.49230769230769234,
        0.5,
        0.49236641221374045
      ]
    },
    "complexity": {
      "294_satellite_image": [
        601,
        149,
        353,
        377,
        355
      ]
    },
    "time_all": {
      "294_satellite_image": [
        0.8010354042053223,
        0.7971549034118652,
        0.9264171123504639,
        0.8653631210327148,
        0.8894753456115723
      ]
    },
    "time_fit": {
      "294_satellite_image": [
        0.10161900520324707,
        0.0608983039855957,
        0.08335995674133301,
        0.08680963516235352,
        0.08783650398254395
      ]
    },
    "tau": 0.5
  },
  "LinearQuantile": {
    "losses": {
      "294_satellite_image": [
        0.2568734253685398,
        0.2163170743848304,
        0.24722355701757423,
        0.29047939759061686,
        0.2625913468459457
      ]
    },
    "coverage": {
      "294_satellite_image": [
        0.43333333333333335,
        0.45999999999999996,
        0.42307692307692313,
        0.41891891891891897,
        0.46183206106870234
      ]
    },
    "complexity": {
      "294_satellite_image": [
        36,
        36,
        36,
        36,
        36
      ]
    },
    "time_all": {
      "294_satellite_image": [
        5.399703502655029,
        8.053520679473877,
        5.781633615493774,
        7.5133984088897705,
        5.604286193847656
      ]
    },
    "time_fit": {
      "294_satellite_image": [
        0.49019598960876465,
        0.7241010665893555,
        0.48119354248046875,
        0.5730438232421875,
        0.4816017150878906
      ]
    },
    "tau": 0.5
  }
}