{
  "SQR": {
    "losses": {
      "623_fri_c4_1000_10": [
        0.015960325991236816,
        0.017446938224585304,
        0.027512390871930813,
        0.01766851011347053,
        0.02266808483090289
      ]
    },
    "coverage": {
      "623_fri_c4_1000_10": [
        0.09999999999999998,
        0.02941176470588236,
        0.13157894736842102,
        0.16666666666666669,
        0.16666666666666669
      ]
    },
    "complexity": {
      "623_fri_c4_1000_10": [
        14,
        10,
        14,
        13,
        14
      ]
    },
    "time_all": {
      "623_fri_c4_1000_10": [
        108.19361066818237,
        100.1108078956604,
        100.13462281227112,
        99.49090266227722,
        97.51464867591858
      ]
    },
    "time_fit": {
      "623_fri_c4_1000_10": [
        108.19361066818237,
        100.1108078956604,
        100.13462281227112,
        99.49090266227722,
        97.51464867591858
      ]
    },
    "tau": 0.5
  },
  "LightGBM": {
    "losses": {
      "623_fri_c4_1000_10": [
        0.05964758268035632,
        0.061936686982789584,
        0.0637083035033241,
        0.0642384315630847,
        0.07295710889102147
      ]
    },
    "coverage": {
      "623_fri_c4_1000_10": [
        0.35,
        0.4411764705882353,
        0.2368421052631579,
        0.40476190476190477,
        0.4166666666666667
      ]
    },
    "time_all": {
      "623_fri_c4_1000_10": [
        0.39440035820007324,
        0.45851969718933105,
        0.42189764976501465,
        0.3576202392578125,
        0.356306791305542
      ]
    },
    "time_fit": {
      "623_fri_c4_1000_10": [
        0.07248640060424805,
        0.14028596878051758,
        0.13828396797180176,
        0.07001876831054688,
        0.07061576843261719
      ]
    },
    "tau": 0.5
  },
  "DecisionTree": {
    "losses": {
      "623_fri_c4_1000_10": [
        0.08094310933381595,
        0.05288257870486557,
        0.06161921570905705,
        0.06104650223675222,
        0.06976271535761301
      ]
    },
    "coverage": {
      "623_fri_c4_1000_10": [
        0.25,
        0.38235294117647056,
        0.1842105263157895,
        0.2619047619047619,
        0.33333333333333337
      ]
    },
    "complexity": {
      "623_fri_c4_1000_10": [
        299,
        287,
        289,
        287,
        287
      ]
    },
    "time_all": {
      "623_fri_c4_1000_10": [
        0.18369293212890625,
        0.17629408836364746,
        0.1772611141204834,
        0.17329144477844238,
        0.1683182716369629
      ]
    },
    "time_fit": {
      "623_fri_c4_1000_10": [
        0.03344273567199707,
        0.032169342041015625,
        0.031732797622680664,
        0.03151988983154297,
        0.029387950897216797
      ]
    },
    "tau": 0.5
  },
  "LinearQuantile": {
    "losses": {
      "623_fri_c4_1000_10": [
        0.09629519623298843,
        0.09198365732722925,
        0.088031786957838,
        0.09461849698658335,
        0.1137335765281123
      ]
    },
    "coverage": {
      "623_fri_c4_1000_10": [
        0.4,
        0.4411764705882353,
        0.34210526315789475,
        0.30952380952380953,
        0.4166666666666667
      ]
    },
    "complexity": {
      "623_fri_c4_1000_10": [
        10,
        10,
        10,
        10,
        10
      ]
    },
    "time_all": {
      "623_fri_c4_1000_10": [
        0.6676042079925537,
        0.5425364971160889,
        0.27179861068725586,
        0.4687180519104004,
        0.18252134323120117
      ]
    },
    "time_fit": {
      "623_fri_c4_1000_10": [
        0.059564828872680664,
        0.04225516319274902,
        0.022908687591552734,
        0.04146575927734375,
        0.015279293060302734
      ]
    },
    "tau": 0.5
  }
}