{
  "SQR": {
    "losses": {
      "230_machine_cpu": [
        0.15273388983807695,
        0.08867140026075174,
        0.04199753468344988,
        0.008144603146853151,
        0.06981258421558881
      ]
    },
    "coverage": {
      "230_machine_cpu": [
        0.5,
        0.33333333333333337,
        0.5,
        0.5,
        0.5
      ]
    },
    "complexity": {
      "230_machine_cpu": [
        4,
        4,
        5,
        4,
        4
      ]
    },
    "time_all": {
      "230_machine_cpu": [
        91.69554948806763,
        73.58665895462036,
        76.26085615158081,
        74.48177862167358,
        75.29898142814636
      ]
    },
    "time_fit": {
      "230_machine_cpu": [
        91.69554948806763,
        73.58665895462036,
        76.26085615158081,
        74.48177862167358,
        75.29898142814636
      ]
    },
    "tau": 0.5
  },
  "LightGBM": {
    "losses": {
      "230_machine_cpu": [
        0.22164671047395088,
        0.13336122549118556,
        0.06512981863034863,
        0.011417116935566567,
        0.06031654431345162
      ]
    },
    "coverage": {
      "230_machine_cpu": [
        0.5,
        0.5,
        0.5,
        0.5,
        0.5
      ]
    },
    "time_all": {
      "230_machine_cpu": [
        0.11327958106994629,
        0.10992789268493652,
        0.1081700325012207,
        0.1293773651123047,
        0.13072776794433594
      ]
    },
    "time_fit": {
      "230_machine_cpu": [
        0.023346900939941406,
        0.023631811141967773,
        0.024152517318725586,
        0.029600143432617188,
        0.02872157096862793
      ]
    },
    "tau": 0.5
  },
  "DecisionTree": {
    "losses": {
      "230_machine_cpu": [
        0.15570367132867133,
        0.09506118881118882,
        0.040865384615384616,
        0.0015297202797202797,
        0.01952214452214452
      ]
    },
    "coverage": {
      "230_machine_cpu": [
        0.5,
        0.33333333333333337,
        0.16666666666666669,
        0.5,
        0.5
      ]
    },
    "complexity": {
      "230_machine_cpu": [
        61,
        63,
        59,
        7,
        29
      ]
    },
    "time_all": {
      "230_machine_cpu": [
        0.027699708938598633,
        0.04270219802856445,
        0.042005300521850586,
        0.03984498977661133,
        0.04147601127624512
      ]
    },
    "time_fit": {
      "230_machine_cpu": [
        0.003854036331176758,
        0.006194353103637695,
        0.005910634994506836,
        0.002131938934326172,
        0.0037641525268554688
      ]
    },
    "tau": 0.5
  },
  "LinearQuantile": {
    "losses": {
      "230_machine_cpu": [
        0.13005472730206988,
        0.09020819712202365,
        0.03492179406799071,
        0.008342019422465655,
        0.04348789436995903
      ]
    },
    "coverage": {
      "230_machine_cpu": [
        0.5,
        0.33333333333333337,
        0.16666666666666663,
        0.5,
        0.5
      ]
    },
    "complexity": {
      "230_machine_cpu": [
        6,
        6,
        6,
        6,
        6
      ]
    },
    "time_all": {
      "230_machine_cpu": [
        0.10038232803344727,
        0.1035609245300293,
        0.3072068691253662,
        0.1546785831451416,
        0.13952350616455078
      ]
    },
    "time_fit": {
      "230_machine_cpu": [
        0.008130550384521484,
        0.008676767349243164,
        0.02617788314819336,
        0.01311945915222168,
        0.011921167373657227
      ]
    },
    "tau": 0.5
  }
}