{
  "SQR": {
    "losses": {
      "645_fri_c3_500_50": [
        0.021995883151130796,
        0.004355524419973415,
        0.00826854650566742,
        0.008102882972782265,
        0.007969788938770754
      ]
    },
    "coverage": {
      "645_fri_c3_500_50": [
        0.04285714285714293,
        0.025000000000000022,
        0.09999999999999998,
        0.06666666666666665,
        0.06666666666666665
      ]
    },
    "complexity": {
      "645_fri_c3_500_50": [
        10,
        18,
        14,
        12,
        12
      ]
    },
    "time_all": {
      "645_fri_c3_500_50": [
        111.2744812965393,
        93.40587997436523,
        96.74548101425171,
        93.79934692382812,
        92.18657946586609
      ]
    },
    "time_fit": {
      "645_fri_c3_500_50": [
        111.2744812965393,
        93.40587997436523,
        96.74548101425171,
        93.79934692382812,
        92.18657946586609
      ]
    },
    "tau": 0.9
  },
  "LightGBM": {
    "losses": {
      "645_fri_c3_500_50": [
        0.03087146726656202,
        0.015975298518719774,
        0.06663284420357889,
        0.01812759206043106,
        0.013474410357710478
      ]
    },
    "coverage": {
      "645_fri_c3_500_50": [
        0.2571428571428571,
        0.4,
        0.4454545454545455,
        0.06666666666666665,
        0.06666666666666665
      ]
    },
    "time_all": {
      "645_fri_c3_500_50": [
        0.23546981811523438,
        0.26638078689575195,
        0.21068763732910156,
        0.24700164794921875,
        0.19418621063232422
      ]
    },
    "time_fit": {
      "645_fri_c3_500_50": [
        0.04595637321472168,
        0.07009744644165039,
        0.04456686973571777,
        0.05723309516906738,
        0.04024982452392578
      ]
    },
    "tau": 0.9
  },
  "DecisionTree": {
    "losses": {
      "645_fri_c3_500_50": [
        0.02144254536234263,
        0.017724744477507864,
        0.06353769322885042,
        0.01792194681363534,
        0.014099354002366065
      ]
    },
    "coverage": {
      "645_fri_c3_500_50": [
        0.2571428571428571,
        0.025000000000000022,
        0.3545454545454546,
        0.2333333333333334,
        0.2333333333333334
      ]
    },
    "complexity": {
      "645_fri_c3_500_50": [
        65,
        59,
        145,
        27,
        27
      ]
    },
    "time_all": {
      "645_fri_c3_500_50": [
        0.1306753158569336,
        0.17632389068603516,
        0.1906723976135254,
        0.17601895332336426,
        0.1850721836090088
      ]
    },
    "time_fit": {
      "645_fri_c3_500_50": [
        0.013910055160522461,
        0.01961827278137207,
        0.030568838119506836,
        0.014132976531982422,
        0.014284610748291016
      ]
    },
    "tau": 0.9
  },
  "LinearQuantile": {
    "losses": {
      "645_fri_c3_500_50": [
        0.11957795363776666,
        0.1298828153472675,
        0.1705619121306604,
        0.13523903514144567,
        0.0789970949854245
      ]
    },
    "coverage": {
      "645_fri_c3_500_50": [
        0.6857142857142857,
        0.65,
        0.8090909090909091,
        0.65,
        0.7333333333333334
      ]
    },
    "complexity": {
      "645_fri_c3_500_50": [
        50,
        50,
        50,
        50,
        50
      ]
    },
    "time_all": {
      "645_fri_c3_500_50": [
        4.189099550247192,
        10.233671426773071,
        27.869809865951538,
        4.141622304916382,
        10.187553644180298
      ]
    },
    "time_fit": {
      "645_fri_c3_500_50": [
        0.37128520011901855,
        0.8905942440032959,
        2.0964505672454834,
        0.3423187732696533,
        0.8961007595062256
      ]
    },
    "tau": 0.9
  }
}