{
  "SQR": {
    "losses": {
      "599_fri_c2_1000_5": [
        0.03746515692930223,
        0.023253699322932007,
        0.07902612378635816,
        0.024417684782477224,
        0.08619705031131945
      ]
    },
    "coverage": {
      "599_fri_c2_1000_5": [
        0.0714285714285714,
        0.3285714285714286,
        0.2142857142857143,
        0.16666666666666663,
        0.16666666666666663
      ]
    },
    "complexity": {
      "599_fri_c2_1000_5": [
        11,
        15,
        16,
        13,
        13
      ]
    },
    "time_all": {
      "599_fri_c2_1000_5": [
        114.05377769470215,
        89.15274333953857,
        94.50380849838257,
        92.9875054359436,
        92.9832911491394
      ]
    },
    "time_fit": {
      "599_fri_c2_1000_5": [
        114.05377769470215,
        89.15274333953857,
        94.50380849838257,
        92.9875054359436,
        92.9832911491394
      ]
    },
    "tau": 0.5
  },
  "LightGBM": {
    "losses": {
      "599_fri_c2_1000_5": [
        0.06339118444929631,
        0.061807136548085964,
        0.05098042388965294,
        0.041105650299829495,
        0.048180328227178444
      ]
    },
    "coverage": {
      "599_fri_c2_1000_5": [
        0.4285714285714286,
        0.18571428571428572,
        0.2142857142857143,
        0.33333333333333337,
        0.2619047619047619
      ]
    },
    "time_all": {
      "599_fri_c2_1000_5": [
        0.3807823657989502,
        0.3310387134552002,
        0.4177572727203369,
        0.33514928817749023,
        0.353318452835083
      ]
    },
    "time_fit": {
      "599_fri_c2_1000_5": [
        0.12179374694824219,
        0.06769585609436035,
        0.1186072826385498,
        0.07018780708312988,
        0.07113909721374512
      ]
    },
    "tau": 0.5
  },
  "DecisionTree": {
    "losses": {
      "599_fri_c2_1000_5": [
        0.07656258918005764,
        0.06828904381170316,
        0.0604698256459775,
        0.04161819018376437,
        0.0420218969531556
      ]
    },
    "coverage": {
      "599_fri_c2_1000_5": [
        0.4285714285714286,
        0.18571428571428572,
        0.2619047619047619,
        0.33333333333333337,
        0.16666666666666669
      ]
    },
    "complexity": {
      "599_fri_c2_1000_5": [
        29,
        57,
        59,
        57,
        291
      ]
    },
    "time_all": {
      "599_fri_c2_1000_5": [
        0.086212158203125,
        0.12084150314331055,
        0.11673641204833984,
        0.11974143981933594,
        0.13882088661193848
      ]
    },
    "time_fit": {
      "599_fri_c2_1000_5": [
        0.004461050033569336,
        0.009245157241821289,
        0.009011030197143555,
        0.008877277374267578,
        0.026441574096679688
      ]
    },
    "tau": 0.5
  },
  "LinearQuantile": {
    "losses": {
      "599_fri_c2_1000_5": [
        0.12847186315324188,
        0.12020766687448685,
        0.13554743231222535,
        0.11720636070529292,
        0.13036577599288526
      ]
    },
    "coverage": {
      "599_fri_c2_1000_5": [
        0.5,
        0.38571428571428573,
        0.40476190476190477,
        0.16666666666666669,
        0.5
      ]
    },
    "complexity": {
      "599_fri_c2_1000_5": [
        5,
        5,
        5,
        5,
        5
      ]
    },
    "time_all": {
      "599_fri_c2_1000_5": [
        0.09291815757751465,
        0.08791685104370117,
        0.4240260124206543,
        1.2301058769226074,
        0.7410402297973633
      ]
    },
    "time_fit": {
      "599_fri_c2_1000_5": [
        0.0074558258056640625,
        0.007402658462524414,
        0.03792691230773926,
        0.08048200607299805,
        0.05899333953857422
      ]
    },
    "tau": 0.5
  }
}