{
  "SQR": {
    "losses": {
      "584_fri_c4_500_25": [
        0.044429998076130975,
        0.022778280669122235,
        0.02997125344818347,
        0.012403156631111282,
        0.018816297157606098
      ]
    },
    "coverage": {
      "584_fri_c4_500_25": [
        0.16666666666666669,
        0.045454545454545414,
        0.23333333333333334,
        0.2272727272727273,
        0.05555555555555558
      ]
    },
    "complexity": {
      "584_fri_c4_500_25": [
        14,
        14,
        13,
        15,
        16
      ]
    },
    "time_all": {
      "584_fri_c4_500_25": [
        106.03797769546509,
        89.36506128311157,
        87.52892827987671,
        85.64353775978088,
        90.17729592323303
      ]
    },
    "time_fit": {
      "584_fri_c4_500_25": [
        106.03797769546509,
        89.36506128311157,
        87.52892827987671,
        85.64353775978088,
        90.17729592323303
      ]
    },
    "tau": 0.5
  },
  "LightGBM": {
    "losses": {
      "584_fri_c4_500_25": [
        0.08207313399153914,
        0.10334167767265455,
        0.0994189817680272,
        0.09017153491322474,
        0.08050633441026257
      ]
    },
    "coverage": {
      "584_fri_c4_500_25": [
        0.5,
        0.2272727272727273,
        0.3666666666666667,
        0.40909090909090906,
        0.5
      ]
    },
    "time_all": {
      "584_fri_c4_500_25": [
        0.2738766670227051,
        0.22288179397583008,
        0.2708597183227539,
        0.2658562660217285,
        0.24114513397216797
      ]
    },
    "time_fit": {
      "584_fri_c4_500_25": [
        0.07676458358764648,
        0.05272030830383301,
        0.06719756126403809,
        0.06695199012756348,
        0.06914162635803223
      ]
    },
    "tau": 0.5
  },
  "DecisionTree": {
    "losses": {
      "584_fri_c4_500_25": [
        0.07070795541352713,
        0.10901955830127738,
        0.08143744661051072,
        0.09121975033407852,
        0.08432738227824897
      ]
    },
    "coverage": {
      "584_fri_c4_500_25": [
        0.33333333333333337,
        0.40909090909090906,
        0.3666666666666667,
        0.3181818181818182,
        0.3888888888888889
      ]
    },
    "complexity": {
      "584_fri_c4_500_25": [
        61,
        145,
        143,
        139,
        145
      ]
    },
    "time_all": {
      "584_fri_c4_500_25": [
        0.07856917381286621,
        0.12903523445129395,
        0.12548136711120605,
        0.13127589225769043,
        0.12680935859680176
      ]
    },
    "time_fit": {
      "584_fri_c4_500_25": [
        0.00838470458984375,
        0.021216154098510742,
        0.02049112319946289,
        0.021007537841796875,
        0.02071094512939453
      ]
    },
    "tau": 0.5
  },
  "LinearQuantile": {
    "losses": {
      "584_fri_c4_500_25": [
        0.11698161019362635,
        0.1326472163158622,
        0.11621002529511053,
        0.10278518723837661,
        0.10498493445000097
      ]
    },
    "coverage": {
      "584_fri_c4_500_25": [
        0.5,
        0.2272727272727273,
        0.43333333333333335,
        0.40909090909090906,
        0.3888888888888889
      ]
    },
    "complexity": {
      "584_fri_c4_500_25": [
        25,
        25,
        25,
        25,
        25
      ]
    },
    "time_all": {
      "584_fri_c4_500_25": [
        7.612200021743774,
        2.1684932708740234,
        2.575979232788086,
        6.22334361076355,
        2.9761266708374023
      ]
    },
    "time_fit": {
      "584_fri_c4_500_25": [
        0.9663188457489014,
        0.16642355918884277,
        0.17970824241638184,
        0.26808714866638184,
        0.23433971405029297
      ]
    },
    "tau": 0.5
  }
}