{
  "SQR": {
    "losses": {
      "611_fri_c3_100_5": [
        0.00993847530596227,
        0.06197555031729118,
        0.02173470157454234,
        0.08292181938621199
      ]
    },
    "coverage": {
      "611_fri_c3_100_5": [
        0.0,
        0.5,
        0.0,
        0.25
      ]
    },
    "complexity": {
      "611_fri_c3_100_5": [
        12,
        8,
        10,
        11
      ]
    },
    "time_all": {
      "611_fri_c3_100_5": [
        82.43460583686829,
        68.09228420257568,
        68.66554236412048,
        68.4902606010437
      ]
    },
    "time_fit": {
      "611_fri_c3_100_5": [
        82.43460583686829,
        68.09228420257568,
        68.66554236412048,
        68.4902606010437
      ]
    },
    "tau": 0.5
  },
  "LightGBM": {
    "losses": {
      "611_fri_c3_100_5": [
        0.06312566183062714,
        0.07263878354252183,
        0.06069300522697809,
        0.16057038377540128
      ]
    },
    "coverage": {
      "611_fri_c3_100_5": [
        0.0,
        0.5,
        0.5,
        0.25
      ]
    },
    "time_all": {
      "611_fri_c3_100_5": [
        0.048813819885253906,
        0.057500362396240234,
        0.06267023086547852,
        0.06476163864135742
      ]
    },
    "time_fit": {
      "611_fri_c3_100_5": [
        0.0031626224517822266,
        0.003982067108154297,
        0.012554407119750977,
        0.004485368728637695
      ]
    },
    "tau": 0.5
  },
  "DecisionTree": {
    "losses": {
      "611_fri_c3_100_5": [
        0.06312566183062714,
        0.05347618003182577,
        0.051772418484226215,
        0.1569393693043908
      ]
    },
    "coverage": {
      "611_fri_c3_100_5": [
        0.0,
        0.5,
        0.5,
        0.25
      ]
    },
    "complexity": {
      "611_fri_c3_100_5": [
        1,
        3,
        5,
        31
      ]
    },
    "time_all": {
      "611_fri_c3_100_5": [
        0.02178645133972168,
        0.030994653701782227,
        0.030925989151000977,
        0.03329920768737793
      ]
    },
    "time_fit": {
      "611_fri_c3_100_5": [
        0.0010600090026855469,
        0.0017256736755371094,
        0.001909494400024414,
        0.0036978721618652344
      ]
    },
    "tau": 0.5
  },
  "LinearQuantile": {
    "losses": {
      "611_fri_c3_100_5": [
        0.06328534480898228,
        0.01887483959453629,
        0.05154107460784579,
        0.14547811245914224
      ]
    },
    "coverage": {
      "611_fri_c3_100_5": [
        0.5,
        0.5,
        0.25,
        0.25
      ]
    },
    "complexity": {
      "611_fri_c3_100_5": [
        5,
        5,
        5,
        5
      ]
    },
    "time_all": {
      "611_fri_c3_100_5": [
        0.16706228256225586,
        0.10149526596069336,
        0.2958033084869385,
        0.45124077796936035
      ]
    },
    "time_fit": {
      "611_fri_c3_100_5": [
        0.013571739196777344,
        0.008659124374389648,
        0.02613663673400879,
        0.03544211387634277
      ]
    },
    "tau": 0.5
  }
}