{
  "SQR": {
    "losses": {
      "609_fri_c0_1000_5": [
        0.02585471817635959,
        0.016095824792633048,
        0.018995473433763555,
        0.012142970325472803,
        0.024126775734993305
      ]
    },
    "coverage": {
      "609_fri_c0_1000_5": [
        0.09090909090909094,
        0.1842105263157895,
        0.021739130434782594,
        0.05555555555555558,
        0.11111111111111116
      ]
    },
    "complexity": {
      "609_fri_c0_1000_5": [
        10,
        16,
        17,
        11,
        12
      ]
    },
    "time_all": {
      "609_fri_c0_1000_5": [
        104.73786306381226,
        92.96535396575928,
        92.2528510093689,
        94.21433329582214,
        92.88722920417786
      ]
    },
    "time_fit": {
      "609_fri_c0_1000_5": [
        104.73786306381226,
        92.96535396575928,
        92.2528510093689,
        94.21433329582214,
        92.88722920417786
      ]
    },
    "tau": 0.5
  },
  "LightGBM": {
    "losses": {
      "609_fri_c0_1000_5": [
        0.05270823200514657,
        0.05951574690176994,
        0.045461054591265225,
        0.05127451401576557,
        0.05703057613448123
      ]
    },
    "coverage": {
      "609_fri_c0_1000_5": [
        0.40909090909090906,
        0.39473684210526316,
        0.4565217391304348,
        0.5,
        0.33333333333333337
      ]
    },
    "time_all": {
      "609_fri_c0_1000_5": [
        0.35578346252441406,
        0.3595607280731201,
        0.35413479804992676,
        0.3358335494995117,
        0.38332676887512207
      ]
    },
    "time_fit": {
      "609_fri_c0_1000_5": [
        0.0681006908416748,
        0.07213258743286133,
        0.06947755813598633,
        0.06493186950683594,
        0.0655670166015625
      ]
    },
    "tau": 0.5
  },
  "DecisionTree": {
    "losses": {
      "609_fri_c0_1000_5": [
        0.045116735486456803,
        0.05725014533089421,
        0.039189378362631366,
        0.037054077271774614,
        0.0360473377126051
      ]
    },
    "coverage": {
      "609_fri_c0_1000_5": [
        0.2727272727272727,
        0.39473684210526316,
        0.10869565217391303,
        0.16666666666666669,
        0.16666666666666669
      ]
    },
    "complexity": {
      "609_fri_c0_1000_5": [
        127,
        127,
        125,
        129,
        123
      ]
    },
    "time_all": {
      "609_fri_c0_1000_5": [
        0.08632588386535645,
        0.12185311317443848,
        0.12184929847717285,
        0.12089276313781738,
        0.12241482734680176
      ]
    },
    "time_fit": {
      "609_fri_c0_1000_5": [
        0.00961160659790039,
        0.014125585556030273,
        0.013925313949584961,
        0.014153003692626953,
        0.01392674446105957
      ]
    },
    "tau": 0.5
  },
  "LinearQuantile": {
    "losses": {
      "609_fri_c0_1000_5": [
        0.033593923118426225,
        0.04862918880780861,
        0.046856148526893876,
        0.028902222877522348,
        0.025367786962451313
      ]
    },
    "coverage": {
      "609_fri_c0_1000_5": [
        0.09090909090909088,
        0.07894736842105265,
        0.06521739130434778,
        0.16666666666666669,
        0.0
      ]
    },
    "complexity": {
      "609_fri_c0_1000_5": [
        5,
        5,
        5,
        5,
        5
      ]
    },
    "time_all": {
      "609_fri_c0_1000_5": [
        0.09071469306945801,
        0.2708604335784912,
        0.0889580249786377,
        0.13925623893737793,
        0.3502631187438965
      ]
    },
    "time_fit": {
      "609_fri_c0_1000_5": [
        0.007191658020019531,
        0.02301478385925293,
        0.007430315017700195,
        0.011916875839233398,
        0.031193256378173828
      ]
    },
    "tau": 0.5
  }
}