{
  "SQR": {
    "losses": {
      "624_fri_c0_100_5": [
        0.03427489413906163,
        0.010167462765619572,
        0.08358502296993114,
        0.05626469261622922,
        0.06358877650677672
      ]
    },
    "coverage": {
      "624_fri_c0_100_5": [
        0.0,
        0.5,
        0.5,
        0.5,
        0.05555555555555558
      ]
    },
    "complexity": {
      "624_fri_c0_100_5": [
        12,
        14,
        11,
        11,
        13
      ]
    },
    "time_all": {
      "624_fri_c0_100_5": [
        84.53210639953613,
        70.90038061141968,
        72.3023943901062,
        71.45418810844421,
        71.0008773803711
      ]
    },
    "time_fit": {
      "624_fri_c0_100_5": [
        84.53210639953613,
        70.90038061141968,
        72.3023943901062,
        71.45418810844421,
        71.0008773803711
      ]
    },
    "tau": 0.5
  },
  "LightGBM": {
    "losses": {
      "624_fri_c0_100_5": [
        0.09790138016137195,
        0.008165867835292153,
        0.09915735877293831,
        0.02391811973865425,
        0.06048854085325253
      ]
    },
    "coverage": {
      "624_fri_c0_100_5": [
        0.0,
        0.5,
        0.16666666666666669,
        0.5,
        0.05555555555555558
      ]
    },
    "time_all": {
      "624_fri_c0_100_5": [
        0.06007552146911621,
        0.08527159690856934,
        0.07394576072692871,
        0.05510711669921875,
        0.07666254043579102
      ]
    },
    "time_fit": {
      "624_fri_c0_100_5": [
        0.012882471084594727,
        0.020692110061645508,
        0.015016317367553711,
        0.003916501998901367,
        0.016289234161376953
      ]
    },
    "tau": 0.5
  },
  "DecisionTree": {
    "losses": {
      "624_fri_c0_100_5": [
        0.07901211548284422,
        0.007993794380083989,
        0.0490376948648958,
        0.001164613197213844,
        0.04981521206681512
      ]
    },
    "coverage": {
      "624_fri_c0_100_5": [
        0.0,
        0.5,
        0.16666666666666669,
        0.5,
        0.16666666666666669
      ]
    },
    "complexity": {
      "624_fri_c0_100_5": [
        27,
        5,
        13,
        3,
        11
      ]
    },
    "time_all": {
      "624_fri_c0_100_5": [
        0.020966768264770508,
        0.03227496147155762,
        0.03065633773803711,
        0.030544757843017578,
        0.03161501884460449
      ]
    },
    "time_fit": {
      "624_fri_c0_100_5": [
        0.002235889434814453,
        0.0019164085388183594,
        0.0024459362030029297,
        0.0017256736755371094,
        0.0023775100708007812
      ]
    },
    "tau": 0.5
  },
  "LinearQuantile": {
    "losses": {
      "624_fri_c0_100_5": [
        0.041906112475640814,
        0.005228922922242079,
        0.06345135993983986,
        0.028405306044310085,
        0.07019201285800844
      ]
    },
    "coverage": {
      "624_fri_c0_100_5": [
        0.0,
        0.5,
        0.16666666666666669,
        0.5,
        0.38888888888888884
      ]
    },
    "complexity": {
      "624_fri_c0_100_5": [
        5,
        5,
        5,
        5,
        5
      ]
    },
    "time_all": {
      "624_fri_c0_100_5": [
        0.12260103225708008,
        0.10086727142333984,
        0.3569660186767578,
        0.32750916481018066,
        0.07512617111206055
      ]
    },
    "time_fit": {
      "624_fri_c0_100_5": [
        0.010007619857788086,
        0.008599281311035156,
        0.028870105743408203,
        0.02708601951599121,
        0.00628972053527832
      ]
    },
    "tau": 0.5
  }
}