{
  "SQR": {
    "losses": {
      "581_fri_c3_500_25": [
        0.022752617906900353,
        0.09642577406800112,
        0.06664333447379579,
        0.019883504050192242,
        0.04602616160420679
      ]
    },
    "coverage": {
      "581_fri_c3_500_25": [
        0.09999999999999998,
        0.35714285714285715,
        0.30000000000000004,
        0.11538461538461536,
        0.33333333333333337
      ]
    },
    "complexity": {
      "581_fri_c3_500_25": [
        15,
        12,
        13,
        13,
        13
      ]
    },
    "time_all": {
      "581_fri_c3_500_25": [
        102.1794421672821,
        89.46859216690063,
        77.65427899360657,
        85.51342058181763,
        86.05133891105652
      ]
    },
    "time_fit": {
      "581_fri_c3_500_25": [
        102.1794421672821,
        89.46859216690063,
        77.65427899360657,
        85.51342058181763,
        86.05133891105652
      ]
    },
    "tau": 0.5
  },
  "LightGBM": {
    "losses": {
      "581_fri_c3_500_25": [
        0.09015186567437221,
        0.17890421988194383,
        0.09244763651127721,
        0.1029489283271738,
        0.06960473629790902
      ]
    },
    "coverage": {
      "581_fri_c3_500_25": [
        0.3666666666666667,
        0.5,
        0.4,
        0.34615384615384615,
        0.5
      ]
    },
    "time_all": {
      "581_fri_c3_500_25": [
        0.2536027431488037,
        0.2683882713317871,
        0.24893617630004883,
        0.25495457649230957,
        0.24506020545959473
      ]
    },
    "time_fit": {
      "581_fri_c3_500_25": [
        0.05872368812561035,
        0.05579948425292969,
        0.07450580596923828,
        0.07414865493774414,
        0.0399019718170166
      ]
    },
    "tau": 0.5
  },
  "DecisionTree": {
    "losses": {
      "581_fri_c3_500_25": [
        0.09360818835232108,
        0.07353003752934045,
        0.06481238268716977,
        0.09751255726539641,
        0.07665344221547622
      ]
    },
    "coverage": {
      "581_fri_c3_500_25": [
        0.43333333333333335,
        0.35714285714285715,
        0.5,
        0.4230769230769231,
        0.5
      ]
    },
    "complexity": {
      "581_fri_c3_500_25": [
        29,
        141,
        143,
        147,
        11
      ]
    },
    "time_all": {
      "581_fri_c3_500_25": [
        0.1180567741394043,
        0.1307210922241211,
        0.13116931915283203,
        0.131028413772583,
        0.11599040031433105
      ]
    },
    "time_fit": {
      "581_fri_c3_500_25": [
        0.009653329849243164,
        0.020622730255126953,
        0.021262645721435547,
        0.021257638931274414,
        0.005906820297241211
      ]
    },
    "tau": 0.5
  },
  "LinearQuantile": {
    "losses": {
      "581_fri_c3_500_25": [
        0.10727728300711041,
        0.21692964048134045,
        0.12044326465054747,
        0.13670248507676533,
        0.06634420391795225
      ]
    },
    "coverage": {
      "581_fri_c3_500_25": [
        0.3666666666666667,
        0.5,
        0.4,
        0.34615384615384615,
        0.5
      ]
    },
    "complexity": {
      "581_fri_c3_500_25": [
        25,
        25,
        25,
        25,
        25
      ]
    },
    "time_all": {
      "581_fri_c3_500_25": [
        1.1800527572631836,
        0.40299081802368164,
        1.9857738018035889,
        1.0517339706420898,
        0.6451427936553955
      ]
    },
    "time_fit": {
      "581_fri_c3_500_25": [
        0.10062551498413086,
        0.03613162040710449,
        0.15213847160339355,
        0.06932377815246582,
        0.05758166313171387
      ]
    },
    "tau": 0.5
  }
}