{
  "SQR": {
    "losses": {
      "579_fri_c0_250_5": [
        0.008761854238542454,
        0.010567850640152454,
        0.012351842982157966,
        0.009885910233349964,
        0.006671059537414219
      ]
    },
    "coverage": {
      "579_fri_c0_250_5": [
        0.09999999999999998,
        0.5666666666666667,
        0.26363636363636367,
        0.09999999999999998,
        0.2333333333333334
      ]
    },
    "complexity": {
      "579_fri_c0_250_5": [
        13,
        14,
        9,
        12,
        9
      ]
    },
    "time_all": {
      "579_fri_c0_250_5": [
        89.95286440849304,
        77.15078282356262,
        75.82741403579712,
        75.599534034729,
        75.30075693130493
      ]
    },
    "time_fit": {
      "579_fri_c0_250_5": [
        89.95286440849304,
        77.15078282356262,
        75.82741403579712,
        75.599534034729,
        75.30075693130493
      ]
    },
    "tau": 0.9
  },
  "LightGBM": {
    "losses": {
      "579_fri_c0_250_5": [
        0.020478219273435874,
        0.057503962871054644,
        0.052193890608791114,
        0.018046819649499654,
        0.03114559778775275
      ]
    },
    "coverage": {
      "579_fri_c0_250_5": [
        0.15000000000000002,
        0.5666666666666667,
        0.3545454545454546,
        0.9,
        0.2333333333333334
      ]
    },
    "time_all": {
      "579_fri_c0_250_5": [
        0.10736489295959473,
        0.12251615524291992,
        0.10243844985961914,
        0.12237739562988281,
        0.09748697280883789
      ]
    },
    "time_fit": {
      "579_fri_c0_250_5": [
        0.022637128829956055,
        0.021795988082885742,
        0.017550230026245117,
        0.021138429641723633,
        0.017127037048339844
      ]
    },
    "tau": 0.9
  },
  "DecisionTree": {
    "losses": {
      "579_fri_c0_250_5": [
        0.005260967924277461,
        0.1370907317987066,
        0.04311304664743975,
        0.029461918656089443,
        0.03679733764594302
      ]
    },
    "coverage": {
      "579_fri_c0_250_5": [
        0.4,
        0.5666666666666667,
        0.26363636363636367,
        0.9,
        0.2333333333333334
      ]
    },
    "complexity": {
      "579_fri_c0_250_5": [
        73,
        5,
        3,
        73,
        9
      ]
    },
    "time_all": {
      "579_fri_c0_250_5": [
        0.03146862983703613,
        0.044329166412353516,
        0.042864084243774414,
        0.04916834831237793,
        0.04327034950256348
      ]
    },
    "time_fit": {
      "579_fri_c0_250_5": [
        0.004683256149291992,
        0.0020754337310791016,
        0.001850128173828125,
        0.0072972774505615234,
        0.0024542808532714844
      ]
    },
    "tau": 0.9
  },
  "LinearQuantile": {
    "losses": {
      "579_fri_c0_250_5": [
        0.0244547986415876,
        0.12015637371338314,
        0.11555631066549252,
        0.03534727413718117,
        0.07021316863545711
      ]
    },
    "coverage": {
      "579_fri_c0_250_5": [
        0.4,
        0.9,
        0.6272727272727273,
        0.9,
        0.9
      ]
    },
    "complexity": {
      "579_fri_c0_250_5": [
        5,
        5,
        5,
        5,
        5
      ]
    },
    "time_all": {
      "579_fri_c0_250_5": [
        0.13129591941833496,
        0.10461044311523438,
        0.6603498458862305,
        0.11122465133666992,
        0.19292831420898438
      ]
    },
    "time_fit": {
      "579_fri_c0_250_5": [
        0.010748624801635742,
        0.008945941925048828,
        0.05838155746459961,
        0.009574413299560547,
        0.016670942306518555
      ]
    },
    "tau": 0.9
  }
}